winning_seat,loser_death_description,halfturns_played,milliseconds_passed,seat_0_lands,seat_0_board_size,seat_0_hand_size,seat_1_lands,seat_1_board_size,seat_1_hand_size
0,DeathDescription.DECKING,65,68.0699348449707,0,0,7,0,0,7
0,DeathDescription.DECKING,65,45.462846755981445,0,0,7,0,0,7
0,DeathDescription.DECKING,65,65.41085243225098,0,0,7,0,0,7
0,DeathDescription.DECKING,65,39.48354721069336,0,0,7,0,0,7
0,DeathDescription.DECKING,65,51.774024963378906,0,0,7,0,0,7
0,DeathDescription.DECKING,65,43.82920265197754,0,0,7,0,0,7
0,DeathDescription.DECKING,65,43.006181716918945,0,0,7,0,0,7
0,DeathDescription.DECKING,65,49.382686614990234,0,0,7,0,0,7
0,DeathDescription.DECKING,65,70.43981552124023,0,0,7,0,0,7
0,DeathDescription.DECKING,65,58.47573280334473,0,0,7,0,0,7
0,DeathDescription.DECKING,65,41.22519493103027,0,0,7,0,0,7
0,DeathDescription.DECKING,65,54.00872230529785,0,0,7,0,0,7
0,DeathDescription.DECKING,65,46.72384262084961,0,0,7,0,0,7
0,DeathDescription.DECKING,65,63.32993507385254,0,0,7,0,0,7
0,DeathDescription.DECKING,65,40.035247802734375,0,0,7,0,0,7
0,DeathDescription.DECKING,65,49.249887466430664,0,0,7,0,0,7
0,DeathDescription.DECKING,65,55.45616149902344,0,0,7,0,0,7
0,DeathDescription.DECKING,65,56.0605525970459,0,0,7,0,0,7
0,DeathDescription.DECKING,65,61.052560806274414,0,0,7,0,0,7
0,DeathDescription.DECKING,65,50.99964141845703,0,0,7,0,0,7
0,DeathDescription.DECKING,65,57.12771415710449,0,0,7,0,0,7
0,DeathDescription.DECKING,65,45.47858238220215,0,0,7,0,0,7
0,DeathDescription.DECKING,65,54.93664741516113,0,0,7,0,0,7
0,DeathDescription.DECKING,65,45.23825645446777,0,0,7,0,0,7
0,DeathDescription.DECKING,65,52.56915092468262,0,0,7,0,0,7
0,DeathDescription.DECKING,65,66.83516502380371,0,0,7,0,0,7
0,DeathDescription.DECKING,65,60.74333190917969,0,0,7,0,0,7
0,DeathDescription.DECKING,65,66.92147254943848,0,0,7,0,0,7
0,DeathDescription.DECKING,65,41.741371154785156,0,0,7,0,0,7
0,DeathDescription.DECKING,65,49.59917068481445,0,0,7,0,0,7
0,DeathDescription.DECKING,65,62.53957748413086,0,0,7,0,0,7
0,DeathDescription.DECKING,65,57.184696197509766,0,0,7,0,0,7
0,DeathDescription.DECKING,65,51.13554000854492,0,0,7,0,0,7
0,DeathDescription.DECKING,65,51.10883712768555,0,0,7,0,0,7
0,DeathDescription.DECKING,65,59.40675735473633,0,0,7,0,0,7
0,DeathDescription.DECKING,65,59.5245361328125,0,0,7,0,0,7
0,DeathDescription.DECKING,65,44.19541358947754,0,0,7,0,0,7
0,DeathDescription.DECKING,65,59.168338775634766,0,0,7,0,0,7
0,DeathDescription.DECKING,65,38.52725028991699,0,0,7,0,0,7
0,DeathDescription.DECKING,65,39.77155685424805,0,0,7,0,0,7
0,DeathDescription.DECKING,65,54.60238456726074,0,0,7,0,0,7
0,DeathDescription.DECKING,65,57.43741989135742,0,0,7,0,0,7
0,DeathDescription.DECKING,65,58.470964431762695,0,0,7,0,0,7
0,DeathDescription.DECKING,65,44.53420639038086,0,0,7,0,0,7
0,DeathDescription.DECKING,65,61.64383888244629,0,0,7,0,0,7
0,DeathDescription.DECKING,65,68.66097450256348,0,0,7,0,0,7
0,DeathDescription.DECKING,65,79.55193519592285,0,0,7,0,0,7
0,DeathDescription.DECKING,65,45.98402976989746,0,0,7,0,0,7
0,DeathDescription.DECKING,65,59.320926666259766,0,0,7,0,0,7
0,DeathDescription.DECKING,65,45.61042785644531,0,0,7,0,0,7
0,DeathDescription.DECKING,65,59.557199478149414,0,0,7,0,0,7
0,DeathDescription.DECKING,65,57.08670616149902,0,0,7,0,0,7
0,DeathDescription.DECKING,65,47.855377197265625,0,0,7,0,0,7
0,DeathDescription.DECKING,65,48.53701591491699,0,0,7,0,0,7
0,DeathDescription.DECKING,65,44.06476020812988,0,0,7,0,0,7
0,DeathDescription.DECKING,65,51.95498466491699,0,0,7,0,0,7
0,DeathDescription.DECKING,65,38.15937042236328,0,0,7,0,0,7
0,DeathDescription.DECKING,65,61.76471710205078,0,0,7,0,0,7
0,DeathDescription.DECKING,65,50.43148994445801,0,0,7,0,0,7
0,DeathDescription.DECKING,65,50.734519958496094,0,0,7,0,0,7
0,DeathDescription.DECKING,65,56.71381950378418,0,0,7,0,0,7
0,DeathDescription.DECKING,65,55.3288459777832,0,0,7,0,0,7
0,DeathDescription.DECKING,65,61.766862869262695,0,0,7,0,0,7
0,DeathDescription.DECKING,65,51.69272422790527,0,0,7,0,0,7
0,DeathDescription.DECKING,65,56.899309158325195,0,0,7,0,0,7
0,DeathDescription.DECKING,65,63.92550468444824,0,0,7,0,0,7
0,DeathDescription.DECKING,65,65.60492515563965,0,0,7,0,0,7
0,DeathDescription.DECKING,65,43.82467269897461,0,0,7,0,0,7
0,DeathDescription.DECKING,65,57.6016902923584,0,0,7,0,0,7
0,DeathDescription.DECKING,65,45.55535316467285,0,0,7,0,0,7
0,DeathDescription.DECKING,65,59.23175811767578,0,0,7,0,0,7
0,DeathDescription.DECKING,65,52.8564453125,0,0,7,0,0,7
0,DeathDescription.DECKING,65,58.534860610961914,0,0,7,0,0,7
0,DeathDescription.DECKING,65,51.04541778564453,0,0,7,0,0,7
0,DeathDescription.DECKING,65,55.30714988708496,0,0,7,0,0,7
0,DeathDescription.DECKING,65,63.37165832519531,0,0,7,0,0,7
0,DeathDescription.DECKING,65,53.24292182922363,0,0,7,0,0,7
0,DeathDescription.DECKING,65,44.90780830383301,0,0,7,0,0,7
0,DeathDescription.DECKING,65,41.582345962524414,0,0,7,0,0,7
0,DeathDescription.DECKING,65,46.12112045288086,0,0,7,0,0,7
0,DeathDescription.DECKING,65,55.52792549133301,0,0,7,0,0,7
0,DeathDescription.DECKING,65,52.950382232666016,0,0,7,0,0,7
0,DeathDescription.DECKING,65,70.03927230834961,0,0,7,0,0,7
0,DeathDescription.DECKING,65,53.80678176879883,0,0,7,0,0,7
0,DeathDescription.DECKING,65,40.41910171508789,0,0,7,0,0,7
0,DeathDescription.DECKING,65,44.8760986328125,0,0,7,0,0,7
0,DeathDescription.DECKING,65,45.992374420166016,0,0,7,0,0,7
0,DeathDescription.DECKING,65,51.47719383239746,0,0,7,0,0,7
0,DeathDescription.DECKING,65,55.23347854614258,0,0,7,0,0,7
0,DeathDescription.DECKING,65,59.62252616882324,0,0,7,0,0,7
0,DeathDescription.DECKING,65,49.045562744140625,0,0,7,0,0,7
0,DeathDescription.DECKING,65,51.3150691986084,0,0,7,0,0,7
0,DeathDescription.DECKING,65,59.41414833068848,0,0,7,0,0,7
0,DeathDescription.DECKING,65,53.69687080383301,0,0,7,0,0,7
0,DeathDescription.DECKING,65,45.35102844238281,0,0,7,0,0,7
0,DeathDescription.DECKING,65,54.57615852355957,0,0,7,0,0,7
0,DeathDescription.DECKING,65,50.00162124633789,0,0,7,0,0,7
0,DeathDescription.DECKING,65,56.75363540649414,0,0,7,0,0,7
0,DeathDescription.DECKING,65,58.05683135986328,0,0,7,0,0,7
0,DeathDescription.DECKING,65,63.83800506591797,0,0,7,0,0,7
0,DeathDescription.DECKING,65,72.41678237915039,0,0,7,0,0,7
0,DeathDescription.DECKING,65,45.46666145324707,0,0,7,0,0,7
0,DeathDescription.DECKING,65,66.0097599029541,0,0,7,0,0,7
0,DeathDescription.DECKING,65,49.198150634765625,0,0,7,0,0,7
0,DeathDescription.DECKING,65,52.86240577697754,0,0,7,0,0,7
0,DeathDescription.DECKING,65,51.72085762023926,0,0,7,0,0,7
0,DeathDescription.DECKING,65,62.734127044677734,0,0,7,0,0,7
0,DeathDescription.DECKING,65,43.24936866760254,0,0,7,0,0,7
0,DeathDescription.DECKING,65,51.74732208251953,0,0,7,0,0,7
0,DeathDescription.DECKING,65,60.34445762634277,0,0,7,0,0,7
0,DeathDescription.DECKING,65,45.380592346191406,0,0,7,0,0,7
0,DeathDescription.DECKING,65,43.36833953857422,0,0,7,0,0,7
0,DeathDescription.DECKING,65,44.18444633483887,0,0,7,0,0,7
0,DeathDescription.DECKING,65,61.07163429260254,0,0,7,0,0,7
0,DeathDescription.DECKING,65,42.794227600097656,0,0,7,0,0,7
0,DeathDescription.DECKING,65,51.541805267333984,0,0,7,0,0,7
0,DeathDescription.DECKING,65,56.77437782287598,0,0,7,0,0,7
0,DeathDescription.DECKING,65,50.606489181518555,0,0,7,0,0,7
0,DeathDescription.DECKING,65,48.55036735534668,0,0,7,0,0,7
0,DeathDescription.DECKING,65,44.37088966369629,0,0,7,0,0,7
0,DeathDescription.DECKING,65,52.09970474243164,0,0,7,0,0,7
0,DeathDescription.DECKING,65,76.50327682495117,0,0,7,0,0,7
0,DeathDescription.DECKING,65,59.766530990600586,0,0,7,0,0,7
0,DeathDescription.DECKING,65,44.38138008117676,0,0,7,0,0,7
0,DeathDescription.DECKING,65,63.82131576538086,0,0,7,0,0,7
0,DeathDescription.DECKING,65,47.29604721069336,0,0,7,0,0,7
0,DeathDescription.DECKING,65,57.379722595214844,0,0,7,0,0,7
0,DeathDescription.DECKING,65,51.51629447937012,0,0,7,0,0,7
0,DeathDescription.DECKING,65,57.04832077026367,0,0,7,0,0,7
0,DeathDescription.DECKING,65,46.463727951049805,0,0,7,0,0,7
0,DeathDescription.DECKING,65,50.44150352478027,0,0,7,0,0,7
0,DeathDescription.DECKING,65,47.03021049499512,0,0,7,0,0,7
0,DeathDescription.DECKING,65,42.8462028503418,0,0,7,0,0,7
0,DeathDescription.DECKING,65,61.36822700500488,0,0,7,0,0,7
0,DeathDescription.DECKING,65,54.14438247680664,0,0,7,0,0,7
0,DeathDescription.DECKING,65,53.39932441711426,0,0,7,0,0,7
0,DeathDescription.DECKING,65,61.01655960083008,0,0,7,0,0,7
0,DeathDescription.DECKING,65,58.619022369384766,0,0,7,0,0,7
0,DeathDescription.DECKING,65,50.38189888000488,0,0,7,0,0,7
0,DeathDescription.DECKING,65,53.42221260070801,0,0,7,0,0,7
0,DeathDescription.DECKING,65,53.855180740356445,0,0,7,0,0,7
0,DeathDescription.DECKING,65,68.19462776184082,0,0,7,0,0,7
0,DeathDescription.DECKING,65,39.84189033508301,0,0,7,0,0,7
0,DeathDescription.DECKING,65,51.26643180847168,0,0,7,0,0,7
0,DeathDescription.DECKING,65,51.22017860412598,0,0,7,0,0,7
0,DeathDescription.DECKING,65,54.59427833557129,0,0,7,0,0,7
0,DeathDescription.DECKING,65,43.77579689025879,0,0,7,0,0,7
0,DeathDescription.DECKING,65,44.57974433898926,0,0,7,0,0,7
0,DeathDescription.DECKING,65,47.8816032409668,0,0,7,0,0,7
0,DeathDescription.DECKING,65,37.558555603027344,0,0,7,0,0,7
0,DeathDescription.DECKING,65,46.343326568603516,0,0,7,0,0,7
0,DeathDescription.DECKING,65,71.37179374694824,0,0,7,0,0,7
0,DeathDescription.DECKING,65,59.40842628479004,0,0,7,0,0,7
0,DeathDescription.DECKING,65,54.120540618896484,0,0,7,0,0,7
0,DeathDescription.DECKING,65,64.2087459564209,0,0,7,0,0,7
0,DeathDescription.DECKING,65,48.24566841125488,0,0,7,0,0,7
0,DeathDescription.DECKING,65,49.50213432312012,0,0,7,0,0,7
0,DeathDescription.DECKING,65,44.33774948120117,0,0,7,0,0,7
0,DeathDescription.DECKING,65,48.48170280456543,0,0,7,0,0,7
0,DeathDescription.DECKING,65,46.01693153381348,0,0,7,0,0,7
0,DeathDescription.DECKING,65,49.51763153076172,0,0,7,0,0,7
0,DeathDescription.DECKING,65,39.34121131896973,0,0,7,0,0,7
0,DeathDescription.DECKING,65,57.46269226074219,0,0,7,0,0,7
0,DeathDescription.DECKING,65,61.58566474914551,0,0,7,0,0,7
0,DeathDescription.DECKING,65,45.633554458618164,0,0,7,0,0,7
0,DeathDescription.DECKING,65,45.86076736450195,0,0,7,0,0,7
0,DeathDescription.DECKING,65,46.35000228881836,0,0,7,0,0,7
0,DeathDescription.DECKING,65,47.2872257232666,0,0,7,0,0,7
0,DeathDescription.DECKING,65,76.18999481201172,0,0,7,0,0,7
0,DeathDescription.DECKING,65,55.2067756652832,0,0,7,0,0,7
0,DeathDescription.DECKING,65,48.836469650268555,0,0,7,0,0,7
0,DeathDescription.DECKING,65,73.67539405822754,0,0,7,0,0,7
0,DeathDescription.DECKING,65,37.659406661987305,0,0,7,0,0,7
0,DeathDescription.DECKING,65,55.684804916381836,0,0,7,0,0,7
0,DeathDescription.DECKING,65,44.01969909667969,0,0,7,0,0,7
0,DeathDescription.DECKING,65,43.11490058898926,0,0,7,0,0,7
0,DeathDescription.DECKING,65,51.369428634643555,0,0,7,0,0,7
0,DeathDescription.DECKING,65,48.949241638183594,0,0,7,0,0,7
0,DeathDescription.DECKING,65,65.29927253723145,0,0,7,0,0,7
0,DeathDescription.DECKING,65,50.55046081542969,0,0,7,0,0,7
0,DeathDescription.DECKING,65,57.55949020385742,0,0,7,0,0,7
0,DeathDescription.DECKING,65,52.3531436920166,0,0,7,0,0,7
0,DeathDescription.DECKING,65,45.97663879394531,0,0,7,0,0,7
0,DeathDescription.DECKING,65,53.353309631347656,0,0,7,0,0,7
0,DeathDescription.DECKING,65,41.794776916503906,0,0,7,0,0,7
0,DeathDescription.DECKING,65,55.10139465332031,0,0,7,0,0,7
0,DeathDescription.DECKING,65,43.54715347290039,0,0,7,0,0,7
0,DeathDescription.DECKING,65,45.66383361816406,0,0,7,0,0,7
0,DeathDescription.DECKING,65,51.409006118774414,0,0,7,0,0,7
0,DeathDescription.DECKING,65,48.03037643432617,0,0,7,0,0,7
0,DeathDescription.DECKING,65,44.50416564941406,0,0,7,0,0,7
0,DeathDescription.DECKING,65,44.47126388549805,0,0,7,0,0,7
0,DeathDescription.DECKING,65,54.160356521606445,0,0,7,0,0,7
0,DeathDescription.DECKING,65,43.862342834472656,0,0,7,0,0,7
0,DeathDescription.DECKING,65,57.67226219177246,0,0,7,0,0,7
0,DeathDescription.DECKING,65,52.3676872253418,0,0,7,0,0,7
0,DeathDescription.DECKING,65,49.216270446777344,0,0,7,0,0,7
0,DeathDescription.DECKING,65,66.28179550170898,0,0,7,0,0,7
0,DeathDescription.DECKING,65,49.78656768798828,0,0,7,0,0,7
0,DeathDescription.DECKING,65,60.071468353271484,0,0,7,0,0,7
0,DeathDescription.DECKING,65,50.44102668762207,0,0,7,0,0,7
0,DeathDescription.DECKING,65,52.993059158325195,0,0,7,0,0,7
0,DeathDescription.DECKING,65,47.20902442932129,0,0,7,0,0,7
0,DeathDescription.DECKING,65,52.76775360107422,0,0,7,0,0,7
0,DeathDescription.DECKING,65,49.2551326751709,0,0,7,0,0,7
0,DeathDescription.DECKING,65,40.68160057067871,0,0,7,0,0,7
0,DeathDescription.DECKING,65,57.84916877746582,0,0,7,0,0,7
0,DeathDescription.DECKING,65,49.56984519958496,0,0,7,0,0,7
0,DeathDescription.DECKING,65,61.06138229370117,0,0,7,0,0,7
0,DeathDescription.DECKING,65,45.81475257873535,0,0,7,0,0,7
0,DeathDescription.DECKING,65,50.97699165344238,0,0,7,0,0,7
0,DeathDescription.DECKING,65,56.142330169677734,0,0,7,0,0,7
0,DeathDescription.DECKING,65,66.1306381225586,0,0,7,0,0,7
0,DeathDescription.DECKING,65,43.21479797363281,0,0,7,0,0,7
0,DeathDescription.DECKING,65,74.7075080871582,0,0,7,0,0,7
0,DeathDescription.DECKING,65,45.07303237915039,0,0,7,0,0,7
0,DeathDescription.DECKING,65,50.07195472717285,0,0,7,0,0,7
0,DeathDescription.DECKING,65,56.40149116516113,0,0,7,0,0,7
0,DeathDescription.DECKING,65,54.37469482421875,0,0,7,0,0,7
0,DeathDescription.DECKING,65,44.90041732788086,0,0,7,0,0,7
0,DeathDescription.DECKING,65,50.54807662963867,0,0,7,0,0,7
0,DeathDescription.DECKING,65,63.77243995666504,0,0,7,0,0,7
0,DeathDescription.DECKING,65,51.50413513183594,0,0,7,0,0,7
0,DeathDescription.DECKING,65,46.97299003601074,0,0,7,0,0,7
0,DeathDescription.DECKING,65,42.48642921447754,0,0,7,0,0,7
0,DeathDescription.DECKING,65,45.27568817138672,0,0,7,0,0,7
0,DeathDescription.DECKING,65,44.064998626708984,0,0,7,0,0,7
0,DeathDescription.DECKING,65,42.51980781555176,0,0,7,0,0,7
0,DeathDescription.DECKING,65,38.05041313171387,0,0,7,0,0,7
0,DeathDescription.DECKING,65,53.3289909362793,0,0,7,0,0,7
0,DeathDescription.DECKING,65,45.85766792297363,0,0,7,0,0,7
0,DeathDescription.DECKING,65,54.903268814086914,0,0,7,0,0,7
0,DeathDescription.DECKING,65,63.91549110412598,0,0,7,0,0,7
0,DeathDescription.DECKING,65,48.6905574798584,0,0,7,0,0,7
0,DeathDescription.DECKING,65,45.125484466552734,0,0,7,0,0,7
0,DeathDescription.DECKING,65,45.95828056335449,0,0,7,0,0,7
0,DeathDescription.DECKING,65,46.128034591674805,0,0,7,0,0,7
0,DeathDescription.DECKING,65,53.30228805541992,0,0,7,0,0,7
0,DeathDescription.DECKING,65,63.04764747619629,0,0,7,0,0,7
0,DeathDescription.DECKING,65,46.53048515319824,0,0,7,0,0,7
0,DeathDescription.DECKING,65,47.838687896728516,0,0,7,0,0,7
0,DeathDescription.DECKING,65,78.34911346435547,0,0,7,0,0,7
0,DeathDescription.DECKING,65,44.251441955566406,0,0,7,0,0,7
0,DeathDescription.DECKING,65,66.11800193786621,0,0,7,0,0,7
0,DeathDescription.DECKING,65,42.2818660736084,0,0,7,0,0,7
0,DeathDescription.DECKING,65,62.89505958557129,0,0,7,0,0,7
0,DeathDescription.DECKING,65,50.02260208129883,0,0,7,0,0,7
0,DeathDescription.DECKING,65,56.46109580993652,0,0,7,0,0,7
0,DeathDescription.DECKING,65,43.46442222595215,0,0,7,0,0,7
0,DeathDescription.DECKING,65,77.03042030334473,0,0,7,0,0,7
0,DeathDescription.DECKING,65,43.218135833740234,0,0,7,0,0,7
0,DeathDescription.DECKING,65,55.2060604095459,0,0,7,0,0,7
0,DeathDescription.DECKING,65,41.249990463256836,0,0,7,0,0,7
0,DeathDescription.DECKING,65,53.44414710998535,0,0,7,0,0,7
0,DeathDescription.DECKING,65,44.34490203857422,0,0,7,0,0,7
0,DeathDescription.DECKING,65,67.11030006408691,0,0,7,0,0,7
0,DeathDescription.DECKING,65,63.884735107421875,0,0,7,0,0,7
0,DeathDescription.DECKING,65,46.74196243286133,0,0,7,0,0,7
0,DeathDescription.DECKING,65,51.91755294799805,0,0,7,0,0,7
0,DeathDescription.DECKING,65,39.48521614074707,0,0,7,0,0,7
0,DeathDescription.DECKING,65,40.08197784423828,0,0,7,0,0,7
0,DeathDescription.DECKING,65,69.78750228881836,0,0,7,0,0,7
0,DeathDescription.DECKING,65,44.988155364990234,0,0,7,0,0,7
0,DeathDescription.DECKING,65,61.80882453918457,0,0,7,0,0,7
0,DeathDescription.DECKING,65,48.3708381652832,0,0,7,0,0,7
0,DeathDescription.DECKING,65,62.792301177978516,0,0,7,0,0,7
0,DeathDescription.DECKING,65,54.03542518615723,0,0,7,0,0,7
0,DeathDescription.DECKING,65,46.192169189453125,0,0,7,0,0,7
0,DeathDescription.DECKING,65,43.969154357910156,0,0,7,0,0,7
0,DeathDescription.DECKING,65,44.05379295349121,0,0,7,0,0,7
0,DeathDescription.DECKING,65,56.57958984375,0,0,7,0,0,7
0,DeathDescription.DECKING,65,59.804439544677734,0,0,7,0,0,7
0,DeathDescription.DECKING,65,58.31646919250488,0,0,7,0,0,7
0,DeathDescription.DECKING,65,58.42256546020508,0,0,7,0,0,7
0,DeathDescription.DECKING,65,71.21157646179199,0,0,7,0,0,7
0,DeathDescription.DECKING,65,54.14271354675293,0,0,7,0,0,7
0,DeathDescription.DECKING,65,83.06646347045898,0,0,7,0,0,7
0,DeathDescription.DECKING,65,57.410240173339844,0,0,7,0,0,7
0,DeathDescription.DECKING,65,79.00547981262207,0,0,7,0,0,7
0,DeathDescription.DECKING,65,54.74114418029785,0,0,7,0,0,7
0,DeathDescription.DECKING,65,60.98175048828125,0,0,7,0,0,7
0,DeathDescription.DECKING,65,79.3449878692627,0,0,7,0,0,7
0,DeathDescription.DECKING,65,64.53990936279297,0,0,7,0,0,7
0,DeathDescription.DECKING,65,51.786184310913086,0,0,7,0,0,7
0,DeathDescription.DECKING,65,56.0297966003418,0,0,7,0,0,7
0,DeathDescription.DECKING,65,56.95462226867676,0,0,7,0,0,7
0,DeathDescription.DECKING,65,55.44590950012207,0,0,7,0,0,7
0,DeathDescription.DECKING,65,49.46398735046387,0,0,7,0,0,7
0,DeathDescription.DECKING,65,65.91582298278809,0,0,7,0,0,7
0,DeathDescription.DECKING,65,51.827192306518555,0,0,7,0,0,7
0,DeathDescription.DECKING,65,56.96225166320801,0,0,7,0,0,7
0,DeathDescription.DECKING,65,44.103384017944336,0,0,7,0,0,7
0,DeathDescription.DECKING,65,58.35914611816406,0,0,7,0,0,7
0,DeathDescription.DECKING,65,47.18470573425293,0,0,7,0,0,7
0,DeathDescription.DECKING,65,47.89543151855469,0,0,7,0,0,7
0,DeathDescription.DECKING,65,45.26090621948242,0,0,7,0,0,7
0,DeathDescription.DECKING,65,48.471689224243164,0,0,7,0,0,7
0,DeathDescription.DECKING,65,71.40493392944336,0,0,7,0,0,7
0,DeathDescription.DECKING,65,44.43931579589844,0,0,7,0,0,7
0,DeathDescription.DECKING,65,62.26348876953125,0,0,7,0,0,7
0,DeathDescription.DECKING,65,47.56641387939453,0,0,7,0,0,7
0,DeathDescription.DECKING,65,70.15800476074219,0,0,7,0,0,7
0,DeathDescription.DECKING,65,48.58279228210449,0,0,7,0,0,7
0,DeathDescription.DECKING,65,53.10702323913574,0,0,7,0,0,7
0,DeathDescription.DECKING,65,47.29771614074707,0,0,7,0,0,7
0,DeathDescription.DECKING,65,49.755096435546875,0,0,7,0,0,7
0,DeathDescription.DECKING,65,39.314985275268555,0,0,7,0,0,7
0,DeathDescription.DECKING,65,44.2957878112793,0,0,7,0,0,7
0,DeathDescription.DECKING,65,51.81550979614258,0,0,7,0,0,7
0,DeathDescription.DECKING,65,57.32154846191406,0,0,7,0,0,7
0,DeathDescription.DECKING,65,61.22303009033203,0,0,7,0,0,7
0,DeathDescription.DECKING,65,44.72541809082031,0,0,7,0,0,7
0,DeathDescription.DECKING,65,52.01411247253418,0,0,7,0,0,7
0,DeathDescription.DECKING,65,55.353403091430664,0,0,7,0,0,7
0,DeathDescription.DECKING,65,78.80282402038574,0,0,7,0,0,7
0,DeathDescription.DECKING,65,56.84494972229004,0,0,7,0,0,7
0,DeathDescription.DECKING,65,52.29902267456055,0,0,7,0,0,7
0,DeathDescription.DECKING,65,43.63393783569336,0,0,7,0,0,7
0,DeathDescription.DECKING,65,45.66192626953125,0,0,7,0,0,7
0,DeathDescription.DECKING,65,65.75298309326172,0,0,7,0,0,7
0,DeathDescription.DECKING,65,48.41327667236328,0,0,7,0,0,7
0,DeathDescription.DECKING,65,69.08440589904785,0,0,7,0,0,7
0,DeathDescription.DECKING,65,54.56256866455078,0,0,7,0,0,7
0,DeathDescription.DECKING,65,76.40743255615234,0,0,7,0,0,7
0,DeathDescription.DECKING,65,45.594215393066406,0,0,7,0,0,7
0,DeathDescription.DECKING,65,67.46768951416016,0,0,7,0,0,7
0,DeathDescription.DECKING,65,41.113853454589844,0,0,7,0,0,7
0,DeathDescription.DECKING,65,64.36586380004883,0,0,7,0,0,7
0,DeathDescription.DECKING,65,56.742191314697266,0,0,7,0,0,7
0,DeathDescription.DECKING,65,76.78771018981934,0,0,7,0,0,7
0,DeathDescription.DECKING,65,52.03080177307129,0,0,7,0,0,7
0,DeathDescription.DECKING,65,58.58778953552246,0,0,7,0,0,7
0,DeathDescription.DECKING,65,41.14079475402832,0,0,7,0,0,7
0,DeathDescription.DECKING,65,60.46152114868164,0,0,7,0,0,7
0,DeathDescription.DECKING,65,49.92842674255371,0,0,7,0,0,7
0,DeathDescription.DECKING,65,47.67918586730957,0,0,7,0,0,7
0,DeathDescription.DECKING,65,40.16375541687012,0,0,7,0,0,7
0,DeathDescription.DECKING,65,65.07182121276855,0,0,7,0,0,7
0,DeathDescription.DECKING,65,49.1025447845459,0,0,7,0,0,7
0,DeathDescription.DECKING,65,54.60381507873535,0,0,7,0,0,7
0,DeathDescription.DECKING,65,37.35923767089844,0,0,7,0,0,7
0,DeathDescription.DECKING,65,44.054269790649414,0,0,7,0,0,7
0,DeathDescription.DECKING,65,62.18409538269043,0,0,7,0,0,7
0,DeathDescription.DECKING,65,52.773475646972656,0,0,7,0,0,7
0,DeathDescription.DECKING,65,64.38159942626953,0,0,7,0,0,7
0,DeathDescription.DECKING,65,39.50762748718262,0,0,7,0,0,7
0,DeathDescription.DECKING,65,53.457021713256836,0,0,7,0,0,7
0,DeathDescription.DECKING,65,52.05368995666504,0,0,7,0,0,7
0,DeathDescription.DECKING,65,57.74569511413574,0,0,7,0,0,7
0,DeathDescription.DECKING,65,59.39292907714844,0,0,7,0,0,7
0,DeathDescription.DECKING,65,51.342010498046875,0,0,7,0,0,7
0,DeathDescription.DECKING,65,43.18070411682129,0,0,7,0,0,7
0,DeathDescription.DECKING,65,43.24841499328613,0,0,7,0,0,7
0,DeathDescription.DECKING,65,51.6200065612793,0,0,7,0,0,7
0,DeathDescription.DECKING,65,60.22167205810547,0,0,7,0,0,7
0,DeathDescription.DECKING,65,62.76869773864746,0,0,7,0,0,7
0,DeathDescription.DECKING,65,78.91225814819336,0,0,7,0,0,7
0,DeathDescription.DECKING,65,61.85030937194824,0,0,7,0,0,7
0,DeathDescription.DECKING,65,59.14115905761719,0,0,7,0,0,7
0,DeathDescription.DECKING,65,59.629201889038086,0,0,7,0,0,7
0,DeathDescription.DECKING,65,44.47579383850098,0,0,7,0,0,7
0,DeathDescription.DECKING,65,49.42607879638672,0,0,7,0,0,7
0,DeathDescription.DECKING,65,45.23444175720215,0,0,7,0,0,7
0,DeathDescription.DECKING,65,43.50638389587402,0,0,7,0,0,7
0,DeathDescription.DECKING,65,55.23514747619629,0,0,7,0,0,7
0,DeathDescription.DECKING,65,44.61073875427246,0,0,7,0,0,7
0,DeathDescription.DECKING,65,61.28573417663574,0,0,7,0,0,7
0,DeathDescription.DECKING,65,39.452314376831055,0,0,7,0,0,7
0,DeathDescription.DECKING,65,92.46540069580078,0,0,7,0,0,7
0,DeathDescription.DECKING,65,39.49093818664551,0,0,7,0,0,7
0,DeathDescription.DECKING,65,65.53149223327637,0,0,7,0,0,7
0,DeathDescription.DECKING,65,43.30110549926758,0,0,7,0,0,7
0,DeathDescription.DECKING,65,57.53064155578613,0,0,7,0,0,7
0,DeathDescription.DECKING,65,44.405221939086914,0,0,7,0,0,7
0,DeathDescription.DECKING,65,51.6355037689209,0,0,7,0,0,7
0,DeathDescription.DECKING,65,41.96882247924805,0,0,7,0,0,7
0,DeathDescription.DECKING,65,48.59161376953125,0,0,7,0,0,7
0,DeathDescription.DECKING,65,67.70777702331543,0,0,7,0,0,7
0,DeathDescription.DECKING,65,64.35942649841309,0,0,7,0,0,7
0,DeathDescription.DECKING,65,47.93357849121094,0,0,7,0,0,7
0,DeathDescription.DECKING,65,55.41634559631348,0,0,7,0,0,7
0,DeathDescription.DECKING,65,53.16901206970215,0,0,7,0,0,7
0,DeathDescription.DECKING,65,53.50232124328613,0,0,7,0,0,7
0,DeathDescription.DECKING,65,54.27265167236328,0,0,7,0,0,7
0,DeathDescription.DECKING,65,41.81098937988281,0,0,7,0,0,7
0,DeathDescription.DECKING,65,39.86620903015137,0,0,7,0,0,7
0,DeathDescription.DECKING,65,54.81910705566406,0,0,7,0,0,7
0,DeathDescription.DECKING,65,39.928436279296875,0,0,7,0,0,7
0,DeathDescription.DECKING,65,41.46099090576172,0,0,7,0,0,7
0,DeathDescription.DECKING,65,60.15658378601074,0,0,7,0,0,7
0,DeathDescription.DECKING,65,55.52506446838379,0,0,7,0,0,7
0,DeathDescription.DECKING,65,45.00007629394531,0,0,7,0,0,7
0,DeathDescription.DECKING,65,47.92904853820801,0,0,7,0,0,7
0,DeathDescription.DECKING,65,46.98681831359863,0,0,7,0,0,7
0,DeathDescription.DECKING,65,49.85952377319336,0,0,7,0,0,7
0,DeathDescription.DECKING,65,47.18637466430664,0,0,7,0,0,7
0,DeathDescription.DECKING,65,52.14738845825195,0,0,7,0,0,7
0,DeathDescription.DECKING,65,40.05146026611328,0,0,7,0,0,7
0,DeathDescription.DECKING,65,55.78470230102539,0,0,7,0,0,7
0,DeathDescription.DECKING,65,50.214290618896484,0,0,7,0,0,7
0,DeathDescription.DECKING,65,64.70441818237305,0,0,7,0,0,7
0,DeathDescription.DECKING,65,56.027889251708984,0,0,7,0,0,7
0,DeathDescription.DECKING,65,49.2548942565918,0,0,7,0,0,7
0,DeathDescription.DECKING,65,49.448251724243164,0,0,7,0,0,7
0,DeathDescription.DECKING,65,48.53630065917969,0,0,7,0,0,7
0,DeathDescription.DECKING,65,65.33002853393555,0,0,7,0,0,7
0,DeathDescription.DECKING,65,48.7060546875,0,0,7,0,0,7
0,DeathDescription.DECKING,65,52.144765853881836,0,0,7,0,0,7
0,DeathDescription.DECKING,65,46.78630828857422,0,0,7,0,0,7
0,DeathDescription.DECKING,65,39.177894592285156,0,0,7,0,0,7
0,DeathDescription.DECKING,65,49.79252815246582,0,0,7,0,0,7
0,DeathDescription.DECKING,65,59.38410758972168,0,0,7,0,0,7
0,DeathDescription.DECKING,65,46.66566848754883,0,0,7,0,0,7
0,DeathDescription.DECKING,65,50.63486099243164,0,0,7,0,0,7
0,DeathDescription.DECKING,65,58.364152908325195,0,0,7,0,0,7
0,DeathDescription.DECKING,65,40.85588455200195,0,0,7,0,0,7
0,DeathDescription.DECKING,65,46.140193939208984,0,0,7,0,0,7
0,DeathDescription.DECKING,65,63.56692314147949,0,0,7,0,0,7
0,DeathDescription.DECKING,65,50.22454261779785,0,0,7,0,0,7
0,DeathDescription.DECKING,65,46.388864517211914,0,0,7,0,0,7
0,DeathDescription.DECKING,65,65.88459014892578,0,0,7,0,0,7
0,DeathDescription.DECKING,65,54.7184944152832,0,0,7,0,0,7
0,DeathDescription.DECKING,65,56.77175521850586,0,0,7,0,0,7
0,DeathDescription.DECKING,65,59.418678283691406,0,0,7,0,0,7
0,DeathDescription.DECKING,65,63.40956687927246,0,0,7,0,0,7
0,DeathDescription.DECKING,65,50.67610740661621,0,0,7,0,0,7
0,DeathDescription.DECKING,65,55.35745620727539,0,0,7,0,0,7
0,DeathDescription.DECKING,65,74.16677474975586,0,0,7,0,0,7
0,DeathDescription.DECKING,65,67.70491600036621,0,0,7,0,0,7
0,DeathDescription.DECKING,65,49.457550048828125,0,0,7,0,0,7
0,DeathDescription.DECKING,65,55.530548095703125,0,0,7,0,0,7
0,DeathDescription.DECKING,65,38.8185977935791,0,0,7,0,0,7
0,DeathDescription.DECKING,65,44.34943199157715,0,0,7,0,0,7
0,DeathDescription.DECKING,65,63.201189041137695,0,0,7,0,0,7
0,DeathDescription.DECKING,65,44.118404388427734,0,0,7,0,0,7
0,DeathDescription.DECKING,65,47.99771308898926,0,0,7,0,0,7
0,DeathDescription.DECKING,65,42.07921028137207,0,0,7,0,0,7
0,DeathDescription.DECKING,65,60.91475486755371,0,0,7,0,0,7
0,DeathDescription.DECKING,65,51.87344551086426,0,0,7,0,0,7
0,DeathDescription.DECKING,65,48.45261573791504,0,0,7,0,0,7
0,DeathDescription.DECKING,65,60.97245216369629,0,0,7,0,0,7
0,DeathDescription.DECKING,65,55.9382438659668,0,0,7,0,0,7
0,DeathDescription.DECKING,65,65.39011001586914,0,0,7,0,0,7
0,DeathDescription.DECKING,65,50.847768783569336,0,0,7,0,0,7
0,DeathDescription.DECKING,65,68.65191459655762,0,0,7,0,0,7
0,DeathDescription.DECKING,65,50.15850067138672,0,0,7,0,0,7
0,DeathDescription.DECKING,65,59.98873710632324,0,0,7,0,0,7
0,DeathDescription.DECKING,65,49.82614517211914,0,0,7,0,0,7
0,DeathDescription.DECKING,65,64.59808349609375,0,0,7,0,0,7
0,DeathDescription.DECKING,65,38.318634033203125,0,0,7,0,0,7
0,DeathDescription.DECKING,65,61.765193939208984,0,0,7,0,0,7
0,DeathDescription.DECKING,65,38.47002983093262,0,0,7,0,0,7
0,DeathDescription.DECKING,65,57.70468711853027,0,0,7,0,0,7
0,DeathDescription.DECKING,65,49.13640022277832,0,0,7,0,0,7
0,DeathDescription.DECKING,65,42.69075393676758,0,0,7,0,0,7
0,DeathDescription.DECKING,65,50.28843879699707,0,0,7,0,0,7
0,DeathDescription.DECKING,65,63.2474422454834,0,0,7,0,0,7
0,DeathDescription.DECKING,65,50.79364776611328,0,0,7,0,0,7
0,DeathDescription.DECKING,65,67.45600700378418,0,0,7,0,0,7
0,DeathDescription.DECKING,65,64.43333625793457,0,0,7,0,0,7
0,DeathDescription.DECKING,65,52.556514739990234,0,0,7,0,0,7
0,DeathDescription.DECKING,65,57.51395225524902,0,0,7,0,0,7
0,DeathDescription.DECKING,65,57.054996490478516,0,0,7,0,0,7
0,DeathDescription.DECKING,65,54.18562889099121,0,0,7,0,0,7
0,DeathDescription.DECKING,65,43.30301284790039,0,0,7,0,0,7
0,DeathDescription.DECKING,65,48.97284507751465,0,0,7,0,0,7
0,DeathDescription.DECKING,65,52.97493934631348,0,0,7,0,0,7
0,DeathDescription.DECKING,65,44.60310935974121,0,0,7,0,0,7
0,DeathDescription.DECKING,65,50.749778747558594,0,0,7,0,0,7
0,DeathDescription.DECKING,65,54.70919609069824,0,0,7,0,0,7
0,DeathDescription.DECKING,65,44.14796829223633,0,0,7,0,0,7
0,DeathDescription.DECKING,65,38.663387298583984,0,0,7,0,0,7
0,DeathDescription.DECKING,65,51.55682563781738,0,0,7,0,0,7
0,DeathDescription.DECKING,65,48.2172966003418,0,0,7,0,0,7
0,DeathDescription.DECKING,65,39.26873207092285,0,0,7,0,0,7
0,DeathDescription.DECKING,65,64.13817405700684,0,0,7,0,0,7
0,DeathDescription.DECKING,65,42.945146560668945,0,0,7,0,0,7
0,DeathDescription.DECKING,65,49.54195022583008,0,0,7,0,0,7
0,DeathDescription.DECKING,65,67.56830215454102,0,0,7,0,0,7
0,DeathDescription.DECKING,65,66.77818298339844,0,0,7,0,0,7
0,DeathDescription.DECKING,65,55.179595947265625,0,0,7,0,0,7
0,DeathDescription.DECKING,65,63.65823745727539,0,0,7,0,0,7
0,DeathDescription.DECKING,65,57.94501304626465,0,0,7,0,0,7
0,DeathDescription.DECKING,65,50.24218559265137,0,0,7,0,0,7
0,DeathDescription.DECKING,65,50.9645938873291,0,0,7,0,0,7
0,DeathDescription.DECKING,65,51.43618583679199,0,0,7,0,0,7
0,DeathDescription.DECKING,65,55.037498474121094,0,0,7,0,0,7
0,DeathDescription.DECKING,65,51.49984359741211,0,0,7,0,0,7
0,DeathDescription.DECKING,65,55.83930015563965,0,0,7,0,0,7
0,DeathDescription.DECKING,65,57.67345428466797,0,0,7,0,0,7
0,DeathDescription.DECKING,65,51.3911247253418,0,0,7,0,0,7
0,DeathDescription.DECKING,65,60.63556671142578,0,0,7,0,0,7
0,DeathDescription.DECKING,65,45.16315460205078,0,0,7,0,0,7
0,DeathDescription.DECKING,65,48.01607131958008,0,0,7,0,0,7
0,DeathDescription.DECKING,65,52.53434181213379,0,0,7,0,0,7
0,DeathDescription.DECKING,65,58.87460708618164,0,0,7,0,0,7
0,DeathDescription.DECKING,65,50.04477500915527,0,0,7,0,0,7
0,DeathDescription.DECKING,65,51.10907554626465,0,0,7,0,0,7
0,DeathDescription.DECKING,65,59.16476249694824,0,0,7,0,0,7
0,DeathDescription.DECKING,65,75.15478134155273,0,0,7,0,0,7
0,DeathDescription.DECKING,65,50.75502395629883,0,0,7,0,0,7
0,DeathDescription.DECKING,65,66.58744812011719,0,0,7,0,0,7
0,DeathDescription.DECKING,65,56.871652603149414,0,0,7,0,0,7
0,DeathDescription.DECKING,65,63.71784210205078,0,0,7,0,0,7
0,DeathDescription.DECKING,65,44.07763481140137,0,0,7,0,0,7
0,DeathDescription.DECKING,65,57.309627532958984,0,0,7,0,0,7
0,DeathDescription.DECKING,65,61.68675422668457,0,0,7,0,0,7
0,DeathDescription.DECKING,65,50.57120323181152,0,0,7,0,0,7
0,DeathDescription.DECKING,65,47.30868339538574,0,0,7,0,0,7
0,DeathDescription.DECKING,65,48.750877380371094,0,0,7,0,0,7
0,DeathDescription.DECKING,65,72.16453552246094,0,0,7,0,0,7
0,DeathDescription.DECKING,65,45.32980918884277,0,0,7,0,0,7
0,DeathDescription.DECKING,65,55.0234317779541,0,0,7,0,0,7
0,DeathDescription.DECKING,65,43.006181716918945,0,0,7,0,0,7
0,DeathDescription.DECKING,65,46.736717224121094,0,0,7,0,0,7
0,DeathDescription.DECKING,65,58.81524085998535,0,0,7,0,0,7
0,DeathDescription.DECKING,65,44.35372352600098,0,0,7,0,0,7
0,DeathDescription.DECKING,65,53.55072021484375,0,0,7,0,0,7
0,DeathDescription.DECKING,65,55.2217960357666,0,0,7,0,0,7
0,DeathDescription.DECKING,65,58.35366249084473,0,0,7,0,0,7
0,DeathDescription.DECKING,65,44.91853713989258,0,0,7,0,0,7
0,DeathDescription.DECKING,65,57.080745697021484,0,0,7,0,0,7
0,DeathDescription.DECKING,65,43.91145706176758,0,0,7,0,0,7
0,DeathDescription.DECKING,65,46.491146087646484,0,0,7,0,0,7
0,DeathDescription.DECKING,65,48.7821102142334,0,0,7,0,0,7
0,DeathDescription.DECKING,65,55.49263954162598,0,0,7,0,0,7
0,DeathDescription.DECKING,65,79.29849624633789,0,0,7,0,0,7
0,DeathDescription.DECKING,65,44.52204704284668,0,0,7,0,0,7
0,DeathDescription.DECKING,65,79.26535606384277,0,0,7,0,0,7
0,DeathDescription.DECKING,65,60.138702392578125,0,0,7,0,0,7
0,DeathDescription.DECKING,65,63.149452209472656,0,0,7,0,0,7
0,DeathDescription.DECKING,65,44.86656188964844,0,0,7,0,0,7
0,DeathDescription.DECKING,65,55.83953857421875,0,0,7,0,0,7
0,DeathDescription.DECKING,65,64.47291374206543,0,0,7,0,0,7
0,DeathDescription.DECKING,65,54.52084541320801,0,0,7,0,0,7
0,DeathDescription.DECKING,65,51.889657974243164,0,0,7,0,0,7
0,DeathDescription.DECKING,65,62.091827392578125,0,0,7,0,0,7
0,DeathDescription.DECKING,65,43.982744216918945,0,0,7,0,0,7
0,DeathDescription.DECKING,65,65.67192077636719,0,0,7,0,0,7
0,DeathDescription.DECKING,65,50.026655197143555,0,0,7,0,0,7
0,DeathDescription.DECKING,65,63.631296157836914,0,0,7,0,0,7
0,DeathDescription.DECKING,65,42.49238967895508,0,0,7,0,0,7
0,DeathDescription.DECKING,65,59.014081954956055,0,0,7,0,0,7
0,DeathDescription.DECKING,65,49.3927001953125,0,0,7,0,0,7
0,DeathDescription.DECKING,65,58.04157257080078,0,0,7,0,0,7
0,DeathDescription.DECKING,65,50.45771598815918,0,0,7,0,0,7
0,DeathDescription.DECKING,65,66.39218330383301,0,0,7,0,0,7
0,DeathDescription.DECKING,65,53.34830284118652,0,0,7,0,0,7
0,DeathDescription.DECKING,65,51.61166191101074,0,0,7,0,0,7
0,DeathDescription.DECKING,65,40.178537368774414,0,0,7,0,0,7
0,DeathDescription.DECKING,65,76.70044898986816,0,0,7,0,0,7
0,DeathDescription.DECKING,65,55.20129203796387,0,0,7,0,0,7
0,DeathDescription.DECKING,65,61.219215393066406,0,0,7,0,0,7
0,DeathDescription.DECKING,65,70.0993537902832,0,0,7,0,0,7
0,DeathDescription.DECKING,65,57.26337432861328,0,0,7,0,0,7
0,DeathDescription.DECKING,65,65.24300575256348,0,0,7,0,0,7
0,DeathDescription.DECKING,65,44.82674598693848,0,0,7,0,0,7
0,DeathDescription.DECKING,65,49.51333999633789,0,0,7,0,0,7
0,DeathDescription.DECKING,65,54.009437561035156,0,0,7,0,0,7
0,DeathDescription.DECKING,65,56.34641647338867,0,0,7,0,0,7
0,DeathDescription.DECKING,65,43.19167137145996,0,0,7,0,0,7
0,DeathDescription.DECKING,65,45.86052894592285,0,0,7,0,0,7
0,DeathDescription.DECKING,65,65.50168991088867,0,0,7,0,0,7
0,DeathDescription.DECKING,65,51.51700973510742,0,0,7,0,0,7
0,DeathDescription.DECKING,65,59.21006202697754,0,0,7,0,0,7
0,DeathDescription.DECKING,65,41.68343544006348,0,0,7,0,0,7
0,DeathDescription.DECKING,65,48.82097244262695,0,0,7,0,0,7
0,DeathDescription.DECKING,65,54.78501319885254,0,0,7,0,0,7
0,DeathDescription.DECKING,65,47.42121696472168,0,0,7,0,0,7
0,DeathDescription.DECKING,65,48.60997200012207,0,0,7,0,0,7
0,DeathDescription.DECKING,65,46.03457450866699,0,0,7,0,0,7
0,DeathDescription.DECKING,65,57.076215744018555,0,0,7,0,0,7
0,DeathDescription.DECKING,65,54.37183380126953,0,0,7,0,0,7
0,DeathDescription.DECKING,65,77.37493515014648,0,0,7,0,0,7
0,DeathDescription.DECKING,65,40.854454040527344,0,0,7,0,0,7
0,DeathDescription.DECKING,65,65.22464752197266,0,0,7,0,0,7
0,DeathDescription.DECKING,65,85.40630340576172,0,0,7,0,0,7
0,DeathDescription.DECKING,65,47.02281951904297,0,0,7,0,0,7
0,DeathDescription.DECKING,65,47.88708686828613,0,0,7,0,0,7
0,DeathDescription.DECKING,65,47.07694053649902,0,0,7,0,0,7
0,DeathDescription.DECKING,65,56.937217712402344,0,0,7,0,0,7
0,DeathDescription.DECKING,65,49.680233001708984,0,0,7,0,0,7
0,DeathDescription.DECKING,65,62.46209144592285,0,0,7,0,0,7
0,DeathDescription.DECKING,65,49.449920654296875,0,0,7,0,0,7
0,DeathDescription.DECKING,65,75.03938674926758,0,0,7,0,0,7
0,DeathDescription.DECKING,65,47.36471176147461,0,0,7,0,0,7
0,DeathDescription.DECKING,65,56.710243225097656,0,0,7,0,0,7
0,DeathDescription.DECKING,65,59.545040130615234,0,0,7,0,0,7
0,DeathDescription.DECKING,65,51.133155822753906,0,0,7,0,0,7
0,DeathDescription.DECKING,65,38.59353065490723,0,0,7,0,0,7
0,DeathDescription.DECKING,65,45.49598693847656,0,0,7,0,0,7
0,DeathDescription.DECKING,65,61.1422061920166,0,0,7,0,0,7
0,DeathDescription.DECKING,65,40.1611328125,0,0,7,0,0,7
0,DeathDescription.DECKING,65,56.11920356750488,0,0,7,0,0,7
0,DeathDescription.DECKING,65,42.3579216003418,0,0,7,0,0,7
0,DeathDescription.DECKING,65,38.98143768310547,0,0,7,0,0,7
0,DeathDescription.DECKING,65,56.86497688293457,0,0,7,0,0,7
0,DeathDescription.DECKING,65,46.71335220336914,0,0,7,0,0,7
0,DeathDescription.DECKING,65,45.42422294616699,0,0,7,0,0,7
0,DeathDescription.DECKING,65,54.19278144836426,0,0,7,0,0,7
0,DeathDescription.DECKING,65,50.96006393432617,0,0,7,0,0,7
0,DeathDescription.DECKING,65,51.215171813964844,0,0,7,0,0,7
0,DeathDescription.DECKING,65,51.26070976257324,0,0,7,0,0,7
0,DeathDescription.DECKING,65,55.93299865722656,0,0,7,0,0,7
0,DeathDescription.DECKING,65,48.94876480102539,0,0,7,0,0,7
0,DeathDescription.DECKING,65,86.33852005004883,0,0,7,0,0,7
0,DeathDescription.DECKING,65,43.277740478515625,0,0,7,0,0,7
0,DeathDescription.DECKING,65,61.82599067687988,0,0,7,0,0,7
0,DeathDescription.DECKING,65,66.8947696685791,0,0,7,0,0,7
0,DeathDescription.DECKING,65,60.782432556152344,0,0,7,0,0,7
0,DeathDescription.DECKING,65,43.151140213012695,0,0,7,0,0,7
0,DeathDescription.DECKING,65,63.28177452087402,0,0,7,0,0,7
0,DeathDescription.DECKING,65,61.554670333862305,0,0,7,0,0,7
0,DeathDescription.DECKING,65,51.407814025878906,0,0,7,0,0,7
0,DeathDescription.DECKING,65,44.18349266052246,0,0,7,0,0,7
0,DeathDescription.DECKING,65,41.10836982727051,0,0,7,0,0,7
0,DeathDescription.DECKING,65,58.5629940032959,0,0,7,0,0,7
0,DeathDescription.DECKING,65,44.90256309509277,0,0,7,0,0,7
0,DeathDescription.DECKING,65,46.35453224182129,0,0,7,0,0,7
0,DeathDescription.DECKING,65,50.37641525268555,0,0,7,0,0,7
0,DeathDescription.DECKING,65,44.274091720581055,0,0,7,0,0,7
0,DeathDescription.DECKING,65,57.05761909484863,0,0,7,0,0,7
0,DeathDescription.DECKING,65,54.08143997192383,0,0,7,0,0,7
0,DeathDescription.DECKING,65,42.133331298828125,0,0,7,0,0,7
0,DeathDescription.DECKING,65,58.84575843811035,0,0,7,0,0,7
0,DeathDescription.DECKING,65,67.93403625488281,0,0,7,0,0,7
0,DeathDescription.DECKING,65,44.966697692871094,0,0,7,0,0,7
0,DeathDescription.DECKING,65,44.16394233703613,0,0,7,0,0,7
0,DeathDescription.DECKING,65,48.08855056762695,0,0,7,0,0,7
0,DeathDescription.DECKING,65,44.88325119018555,0,0,7,0,0,7
0,DeathDescription.DECKING,65,85.23344993591309,0,0,7,0,0,7
0,DeathDescription.DECKING,65,44.09193992614746,0,0,7,0,0,7
0,DeathDescription.DECKING,65,57.06501007080078,0,0,7,0,0,7
0,DeathDescription.DECKING,65,43.9145565032959,0,0,7,0,0,7
0,DeathDescription.DECKING,65,45.95613479614258,0,0,7,0,0,7
0,DeathDescription.DECKING,65,47.014474868774414,0,0,7,0,0,7
0,DeathDescription.DECKING,65,54.566383361816406,0,0,7,0,0,7
0,DeathDescription.DECKING,65,53.68924140930176,0,0,7,0,0,7
0,DeathDescription.DECKING,65,55.937767028808594,0,0,7,0,0,7
0,DeathDescription.DECKING,65,52.095890045166016,0,0,7,0,0,7
0,DeathDescription.DECKING,65,66.25604629516602,0,0,7,0,0,7
0,DeathDescription.DECKING,65,53.374528884887695,0,0,7,0,0,7
0,DeathDescription.DECKING,65,46.18668556213379,0,0,7,0,0,7
0,DeathDescription.DECKING,65,51.122188568115234,0,0,7,0,0,7
0,DeathDescription.DECKING,65,58.856964111328125,0,0,7,0,0,7
0,DeathDescription.DECKING,65,44.34037208557129,0,0,7,0,0,7
0,DeathDescription.DECKING,65,64.15295600891113,0,0,7,0,0,7
0,DeathDescription.DECKING,65,44.858455657958984,0,0,7,0,0,7
0,DeathDescription.DECKING,65,72.36170768737793,0,0,7,0,0,7
0,DeathDescription.DECKING,65,40.38214683532715,0,0,7,0,0,7
0,DeathDescription.DECKING,65,56.30183219909668,0,0,7,0,0,7
0,DeathDescription.DECKING,65,42.0839786529541,0,0,7,0,0,7
0,DeathDescription.DECKING,65,47.96791076660156,0,0,7,0,0,7
0,DeathDescription.DECKING,65,50.23050308227539,0,0,7,0,0,7
0,DeathDescription.DECKING,65,45.87554931640625,0,0,7,0,0,7
0,DeathDescription.DECKING,65,59.68761444091797,0,0,7,0,0,7
0,DeathDescription.DECKING,65,58.26735496520996,0,0,7,0,0,7
0,DeathDescription.DECKING,65,38.747549057006836,0,0,7,0,0,7
0,DeathDescription.DECKING,65,61.18631362915039,0,0,7,0,0,7
0,DeathDescription.DECKING,65,51.145315170288086,0,0,7,0,0,7
0,DeathDescription.DECKING,65,41.922569274902344,0,0,7,0,0,7
0,DeathDescription.DECKING,65,44.133663177490234,0,0,7,0,0,7
0,DeathDescription.DECKING,65,75.43420791625977,0,0,7,0,0,7
0,DeathDescription.DECKING,65,55.531978607177734,0,0,7,0,0,7
0,DeathDescription.DECKING,65,69.6554183959961,0,0,7,0,0,7
0,DeathDescription.DECKING,65,40.02094268798828,0,0,7,0,0,7
0,DeathDescription.DECKING,65,72.54409790039062,0,0,7,0,0,7
0,DeathDescription.DECKING,65,52.18982696533203,0,0,7,0,0,7
0,DeathDescription.DECKING,65,68.82762908935547,0,0,7,0,0,7
0,DeathDescription.DECKING,65,38.86890411376953,0,0,7,0,0,7
0,DeathDescription.DECKING,65,54.52728271484375,0,0,7,0,0,7
0,DeathDescription.DECKING,65,46.82159423828125,0,0,7,0,0,7
0,DeathDescription.DECKING,65,63.703060150146484,0,0,7,0,0,7
0,DeathDescription.DECKING,65,44.21424865722656,0,0,7,0,0,7
0,DeathDescription.DECKING,65,90.36898612976074,0,0,7,0,0,7
0,DeathDescription.DECKING,65,56.78534507751465,0,0,7,0,0,7
0,DeathDescription.DECKING,65,72.0679759979248,0,0,7,0,0,7
0,DeathDescription.DECKING,65,48.58708381652832,0,0,7,0,0,7
0,DeathDescription.DECKING,65,49.59392547607422,0,0,7,0,0,7
0,DeathDescription.DECKING,65,40.720224380493164,0,0,7,0,0,7
0,DeathDescription.DECKING,65,47.37734794616699,0,0,7,0,0,7
0,DeathDescription.DECKING,65,55.62448501586914,0,0,7,0,0,7
0,DeathDescription.DECKING,65,48.596858978271484,0,0,7,0,0,7
0,DeathDescription.DECKING,65,59.02242660522461,0,0,7,0,0,7
0,DeathDescription.DECKING,65,45.05109786987305,0,0,7,0,0,7
0,DeathDescription.DECKING,65,61.41304969787598,0,0,7,0,0,7
0,DeathDescription.DECKING,65,57.60073661804199,0,0,7,0,0,7
0,DeathDescription.DECKING,65,71.66647911071777,0,0,7,0,0,7
0,DeathDescription.DECKING,65,39.65401649475098,0,0,7,0,0,7
0,DeathDescription.DECKING,65,60.92047691345215,0,0,7,0,0,7
0,DeathDescription.DECKING,65,45.415401458740234,0,0,7,0,0,7
0,DeathDescription.DECKING,65,49.31783676147461,0,0,7,0,0,7
0,DeathDescription.DECKING,65,40.642738342285156,0,0,7,0,0,7
0,DeathDescription.DECKING,65,49.03006553649902,0,0,7,0,0,7
0,DeathDescription.DECKING,65,52.79421806335449,0,0,7,0,0,7
0,DeathDescription.DECKING,65,53.115129470825195,0,0,7,0,0,7
0,DeathDescription.DECKING,65,51.67961120605469,0,0,7,0,0,7
0,DeathDescription.DECKING,65,39.414167404174805,0,0,7,0,0,7
0,DeathDescription.DECKING,65,80.81293106079102,0,0,7,0,0,7
0,DeathDescription.DECKING,65,51.46646499633789,0,0,7,0,0,7
0,DeathDescription.DECKING,65,45.662641525268555,0,0,7,0,0,7
0,DeathDescription.DECKING,65,55.072784423828125,0,0,7,0,0,7
0,DeathDescription.DECKING,65,46.45419120788574,0,0,7,0,0,7
0,DeathDescription.DECKING,65,68.62020492553711,0,0,7,0,0,7
0,DeathDescription.DECKING,65,49.3471622467041,0,0,7,0,0,7
0,DeathDescription.DECKING,65,46.86450958251953,0,0,7,0,0,7
0,DeathDescription.DECKING,65,51.4063835144043,0,0,7,0,0,7
0,DeathDescription.DECKING,65,70.96290588378906,0,0,7,0,0,7
0,DeathDescription.DECKING,65,60.1201057434082,0,0,7,0,0,7
0,DeathDescription.DECKING,65,55.6788444519043,0,0,7,0,0,7
0,DeathDescription.DECKING,65,49.02148246765137,0,0,7,0,0,7
0,DeathDescription.DECKING,65,47.0120906829834,0,0,7,0,0,7
0,DeathDescription.DECKING,65,49.48735237121582,0,0,7,0,0,7
0,DeathDescription.DECKING,65,39.79778289794922,0,0,7,0,0,7
0,DeathDescription.DECKING,65,65.45114517211914,0,0,7,0,0,7
0,DeathDescription.DECKING,65,43.381690979003906,0,0,7,0,0,7
0,DeathDescription.DECKING,65,67.44146347045898,0,0,7,0,0,7
0,DeathDescription.DECKING,65,44.85177993774414,0,0,7,0,0,7
0,DeathDescription.DECKING,65,57.4190616607666,0,0,7,0,0,7
0,DeathDescription.DECKING,65,55.41729927062988,0,0,7,0,0,7
0,DeathDescription.DECKING,65,54.229736328125,0,0,7,0,0,7
0,DeathDescription.DECKING,65,42.571067810058594,0,0,7,0,0,7
0,DeathDescription.DECKING,65,38.561344146728516,0,0,7,0,0,7
0,DeathDescription.DECKING,65,61.73825263977051,0,0,7,0,0,7
0,DeathDescription.DECKING,65,46.889305114746094,0,0,7,0,0,7
0,DeathDescription.DECKING,65,56.603193283081055,0,0,7,0,0,7
0,DeathDescription.DECKING,65,56.70166015625,0,0,7,0,0,7
0,DeathDescription.DECKING,65,56.8699836730957,0,0,7,0,0,7
0,DeathDescription.DECKING,65,47.2414493560791,0,0,7,0,0,7
0,DeathDescription.DECKING,65,58.64238739013672,0,0,7,0,0,7
0,DeathDescription.DECKING,65,43.915510177612305,0,0,7,0,0,7
0,DeathDescription.DECKING,65,54.94523048400879,0,0,7,0,0,7
0,DeathDescription.DECKING,65,39.956092834472656,0,0,7,0,0,7
0,DeathDescription.DECKING,65,66.04933738708496,0,0,7,0,0,7
0,DeathDescription.DECKING,65,46.29158973693848,0,0,7,0,0,7
0,DeathDescription.DECKING,65,38.72060775756836,0,0,7,0,0,7
0,DeathDescription.DECKING,65,40.26341438293457,0,0,7,0,0,7
0,DeathDescription.DECKING,65,68.12524795532227,0,0,7,0,0,7
0,DeathDescription.DECKING,65,39.3373966217041,0,0,7,0,0,7
0,DeathDescription.DECKING,65,39.995431900024414,0,0,7,0,0,7
0,DeathDescription.DECKING,65,66.63632392883301,0,0,7,0,0,7
0,DeathDescription.DECKING,65,39.10493850708008,0,0,7,0,0,7
0,DeathDescription.DECKING,65,52.970170974731445,0,0,7,0,0,7
0,DeathDescription.DECKING,65,51.999807357788086,0,0,7,0,0,7
0,DeathDescription.DECKING,65,55.745840072631836,0,0,7,0,0,7
0,DeathDescription.DECKING,65,68.98093223571777,0,0,7,0,0,7
0,DeathDescription.DECKING,65,57.16061592102051,0,0,7,0,0,7
0,DeathDescription.DECKING,65,49.87502098083496,0,0,7,0,0,7
0,DeathDescription.DECKING,65,57.20043182373047,0,0,7,0,0,7
0,DeathDescription.DECKING,65,52.64616012573242,0,0,7,0,0,7
0,DeathDescription.DECKING,65,40.09604454040527,0,0,7,0,0,7
0,DeathDescription.DECKING,65,43.43152046203613,0,0,7,0,0,7
0,DeathDescription.DECKING,65,62.5300407409668,0,0,7,0,0,7
0,DeathDescription.DECKING,65,49.58057403564453,0,0,7,0,0,7
0,DeathDescription.DECKING,65,47.58262634277344,0,0,7,0,0,7
0,DeathDescription.DECKING,65,57.63649940490723,0,0,7,0,0,7
0,DeathDescription.DECKING,65,54.44669723510742,0,0,7,0,0,7
0,DeathDescription.DECKING,65,47.23811149597168,0,0,7,0,0,7
0,DeathDescription.DECKING,65,53.997039794921875,0,0,7,0,0,7
0,DeathDescription.DECKING,65,43.42150688171387,0,0,7,0,0,7
0,DeathDescription.DECKING,65,50.80890655517578,0,0,7,0,0,7
0,DeathDescription.DECKING,65,55.55367469787598,0,0,7,0,0,7
0,DeathDescription.DECKING,65,52.496910095214844,0,0,7,0,0,7
0,DeathDescription.DECKING,65,49.91555213928223,0,0,7,0,0,7
0,DeathDescription.DECKING,65,55.97043037414551,0,0,7,0,0,7
0,DeathDescription.DECKING,65,75.00076293945312,0,0,7,0,0,7
0,DeathDescription.DECKING,65,39.55078125,0,0,7,0,0,7
0,DeathDescription.DECKING,65,60.47677993774414,0,0,7,0,0,7
0,DeathDescription.DECKING,65,51.37515068054199,0,0,7,0,0,7
0,DeathDescription.DECKING,65,58.11786651611328,0,0,7,0,0,7
0,DeathDescription.DECKING,65,42.89555549621582,0,0,7,0,0,7
0,DeathDescription.DECKING,65,66.62106513977051,0,0,7,0,0,7
0,DeathDescription.DECKING,65,48.44069480895996,0,0,7,0,0,7
0,DeathDescription.DECKING,65,58.31432342529297,0,0,7,0,0,7
0,DeathDescription.DECKING,65,48.510074615478516,0,0,7,0,0,7
0,DeathDescription.DECKING,65,67.31033325195312,0,0,7,0,0,7
0,DeathDescription.DECKING,65,39.568185806274414,0,0,7,0,0,7
0,DeathDescription.DECKING,65,48.232316970825195,0,0,7,0,0,7
0,DeathDescription.DECKING,65,40.4057502746582,0,0,7,0,0,7
0,DeathDescription.DECKING,65,50.16517639160156,0,0,7,0,0,7
0,DeathDescription.DECKING,65,57.14058876037598,0,0,7,0,0,7
0,DeathDescription.DECKING,65,54.12745475769043,0,0,7,0,0,7
0,DeathDescription.DECKING,65,47.66440391540527,0,0,7,0,0,7
0,DeathDescription.DECKING,65,51.88393592834473,0,0,7,0,0,7
0,DeathDescription.DECKING,65,47.376394271850586,0,0,7,0,0,7
0,DeathDescription.DECKING,65,69.62823867797852,0,0,7,0,0,7
0,DeathDescription.DECKING,65,50.70638656616211,0,0,7,0,0,7
0,DeathDescription.DECKING,65,98.31595420837402,0,0,7,0,0,7
0,DeathDescription.DECKING,65,46.40483856201172,0,0,7,0,0,7
0,DeathDescription.DECKING,65,74.17726516723633,0,0,7,0,0,7
0,DeathDescription.DECKING,65,58.733463287353516,0,0,7,0,0,7
0,DeathDescription.DECKING,65,44.924020767211914,0,0,7,0,0,7
0,DeathDescription.DECKING,65,45.76849937438965,0,0,7,0,0,7
0,DeathDescription.DECKING,65,49.74555969238281,0,0,7,0,0,7
0,DeathDescription.DECKING,65,46.814918518066406,0,0,7,0,0,7
0,DeathDescription.DECKING,65,41.28551483154297,0,0,7,0,0,7
0,DeathDescription.DECKING,65,50.10342597961426,0,0,7,0,0,7
0,DeathDescription.DECKING,65,59.36098098754883,0,0,7,0,0,7
0,DeathDescription.DECKING,65,46.163320541381836,0,0,7,0,0,7
0,DeathDescription.DECKING,65,71.64669036865234,0,0,7,0,0,7
0,DeathDescription.DECKING,65,44.809818267822266,0,0,7,0,0,7
0,DeathDescription.DECKING,65,60.09531021118164,0,0,7,0,0,7
0,DeathDescription.DECKING,65,42.481184005737305,0,0,7,0,0,7
0,DeathDescription.DECKING,65,47.76334762573242,0,0,7,0,0,7
0,DeathDescription.DECKING,65,66.09845161437988,0,0,7,0,0,7
0,DeathDescription.DECKING,65,53.978919982910156,0,0,7,0,0,7
0,DeathDescription.DECKING,65,45.629024505615234,0,0,7,0,0,7
0,DeathDescription.DECKING,65,38.09523582458496,0,0,7,0,0,7
0,DeathDescription.DECKING,65,70.80841064453125,0,0,7,0,0,7
0,DeathDescription.DECKING,65,56.71858787536621,0,0,7,0,0,7
0,DeathDescription.DECKING,65,63.321590423583984,0,0,7,0,0,7
0,DeathDescription.DECKING,65,37.77360916137695,0,0,7,0,0,7
0,DeathDescription.DECKING,65,63.70973587036133,0,0,7,0,0,7
0,DeathDescription.DECKING,65,52.00481414794922,0,0,7,0,0,7
0,DeathDescription.DECKING,65,55.678367614746094,0,0,7,0,0,7
0,DeathDescription.DECKING,65,65.2916431427002,0,0,7,0,0,7
0,DeathDescription.DECKING,65,65.70076942443848,0,0,7,0,0,7
0,DeathDescription.DECKING,65,38.8333797454834,0,0,7,0,0,7
0,DeathDescription.DECKING,65,81.07995986938477,0,0,7,0,0,7
0,DeathDescription.DECKING,65,45.90582847595215,0,0,7,0,0,7
0,DeathDescription.DECKING,65,53.89714241027832,0,0,7,0,0,7
0,DeathDescription.DECKING,65,48.66433143615723,0,0,7,0,0,7
0,DeathDescription.DECKING,65,48.58064651489258,0,0,7,0,0,7
0,DeathDescription.DECKING,65,51.0251522064209,0,0,7,0,0,7
0,DeathDescription.DECKING,65,68.5427188873291,0,0,7,0,0,7
0,DeathDescription.DECKING,65,55.24158477783203,0,0,7,0,0,7
0,DeathDescription.DECKING,65,37.175655364990234,0,0,7,0,0,7
0,DeathDescription.DECKING,65,45.073509216308594,0,0,7,0,0,7
0,DeathDescription.DECKING,65,67.37184524536133,0,0,7,0,0,7
0,DeathDescription.DECKING,65,38.9552116394043,0,0,7,0,0,7
0,DeathDescription.DECKING,65,63.54022026062012,0,0,7,0,0,7
0,DeathDescription.DECKING,65,43.985605239868164,0,0,7,0,0,7
0,DeathDescription.DECKING,65,53.73239517211914,0,0,7,0,0,7
0,DeathDescription.DECKING,65,40.07983207702637,0,0,7,0,0,7
0,DeathDescription.DECKING,65,51.186323165893555,0,0,7,0,0,7
0,DeathDescription.DECKING,65,61.60116195678711,0,0,7,0,0,7
0,DeathDescription.DECKING,65,59.17859077453613,0,0,7,0,0,7
0,DeathDescription.DECKING,65,54.173946380615234,0,0,7,0,0,7
0,DeathDescription.DECKING,65,47.73688316345215,0,0,7,0,0,7
0,DeathDescription.DECKING,65,60.98318099975586,0,0,7,0,0,7
0,DeathDescription.DECKING,65,38.80763053894043,0,0,7,0,0,7
0,DeathDescription.DECKING,65,67.40736961364746,0,0,7,0,0,7
0,DeathDescription.DECKING,65,53.91645431518555,0,0,7,0,0,7
0,DeathDescription.DECKING,65,58.40253829956055,0,0,7,0,0,7
0,DeathDescription.DECKING,65,60.44888496398926,0,0,7,0,0,7
0,DeathDescription.DECKING,65,59.06939506530762,0,0,7,0,0,7
0,DeathDescription.DECKING,65,45.63260078430176,0,0,7,0,0,7
0,DeathDescription.DECKING,65,45.06731033325195,0,0,7,0,0,7
0,DeathDescription.DECKING,65,45.70364952087402,0,0,7,0,0,7
0,DeathDescription.DECKING,65,56.13136291503906,0,0,7,0,0,7
0,DeathDescription.DECKING,65,56.26201629638672,0,0,7,0,0,7
0,DeathDescription.DECKING,65,51.02038383483887,0,0,7,0,0,7
0,DeathDescription.DECKING,65,51.69677734375,0,0,7,0,0,7
0,DeathDescription.DECKING,65,45.119285583496094,0,0,7,0,0,7
0,DeathDescription.DECKING,65,42.273521423339844,0,0,7,0,0,7
0,DeathDescription.DECKING,65,51.24258995056152,0,0,7,0,0,7
0,DeathDescription.DECKING,65,44.504642486572266,0,0,7,0,0,7
0,DeathDescription.DECKING,65,55.07636070251465,0,0,7,0,0,7
0,DeathDescription.DECKING,65,65.83738327026367,0,0,7,0,0,7
0,DeathDescription.DECKING,65,55.81235885620117,0,0,7,0,0,7
0,DeathDescription.DECKING,65,79.2841911315918,0,0,7,0,0,7
0,DeathDescription.DECKING,65,54.560184478759766,0,0,7,0,0,7
0,DeathDescription.DECKING,65,59.33117866516113,0,0,7,0,0,7
0,DeathDescription.DECKING,65,48.72536659240723,0,0,7,0,0,7
0,DeathDescription.DECKING,65,53.92646789550781,0,0,7,0,0,7
0,DeathDescription.DECKING,65,58.774471282958984,0,0,7,0,0,7
0,DeathDescription.DECKING,65,55.770158767700195,0,0,7,0,0,7
0,DeathDescription.DECKING,65,45.82953453063965,0,0,7,0,0,7
0,DeathDescription.DECKING,65,56.82849884033203,0,0,7,0,0,7
0,DeathDescription.DECKING,65,53.46488952636719,0,0,7,0,0,7
0,DeathDescription.DECKING,65,56.993722915649414,0,0,7,0,0,7
0,DeathDescription.DECKING,65,51.75662040710449,0,0,7,0,0,7
0,DeathDescription.DECKING,65,78.5512924194336,0,0,7,0,0,7
0,DeathDescription.DECKING,65,52.02031135559082,0,0,7,0,0,7
0,DeathDescription.DECKING,65,51.88727378845215,0,0,7,0,0,7
0,DeathDescription.DECKING,65,65.61708450317383,0,0,7,0,0,7
0,DeathDescription.DECKING,65,65.60492515563965,0,0,7,0,0,7
0,DeathDescription.DECKING,65,41.57447814941406,0,0,7,0,0,7
0,DeathDescription.DECKING,65,44.55423355102539,0,0,7,0,0,7
0,DeathDescription.DECKING,65,54.25429344177246,0,0,7,0,0,7
0,DeathDescription.DECKING,65,48.77972602844238,0,0,7,0,0,7
0,DeathDescription.DECKING,65,51.55444145202637,0,0,7,0,0,7
0,DeathDescription.DECKING,65,40.94696044921875,0,0,7,0,0,7
0,DeathDescription.DECKING,65,64.46242332458496,0,0,7,0,0,7
0,DeathDescription.DECKING,65,54.53920364379883,0,0,7,0,0,7
0,DeathDescription.DECKING,65,44.10552978515625,0,0,7,0,0,7
0,DeathDescription.DECKING,65,38.5282039642334,0,0,7,0,0,7
0,DeathDescription.DECKING,65,48.361778259277344,0,0,7,0,0,7
0,DeathDescription.DECKING,65,49.91483688354492,0,0,7,0,0,7
0,DeathDescription.DECKING,65,39.180755615234375,0,0,7,0,0,7
0,DeathDescription.DECKING,65,52.35862731933594,0,0,7,0,0,7
0,DeathDescription.DECKING,65,47.43218421936035,0,0,7,0,0,7
0,DeathDescription.DECKING,65,39.9470329284668,0,0,7,0,0,7
0,DeathDescription.DECKING,65,75.28972625732422,0,0,7,0,0,7
0,DeathDescription.DECKING,65,40.61627388000488,0,0,7,0,0,7
0,DeathDescription.DECKING,65,42.00887680053711,0,0,7,0,0,7
0,DeathDescription.DECKING,65,52.817583084106445,0,0,7,0,0,7
0,DeathDescription.DECKING,65,43.87784004211426,0,0,7,0,0,7
0,DeathDescription.DECKING,65,47.868967056274414,0,0,7,0,0,7
0,DeathDescription.DECKING,65,60.692787170410156,0,0,7,0,0,7
0,DeathDescription.DECKING,65,71.39086723327637,0,0,7,0,0,7
0,DeathDescription.DECKING,65,51.37920379638672,0,0,7,0,0,7
0,DeathDescription.DECKING,65,55.65905570983887,0,0,7,0,0,7
0,DeathDescription.DECKING,65,44.3418025970459,0,0,7,0,0,7
0,DeathDescription.DECKING,65,52.02364921569824,0,0,7,0,0,7
0,DeathDescription.DECKING,65,38.98501396179199,0,0,7,0,0,7
0,DeathDescription.DECKING,65,55.94182014465332,0,0,7,0,0,7
0,DeathDescription.DECKING,65,51.06806755065918,0,0,7,0,0,7
0,DeathDescription.DECKING,65,41.38612747192383,0,0,7,0,0,7
0,DeathDescription.DECKING,65,50.01091957092285,0,0,7,0,0,7
0,DeathDescription.DECKING,65,60.43219566345215,0,0,7,0,0,7
0,DeathDescription.DECKING,65,41.23568534851074,0,0,7,0,0,7
0,DeathDescription.DECKING,65,44.19994354248047,0,0,7,0,0,7
0,DeathDescription.DECKING,65,64.2092227935791,0,0,7,0,0,7
0,DeathDescription.DECKING,65,45.06087303161621,0,0,7,0,0,7
0,DeathDescription.DECKING,65,51.976680755615234,0,0,7,0,0,7
0,DeathDescription.DECKING,65,62.49570846557617,0,0,7,0,0,7
0,DeathDescription.DECKING,65,40.18712043762207,0,0,7,0,0,7
0,DeathDescription.DECKING,65,63.216447830200195,0,0,7,0,0,7
0,DeathDescription.DECKING,65,46.991586685180664,0,0,7,0,0,7
0,DeathDescription.DECKING,65,52.739858627319336,0,0,7,0,0,7
0,DeathDescription.DECKING,65,57.79075622558594,0,0,7,0,0,7
0,DeathDescription.DECKING,65,68.29476356506348,0,0,7,0,0,7
0,DeathDescription.DECKING,65,43.70236396789551,0,0,7,0,0,7
0,DeathDescription.DECKING,65,63.1566047668457,0,0,7,0,0,7
0,DeathDescription.DECKING,65,54.51560020446777,0,0,7,0,0,7
0,DeathDescription.DECKING,65,65.11116027832031,0,0,7,0,0,7
0,DeathDescription.DECKING,65,57.39903450012207,0,0,7,0,0,7
0,DeathDescription.DECKING,65,73.08816909790039,0,0,7,0,0,7
0,DeathDescription.DECKING,65,58.19988250732422,0,0,7,0,0,7
0,DeathDescription.DECKING,65,62.413930892944336,0,0,7,0,0,7
0,DeathDescription.DECKING,65,38.75732421875,0,0,7,0,0,7
0,DeathDescription.DECKING,65,70.30296325683594,0,0,7,0,0,7
0,DeathDescription.DECKING,65,44.818878173828125,0,0,7,0,0,7
0,DeathDescription.DECKING,65,47.58429527282715,0,0,7,0,0,7
0,DeathDescription.DECKING,65,54.36515808105469,0,0,7,0,0,7
0,DeathDescription.DECKING,65,47.20282554626465,0,0,7,0,0,7
0,DeathDescription.DECKING,65,56.62941932678223,0,0,7,0,0,7
0,DeathDescription.DECKING,65,63.39216232299805,0,0,7,0,0,7
0,DeathDescription.DECKING,65,39.594173431396484,0,0,7,0,0,7
0,DeathDescription.DECKING,65,53.66110801696777,0,0,7,0,0,7
0,DeathDescription.DECKING,65,38.91277313232422,0,0,7,0,0,7
0,DeathDescription.DECKING,65,44.41475868225098,0,0,7,0,0,7
0,DeathDescription.DECKING,65,57.265520095825195,0,0,7,0,0,7
0,DeathDescription.DECKING,65,40.1158332824707,0,0,7,0,0,7
0,DeathDescription.DECKING,65,55.56368827819824,0,0,7,0,0,7
0,DeathDescription.DECKING,65,67.33942031860352,0,0,7,0,0,7
0,DeathDescription.DECKING,65,52.3982048034668,0,0,7,0,0,7
0,DeathDescription.DECKING,65,52.544593811035156,0,0,7,0,0,7
0,DeathDescription.DECKING,65,38.77687454223633,0,0,7,0,0,7
0,DeathDescription.DECKING,65,66.6356086730957,0,0,7,0,0,7
0,DeathDescription.DECKING,65,61.812639236450195,0,0,7,0,0,7
0,DeathDescription.DECKING,65,43.31803321838379,0,0,7,0,0,7
0,DeathDescription.DECKING,65,86.18783950805664,0,0,7,0,0,7
0,DeathDescription.DECKING,65,46.59605026245117,0,0,7,0,0,7
0,DeathDescription.DECKING,65,47.020673751831055,0,0,7,0,0,7
0,DeathDescription.DECKING,65,44.969797134399414,0,0,7,0,0,7
0,DeathDescription.DECKING,65,59.2648983001709,0,0,7,0,0,7
0,DeathDescription.DECKING,65,56.48660659790039,0,0,7,0,0,7
0,DeathDescription.DECKING,65,38.660287857055664,0,0,7,0,0,7
0,DeathDescription.DECKING,65,52.61087417602539,0,0,7,0,0,7
0,DeathDescription.DECKING,65,59.64040756225586,0,0,7,0,0,7
0,DeathDescription.DECKING,65,49.75628852844238,0,0,7,0,0,7
0,DeathDescription.DECKING,65,46.75436019897461,0,0,7,0,0,7
0,DeathDescription.DECKING,65,46.23270034790039,0,0,7,0,0,7
0,DeathDescription.DECKING,65,39.37530517578125,0,0,7,0,0,7
0,DeathDescription.DECKING,65,52.75750160217285,0,0,7,0,0,7
0,DeathDescription.DECKING,65,50.685882568359375,0,0,7,0,0,7
0,DeathDescription.DECKING,65,61.28072738647461,0,0,7,0,0,7
0,DeathDescription.DECKING,65,51.1627197265625,0,0,7,0,0,7
0,DeathDescription.DECKING,65,73.08006286621094,0,0,7,0,0,7
0,DeathDescription.DECKING,65,45.958518981933594,0,0,7,0,0,7
0,DeathDescription.DECKING,65,68.41135025024414,0,0,7,0,0,7
0,DeathDescription.DECKING,65,44.96002197265625,0,0,7,0,0,7
0,DeathDescription.DECKING,65,62.47711181640625,0,0,7,0,0,7
0,DeathDescription.DECKING,65,45.73822021484375,0,0,7,0,0,7
0,DeathDescription.DECKING,65,58.08568000793457,0,0,7,0,0,7
0,DeathDescription.DECKING,65,44.43764686584473,0,0,7,0,0,7
0,DeathDescription.DECKING,65,49.82185363769531,0,0,7,0,0,7
0,DeathDescription.DECKING,65,59.46493148803711,0,0,7,0,0,7
0,DeathDescription.DECKING,65,61.28048896789551,0,0,7,0,0,7
0,DeathDescription.DECKING,65,40.64798355102539,0,0,7,0,0,7
0,DeathDescription.DECKING,65,43.33829879760742,0,0,7,0,0,7
0,DeathDescription.DECKING,65,41.70370101928711,0,0,7,0,0,7
0,DeathDescription.DECKING,65,60.80508232116699,0,0,7,0,0,7
0,DeathDescription.DECKING,65,57.91735649108887,0,0,7,0,0,7
0,DeathDescription.DECKING,65,56.25128746032715,0,0,7,0,0,7
0,DeathDescription.DECKING,65,68.82357597351074,0,0,7,0,0,7
0,DeathDescription.DECKING,65,50.98891258239746,0,0,7,0,0,7
0,DeathDescription.DECKING,65,68.49527359008789,0,0,7,0,0,7
0,DeathDescription.DECKING,65,47.76334762573242,0,0,7,0,0,7
0,DeathDescription.DECKING,65,59.61298942565918,0,0,7,0,0,7
0,DeathDescription.DECKING,65,51.74446105957031,0,0,7,0,0,7
0,DeathDescription.DECKING,65,62.83688545227051,0,0,7,0,0,7
0,DeathDescription.DECKING,65,57.85250663757324,0,0,7,0,0,7
0,DeathDescription.DECKING,65,56.17260932922363,0,0,7,0,0,7
0,DeathDescription.DECKING,65,54.91018295288086,0,0,7,0,0,7
0,DeathDescription.DECKING,65,64.89372253417969,0,0,7,0,0,7
0,DeathDescription.DECKING,65,41.32342338562012,0,0,7,0,0,7
0,DeathDescription.DECKING,65,56.40840530395508,0,0,7,0,0,7
0,DeathDescription.DECKING,65,61.7680549621582,0,0,7,0,0,7
0,DeathDescription.DECKING,65,54.822444915771484,0,0,7,0,0,7
0,DeathDescription.DECKING,65,73.64726066589355,0,0,7,0,0,7
0,DeathDescription.DECKING,65,71.41423225402832,0,0,7,0,0,7
0,DeathDescription.DECKING,65,44.19589042663574,0,0,7,0,0,7
0,DeathDescription.DECKING,65,57.135581970214844,0,0,7,0,0,7
0,DeathDescription.DECKING,65,49.14093017578125,0,0,7,0,0,7
0,DeathDescription.DECKING,65,51.660776138305664,0,0,7,0,0,7
0,DeathDescription.DECKING,65,40.32635688781738,0,0,7,0,0,7
0,DeathDescription.DECKING,65,46.96059226989746,0,0,7,0,0,7
0,DeathDescription.DECKING,65,51.718950271606445,0,0,7,0,0,7
0,DeathDescription.DECKING,65,60.31227111816406,0,0,7,0,0,7
0,DeathDescription.DECKING,65,65.43588638305664,0,0,7,0,0,7
0,DeathDescription.DECKING,65,45.146942138671875,0,0,7,0,0,7
0,DeathDescription.DECKING,65,61.39779090881348,0,0,7,0,0,7
0,DeathDescription.DECKING,65,50.26054382324219,0,0,7,0,0,7
0,DeathDescription.DECKING,65,43.66707801818848,0,0,7,0,0,7
0,DeathDescription.DECKING,65,74.6922492980957,0,0,7,0,0,7
0,DeathDescription.DECKING,65,65.14382362365723,0,0,7,0,0,7
0,DeathDescription.DECKING,65,54.58235740661621,0,0,7,0,0,7
0,DeathDescription.DECKING,65,70.2970027923584,0,0,7,0,0,7
0,DeathDescription.DECKING,65,49.69453811645508,0,0,7,0,0,7
0,DeathDescription.DECKING,65,58.0286979675293,0,0,7,0,0,7
0,DeathDescription.DECKING,65,41.95261001586914,0,0,7,0,0,7
0,DeathDescription.DECKING,65,56.72025680541992,0,0,7,0,0,7
0,DeathDescription.DECKING,65,54.76045608520508,0,0,7,0,0,7
0,DeathDescription.DECKING,65,64.82696533203125,0,0,7,0,0,7
0,DeathDescription.DECKING,65,45.90201377868652,0,0,7,0,0,7
0,DeathDescription.DECKING,65,69.03529167175293,0,0,7,0,0,7
0,DeathDescription.DECKING,65,49.34430122375488,0,0,7,0,0,7
0,DeathDescription.DECKING,65,47.01828956604004,0,0,7,0,0,7
0,DeathDescription.DECKING,65,45.05443572998047,0,0,7,0,0,7
0,DeathDescription.DECKING,65,43.80607604980469,0,0,7,0,0,7
0,DeathDescription.DECKING,65,58.023929595947266,0,0,7,0,0,7
0,DeathDescription.DECKING,65,51.23782157897949,0,0,7,0,0,7
0,DeathDescription.DECKING,65,64.19157981872559,0,0,7,0,0,7
0,DeathDescription.DECKING,65,49.09181594848633,0,0,7,0,0,7
0,DeathDescription.DECKING,65,60.96482276916504,0,0,7,0,0,7
0,DeathDescription.DECKING,65,54.5496940612793,0,0,7,0,0,7
0,DeathDescription.DECKING,65,42.619943618774414,0,0,7,0,0,7
0,DeathDescription.DECKING,65,46.28252983093262,0,0,7,0,0,7
0,DeathDescription.DECKING,65,39.060354232788086,0,0,7,0,0,7
0,DeathDescription.DECKING,65,47.76263236999512,0,0,7,0,0,7
0,DeathDescription.DECKING,65,39.11256790161133,0,0,7,0,0,7
0,DeathDescription.DECKING,65,50.50778388977051,0,0,7,0,0,7
0,DeathDescription.DECKING,65,51.72014236450195,0,0,7,0,0,7
0,DeathDescription.DECKING,65,65.42587280273438,0,0,7,0,0,7
0,DeathDescription.DECKING,65,49.51953887939453,0,0,7,0,0,7
0,DeathDescription.DECKING,65,53.285837173461914,0,0,7,0,0,7
0,DeathDescription.DECKING,65,45.1197624206543,0,0,7,0,0,7
0,DeathDescription.DECKING,65,51.508426666259766,0,0,7,0,0,7
0,DeathDescription.DECKING,65,58.670997619628906,0,0,7,0,0,7
0,DeathDescription.DECKING,65,42.26946830749512,0,0,7,0,0,7
0,DeathDescription.DECKING,65,58.48217010498047,0,0,7,0,0,7
0,DeathDescription.DECKING,65,37.53495216369629,0,0,7,0,0,7
0,DeathDescription.DECKING,65,59.80992317199707,0,0,7,0,0,7
0,DeathDescription.DECKING,65,61.93399429321289,0,0,7,0,0,7
0,DeathDescription.DECKING,65,49.301862716674805,0,0,7,0,0,7
0,DeathDescription.DECKING,65,72.83139228820801,0,0,7,0,0,7
0,DeathDescription.DECKING,65,53.59625816345215,0,0,7,0,0,7
0,DeathDescription.DECKING,65,52.83951759338379,0,0,7,0,0,7
0,DeathDescription.DECKING,65,57.727813720703125,0,0,7,0,0,7
0,DeathDescription.DECKING,65,56.06961250305176,0,0,7,0,0,7
0,DeathDescription.DECKING,65,43.169498443603516,0,0,7,0,0,7
0,DeathDescription.DECKING,65,43.14398765563965,0,0,7,0,0,7
0,DeathDescription.DECKING,65,64.87679481506348,0,0,7,0,0,7
0,DeathDescription.DECKING,65,39.012908935546875,0,0,7,0,0,7
0,DeathDescription.DECKING,65,49.988746643066406,0,0,7,0,0,7
0,DeathDescription.DECKING,65,43.56050491333008,0,0,7,0,0,7
0,DeathDescription.DECKING,65,49.07059669494629,0,0,7,0,0,7
0,DeathDescription.DECKING,65,84.3505859375,0,0,7,0,0,7
0,DeathDescription.DECKING,65,44.93093490600586,0,0,7,0,0,7
0,DeathDescription.DECKING,65,78.33123207092285,0,0,7,0,0,7
0,DeathDescription.DECKING,65,48.95591735839844,0,0,7,0,0,7
0,DeathDescription.DECKING,65,59.33856964111328,0,0,7,0,0,7
0,DeathDescription.DECKING,65,39.972782135009766,0,0,7,0,0,7
0,DeathDescription.DECKING,65,43.46728324890137,0,0,7,0,0,7
0,DeathDescription.DECKING,65,61.40708923339844,0,0,7,0,0,7
0,DeathDescription.DECKING,65,54.33154106140137,0,0,7,0,0,7
0,DeathDescription.DECKING,65,73.79007339477539,0,0,7,0,0,7
0,DeathDescription.DECKING,65,40.45605659484863,0,0,7,0,0,7
0,DeathDescription.DECKING,65,68.06087493896484,0,0,7,0,0,7
0,DeathDescription.DECKING,65,58.67767333984375,0,0,7,0,0,7
0,DeathDescription.DECKING,65,41.651010513305664,0,0,7,0,0,7
0,DeathDescription.DECKING,65,65.67239761352539,0,0,7,0,0,7
0,DeathDescription.DECKING,65,53.69281768798828,0,0,7,0,0,7
0,DeathDescription.DECKING,65,48.25735092163086,0,0,7,0,0,7
0,DeathDescription.DECKING,65,73.29344749450684,0,0,7,0,0,7
0,DeathDescription.DECKING,65,44.881582260131836,0,0,7,0,0,7
0,DeathDescription.DECKING,65,56.89835548400879,0,0,7,0,0,7
0,DeathDescription.DECKING,65,49.22342300415039,0,0,7,0,0,7
0,DeathDescription.DECKING,65,70.46103477478027,0,0,7,0,0,7
0,DeathDescription.DECKING,65,38.27261924743652,0,0,7,0,0,7
0,DeathDescription.DECKING,65,62.86001205444336,0,0,7,0,0,7
0,DeathDescription.DECKING,65,47.82724380493164,0,0,7,0,0,7
0,DeathDescription.DECKING,65,65.3831958770752,0,0,7,0,0,7
0,DeathDescription.DECKING,65,42.03629493713379,0,0,7,0,0,7
0,DeathDescription.DECKING,65,82.33356475830078,0,0,7,0,0,7
0,DeathDescription.DECKING,65,40.52138328552246,0,0,7,0,0,7
0,DeathDescription.DECKING,65,60.315608978271484,0,0,7,0,0,7
0,DeathDescription.DECKING,65,49.81541633605957,0,0,7,0,0,7
0,DeathDescription.DECKING,65,61.60140037536621,0,0,7,0,0,7
0,DeathDescription.DECKING,65,39.370059967041016,0,0,7,0,0,7
0,DeathDescription.DECKING,65,51.659584045410156,0,0,7,0,0,7
0,DeathDescription.DECKING,65,40.00353813171387,0,0,7,0,0,7
0,DeathDescription.DECKING,65,43.848276138305664,0,0,7,0,0,7
0,DeathDescription.DECKING,65,53.052663803100586,0,0,7,0,0,7
0,DeathDescription.DECKING,65,42.79327392578125,0,0,7,0,0,7
0,DeathDescription.DECKING,65,59.113264083862305,0,0,7,0,0,7
0,DeathDescription.DECKING,65,58.980464935302734,0,0,7,0,0,7
0,DeathDescription.DECKING,65,51.12886428833008,0,0,7,0,0,7
0,DeathDescription.DECKING,65,75.55723190307617,0,0,7,0,0,7
0,DeathDescription.DECKING,65,40.73667526245117,0,0,7,0,0,7
0,DeathDescription.DECKING,65,50.705909729003906,0,0,7,0,0,7
0,DeathDescription.DECKING,65,73.33850860595703,0,0,7,0,0,7
0,DeathDescription.DECKING,65,51.73039436340332,0,0,7,0,0,7
0,DeathDescription.DECKING,65,54.41927909851074,0,0,7,0,0,7
0,DeathDescription.DECKING,65,52.748680114746094,0,0,7,0,0,7
0,DeathDescription.DECKING,65,41.64552688598633,0,0,7,0,0,7
0,DeathDescription.DECKING,65,54.390907287597656,0,0,7,0,0,7
0,DeathDescription.DECKING,65,75.70290565490723,0,0,7,0,0,7
0,DeathDescription.DECKING,65,64.52608108520508,0,0,7,0,0,7
0,DeathDescription.DECKING,65,65.34886360168457,0,0,7,0,0,7
0,DeathDescription.DECKING,65,40.08793830871582,0,0,7,0,0,7
0,DeathDescription.DECKING,65,54.18586730957031,0,0,7,0,0,7
0,DeathDescription.DECKING,65,55.629730224609375,0,0,7,0,0,7
0,DeathDescription.DECKING,65,60.941219329833984,0,0,7,0,0,7
0,DeathDescription.DECKING,65,41.94378852844238,0,0,7,0,0,7
0,DeathDescription.DECKING,65,53.83777618408203,0,0,7,0,0,7
0,DeathDescription.DECKING,65,63.871145248413086,0,0,7,0,0,7
0,DeathDescription.DECKING,65,71.65765762329102,0,0,7,0,0,7
0,DeathDescription.DECKING,65,51.793813705444336,0,0,7,0,0,7
0,DeathDescription.DECKING,65,62.33692169189453,0,0,7,0,0,7
0,DeathDescription.DECKING,65,37.459611892700195,0,0,7,0,0,7
0,DeathDescription.DECKING,65,45.722007751464844,0,0,7,0,0,7
0,DeathDescription.DECKING,65,49.700260162353516,0,0,7,0,0,7
0,DeathDescription.DECKING,65,51.20062828063965,0,0,7,0,0,7
0,DeathDescription.DECKING,65,54.21900749206543,0,0,7,0,0,7
0,DeathDescription.DECKING,65,59.42368507385254,0,0,7,0,0,7
0,DeathDescription.DECKING,65,66.40219688415527,0,0,7,0,0,7
0,DeathDescription.DECKING,65,44.31629180908203,0,0,7,0,0,7
0,DeathDescription.DECKING,65,71.93994522094727,0,0,7,0,0,7
0,DeathDescription.DECKING,65,39.40010070800781,0,0,7,0,0,7
0,DeathDescription.DECKING,65,44.63839530944824,0,0,7,0,0,7
0,DeathDescription.DECKING,65,45.53055763244629,0,0,7,0,0,7
0,DeathDescription.DECKING,65,49.910783767700195,0,0,7,0,0,7
0,DeathDescription.DECKING,65,72.15619087219238,0,0,7,0,0,7
0,DeathDescription.DECKING,65,46.6916561126709,0,0,7,0,0,7
0,DeathDescription.DECKING,65,48.44260215759277,0,0,7,0,0,7
0,DeathDescription.DECKING,65,49.543142318725586,0,0,7,0,0,7
0,DeathDescription.DECKING,65,49.22604560852051,0,0,7,0,0,7
0,DeathDescription.DECKING,65,63.385725021362305,0,0,7,0,0,7
0,DeathDescription.DECKING,65,54.50439453125,0,0,7,0,0,7
0,DeathDescription.DECKING,65,65.40250778198242,0,0,7,0,0,7
0,DeathDescription.DECKING,65,61.32817268371582,0,0,7,0,0,7
0,DeathDescription.DECKING,65,50.37808418273926,0,0,7,0,0,7
0,DeathDescription.DECKING,65,48.909664154052734,0,0,7,0,0,7
0,DeathDescription.DECKING,65,41.16535186767578,0,0,7,0,0,7
0,DeathDescription.DECKING,65,67.4283504486084,0,0,7,0,0,7
0,DeathDescription.DECKING,65,40.00258445739746,0,0,7,0,0,7
0,DeathDescription.DECKING,65,44.92783546447754,0,0,7,0,0,7
0,DeathDescription.DECKING,65,45.70651054382324,0,0,7,0,0,7
0,DeathDescription.DECKING,65,48.076629638671875,0,0,7,0,0,7
0,DeathDescription.DECKING,65,80.47175407409668,0,0,7,0,0,7
0,DeathDescription.DECKING,65,46.074867248535156,0,0,7,0,0,7
0,DeathDescription.DECKING,65,54.726362228393555,0,0,7,0,0,7
0,DeathDescription.DECKING,65,51.67818069458008,0,0,7,0,0,7
0,DeathDescription.DECKING,65,69.29302215576172,0,0,7,0,0,7
0,DeathDescription.DECKING,65,39.193153381347656,0,0,7,0,0,7
0,DeathDescription.DECKING,65,61.547040939331055,0,0,7,0,0,7
0,DeathDescription.DECKING,65,45.95017433166504,0,0,7,0,0,7
0,DeathDescription.DECKING,65,49.529075622558594,0,0,7,0,0,7
0,DeathDescription.DECKING,65,55.771827697753906,0,0,7,0,0,7
0,DeathDescription.DECKING,65,61.81907653808594,0,0,7,0,0,7
0,DeathDescription.DECKING,65,44.257402420043945,0,0,7,0,0,7
0,DeathDescription.DECKING,65,65.19722938537598,0,0,7,0,0,7
0,DeathDescription.DECKING,65,47.04618453979492,0,0,7,0,0,7
0,DeathDescription.DECKING,65,53.046464920043945,0,0,7,0,0,7
0,DeathDescription.DECKING,65,43.64514350891113,0,0,7,0,0,7
0,DeathDescription.DECKING,65,40.74597358703613,0,0,7,0,0,7
0,DeathDescription.DECKING,65,47.71065711975098,0,0,7,0,0,7
0,DeathDescription.DECKING,65,53.177833557128906,0,0,7,0,0,7
0,DeathDescription.DECKING,65,55.53245544433594,0,0,7,0,0,7
0,DeathDescription.DECKING,65,44.22330856323242,0,0,7,0,0,7
0,DeathDescription.DECKING,65,53.99465560913086,0,0,7,0,0,7
0,DeathDescription.DECKING,65,49.759864807128906,0,0,7,0,0,7
0,DeathDescription.DECKING,65,47.62601852416992,0,0,7,0,0,7
0,DeathDescription.DECKING,65,53.86233329772949,0,0,7,0,0,7
0,DeathDescription.DECKING,65,65.18936157226562,0,0,7,0,0,7
0,DeathDescription.DECKING,65,56.59365653991699,0,0,7,0,0,7
0,DeathDescription.DECKING,65,44.316768646240234,0,0,7,0,0,7
0,DeathDescription.DECKING,65,44.24095153808594,0,0,7,0,0,7
0,DeathDescription.DECKING,65,48.25615882873535,0,0,7,0,0,7
0,DeathDescription.DECKING,65,42.01936721801758,0,0,7,0,0,7
0,DeathDescription.DECKING,65,40.59791564941406,0,0,7,0,0,7
0,DeathDescription.DECKING,65,73.78816604614258,0,0,7,0,0,7
0,DeathDescription.DECKING,65,52.23250389099121,0,0,7,0,0,7
0,DeathDescription.DECKING,65,49.25346374511719,0,0,7,0,0,7
0,DeathDescription.DECKING,65,69.08082962036133,0,0,7,0,0,7
0,DeathDescription.DECKING,65,49.04651641845703,0,0,7,0,0,7
0,DeathDescription.DECKING,65,64.5284652709961,0,0,7,0,0,7
0,DeathDescription.DECKING,65,38.86270523071289,0,0,7,0,0,7
0,DeathDescription.DECKING,65,52.950143814086914,0,0,7,0,0,7
0,DeathDescription.DECKING,65,48.28381538391113,0,0,7,0,0,7
0,DeathDescription.DECKING,65,53.12371253967285,0,0,7,0,0,7
0,DeathDescription.DECKING,65,46.40030860900879,0,0,7,0,0,7
0,DeathDescription.DECKING,65,42.5724983215332,0,0,7,0,0,7
0,DeathDescription.DECKING,65,46.36788368225098,0,0,7,0,0,7
0,DeathDescription.DECKING,65,49.63994026184082,0,0,7,0,0,7
0,DeathDescription.DECKING,65,45.64666748046875,0,0,7,0,0,7
0,DeathDescription.DECKING,65,73.56715202331543,0,0,7,0,0,7
0,DeathDescription.DECKING,65,48.941612243652344,0,0,7,0,0,7
0,DeathDescription.DECKING,65,50.90904235839844,0,0,7,0,0,7
0,DeathDescription.DECKING,65,67.7788257598877,0,0,7,0,0,7
0,DeathDescription.DECKING,65,43.994903564453125,0,0,7,0,0,7
0,DeathDescription.DECKING,65,53.136587142944336,0,0,7,0,0,7
0,DeathDescription.DECKING,65,39.57772254943848,0,0,7,0,0,7
0,DeathDescription.DECKING,65,50.23622512817383,0,0,7,0,0,7
0,DeathDescription.DECKING,65,59.64827537536621,0,0,7,0,0,7
0,DeathDescription.DECKING,65,47.54900932312012,0,0,7,0,0,7
0,DeathDescription.DECKING,65,64.97406959533691,0,0,7,0,0,7
0,DeathDescription.DECKING,65,60.89425086975098,0,0,7,0,0,7
0,DeathDescription.DECKING,65,54.37421798706055,0,0,7,0,0,7
0,DeathDescription.DECKING,65,41.96763038635254,0,0,7,0,0,7
0,DeathDescription.DECKING,65,40.177345275878906,0,0,7,0,0,7
0,DeathDescription.DECKING,65,52.495718002319336,0,0,7,0,0,7
0,DeathDescription.DECKING,65,49.88694190979004,0,0,7,0,0,7
0,DeathDescription.DECKING,65,57.30557441711426,0,0,7,0,0,7
0,DeathDescription.DECKING,65,51.32889747619629,0,0,7,0,0,7
0,DeathDescription.DECKING,65,62.926530838012695,0,0,7,0,0,7
0,DeathDescription.DECKING,65,53.26724052429199,0,0,7,0,0,7
0,DeathDescription.DECKING,65,43.91288757324219,0,0,7,0,0,7
0,DeathDescription.DECKING,65,45.792579650878906,0,0,7,0,0,7
0,DeathDescription.DECKING,65,38.697004318237305,0,0,7,0,0,7
0,DeathDescription.DECKING,65,55.16767501831055,0,0,7,0,0,7
0,DeathDescription.DECKING,65,51.653385162353516,0,0,7,0,0,7
0,DeathDescription.DECKING,65,52.69598960876465,0,0,7,0,0,7
0,DeathDescription.DECKING,65,39.05940055847168,0,0,7,0,0,7
0,DeathDescription.DECKING,65,40.34924507141113,0,0,7,0,0,7
0,DeathDescription.DECKING,65,50.00948905944824,0,0,7,0,0,7
0,DeathDescription.DECKING,65,46.83709144592285,0,0,7,0,0,7
0,DeathDescription.DECKING,65,46.53215408325195,0,0,7,0,0,7
0,DeathDescription.DECKING,65,49.890756607055664,0,0,7,0,0,7
0,DeathDescription.DECKING,65,45.06540298461914,0,0,7,0,0,7
0,DeathDescription.DECKING,65,40.56239128112793,0,0,7,0,0,7
0,DeathDescription.DECKING,65,83.82987976074219,0,0,7,0,0,7
0,DeathDescription.DECKING,65,41.41402244567871,0,0,7,0,0,7
0,DeathDescription.DECKING,65,38.01608085632324,0,0,7,0,0,7
0,DeathDescription.DECKING,65,47.86562919616699,0,0,7,0,0,7
0,DeathDescription.DECKING,65,52.00386047363281,0,0,7,0,0,7
0,DeathDescription.DECKING,65,44.693946838378906,0,0,7,0,0,7
0,DeathDescription.DECKING,65,63.68851661682129,0,0,7,0,0,7
0,DeathDescription.DECKING,65,57.29031562805176,0,0,7,0,0,7
0,DeathDescription.DECKING,65,44.402360916137695,0,0,7,0,0,7
0,DeathDescription.DECKING,65,51.93495750427246,0,0,7,0,0,7
0,DeathDescription.DECKING,65,46.181678771972656,0,0,7,0,0,7
0,DeathDescription.DECKING,65,59.151411056518555,0,0,7,0,0,7
0,DeathDescription.DECKING,65,65.8271312713623,0,0,7,0,0,7
0,DeathDescription.DECKING,65,62.819719314575195,0,0,7,0,0,7
0,DeathDescription.DECKING,65,63.21287155151367,0,0,7,0,0,7
0,DeathDescription.DECKING,65,40.04621505737305,0,0,7,0,0,7
0,DeathDescription.DECKING,65,59.708356857299805,0,0,7,0,0,7
0,DeathDescription.DECKING,65,50.57668685913086,0,0,7,0,0,7
0,DeathDescription.DECKING,65,64.9712085723877,0,0,7,0,0,7
0,DeathDescription.DECKING,65,61.68031692504883,0,0,7,0,0,7
0,DeathDescription.DECKING,65,65.41562080383301,0,0,7,0,0,7
0,DeathDescription.DECKING,65,51.72920227050781,0,0,7,0,0,7
0,DeathDescription.DECKING,65,58.19106101989746,0,0,7,0,0,7
0,DeathDescription.DECKING,65,39.79063034057617,0,0,7,0,0,7
0,DeathDescription.DECKING,65,43.54429244995117,0,0,7,0,0,7
0,DeathDescription.DECKING,65,51.4981746673584,0,0,7,0,0,7
0,DeathDescription.DECKING,65,51.285505294799805,0,0,7,0,0,7
0,DeathDescription.DECKING,65,66.21623039245605,0,0,7,0,0,7
0,DeathDescription.DECKING,65,44.70062255859375,0,0,7,0,0,7
0,DeathDescription.DECKING,65,52.64687538146973,0,0,7,0,0,7
0,DeathDescription.DECKING,65,60.152292251586914,0,0,7,0,0,7
0,DeathDescription.DECKING,65,59.368133544921875,0,0,7,0,0,7
0,DeathDescription.DECKING,65,39.243459701538086,0,0,7,0,0,7
0,DeathDescription.DECKING,65,50.95386505126953,0,0,7,0,0,7
0,DeathDescription.DECKING,65,53.01523208618164,0,0,7,0,0,7
0,DeathDescription.DECKING,65,61.51270866394043,0,0,7,0,0,7
0,DeathDescription.DECKING,65,45.01533508300781,0,0,7,0,0,7
0,DeathDescription.DECKING,65,41.03517532348633,0,0,7,0,0,7
0,DeathDescription.DECKING,65,38.84434700012207,0,0,7,0,0,7
0,DeathDescription.DECKING,65,51.28145217895508,0,0,7,0,0,7
0,DeathDescription.DECKING,65,59.85140800476074,0,0,7,0,0,7
0,DeathDescription.DECKING,65,41.35942459106445,0,0,7,0,0,7
0,DeathDescription.DECKING,65,72.92366027832031,0,0,7,0,0,7
0,DeathDescription.DECKING,65,55.93514442443848,0,0,7,0,0,7
0,DeathDescription.DECKING,65,56.509971618652344,0,0,7,0,0,7
0,DeathDescription.DECKING,65,43.060302734375,0,0,7,0,0,7
0,DeathDescription.DECKING,65,38.29550743103027,0,0,7,0,0,7
0,DeathDescription.DECKING,65,57.17754364013672,0,0,7,0,0,7
0,DeathDescription.DECKING,65,45.412302017211914,0,0,7,0,0,7
0,DeathDescription.DECKING,65,49.83925819396973,0,0,7,0,0,7
0,DeathDescription.DECKING,65,48.54846000671387,0,0,7,0,0,7
0,DeathDescription.DECKING,65,56.062936782836914,0,0,7,0,0,7
0,DeathDescription.DECKING,65,58.34698677062988,0,0,7,0,0,7
0,DeathDescription.DECKING,65,49.90077018737793,0,0,7,0,0,7
0,DeathDescription.DECKING,65,50.45008659362793,0,0,7,0,0,7
0,DeathDescription.DECKING,65,42.47164726257324,0,0,7,0,0,7
0,DeathDescription.DECKING,65,38.73133659362793,0,0,7,0,0,7
0,DeathDescription.DECKING,65,59.30447578430176,0,0,7,0,0,7
0,DeathDescription.DECKING,65,42.93203353881836,0,0,7,0,0,7
0,DeathDescription.DECKING,65,41.92209243774414,0,0,7,0,0,7
0,DeathDescription.DECKING,65,58.6392879486084,0,0,7,0,0,7
0,DeathDescription.DECKING,65,43.29824447631836,0,0,7,0,0,7
0,DeathDescription.DECKING,65,39.884328842163086,0,0,7,0,0,7
0,DeathDescription.DECKING,65,46.29993438720703,0,0,7,0,0,7
0,DeathDescription.DECKING,65,46.14901542663574,0,0,7,0,0,7
0,DeathDescription.DECKING,65,44.596195220947266,0,0,7,0,0,7
0,DeathDescription.DECKING,65,59.82565879821777,0,0,7,0,0,7
0,DeathDescription.DECKING,65,60.18686294555664,0,0,7,0,0,7
0,DeathDescription.DECKING,65,43.36094856262207,0,0,7,0,0,7
0,DeathDescription.DECKING,65,69.27752494812012,0,0,7,0,0,7
0,DeathDescription.DECKING,65,60.42194366455078,0,0,7,0,0,7
0,DeathDescription.DECKING,65,43.884992599487305,0,0,7,0,0,7
0,DeathDescription.DECKING,65,77.10504531860352,0,0,7,0,0,7
0,DeathDescription.DECKING,65,40.41147232055664,0,0,7,0,0,7
0,DeathDescription.DECKING,65,44.54207420349121,0,0,7,0,0,7
0,DeathDescription.DECKING,65,44.7542667388916,0,0,7,0,0,7
0,DeathDescription.DECKING,65,60.19711494445801,0,0,7,0,0,7
0,DeathDescription.DECKING,65,52.54864692687988,0,0,7,0,0,7
0,DeathDescription.DECKING,65,50.67753791809082,0,0,7,0,0,7
0,DeathDescription.DECKING,65,54.52466011047363,0,0,7,0,0,7
0,DeathDescription.DECKING,65,47.179222106933594,0,0,7,0,0,7
0,DeathDescription.DECKING,65,69.78750228881836,0,0,7,0,0,7
0,DeathDescription.DECKING,65,39.55197334289551,0,0,7,0,0,7
0,DeathDescription.DECKING,65,53.963422775268555,0,0,7,0,0,7
0,DeathDescription.DECKING,65,37.1549129486084,0,0,7,0,0,7
0,DeathDescription.DECKING,65,59.64064598083496,0,0,7,0,0,7
0,DeathDescription.DECKING,65,62.23344802856445,0,0,7,0,0,7
0,DeathDescription.DECKING,65,42.49215126037598,0,0,7,0,0,7
0,DeathDescription.DECKING,65,64.53967094421387,0,0,7,0,0,7
0,DeathDescription.DECKING,65,49.360036849975586,0,0,7,0,0,7
0,DeathDescription.DECKING,65,57.84463882446289,0,0,7,0,0,7
0,DeathDescription.DECKING,65,47.46699333190918,0,0,7,0,0,7
0,DeathDescription.DECKING,65,69.29135322570801,0,0,7,0,0,7
0,DeathDescription.DECKING,65,57.829856872558594,0,0,7,0,0,7
0,DeathDescription.DECKING,65,51.931142807006836,0,0,7,0,0,7
0,DeathDescription.DECKING,65,47.35159873962402,0,0,7,0,0,7
0,DeathDescription.DECKING,65,39.762020111083984,0,0,7,0,0,7
0,DeathDescription.DECKING,65,51.4521598815918,0,0,7,0,0,7
0,DeathDescription.DECKING,65,54.457902908325195,0,0,7,0,0,7
0,DeathDescription.DECKING,65,66.64347648620605,0,0,7,0,0,7
0,DeathDescription.DECKING,65,47.09959030151367,0,0,7,0,0,7
0,DeathDescription.DECKING,65,62.06703186035156,0,0,7,0,0,7
0,DeathDescription.DECKING,65,40.804147720336914,0,0,7,0,0,7
0,DeathDescription.DECKING,65,66.77031517028809,0,0,7,0,0,7
0,DeathDescription.DECKING,65,44.981956481933594,0,0,7,0,0,7
0,DeathDescription.DECKING,65,52.63042449951172,0,0,7,0,0,7
0,DeathDescription.DECKING,65,43.242692947387695,0,0,7,0,0,7
0,DeathDescription.DECKING,65,40.91978073120117,0,0,7,0,0,7
0,DeathDescription.DECKING,65,45.60685157775879,0,0,7,0,0,7
0,DeathDescription.DECKING,65,40.007591247558594,0,0,7,0,0,7
0,DeathDescription.DECKING,65,44.07453536987305,0,0,7,0,0,7
0,DeathDescription.DECKING,65,77.93354988098145,0,0,7,0,0,7
0,DeathDescription.DECKING,65,56.74123764038086,0,0,7,0,0,7
0,DeathDescription.DECKING,65,64.62812423706055,0,0,7,0,0,7
0,DeathDescription.DECKING,65,61.77830696105957,0,0,7,0,0,7
0,DeathDescription.DECKING,65,45.97187042236328,0,0,7,0,0,7
0,DeathDescription.DECKING,65,67.86942481994629,0,0,7,0,0,7
0,DeathDescription.DECKING,65,49.108266830444336,0,0,7,0,0,7
0,DeathDescription.DECKING,65,56.62703514099121,0,0,7,0,0,7
0,DeathDescription.DECKING,65,45.068979263305664,0,0,7,0,0,7
0,DeathDescription.DECKING,65,46.61226272583008,0,0,7,0,0,7
0,DeathDescription.DECKING,65,44.30365562438965,0,0,7,0,0,7
0,DeathDescription.DECKING,65,41.25261306762695,0,0,7,0,0,7
0,DeathDescription.DECKING,65,49.02005195617676,0,0,7,0,0,7
0,DeathDescription.DECKING,65,40.934085845947266,0,0,7,0,0,7
0,DeathDescription.DECKING,65,64.47744369506836,0,0,7,0,0,7
0,DeathDescription.DECKING,65,51.46312713623047,0,0,7,0,0,7
0,DeathDescription.DECKING,65,38.48385810852051,0,0,7,0,0,7
0,DeathDescription.DECKING,65,49.58009719848633,0,0,7,0,0,7
0,DeathDescription.DECKING,65,55.65929412841797,0,0,7,0,0,7
0,DeathDescription.DECKING,65,39.92033004760742,0,0,7,0,0,7
0,DeathDescription.DECKING,65,56.80084228515625,0,0,7,0,0,7
0,DeathDescription.DECKING,65,66.70880317687988,0,0,7,0,0,7
0,DeathDescription.DECKING,65,38.63263130187988,0,0,7,0,0,7
0,DeathDescription.DECKING,65,46.61417007446289,0,0,7,0,0,7
0,DeathDescription.DECKING,65,57.74235725402832,0,0,7,0,0,7
0,DeathDescription.DECKING,65,50.66800117492676,0,0,7,0,0,7
0,DeathDescription.DECKING,65,67.08478927612305,0,0,7,0,0,7
0,DeathDescription.DECKING,65,54.37016487121582,0,0,7,0,0,7
0,DeathDescription.DECKING,65,60.61220169067383,0,0,7,0,0,7
0,DeathDescription.DECKING,65,61.97071075439453,0,0,7,0,0,7
0,DeathDescription.DECKING,65,88.84596824645996,0,0,7,0,0,7
0,DeathDescription.DECKING,65,42.31548309326172,0,0,7,0,0,7
0,DeathDescription.DECKING,65,78.56917381286621,0,0,7,0,0,7
0,DeathDescription.DECKING,65,39.89434242248535,0,0,7,0,0,7
0,DeathDescription.DECKING,65,74.43571090698242,0,0,7,0,0,7
0,DeathDescription.DECKING,65,56.05459213256836,0,0,7,0,0,7
0,DeathDescription.DECKING,65,75.66118240356445,0,0,7,0,0,7
0,DeathDescription.DECKING,65,82.28278160095215,0,0,7,0,0,7
0,DeathDescription.DECKING,65,66.00332260131836,0,0,7,0,0,7
0,DeathDescription.DECKING,65,45.400142669677734,0,0,7,0,0,7
0,DeathDescription.DECKING,65,75.80161094665527,0,0,7,0,0,7
0,DeathDescription.DECKING,65,68.88437271118164,0,0,7,0,0,7
0,DeathDescription.DECKING,65,55.44638633728027,0,0,7,0,0,7
0,DeathDescription.DECKING,65,46.59247398376465,0,0,7,0,0,7
0,DeathDescription.DECKING,65,53.71689796447754,0,0,7,0,0,7
0,DeathDescription.DECKING,65,48.177242279052734,0,0,7,0,0,7
0,DeathDescription.DECKING,65,67.51036643981934,0,0,7,0,0,7
0,DeathDescription.DECKING,65,43.14231872558594,0,0,7,0,0,7
0,DeathDescription.DECKING,65,53.07579040527344,0,0,7,0,0,7
0,DeathDescription.DECKING,65,51.914215087890625,0,0,7,0,0,7
0,DeathDescription.DECKING,65,55.38296699523926,0,0,7,0,0,7
0,DeathDescription.DECKING,65,55.49025535583496,0,0,7,0,0,7
0,DeathDescription.DECKING,65,52.414894104003906,0,0,7,0,0,7
0,DeathDescription.DECKING,65,47.57523536682129,0,0,7,0,0,7
0,DeathDescription.DECKING,65,42.92654991149902,0,0,7,0,0,7
0,DeathDescription.DECKING,65,41.437387466430664,0,0,7,0,0,7
0,DeathDescription.DECKING,65,40.67230224609375,0,0,7,0,0,7
0,DeathDescription.DECKING,65,61.25926971435547,0,0,7,0,0,7
0,DeathDescription.DECKING,65,52.27541923522949,0,0,7,0,0,7
0,DeathDescription.DECKING,65,44.85201835632324,0,0,7,0,0,7
0,DeathDescription.DECKING,65,56.826114654541016,0,0,7,0,0,7
0,DeathDescription.DECKING,65,50.797462463378906,0,0,7,0,0,7
0,DeathDescription.DECKING,65,53.696393966674805,0,0,7,0,0,7
0,DeathDescription.DECKING,65,50.6587028503418,0,0,7,0,0,7
0,DeathDescription.DECKING,65,59.08918380737305,0,0,7,0,0,7
0,DeathDescription.DECKING,65,52.85167694091797,0,0,7,0,0,7
0,DeathDescription.DECKING,65,62.706708908081055,0,0,7,0,0,7
0,DeathDescription.DECKING,65,50.5986213684082,0,0,7,0,0,7
0,DeathDescription.DECKING,65,63.13657760620117,0,0,7,0,0,7
0,DeathDescription.DECKING,65,54.25071716308594,0,0,7,0,0,7
0,DeathDescription.DECKING,65,61.911821365356445,0,0,7,0,0,7
0,DeathDescription.DECKING,65,38.48409652709961,0,0,7,0,0,7
0,DeathDescription.DECKING,65,58.185577392578125,0,0,7,0,0,7
0,DeathDescription.DECKING,65,40.83704948425293,0,0,7,0,0,7
0,DeathDescription.DECKING,65,49.22032356262207,0,0,7,0,0,7
0,DeathDescription.DECKING,65,71.79570198059082,0,0,7,0,0,7
0,DeathDescription.DECKING,65,41.43500328063965,0,0,7,0,0,7
0,DeathDescription.DECKING,65,69.0617561340332,0,0,7,0,0,7
0,DeathDescription.DECKING,65,49.95107650756836,0,0,7,0,0,7
0,DeathDescription.DECKING,65,58.39800834655762,0,0,7,0,0,7
0,DeathDescription.DECKING,65,49.852848052978516,0,0,7,0,0,7
0,DeathDescription.DECKING,65,47.844886779785156,0,0,7,0,0,7
0,DeathDescription.DECKING,65,47.79481887817383,0,0,7,0,0,7
0,DeathDescription.DECKING,65,50.032615661621094,0,0,7,0,0,7
0,DeathDescription.DECKING,65,81.28476142883301,0,0,7,0,0,7
0,DeathDescription.DECKING,65,41.7780876159668,0,0,7,0,0,7
0,DeathDescription.DECKING,65,46.19336128234863,0,0,7,0,0,7
0,DeathDescription.DECKING,65,55.94658851623535,0,0,7,0,0,7
0,DeathDescription.DECKING,65,64.1927719116211,0,0,7,0,0,7
0,DeathDescription.DECKING,65,39.703369140625,0,0,7,0,0,7
0,DeathDescription.DECKING,65,54.99601364135742,0,0,7,0,0,7
0,DeathDescription.DECKING,65,51.05996131896973,0,0,7,0,0,7
0,DeathDescription.DECKING,65,59.71407890319824,0,0,7,0,0,7
0,DeathDescription.DECKING,65,50.586700439453125,0,0,7,0,0,7
0,DeathDescription.DECKING,65,56.80418014526367,0,0,7,0,0,7
0,DeathDescription.DECKING,65,44.40641403198242,0,0,7,0,0,7
0,DeathDescription.DECKING,65,65.61088562011719,0,0,7,0,0,7
0,DeathDescription.DECKING,65,74.59068298339844,0,0,7,0,0,7
0,DeathDescription.DECKING,65,63.19236755371094,0,0,7,0,0,7
0,DeathDescription.DECKING,65,59.91792678833008,0,0,7,0,0,7
0,DeathDescription.DECKING,65,62.81137466430664,0,0,7,0,0,7
0,DeathDescription.DECKING,65,58.01701545715332,0,0,7,0,0,7
0,DeathDescription.DECKING,65,56.20455741882324,0,0,7,0,0,7
0,DeathDescription.DECKING,65,40.39168357849121,0,0,7,0,0,7
0,DeathDescription.DECKING,65,49.5305061340332,0,0,7,0,0,7
0,DeathDescription.DECKING,65,59.51714515686035,0,0,7,0,0,7
0,DeathDescription.DECKING,65,40.3900146484375,0,0,7,0,0,7
0,DeathDescription.DECKING,65,46.065330505371094,0,0,7,0,0,7
0,DeathDescription.DECKING,65,40.82179069519043,0,0,7,0,0,7
0,DeathDescription.DECKING,65,53.92575263977051,0,0,7,0,0,7
0,DeathDescription.DECKING,65,47.94716835021973,0,0,7,0,0,7
0,DeathDescription.DECKING,65,44.59023475646973,0,0,7,0,0,7
0,DeathDescription.DECKING,65,51.51724815368652,0,0,7,0,0,7
0,DeathDescription.DECKING,65,50.06814002990723,0,0,7,0,0,7
0,DeathDescription.DECKING,65,48.89106750488281,0,0,7,0,0,7
0,DeathDescription.DECKING,65,41.07546806335449,0,0,7,0,0,7
0,DeathDescription.DECKING,65,59.714555740356445,0,0,7,0,0,7
0,DeathDescription.DECKING,65,45.76754570007324,0,0,7,0,0,7
0,DeathDescription.DECKING,65,40.293216705322266,0,0,7,0,0,7
0,DeathDescription.DECKING,65,56.89287185668945,0,0,7,0,0,7
0,DeathDescription.DECKING,65,58.59994888305664,0,0,7,0,0,7
0,DeathDescription.DECKING,65,52.54364013671875,0,0,7,0,0,7
0,DeathDescription.DECKING,65,55.6483268737793,0,0,7,0,0,7
0,DeathDescription.DECKING,65,37.55497932434082,0,0,7,0,0,7
0,DeathDescription.DECKING,65,65.96112251281738,0,0,7,0,0,7
0,DeathDescription.DECKING,65,66.82848930358887,0,0,7,0,0,7
0,DeathDescription.DECKING,65,42.74916648864746,0,0,7,0,0,7
0,DeathDescription.DECKING,65,63.834428787231445,0,0,7,0,0,7
0,DeathDescription.DECKING,65,43.36237907409668,0,0,7,0,0,7
0,DeathDescription.DECKING,65,61.49578094482422,0,0,7,0,0,7
0,DeathDescription.DECKING,65,46.2641716003418,0,0,7,0,0,7
0,DeathDescription.DECKING,65,75.67071914672852,0,0,7,0,0,7
0,DeathDescription.DECKING,65,50.099849700927734,0,0,7,0,0,7
0,DeathDescription.DECKING,65,46.738386154174805,0,0,7,0,0,7
0,DeathDescription.DECKING,65,67.77572631835938,0,0,7,0,0,7
0,DeathDescription.DECKING,65,64.9881362915039,0,0,7,0,0,7
0,DeathDescription.DECKING,65,50.36640167236328,0,0,7,0,0,7
0,DeathDescription.DECKING,65,44.193267822265625,0,0,7,0,0,7
0,DeathDescription.DECKING,65,55.95707893371582,0,0,7,0,0,7
0,DeathDescription.DECKING,65,61.157941818237305,0,0,7,0,0,7
0,DeathDescription.DECKING,65,42.95754432678223,0,0,7,0,0,7
0,DeathDescription.DECKING,65,52.85787582397461,0,0,7,0,0,7
0,DeathDescription.DECKING,65,43.39885711669922,0,0,7,0,0,7
0,DeathDescription.DECKING,65,47.834157943725586,0,0,7,0,0,7
0,DeathDescription.DECKING,65,62.18099594116211,0,0,7,0,0,7
0,DeathDescription.DECKING,65,55.22441864013672,0,0,7,0,0,7
0,DeathDescription.DECKING,65,59.80396270751953,0,0,7,0,0,7
0,DeathDescription.DECKING,65,54.25000190734863,0,0,7,0,0,7
0,DeathDescription.DECKING,65,54.55589294433594,0,0,7,0,0,7
0,DeathDescription.DECKING,65,47.271013259887695,0,0,7,0,0,7
0,DeathDescription.DECKING,65,51.687002182006836,0,0,7,0,0,7
0,DeathDescription.DECKING,65,56.18143081665039,0,0,7,0,0,7
0,DeathDescription.DECKING,65,54.54206466674805,0,0,7,0,0,7
0,DeathDescription.DECKING,65,60.24765968322754,0,0,7,0,0,7
0,DeathDescription.DECKING,65,52.886009216308594,0,0,7,0,0,7
0,DeathDescription.DECKING,65,44.54684257507324,0,0,7,0,0,7
0,DeathDescription.DECKING,65,43.82729530334473,0,0,7,0,0,7
0,DeathDescription.DECKING,65,58.81166458129883,0,0,7,0,0,7
0,DeathDescription.DECKING,65,46.375274658203125,0,0,7,0,0,7
0,DeathDescription.DECKING,65,57.692527770996094,0,0,7,0,0,7
0,DeathDescription.DECKING,65,46.87952995300293,0,0,7,0,0,7
0,DeathDescription.DECKING,65,88.31787109375,0,0,7,0,0,7
0,DeathDescription.DECKING,65,39.79945182800293,0,0,7,0,0,7
0,DeathDescription.DECKING,65,60.70375442504883,0,0,7,0,0,7
0,DeathDescription.DECKING,65,46.14448547363281,0,0,7,0,0,7
0,DeathDescription.DECKING,65,55.73415756225586,0,0,7,0,0,7
0,DeathDescription.DECKING,65,44.11721229553223,0,0,7,0,0,7
0,DeathDescription.DECKING,65,68.40920448303223,0,0,7,0,0,7
0,DeathDescription.DECKING,65,45.781612396240234,0,0,7,0,0,7
0,DeathDescription.DECKING,65,66.26081466674805,0,0,7,0,0,7
0,DeathDescription.DECKING,65,38.924217224121094,0,0,7,0,0,7
0,DeathDescription.DECKING,65,59.25464630126953,0,0,7,0,0,7
0,DeathDescription.DECKING,65,51.84197425842285,0,0,7,0,0,7
0,DeathDescription.DECKING,65,50.080299377441406,0,0,7,0,0,7
0,DeathDescription.DECKING,65,61.04230880737305,0,0,7,0,0,7
0,DeathDescription.DECKING,65,57.82008171081543,0,0,7,0,0,7
0,DeathDescription.DECKING,65,54.09574508666992,0,0,7,0,0,7
0,DeathDescription.DECKING,65,50.15373229980469,0,0,7,0,0,7
0,DeathDescription.DECKING,65,49.892425537109375,0,0,7,0,0,7
0,DeathDescription.DECKING,65,62.04342842102051,0,0,7,0,0,7
0,DeathDescription.DECKING,65,44.39210891723633,0,0,7,0,0,7
0,DeathDescription.DECKING,65,60.9438419342041,0,0,7,0,0,7
0,DeathDescription.DECKING,65,55.16791343688965,0,0,7,0,0,7
0,DeathDescription.DECKING,65,53.02739143371582,0,0,7,0,0,7
0,DeathDescription.DECKING,65,49.8809814453125,0,0,7,0,0,7
0,DeathDescription.DECKING,65,74.06759262084961,0,0,7,0,0,7
0,DeathDescription.DECKING,65,44.62933540344238,0,0,7,0,0,7
0,DeathDescription.DECKING,65,67.82865524291992,0,0,7,0,0,7
0,DeathDescription.DECKING,65,44.594526290893555,0,0,7,0,0,7
0,DeathDescription.DECKING,65,54.83412742614746,0,0,7,0,0,7
0,DeathDescription.DECKING,65,40.152788162231445,0,0,7,0,0,7
0,DeathDescription.DECKING,65,50.083160400390625,0,0,7,0,0,7
0,DeathDescription.DECKING,65,52.716732025146484,0,0,7,0,0,7
0,DeathDescription.DECKING,65,65.51241874694824,0,0,7,0,0,7
0,DeathDescription.DECKING,65,58.168649673461914,0,0,7,0,0,7
0,DeathDescription.DECKING,65,52.26898193359375,0,0,7,0,0,7
0,DeathDescription.DECKING,65,44.29507255554199,0,0,7,0,0,7
0,DeathDescription.DECKING,65,39.017677307128906,0,0,7,0,0,7
0,DeathDescription.DECKING,65,58.13431739807129,0,0,7,0,0,7
0,DeathDescription.DECKING,65,88.88745307922363,0,0,7,0,0,7
0,DeathDescription.DECKING,65,48.979759216308594,0,0,7,0,0,7
0,DeathDescription.DECKING,65,80.97481727600098,0,0,7,0,0,7
0,DeathDescription.DECKING,65,43.37191581726074,0,0,7,0,0,7
0,DeathDescription.DECKING,65,76.83157920837402,0,0,7,0,0,7
0,DeathDescription.DECKING,65,42.922258377075195,0,0,7,0,0,7
0,DeathDescription.DECKING,65,53.74479293823242,0,0,7,0,0,7
0,DeathDescription.DECKING,65,49.71456527709961,0,0,7,0,0,7
0,DeathDescription.DECKING,65,59.01694297790527,0,0,7,0,0,7
0,DeathDescription.DECKING,65,42.36006736755371,0,0,7,0,0,7
0,DeathDescription.DECKING,65,63.6599063873291,0,0,7,0,0,7
0,DeathDescription.DECKING,65,53.827524185180664,0,0,7,0,0,7
0,DeathDescription.DECKING,65,55.197715759277344,0,0,7,0,0,7
0,DeathDescription.DECKING,65,44.269561767578125,0,0,7,0,0,7
0,DeathDescription.DECKING,65,41.304826736450195,0,0,7,0,0,7
0,DeathDescription.DECKING,65,62.27922439575195,0,0,7,0,0,7
0,DeathDescription.DECKING,65,44.53110694885254,0,0,7,0,0,7
0,DeathDescription.DECKING,65,66.27225875854492,0,0,7,0,0,7
0,DeathDescription.DECKING,65,41.26739501953125,0,0,7,0,0,7
0,DeathDescription.DECKING,65,45.11117935180664,0,0,7,0,0,7
0,DeathDescription.DECKING,65,56.30183219909668,0,0,7,0,0,7
0,DeathDescription.DECKING,65,49.63040351867676,0,0,7,0,0,7
0,DeathDescription.DECKING,65,51.66339874267578,0,0,7,0,0,7
0,DeathDescription.DECKING,65,64.80956077575684,0,0,7,0,0,7
0,DeathDescription.DECKING,65,54.459333419799805,0,0,7,0,0,7
0,DeathDescription.DECKING,65,67.47817993164062,0,0,7,0,0,7
0,DeathDescription.DECKING,65,44.08669471740723,0,0,7,0,0,7
0,DeathDescription.DECKING,65,66.54858589172363,0,0,7,0,0,7
0,DeathDescription.DECKING,65,62.860965728759766,0,0,7,0,0,7
0,DeathDescription.DECKING,65,81.77018165588379,0,0,7,0,0,7
0,DeathDescription.DECKING,65,48.570871353149414,0,0,7,0,0,7
0,DeathDescription.DECKING,65,58.64286422729492,0,0,7,0,0,7
0,DeathDescription.DECKING,65,42.8013801574707,0,0,7,0,0,7
0,DeathDescription.DECKING,65,60.36972999572754,0,0,7,0,0,7
0,DeathDescription.DECKING,65,53.86543273925781,0,0,7,0,0,7
0,DeathDescription.DECKING,65,65.72961807250977,0,0,7,0,0,7
0,DeathDescription.DECKING,65,43.93339157104492,0,0,7,0,0,7
0,DeathDescription.DECKING,65,64.50486183166504,0,0,7,0,0,7
0,DeathDescription.DECKING,65,45.82929611206055,0,0,7,0,0,7
0,DeathDescription.DECKING,65,55.345773696899414,0,0,7,0,0,7
0,DeathDescription.DECKING,65,40.07911682128906,0,0,7,0,0,7
0,DeathDescription.DECKING,65,50.25219917297363,0,0,7,0,0,7
0,DeathDescription.DECKING,65,65.45734405517578,0,0,7,0,0,7
0,DeathDescription.DECKING,65,45.842647552490234,0,0,7,0,0,7
0,DeathDescription.DECKING,65,64.1939640045166,0,0,7,0,0,7
0,DeathDescription.DECKING,65,50.878047943115234,0,0,7,0,0,7
0,DeathDescription.DECKING,65,58.994293212890625,0,0,7,0,0,7
0,DeathDescription.DECKING,65,43.871164321899414,0,0,7,0,0,7
0,DeathDescription.DECKING,65,58.56609344482422,0,0,7,0,0,7
0,DeathDescription.DECKING,65,57.168006896972656,0,0,7,0,0,7
0,DeathDescription.DECKING,65,64.00799751281738,0,0,7,0,0,7
0,DeathDescription.DECKING,65,59.97133255004883,0,0,7,0,0,7
0,DeathDescription.DECKING,65,60.60624122619629,0,0,7,0,0,7
0,DeathDescription.DECKING,65,45.52793502807617,0,0,7,0,0,7
0,DeathDescription.DECKING,65,72.85857200622559,0,0,7,0,0,7
0,DeathDescription.DECKING,65,60.45699119567871,0,0,7,0,0,7
0,DeathDescription.DECKING,65,54.66103553771973,0,0,7,0,0,7
0,DeathDescription.DECKING,65,50.23837089538574,0,0,7,0,0,7
0,DeathDescription.DECKING,65,53.25937271118164,0,0,7,0,0,7
0,DeathDescription.DECKING,65,50.82416534423828,0,0,7,0,0,7
0,DeathDescription.DECKING,65,58.26282501220703,0,0,7,0,0,7
0,DeathDescription.DECKING,65,38.9862060546875,0,0,7,0,0,7
0,DeathDescription.DECKING,65,42.74487495422363,0,0,7,0,0,7
0,DeathDescription.DECKING,65,53.59077453613281,0,0,7,0,0,7
0,DeathDescription.DECKING,65,56.22458457946777,0,0,7,0,0,7
0,DeathDescription.DECKING,65,57.955026626586914,0,0,7,0,0,7
0,DeathDescription.DECKING,65,64.91923332214355,0,0,7,0,0,7
0,DeathDescription.DECKING,65,53.0095100402832,0,0,7,0,0,7
0,DeathDescription.DECKING,65,46.58842086791992,0,0,7,0,0,7
0,DeathDescription.DECKING,65,52.1855354309082,0,0,7,0,0,7
0,DeathDescription.DECKING,65,66.40863418579102,0,0,7,0,0,7
0,DeathDescription.DECKING,65,69.84233856201172,0,0,7,0,0,7
0,DeathDescription.DECKING,65,51.351308822631836,0,0,7,0,0,7
0,DeathDescription.DECKING,65,50.37379264831543,0,0,7,0,0,7
0,DeathDescription.DECKING,65,74.9366283416748,0,0,7,0,0,7
0,DeathDescription.DECKING,65,63.5218620300293,0,0,7,0,0,7
0,DeathDescription.DECKING,65,44.387102127075195,0,0,7,0,0,7
0,DeathDescription.DECKING,65,41.16320610046387,0,0,7,0,0,7
0,DeathDescription.DECKING,65,42.21177101135254,0,0,7,0,0,7
0,DeathDescription.DECKING,65,56.30135536193848,0,0,7,0,0,7
0,DeathDescription.DECKING,65,45.98259925842285,0,0,7,0,0,7
0,DeathDescription.DECKING,65,57.152748107910156,0,0,7,0,0,7
0,DeathDescription.DECKING,65,50.971269607543945,0,0,7,0,0,7
0,DeathDescription.DECKING,65,52.92177200317383,0,0,7,0,0,7
0,DeathDescription.DECKING,65,40.680885314941406,0,0,7,0,0,7
0,DeathDescription.DECKING,65,44.3272590637207,0,0,7,0,0,7
0,DeathDescription.DECKING,65,60.606956481933594,0,0,7,0,0,7
0,DeathDescription.DECKING,65,59.94582176208496,0,0,7,0,0,7
0,DeathDescription.DECKING,65,56.192636489868164,0,0,7,0,0,7
0,DeathDescription.DECKING,65,52.745819091796875,0,0,7,0,0,7
0,DeathDescription.DECKING,65,69.3049430847168,0,0,7,0,0,7
0,DeathDescription.DECKING,65,48.445701599121094,0,0,7,0,0,7
0,DeathDescription.DECKING,65,49.051523208618164,0,0,7,0,0,7
0,DeathDescription.DECKING,65,62.593698501586914,0,0,7,0,0,7
0,DeathDescription.DECKING,65,53.775787353515625,0,0,7,0,0,7
0,DeathDescription.DECKING,65,43.47658157348633,0,0,7,0,0,7
0,DeathDescription.DECKING,65,47.90639877319336,0,0,7,0,0,7
0,DeathDescription.DECKING,65,58.071136474609375,0,0,7,0,0,7
0,DeathDescription.DECKING,65,43.16139221191406,0,0,7,0,0,7
0,DeathDescription.DECKING,65,56.31399154663086,0,0,7,0,0,7
0,DeathDescription.DECKING,65,51.10311508178711,0,0,7,0,0,7
0,DeathDescription.DECKING,65,49.39627647399902,0,0,7,0,0,7
0,DeathDescription.DECKING,65,44.327735900878906,0,0,7,0,0,7
0,DeathDescription.DECKING,65,56.2589168548584,0,0,7,0,0,7
0,DeathDescription.DECKING,65,48.68888854980469,0,0,7,0,0,7
0,DeathDescription.DECKING,65,46.58341407775879,0,0,7,0,0,7
0,DeathDescription.DECKING,65,43.703556060791016,0,0,7,0,0,7
0,DeathDescription.DECKING,65,56.31899833679199,0,0,7,0,0,7
0,DeathDescription.DECKING,65,48.35700988769531,0,0,7,0,0,7
0,DeathDescription.DECKING,65,62.25705146789551,0,0,7,0,0,7
0,DeathDescription.DECKING,65,47.069549560546875,0,0,7,0,0,7
0,DeathDescription.DECKING,65,50.16279220581055,0,0,7,0,0,7
0,DeathDescription.DECKING,65,44.91448402404785,0,0,7,0,0,7
0,DeathDescription.DECKING,65,47.980546951293945,0,0,7,0,0,7
0,DeathDescription.DECKING,65,46.826839447021484,0,0,7,0,0,7
0,DeathDescription.DECKING,65,53.495168685913086,0,0,7,0,0,7
0,DeathDescription.DECKING,65,63.8124942779541,0,0,7,0,0,7
0,DeathDescription.DECKING,65,44.2042350769043,0,0,7,0,0,7
0,DeathDescription.DECKING,65,64.93711471557617,0,0,7,0,0,7
0,DeathDescription.DECKING,65,54.66747283935547,0,0,7,0,0,7
0,DeathDescription.DECKING,65,56.1976432800293,0,0,7,0,0,7
0,DeathDescription.DECKING,65,59.66949462890625,0,0,7,0,0,7
0,DeathDescription.DECKING,65,65.32764434814453,0,0,7,0,0,7
0,DeathDescription.DECKING,65,60.64796447753906,0,0,7,0,0,7
0,DeathDescription.DECKING,65,53.99346351623535,0,0,7,0,0,7
0,DeathDescription.DECKING,65,41.785240173339844,0,0,7,0,0,7
0,DeathDescription.DECKING,65,54.758310317993164,0,0,7,0,0,7
0,DeathDescription.DECKING,65,47.29104042053223,0,0,7,0,0,7
0,DeathDescription.DECKING,65,59.116363525390625,0,0,7,0,0,7
0,DeathDescription.DECKING,65,65.3231143951416,0,0,7,0,0,7
0,DeathDescription.DECKING,65,48.920392990112305,0,0,7,0,0,7
0,DeathDescription.DECKING,65,59.54694747924805,0,0,7,0,0,7
0,DeathDescription.DECKING,65,40.682077407836914,0,0,7,0,0,7
0,DeathDescription.DECKING,65,73.90117645263672,0,0,7,0,0,7
0,DeathDescription.DECKING,65,45.55535316467285,0,0,7,0,0,7
0,DeathDescription.DECKING,65,59.035301208496094,0,0,7,0,0,7
0,DeathDescription.DECKING,65,51.546573638916016,0,0,7,0,0,7
0,DeathDescription.DECKING,65,60.92524528503418,0,0,7,0,0,7
0,DeathDescription.DECKING,65,50.626516342163086,0,0,7,0,0,7
0,DeathDescription.DECKING,65,76.37715339660645,0,0,7,0,0,7
0,DeathDescription.DECKING,65,48.48623275756836,0,0,7,0,0,7
0,DeathDescription.DECKING,65,45.49527168273926,0,0,7,0,0,7
0,DeathDescription.DECKING,65,41.75305366516113,0,0,7,0,0,7
0,DeathDescription.DECKING,65,40.09437561035156,0,0,7,0,0,7
0,DeathDescription.DECKING,65,53.559064865112305,0,0,7,0,0,7
0,DeathDescription.DECKING,65,45.819997787475586,0,0,7,0,0,7
0,DeathDescription.DECKING,65,49.18503761291504,0,0,7,0,0,7
0,DeathDescription.DECKING,65,67.58618354797363,0,0,7,0,0,7
0,DeathDescription.DECKING,65,54.96096611022949,0,0,7,0,0,7
0,DeathDescription.DECKING,65,62.39175796508789,0,0,7,0,0,7
0,DeathDescription.DECKING,65,39.27278518676758,0,0,7,0,0,7
0,DeathDescription.DECKING,65,63.03095817565918,0,0,7,0,0,7
0,DeathDescription.DECKING,65,46.33760452270508,0,0,7,0,0,7
0,DeathDescription.DECKING,65,44.4951057434082,0,0,7,0,0,7
0,DeathDescription.DECKING,65,41.971683502197266,0,0,7,0,0,7
0,DeathDescription.DECKING,65,46.53358459472656,0,0,7,0,0,7
0,DeathDescription.DECKING,65,57.32607841491699,0,0,7,0,0,7
0,DeathDescription.DECKING,65,39.04366493225098,0,0,7,0,0,7
0,DeathDescription.DECKING,65,72.98707962036133,0,0,7,0,0,7
0,DeathDescription.DECKING,65,58.714866638183594,0,0,7,0,0,7
0,DeathDescription.DECKING,65,45.20583152770996,0,0,7,0,0,7
0,DeathDescription.DECKING,65,46.80585861206055,0,0,7,0,0,7
0,DeathDescription.DECKING,65,54.43120002746582,0,0,7,0,0,7
0,DeathDescription.DECKING,65,58.82859230041504,0,0,7,0,0,7
0,DeathDescription.DECKING,65,46.60916328430176,0,0,7,0,0,7
0,DeathDescription.DECKING,65,66.0557746887207,0,0,7,0,0,7
0,DeathDescription.DECKING,65,38.71870040893555,0,0,7,0,0,7
0,DeathDescription.DECKING,65,69.26846504211426,0,0,7,0,0,7
0,DeathDescription.DECKING,65,60.87946891784668,0,0,7,0,0,7
0,DeathDescription.DECKING,65,61.852216720581055,0,0,7,0,0,7
0,DeathDescription.DECKING,65,61.51986122131348,0,0,7,0,0,7
0,DeathDescription.DECKING,65,56.758880615234375,0,0,7,0,0,7
0,DeathDescription.DECKING,65,46.13351821899414,0,0,7,0,0,7
0,DeathDescription.DECKING,65,52.94990539550781,0,0,7,0,0,7
0,DeathDescription.DECKING,65,44.03948783874512,0,0,7,0,0,7
0,DeathDescription.DECKING,65,44.089555740356445,0,0,7,0,0,7
0,DeathDescription.DECKING,65,67.93808937072754,0,0,7,0,0,7
0,DeathDescription.DECKING,65,46.716928482055664,0,0,7,0,0,7
0,DeathDescription.DECKING,65,67.09003448486328,0,0,7,0,0,7
0,DeathDescription.DECKING,65,45.14169692993164,0,0,7,0,0,7
0,DeathDescription.DECKING,65,56.2283992767334,0,0,7,0,0,7
0,DeathDescription.DECKING,65,44.86513137817383,0,0,7,0,0,7
0,DeathDescription.DECKING,65,55.62639236450195,0,0,7,0,0,7
0,DeathDescription.DECKING,65,40.37332534790039,0,0,7,0,0,7
0,DeathDescription.DECKING,65,39.85905647277832,0,0,7,0,0,7
0,DeathDescription.DECKING,65,59.497833251953125,0,0,7,0,0,7
0,DeathDescription.DECKING,65,55.36794662475586,0,0,7,0,0,7
0,DeathDescription.DECKING,65,64.96620178222656,0,0,7,0,0,7
0,DeathDescription.DECKING,65,43.753623962402344,0,0,7,0,0,7
0,DeathDescription.DECKING,65,60.381174087524414,0,0,7,0,0,7
0,DeathDescription.DECKING,65,55.78446388244629,0,0,7,0,0,7
0,DeathDescription.DECKING,65,73.51541519165039,0,0,7,0,0,7
0,DeathDescription.DECKING,65,43.38240623474121,0,0,7,0,0,7
0,DeathDescription.DECKING,65,63.304901123046875,0,0,7,0,0,7
0,DeathDescription.DECKING,65,51.98979377746582,0,0,7,0,0,7
0,DeathDescription.DECKING,65,60.10842323303223,0,0,7,0,0,7
0,DeathDescription.DECKING,65,43.85733604431152,0,0,7,0,0,7
0,DeathDescription.DECKING,65,51.49722099304199,0,0,7,0,0,7
0,DeathDescription.DECKING,65,40.61150550842285,0,0,7,0,0,7
0,DeathDescription.DECKING,65,43.46609115600586,0,0,7,0,0,7
0,DeathDescription.DECKING,65,54.08310890197754,0,0,7,0,0,7
0,DeathDescription.DECKING,65,82.76939392089844,0,0,7,0,0,7
0,DeathDescription.DECKING,65,44.8760986328125,0,0,7,0,0,7
0,DeathDescription.DECKING,65,45.0444221496582,0,0,7,0,0,7
0,DeathDescription.DECKING,65,42.307138442993164,0,0,7,0,0,7
0,DeathDescription.DECKING,65,53.43341827392578,0,0,7,0,0,7
0,DeathDescription.DECKING,65,39.73054885864258,0,0,7,0,0,7
0,DeathDescription.DECKING,65,41.4423942565918,0,0,7,0,0,7
0,DeathDescription.DECKING,65,68.80831718444824,0,0,7,0,0,7
0,DeathDescription.DECKING,65,49.11065101623535,0,0,7,0,0,7
0,DeathDescription.DECKING,65,51.41282081604004,0,0,7,0,0,7
0,DeathDescription.DECKING,65,64.67318534851074,0,0,7,0,0,7
0,DeathDescription.DECKING,65,49.41821098327637,0,0,7,0,0,7
0,DeathDescription.DECKING,65,51.79929733276367,0,0,7,0,0,7
0,DeathDescription.DECKING,65,68.0840015411377,0,0,7,0,0,7
0,DeathDescription.DECKING,65,61.84649467468262,0,0,7,0,0,7
0,DeathDescription.DECKING,65,58.91585350036621,0,0,7,0,0,7
0,DeathDescription.DECKING,65,53.067922592163086,0,0,7,0,0,7
0,DeathDescription.DECKING,65,44.800758361816406,0,0,7,0,0,7
0,DeathDescription.DECKING,65,47.698974609375,0,0,7,0,0,7
0,DeathDescription.DECKING,65,60.29391288757324,0,0,7,0,0,7
0,DeathDescription.DECKING,65,39.15119171142578,0,0,7,0,0,7
0,DeathDescription.DECKING,65,45.38440704345703,0,0,7,0,0,7
0,DeathDescription.DECKING,65,62.206268310546875,0,0,7,0,0,7
0,DeathDescription.DECKING,65,50.8880615234375,0,0,7,0,0,7
0,DeathDescription.DECKING,65,51.81407928466797,0,0,7,0,0,7
0,DeathDescription.DECKING,65,39.4749641418457,0,0,7,0,0,7
0,DeathDescription.DECKING,65,45.328378677368164,0,0,7,0,0,7
0,DeathDescription.DECKING,65,56.02240562438965,0,0,7,0,0,7
0,DeathDescription.DECKING,65,50.19950866699219,0,0,7,0,0,7
0,DeathDescription.DECKING,65,64.29004669189453,0,0,7,0,0,7
0,DeathDescription.DECKING,65,41.1069393157959,0,0,7,0,0,7
0,DeathDescription.DECKING,65,48.40445518493652,0,0,7,0,0,7
0,DeathDescription.DECKING,65,62.718868255615234,0,0,7,0,0,7
0,DeathDescription.DECKING,65,49.32570457458496,0,0,7,0,0,7
0,DeathDescription.DECKING,65,76.45225524902344,0,0,7,0,0,7
0,DeathDescription.DECKING,65,54.72612380981445,0,0,7,0,0,7
0,DeathDescription.DECKING,65,39.94560241699219,0,0,7,0,0,7
0,DeathDescription.DECKING,65,52.82735824584961,0,0,7,0,0,7
0,DeathDescription.DECKING,65,46.08559608459473,0,0,7,0,0,7
0,DeathDescription.DECKING,65,54.37278747558594,0,0,7,0,0,7
0,DeathDescription.DECKING,65,59.56840515136719,0,0,7,0,0,7
0,DeathDescription.DECKING,65,56.99038505554199,0,0,7,0,0,7
0,DeathDescription.DECKING,65,72.80206680297852,0,0,7,0,0,7
0,DeathDescription.DECKING,65,45.34459114074707,0,0,7,0,0,7
0,DeathDescription.DECKING,65,80.6887149810791,0,0,7,0,0,7
0,DeathDescription.DECKING,65,40.328264236450195,0,0,7,0,0,7
0,DeathDescription.DECKING,65,75.49357414245605,0,0,7,0,0,7
0,DeathDescription.DECKING,65,51.24521255493164,0,0,7,0,0,7
0,DeathDescription.DECKING,65,65.91248512268066,0,0,7,0,0,7
0,DeathDescription.DECKING,65,41.498422622680664,0,0,7,0,0,7
0,DeathDescription.DECKING,65,51.634788513183594,0,0,7,0,0,7
0,DeathDescription.DECKING,65,47.92165756225586,0,0,7,0,0,7
0,DeathDescription.DECKING,65,39.75725173950195,0,0,7,0,0,7
0,DeathDescription.DECKING,65,66.64323806762695,0,0,7,0,0,7
0,DeathDescription.DECKING,65,38.680076599121094,0,0,7,0,0,7
0,DeathDescription.DECKING,65,59.888362884521484,0,0,7,0,0,7
0,DeathDescription.DECKING,65,41.55611991882324,0,0,7,0,0,7
0,DeathDescription.DECKING,65,57.71327018737793,0,0,7,0,0,7
0,DeathDescription.DECKING,65,53.33447456359863,0,0,7,0,0,7
0,DeathDescription.DECKING,65,58.6094856262207,0,0,7,0,0,7
0,DeathDescription.DECKING,65,67.291259765625,0,0,7,0,0,7
0,DeathDescription.DECKING,65,47.10268974304199,0,0,7,0,0,7
0,DeathDescription.DECKING,65,51.54085159301758,0,0,7,0,0,7
0,DeathDescription.DECKING,65,50.1551628112793,0,0,7,0,0,7
0,DeathDescription.DECKING,65,57.76357650756836,0,0,7,0,0,7
0,DeathDescription.DECKING,65,50.264835357666016,0,0,7,0,0,7
0,DeathDescription.DECKING,65,54.69870567321777,0,0,7,0,0,7
0,DeathDescription.DECKING,65,38.33293914794922,0,0,7,0,0,7
0,DeathDescription.DECKING,65,48.86317253112793,0,0,7,0,0,7
0,DeathDescription.DECKING,65,62.967538833618164,0,0,7,0,0,7
0,DeathDescription.DECKING,65,39.46733474731445,0,0,7,0,0,7
0,DeathDescription.DECKING,65,55.558204650878906,0,0,7,0,0,7
0,DeathDescription.DECKING,65,58.29977989196777,0,0,7,0,0,7
0,DeathDescription.DECKING,65,60.283660888671875,0,0,7,0,0,7
0,DeathDescription.DECKING,65,65.06538391113281,0,0,7,0,0,7
0,DeathDescription.DECKING,65,46.99230194091797,0,0,7,0,0,7
0,DeathDescription.DECKING,65,49.80587959289551,0,0,7,0,0,7
0,DeathDescription.DECKING,65,44.634342193603516,0,0,7,0,0,7
0,DeathDescription.DECKING,65,61.29717826843262,0,0,7,0,0,7
0,DeathDescription.DECKING,65,66.52498245239258,0,0,7,0,0,7
0,DeathDescription.DECKING,65,63.727378845214844,0,0,7,0,0,7
0,DeathDescription.DECKING,65,40.29393196105957,0,0,7,0,0,7
0,DeathDescription.DECKING,65,53.16567420959473,0,0,7,0,0,7
0,DeathDescription.DECKING,65,48.42329025268555,0,0,7,0,0,7
0,DeathDescription.DECKING,65,83.3125114440918,0,0,7,0,0,7
0,DeathDescription.DECKING,65,43.750762939453125,0,0,7,0,0,7
0,DeathDescription.DECKING,65,58.56180191040039,0,0,7,0,0,7
0,DeathDescription.DECKING,65,51.255226135253906,0,0,7,0,0,7
0,DeathDescription.DECKING,65,64.07618522644043,0,0,7,0,0,7
0,DeathDescription.DECKING,65,41.13197326660156,0,0,7,0,0,7
0,DeathDescription.DECKING,65,68.8180923461914,0,0,7,0,0,7
0,DeathDescription.DECKING,65,48.493385314941406,0,0,7,0,0,7
0,DeathDescription.DECKING,65,54.791927337646484,0,0,7,0,0,7
0,DeathDescription.DECKING,65,44.49462890625,0,0,7,0,0,7
0,DeathDescription.DECKING,65,48.056602478027344,0,0,7,0,0,7
0,DeathDescription.DECKING,65,57.6934814453125,0,0,7,0,0,7
0,DeathDescription.DECKING,65,48.38442802429199,0,0,7,0,0,7
0,DeathDescription.DECKING,65,66.986083984375,0,0,7,0,0,7
0,DeathDescription.DECKING,65,51.52583122253418,0,0,7,0,0,7
0,DeathDescription.DECKING,65,53.61318588256836,0,0,7,0,0,7
0,DeathDescription.DECKING,65,41.05806350708008,0,0,7,0,0,7
0,DeathDescription.DECKING,65,49.06201362609863,0,0,7,0,0,7
0,DeathDescription.DECKING,65,54.71467971801758,0,0,7,0,0,7
0,DeathDescription.DECKING,65,40.48299789428711,0,0,7,0,0,7
0,DeathDescription.DECKING,65,45.38607597351074,0,0,7,0,0,7
0,DeathDescription.DECKING,65,58.69007110595703,0,0,7,0,0,7
0,DeathDescription.DECKING,65,45.690059661865234,0,0,7,0,0,7
0,DeathDescription.DECKING,65,50.88376998901367,0,0,7,0,0,7
0,DeathDescription.DECKING,65,45.20750045776367,0,0,7,0,0,7
0,DeathDescription.DECKING,65,52.41847038269043,0,0,7,0,0,7
0,DeathDescription.DECKING,65,74.51224327087402,0,0,7,0,0,7
0,DeathDescription.DECKING,65,50.67896842956543,0,0,7,0,0,7
0,DeathDescription.DECKING,65,65.44137001037598,0,0,7,0,0,7
0,DeathDescription.DECKING,65,40.19474983215332,0,0,7,0,0,7
0,DeathDescription.DECKING,65,45.37510871887207,0,0,7,0,0,7
0,DeathDescription.DECKING,65,41.03446006774902,0,0,7,0,0,7
0,DeathDescription.DECKING,65,39.31713104248047,0,0,7,0,0,7
0,DeathDescription.DECKING,65,54.1379451751709,0,0,7,0,0,7
0,DeathDescription.DECKING,65,50.73046684265137,0,0,7,0,0,7
0,DeathDescription.DECKING,65,62.28017807006836,0,0,7,0,0,7
0,DeathDescription.DECKING,65,62.450408935546875,0,0,7,0,0,7
0,DeathDescription.DECKING,65,41.494131088256836,0,0,7,0,0,7
0,DeathDescription.DECKING,65,43.06912422180176,0,0,7,0,0,7
0,DeathDescription.DECKING,65,48.76232147216797,0,0,7,0,0,7
0,DeathDescription.DECKING,65,53.1156063079834,0,0,7,0,0,7
0,DeathDescription.DECKING,65,64.88609313964844,0,0,7,0,0,7
0,DeathDescription.DECKING,65,40.61317443847656,0,0,7,0,0,7
0,DeathDescription.DECKING,65,49.82566833496094,0,0,7,0,0,7
0,DeathDescription.DECKING,65,46.529293060302734,0,0,7,0,0,7
0,DeathDescription.DECKING,65,46.50592803955078,0,0,7,0,0,7
0,DeathDescription.DECKING,65,53.16519737243652,0,0,7,0,0,7
0,DeathDescription.DECKING,65,46.0963249206543,0,0,7,0,0,7
0,DeathDescription.DECKING,65,47.43671417236328,0,0,7,0,0,7
0,DeathDescription.DECKING,65,54.328203201293945,0,0,7,0,0,7
0,DeathDescription.DECKING,65,38.24758529663086,0,0,7,0,0,7
0,DeathDescription.DECKING,65,43.31350326538086,0,0,7,0,0,7
0,DeathDescription.DECKING,65,48.966407775878906,0,0,7,0,0,7
0,DeathDescription.DECKING,65,55.106401443481445,0,0,7,0,0,7
0,DeathDescription.DECKING,65,49.5755672454834,0,0,7,0,0,7
0,DeathDescription.DECKING,65,55.32574653625488,0,0,7,0,0,7
0,DeathDescription.DECKING,65,59.526920318603516,0,0,7,0,0,7
0,DeathDescription.DECKING,65,40.11344909667969,0,0,7,0,0,7
0,DeathDescription.DECKING,65,74.42474365234375,0,0,7,0,0,7
0,DeathDescription.DECKING,65,49.616336822509766,0,0,7,0,0,7
0,DeathDescription.DECKING,65,45.14479637145996,0,0,7,0,0,7
0,DeathDescription.DECKING,65,53.114891052246094,0,0,7,0,0,7
0,DeathDescription.DECKING,65,43.46156120300293,0,0,7,0,0,7
0,DeathDescription.DECKING,65,48.5079288482666,0,0,7,0,0,7
0,DeathDescription.DECKING,65,60.78362464904785,0,0,7,0,0,7
0,DeathDescription.DECKING,65,52.1245002746582,0,0,7,0,0,7
0,DeathDescription.DECKING,65,53.79819869995117,0,0,7,0,0,7
0,DeathDescription.DECKING,65,49.62038993835449,0,0,7,0,0,7
0,DeathDescription.DECKING,65,72.9069709777832,0,0,7,0,0,7
0,DeathDescription.DECKING,65,44.04783248901367,0,0,7,0,0,7
0,DeathDescription.DECKING,65,62.93463706970215,0,0,7,0,0,7
0,DeathDescription.DECKING,65,40.3292179107666,0,0,7,0,0,7
0,DeathDescription.DECKING,65,50.9791374206543,0,0,7,0,0,7
0,DeathDescription.DECKING,65,65.5517578125,0,0,7,0,0,7
0,DeathDescription.DECKING,65,52.68120765686035,0,0,7,0,0,7
0,DeathDescription.DECKING,65,51.71823501586914,0,0,7,0,0,7
0,DeathDescription.DECKING,65,48.56538772583008,0,0,7,0,0,7
0,DeathDescription.DECKING,65,57.64269828796387,0,0,7,0,0,7
0,DeathDescription.DECKING,65,58.90822410583496,0,0,7,0,0,7
0,DeathDescription.DECKING,65,38.60044479370117,0,0,7,0,0,7
0,DeathDescription.DECKING,65,39.86763954162598,0,0,7,0,0,7
0,DeathDescription.DECKING,65,63.33112716674805,0,0,7,0,0,7
0,DeathDescription.DECKING,65,41.06736183166504,0,0,7,0,0,7
0,DeathDescription.DECKING,65,54.95476722717285,0,0,7,0,0,7
0,DeathDescription.DECKING,65,55.48667907714844,0,0,7,0,0,7
0,DeathDescription.DECKING,65,75.96135139465332,0,0,7,0,0,7
0,DeathDescription.DECKING,65,60.60481071472168,0,0,7,0,0,7
0,DeathDescription.DECKING,65,52.56199836730957,0,0,7,0,0,7
0,DeathDescription.DECKING,65,44.67964172363281,0,0,7,0,0,7
0,DeathDescription.DECKING,65,47.635793685913086,0,0,7,0,0,7
0,DeathDescription.DECKING,65,50.553321838378906,0,0,7,0,0,7
0,DeathDescription.DECKING,65,78.2783031463623,0,0,7,0,0,7
0,DeathDescription.DECKING,65,65.1860237121582,0,0,7,0,0,7
0,DeathDescription.DECKING,65,64.32938575744629,0,0,7,0,0,7
0,DeathDescription.DECKING,65,63.50302696228027,0,0,7,0,0,7
0,DeathDescription.DECKING,65,51.82218551635742,0,0,7,0,0,7
0,DeathDescription.DECKING,65,76.01356506347656,0,0,7,0,0,7
0,DeathDescription.DECKING,65,50.31013488769531,0,0,7,0,0,7
0,DeathDescription.DECKING,65,61.64264678955078,0,0,7,0,0,7
0,DeathDescription.DECKING,65,73.0278491973877,0,0,7,0,0,7
0,DeathDescription.DECKING,65,48.57349395751953,0,0,7,0,0,7
0,DeathDescription.DECKING,65,40.28916358947754,0,0,7,0,0,7
0,DeathDescription.DECKING,65,60.08005142211914,0,0,7,0,0,7
0,DeathDescription.DECKING,65,43.93959045410156,0,0,7,0,0,7
0,DeathDescription.DECKING,65,54.17442321777344,0,0,7,0,0,7
0,DeathDescription.DECKING,65,57.547569274902344,0,0,7,0,0,7
0,DeathDescription.DECKING,65,62.804222106933594,0,0,7,0,0,7
0,DeathDescription.DECKING,65,66.4515495300293,0,0,7,0,0,7
0,DeathDescription.DECKING,65,52.53887176513672,0,0,7,0,0,7
0,DeathDescription.DECKING,65,44.377803802490234,0,0,7,0,0,7
0,DeathDescription.DECKING,65,75.20103454589844,0,0,7,0,0,7
0,DeathDescription.DECKING,65,72.78680801391602,0,0,7,0,0,7
0,DeathDescription.DECKING,65,66.28108024597168,0,0,7,0,0,7
0,DeathDescription.DECKING,65,56.53691291809082,0,0,7,0,0,7
0,DeathDescription.DECKING,65,58.32409858703613,0,0,7,0,0,7
0,DeathDescription.DECKING,65,54.58378791809082,0,0,7,0,0,7
0,DeathDescription.DECKING,65,54.3818473815918,0,0,7,0,0,7
0,DeathDescription.DECKING,65,39.72816467285156,0,0,7,0,0,7
0,DeathDescription.DECKING,65,54.221153259277344,0,0,7,0,0,7
0,DeathDescription.DECKING,65,49.53432083129883,0,0,7,0,0,7
0,DeathDescription.DECKING,65,43.59793663024902,0,0,7,0,0,7
0,DeathDescription.DECKING,65,57.71446228027344,0,0,7,0,0,7
0,DeathDescription.DECKING,65,52.66761779785156,0,0,7,0,0,7
0,DeathDescription.DECKING,65,43.467044830322266,0,0,7,0,0,7
0,DeathDescription.DECKING,65,43.128013610839844,0,0,7,0,0,7
0,DeathDescription.DECKING,65,45.59040069580078,0,0,7,0,0,7
0,DeathDescription.DECKING,65,50.28223991394043,0,0,7,0,0,7
0,DeathDescription.DECKING,65,44.15726661682129,0,0,7,0,0,7
0,DeathDescription.DECKING,65,70.78051567077637,0,0,7,0,0,7
0,DeathDescription.DECKING,65,44.23952102661133,0,0,7,0,0,7
0,DeathDescription.DECKING,65,51.97501182556152,0,0,7,0,0,7
0,DeathDescription.DECKING,65,57.66582489013672,0,0,7,0,0,7
0,DeathDescription.DECKING,65,51.31840705871582,0,0,7,0,0,7
0,DeathDescription.DECKING,65,76.87854766845703,0,0,7,0,0,7
0,DeathDescription.DECKING,65,43.270111083984375,0,0,7,0,0,7
0,DeathDescription.DECKING,65,63.82131576538086,0,0,7,0,0,7
0,DeathDescription.DECKING,65,49.15356636047363,0,0,7,0,0,7
0,DeathDescription.DECKING,65,77.20160484313965,0,0,7,0,0,7
0,DeathDescription.DECKING,65,42.28019714355469,0,0,7,0,0,7
0,DeathDescription.DECKING,65,52.85310745239258,0,0,7,0,0,7
0,DeathDescription.DECKING,65,49.735069274902344,0,0,7,0,0,7
0,DeathDescription.DECKING,65,45.31669616699219,0,0,7,0,0,7
0,DeathDescription.DECKING,65,41.71466827392578,0,0,7,0,0,7
0,DeathDescription.DECKING,65,44.77429389953613,0,0,7,0,0,7
0,DeathDescription.DECKING,65,61.87915802001953,0,0,7,0,0,7
0,DeathDescription.DECKING,65,49.627065658569336,0,0,7,0,0,7
0,DeathDescription.DECKING,65,92.5147533416748,0,0,7,0,0,7
0,DeathDescription.DECKING,65,40.72880744934082,0,0,7,0,0,7
0,DeathDescription.DECKING,65,53.95674705505371,0,0,7,0,0,7
0,DeathDescription.DECKING,65,40.34256935119629,0,0,7,0,0,7
0,DeathDescription.DECKING,65,49.91960525512695,0,0,7,0,0,7
0,DeathDescription.DECKING,65,45.73535919189453,0,0,7,0,0,7
0,DeathDescription.DECKING,65,64.84246253967285,0,0,7,0,0,7
0,DeathDescription.DECKING,65,72.54433631896973,0,0,7,0,0,7
0,DeathDescription.DECKING,65,52.14381217956543,0,0,7,0,0,7
0,DeathDescription.DECKING,65,61.19894981384277,0,0,7,0,0,7
0,DeathDescription.DECKING,65,45.313119888305664,0,0,7,0,0,7
0,DeathDescription.DECKING,65,67.33942031860352,0,0,7,0,0,7
0,DeathDescription.DECKING,65,51.40113830566406,0,0,7,0,0,7
0,DeathDescription.DECKING,65,69.02647018432617,0,0,7,0,0,7
0,DeathDescription.DECKING,65,39.700984954833984,0,0,7,0,0,7
0,DeathDescription.DECKING,65,46.54407501220703,0,0,7,0,0,7
0,DeathDescription.DECKING,65,51.70583724975586,0,0,7,0,0,7
0,DeathDescription.DECKING,65,61.61022186279297,0,0,7,0,0,7
0,DeathDescription.DECKING,65,67.73185729980469,0,0,7,0,0,7
0,DeathDescription.DECKING,65,45.3181266784668,0,0,7,0,0,7
0,DeathDescription.DECKING,65,48.269033432006836,0,0,7,0,0,7
0,DeathDescription.DECKING,65,54.37827110290527,0,0,7,0,0,7
0,DeathDescription.DECKING,65,63.50588798522949,0,0,7,0,0,7
0,DeathDescription.DECKING,65,51.064252853393555,0,0,7,0,0,7
0,DeathDescription.DECKING,65,64.28074836730957,0,0,7,0,0,7
0,DeathDescription.DECKING,65,55.96446990966797,0,0,7,0,0,7
0,DeathDescription.DECKING,65,56.687116622924805,0,0,7,0,0,7
0,DeathDescription.DECKING,65,55.66287040710449,0,0,7,0,0,7
0,DeathDescription.DECKING,65,70.7085132598877,0,0,7,0,0,7
0,DeathDescription.DECKING,65,45.37153244018555,0,0,7,0,0,7
0,DeathDescription.DECKING,65,52.232980728149414,0,0,7,0,0,7
0,DeathDescription.DECKING,65,39.13474082946777,0,0,7,0,0,7
0,DeathDescription.DECKING,65,39.60371017456055,0,0,7,0,0,7
0,DeathDescription.DECKING,65,62.109947204589844,0,0,7,0,0,7
0,DeathDescription.DECKING,65,58.1812858581543,0,0,7,0,0,7
0,DeathDescription.DECKING,65,50.905466079711914,0,0,7,0,0,7
0,DeathDescription.DECKING,65,42.59634017944336,0,0,7,0,0,7
0,DeathDescription.DECKING,65,42.93394088745117,0,0,7,0,0,7
0,DeathDescription.DECKING,65,55.37867546081543,0,0,7,0,0,7
0,DeathDescription.DECKING,65,40.071964263916016,0,0,7,0,0,7
0,DeathDescription.DECKING,65,51.17535591125488,0,0,7,0,0,7
0,DeathDescription.DECKING,65,58.76278877258301,0,0,7,0,0,7
0,DeathDescription.DECKING,65,40.85087776184082,0,0,7,0,0,7
0,DeathDescription.DECKING,65,43.71523857116699,0,0,7,0,0,7
0,DeathDescription.DECKING,65,70.47128677368164,0,0,7,0,0,7
0,DeathDescription.DECKING,65,49.64494705200195,0,0,7,0,0,7
0,DeathDescription.DECKING,65,39.6726131439209,0,0,7,0,0,7
0,DeathDescription.DECKING,65,58.94923210144043,0,0,7,0,0,7
0,DeathDescription.DECKING,65,64.08953666687012,0,0,7,0,0,7
0,DeathDescription.DECKING,65,57.144880294799805,0,0,7,0,0,7
0,DeathDescription.DECKING,65,59.93533134460449,0,0,7,0,0,7
0,DeathDescription.DECKING,65,44.457197189331055,0,0,7,0,0,7
0,DeathDescription.DECKING,65,50.07195472717285,0,0,7,0,0,7
0,DeathDescription.DECKING,65,42.48762130737305,0,0,7,0,0,7
0,DeathDescription.DECKING,65,50.38142204284668,0,0,7,0,0,7
0,DeathDescription.DECKING,65,69.70691680908203,0,0,7,0,0,7
0,DeathDescription.DECKING,65,48.560142517089844,0,0,7,0,0,7
0,DeathDescription.DECKING,65,48.74753952026367,0,0,7,0,0,7
0,DeathDescription.DECKING,65,38.72251510620117,0,0,7,0,0,7
0,DeathDescription.DECKING,65,51.10645294189453,0,0,7,0,0,7
0,DeathDescription.DECKING,65,51.03325843811035,0,0,7,0,0,7
0,DeathDescription.DECKING,65,44.043779373168945,0,0,7,0,0,7
0,DeathDescription.DECKING,65,51.383018493652344,0,0,7,0,0,7
0,DeathDescription.DECKING,65,40.09604454040527,0,0,7,0,0,7
0,DeathDescription.DECKING,65,59.78727340698242,0,0,7,0,0,7
0,DeathDescription.DECKING,65,58.14528465270996,0,0,7,0,0,7
0,DeathDescription.DECKING,65,40.464162826538086,0,0,7,0,0,7
0,DeathDescription.DECKING,65,54.08954620361328,0,0,7,0,0,7
0,DeathDescription.DECKING,65,39.43896293640137,0,0,7,0,0,7
0,DeathDescription.DECKING,65,40.0388240814209,0,0,7,0,0,7
0,DeathDescription.DECKING,65,64.58568572998047,0,0,7,0,0,7
0,DeathDescription.DECKING,65,42.5722599029541,0,0,7,0,0,7
0,DeathDescription.DECKING,65,41.05186462402344,0,0,7,0,0,7
0,DeathDescription.DECKING,65,52.707672119140625,0,0,7,0,0,7
0,DeathDescription.DECKING,65,39.7953987121582,0,0,7,0,0,7
0,DeathDescription.DECKING,65,55.600643157958984,0,0,7,0,0,7
0,DeathDescription.DECKING,65,45.34173011779785,0,0,7,0,0,7
0,DeathDescription.DECKING,65,51.40113830566406,0,0,7,0,0,7
0,DeathDescription.DECKING,65,44.793128967285156,0,0,7,0,0,7
0,DeathDescription.DECKING,65,46.8745231628418,0,0,7,0,0,7
0,DeathDescription.DECKING,65,49.62348937988281,0,0,7,0,0,7
0,DeathDescription.DECKING,65,39.9932861328125,0,0,7,0,0,7
0,DeathDescription.DECKING,65,61.87772750854492,0,0,7,0,0,7
0,DeathDescription.DECKING,65,52.8566837310791,0,0,7,0,0,7
0,DeathDescription.DECKING,65,48.34699630737305,0,0,7,0,0,7
0,DeathDescription.DECKING,65,50.4298210144043,0,0,7,0,0,7
0,DeathDescription.DECKING,65,40.86899757385254,0,0,7,0,0,7
0,DeathDescription.DECKING,65,59.639930725097656,0,0,7,0,0,7
0,DeathDescription.DECKING,65,47.73688316345215,0,0,7,0,0,7
0,DeathDescription.DECKING,65,45.690298080444336,0,0,7,0,0,7
0,DeathDescription.DECKING,65,51.29289627075195,0,0,7,0,0,7
0,DeathDescription.DECKING,65,69.06938552856445,0,0,7,0,0,7
0,DeathDescription.DECKING,65,66.72978401184082,0,0,7,0,0,7
0,DeathDescription.DECKING,65,41.715383529663086,0,0,7,0,0,7
0,DeathDescription.DECKING,65,72.20292091369629,0,0,7,0,0,7
0,DeathDescription.DECKING,65,39.65640068054199,0,0,7,0,0,7
0,DeathDescription.DECKING,65,43.66040229797363,0,0,7,0,0,7
0,DeathDescription.DECKING,65,49.82590675354004,0,0,7,0,0,7
0,DeathDescription.DECKING,65,45.5470085144043,0,0,7,0,0,7
0,DeathDescription.DECKING,65,57.25574493408203,0,0,7,0,0,7
0,DeathDescription.DECKING,65,44.39711570739746,0,0,7,0,0,7
0,DeathDescription.DECKING,65,48.91800880432129,0,0,7,0,0,7
0,DeathDescription.DECKING,65,60.22024154663086,0,0,7,0,0,7
0,DeathDescription.DECKING,65,70.54257392883301,0,0,7,0,0,7
0,DeathDescription.DECKING,65,38.398027420043945,0,0,7,0,0,7
0,DeathDescription.DECKING,65,62.57748603820801,0,0,7,0,0,7
0,DeathDescription.DECKING,65,58.92467498779297,0,0,7,0,0,7
0,DeathDescription.DECKING,65,89.84088897705078,0,0,7,0,0,7
0,DeathDescription.DECKING,65,49.48282241821289,0,0,7,0,0,7
0,DeathDescription.DECKING,65,69.17619705200195,0,0,7,0,0,7
0,DeathDescription.DECKING,65,48.809051513671875,0,0,7,0,0,7
0,DeathDescription.DECKING,65,57.150840759277344,0,0,7,0,0,7
0,DeathDescription.DECKING,65,39.90340232849121,0,0,7,0,0,7
0,DeathDescription.DECKING,65,45.56083679199219,0,0,7,0,0,7
0,DeathDescription.DECKING,65,46.47564888000488,0,0,7,0,0,7
0,DeathDescription.DECKING,65,41.59069061279297,0,0,7,0,0,7
0,DeathDescription.DECKING,65,37.03784942626953,0,0,7,0,0,7
0,DeathDescription.DECKING,65,44.39592361450195,0,0,7,0,0,7
0,DeathDescription.DECKING,65,47.286033630371094,0,0,7,0,0,7
0,DeathDescription.DECKING,65,41.21232032775879,0,0,7,0,0,7
0,DeathDescription.DECKING,65,53.63821983337402,0,0,7,0,0,7
0,DeathDescription.DECKING,65,43.99418830871582,0,0,7,0,0,7
0,DeathDescription.DECKING,65,60.40692329406738,0,0,7,0,0,7
0,DeathDescription.DECKING,65,57.795047760009766,0,0,7,0,0,7
0,DeathDescription.DECKING,65,43.30015182495117,0,0,7,0,0,7
0,DeathDescription.DECKING,65,64.1019344329834,0,0,7,0,0,7
0,DeathDescription.DECKING,65,60.698509216308594,0,0,7,0,0,7
0,DeathDescription.DECKING,65,51.69367790222168,0,0,7,0,0,7
0,DeathDescription.DECKING,65,47.1041202545166,0,0,7,0,0,7
0,DeathDescription.DECKING,65,48.45023155212402,0,0,7,0,0,7
0,DeathDescription.DECKING,65,43.830156326293945,0,0,7,0,0,7
0,DeathDescription.DECKING,65,50.55737495422363,0,0,7,0,0,7
0,DeathDescription.DECKING,65,50.76718330383301,0,0,7,0,0,7
0,DeathDescription.DECKING,65,72.31831550598145,0,0,7,0,0,7
0,DeathDescription.DECKING,65,51.25117301940918,0,0,7,0,0,7
0,DeathDescription.DECKING,65,66.68901443481445,0,0,7,0,0,7
0,DeathDescription.DECKING,65,65.93728065490723,0,0,7,0,0,7
0,DeathDescription.DECKING,65,74.37872886657715,0,0,7,0,0,7
0,DeathDescription.DECKING,65,55.355072021484375,0,0,7,0,0,7
0,DeathDescription.DECKING,65,70.2676773071289,0,0,7,0,0,7
0,DeathDescription.DECKING,65,53.09271812438965,0,0,7,0,0,7
0,DeathDescription.DECKING,65,52.781105041503906,0,0,7,0,0,7
0,DeathDescription.DECKING,65,61.35821342468262,0,0,7,0,0,7
0,DeathDescription.DECKING,65,54.27384376525879,0,0,7,0,0,7
0,DeathDescription.DECKING,65,39.275169372558594,0,0,7,0,0,7
0,DeathDescription.DECKING,65,39.754629135131836,0,0,7,0,0,7
0,DeathDescription.DECKING,65,61.05828285217285,0,0,7,0,0,7
0,DeathDescription.DECKING,65,45.26042938232422,0,0,7,0,0,7
0,DeathDescription.DECKING,65,51.53679847717285,0,0,7,0,0,7
0,DeathDescription.DECKING,65,39.913177490234375,0,0,7,0,0,7
0,DeathDescription.DECKING,65,39.301395416259766,0,0,7,0,0,7
0,DeathDescription.DECKING,65,46.318769454956055,0,0,7,0,0,7
0,DeathDescription.DECKING,65,46.066999435424805,0,0,7,0,0,7
0,DeathDescription.DECKING,65,51.26523971557617,0,0,7,0,0,7
0,DeathDescription.DECKING,65,57.19757080078125,0,0,7,0,0,7
0,DeathDescription.DECKING,65,40.46177864074707,0,0,7,0,0,7
0,DeathDescription.DECKING,65,39.82710838317871,0,0,7,0,0,7
0,DeathDescription.DECKING,65,69.93532180786133,0,0,7,0,0,7
0,DeathDescription.DECKING,65,62.279462814331055,0,0,7,0,0,7
0,DeathDescription.DECKING,65,49.56793785095215,0,0,7,0,0,7
0,DeathDescription.DECKING,65,55.76825141906738,0,0,7,0,0,7
0,DeathDescription.DECKING,65,40.23551940917969,0,0,7,0,0,7
0,DeathDescription.DECKING,65,56.221723556518555,0,0,7,0,0,7
0,DeathDescription.DECKING,65,53.867340087890625,0,0,7,0,0,7
0,DeathDescription.DECKING,65,46.31924629211426,0,0,7,0,0,7
0,DeathDescription.DECKING,65,65.09518623352051,0,0,7,0,0,7
0,DeathDescription.DECKING,65,67.99054145812988,0,0,7,0,0,7
0,DeathDescription.DECKING,65,63.17567825317383,0,0,7,0,0,7
0,DeathDescription.DECKING,65,55.9697151184082,0,0,7,0,0,7
0,DeathDescription.DECKING,65,50.54521560668945,0,0,7,0,0,7
0,DeathDescription.DECKING,65,51.99599266052246,0,0,7,0,0,7
0,DeathDescription.DECKING,65,55.21392822265625,0,0,7,0,0,7
0,DeathDescription.DECKING,65,50.156354904174805,0,0,7,0,0,7
0,DeathDescription.DECKING,65,46.484947204589844,0,0,7,0,0,7
0,DeathDescription.DECKING,65,44.62480545043945,0,0,7,0,0,7
0,DeathDescription.DECKING,65,47.875165939331055,0,0,7,0,0,7
0,DeathDescription.DECKING,65,66.38169288635254,0,0,7,0,0,7
0,DeathDescription.DECKING,65,40.5271053314209,0,0,7,0,0,7
0,DeathDescription.DECKING,65,59.24510955810547,0,0,7,0,0,7
0,DeathDescription.DECKING,65,59.987783432006836,0,0,7,0,0,7
0,DeathDescription.DECKING,65,49.49164390563965,0,0,7,0,0,7
0,DeathDescription.DECKING,65,56.7173957824707,0,0,7,0,0,7
0,DeathDescription.DECKING,65,51.901817321777344,0,0,7,0,0,7
0,DeathDescription.DECKING,65,51.123857498168945,0,0,7,0,0,7
0,DeathDescription.DECKING,65,52.85835266113281,0,0,7,0,0,7
0,DeathDescription.DECKING,65,51.74589157104492,0,0,7,0,0,7
0,DeathDescription.DECKING,65,73.52375984191895,0,0,7,0,0,7
0,DeathDescription.DECKING,65,45.44186592102051,0,0,7,0,0,7
0,DeathDescription.DECKING,65,64.10074234008789,0,0,7,0,0,7
0,DeathDescription.DECKING,65,39.2606258392334,0,0,7,0,0,7
0,DeathDescription.DECKING,65,67.38042831420898,0,0,7,0,0,7
0,DeathDescription.DECKING,65,55.26232719421387,0,0,7,0,0,7
0,DeathDescription.DECKING,65,49.910783767700195,0,0,7,0,0,7
0,DeathDescription.DECKING,65,59.4635009765625,0,0,7,0,0,7
0,DeathDescription.DECKING,65,72.21436500549316,0,0,7,0,0,7
0,DeathDescription.DECKING,65,46.16141319274902,0,0,7,0,0,7
0,DeathDescription.DECKING,65,55.05537986755371,0,0,7,0,0,7
0,DeathDescription.DECKING,65,38.178205490112305,0,0,7,0,0,7
0,DeathDescription.DECKING,65,39.9777889251709,0,0,7,0,0,7
0,DeathDescription.DECKING,65,65.37008285522461,0,0,7,0,0,7
0,DeathDescription.DECKING,65,53.45344543457031,0,0,7,0,0,7
0,DeathDescription.DECKING,65,45.03273963928223,0,0,7,0,0,7
0,DeathDescription.DECKING,65,52.900075912475586,0,0,7,0,0,7
0,DeathDescription.DECKING,65,63.9495849609375,0,0,7,0,0,7
0,DeathDescription.DECKING,65,45.873165130615234,0,0,7,0,0,7
0,DeathDescription.DECKING,65,39.1850471496582,0,0,7,0,0,7
0,DeathDescription.DECKING,65,49.23653602600098,0,0,7,0,0,7
0,DeathDescription.DECKING,65,69.58174705505371,0,0,7,0,0,7
0,DeathDescription.DECKING,65,46.60773277282715,0,0,7,0,0,7
0,DeathDescription.DECKING,65,66.07937812805176,0,0,7,0,0,7
0,DeathDescription.DECKING,65,49.06725883483887,0,0,7,0,0,7
0,DeathDescription.DECKING,65,55.544137954711914,0,0,7,0,0,7
0,DeathDescription.DECKING,65,43.34402084350586,0,0,7,0,0,7
0,DeathDescription.DECKING,65,51.576852798461914,0,0,7,0,0,7
0,DeathDescription.DECKING,65,70.03927230834961,0,0,7,0,0,7
0,DeathDescription.DECKING,65,68.3436393737793,0,0,7,0,0,7
0,DeathDescription.DECKING,65,61.19346618652344,0,0,7,0,0,7
0,DeathDescription.DECKING,65,58.45832824707031,0,0,7,0,0,7
0,DeathDescription.DECKING,65,73.72450828552246,0,0,7,0,0,7
0,DeathDescription.DECKING,65,79.8945426940918,0,0,7,0,0,7
0,DeathDescription.DECKING,65,66.42580032348633,0,0,7,0,0,7
0,DeathDescription.DECKING,65,68.5725212097168,0,0,7,0,0,7
0,DeathDescription.DECKING,65,69.52333450317383,0,0,7,0,0,7
0,DeathDescription.DECKING,65,62.87026405334473,0,0,7,0,0,7
0,DeathDescription.DECKING,65,53.12514305114746,0,0,7,0,0,7
0,DeathDescription.DECKING,65,55.263519287109375,0,0,7,0,0,7
0,DeathDescription.DECKING,65,39.377450942993164,0,0,7,0,0,7
0,DeathDescription.DECKING,65,53.08818817138672,0,0,7,0,0,7
0,DeathDescription.DECKING,65,48.412322998046875,0,0,7,0,0,7
0,DeathDescription.DECKING,65,51.93781852722168,0,0,7,0,0,7
0,DeathDescription.DECKING,65,64.12029266357422,0,0,7,0,0,7
0,DeathDescription.DECKING,65,53.36737632751465,0,0,7,0,0,7
0,DeathDescription.DECKING,65,48.268795013427734,0,0,7,0,0,7
0,DeathDescription.DECKING,65,52.37317085266113,0,0,7,0,0,7
0,DeathDescription.DECKING,65,41.47768020629883,0,0,7,0,0,7
0,DeathDescription.DECKING,65,39.789438247680664,0,0,7,0,0,7
0,DeathDescription.DECKING,65,46.77891731262207,0,0,7,0,0,7
0,DeathDescription.DECKING,65,46.67830467224121,0,0,7,0,0,7
0,DeathDescription.DECKING,65,40.683746337890625,0,0,7,0,0,7
0,DeathDescription.DECKING,65,58.23516845703125,0,0,7,0,0,7
0,DeathDescription.DECKING,65,50.88949203491211,0,0,7,0,0,7
0,DeathDescription.DECKING,65,65.69528579711914,0,0,7,0,0,7
0,DeathDescription.DECKING,65,54.22496795654297,0,0,7,0,0,7
0,DeathDescription.DECKING,65,48.88176918029785,0,0,7,0,0,7
0,DeathDescription.DECKING,65,52.420616149902344,0,0,7,0,0,7
0,DeathDescription.DECKING,65,62.97707557678223,0,0,7,0,0,7
0,DeathDescription.DECKING,65,53.60865592956543,0,0,7,0,0,7
0,DeathDescription.DECKING,65,71.73776626586914,0,0,7,0,0,7
0,DeathDescription.DECKING,65,51.62453651428223,0,0,7,0,0,7
0,DeathDescription.DECKING,65,48.24185371398926,0,0,7,0,0,7
0,DeathDescription.DECKING,65,82.12447166442871,0,0,7,0,0,7
0,DeathDescription.DECKING,65,56.151628494262695,0,0,7,0,0,7
0,DeathDescription.DECKING,65,54.74996566772461,0,0,7,0,0,7
0,DeathDescription.DECKING,65,63.31300735473633,0,0,7,0,0,7
0,DeathDescription.DECKING,65,65.09542465209961,0,0,7,0,0,7
0,DeathDescription.DECKING,65,56.63323402404785,0,0,7,0,0,7
0,DeathDescription.DECKING,65,69.98586654663086,0,0,7,0,0,7
0,DeathDescription.DECKING,65,71.7620849609375,0,0,7,0,0,7
0,DeathDescription.DECKING,65,55.14860153198242,0,0,7,0,0,7
0,DeathDescription.DECKING,65,46.881675720214844,0,0,7,0,0,7
0,DeathDescription.DECKING,65,67.04449653625488,0,0,7,0,0,7
0,DeathDescription.DECKING,65,68.01342964172363,0,0,7,0,0,7
0,DeathDescription.DECKING,65,81.78043365478516,0,0,7,0,0,7
0,DeathDescription.DECKING,65,81.03632926940918,0,0,7,0,0,7
0,DeathDescription.DECKING,65,68.88771057128906,0,0,7,0,0,7
0,DeathDescription.DECKING,65,57.79719352722168,0,0,7,0,0,7
0,DeathDescription.DECKING,65,54.102182388305664,0,0,7,0,0,7
0,DeathDescription.DECKING,65,78.29523086547852,0,0,7,0,0,7
0,DeathDescription.DECKING,65,71.26665115356445,0,0,7,0,0,7
0,DeathDescription.DECKING,65,72.37505912780762,0,0,7,0,0,7
0,DeathDescription.DECKING,65,72.52001762390137,0,0,7,0,0,7
0,DeathDescription.DECKING,65,42.13285446166992,0,0,7,0,0,7
0,DeathDescription.DECKING,65,55.480003356933594,0,0,7,0,0,7
0,DeathDescription.DECKING,65,51.156044006347656,0,0,7,0,0,7
0,DeathDescription.DECKING,65,65.50264358520508,0,0,7,0,0,7
0,DeathDescription.DECKING,65,45.055389404296875,0,0,7,0,0,7
0,DeathDescription.DECKING,65,47.5156307220459,0,0,7,0,0,7
0,DeathDescription.DECKING,65,52.53934860229492,0,0,7,0,0,7
0,DeathDescription.DECKING,65,47.8973388671875,0,0,7,0,0,7
0,DeathDescription.DECKING,65,51.83076858520508,0,0,7,0,0,7
0,DeathDescription.DECKING,65,54.77142333984375,0,0,7,0,0,7
0,DeathDescription.DECKING,65,53.41982841491699,0,0,7,0,0,7
0,DeathDescription.DECKING,65,68.36104393005371,0,0,7,0,0,7
0,DeathDescription.DECKING,65,44.4033145904541,0,0,7,0,0,7
0,DeathDescription.DECKING,65,52.875518798828125,0,0,7,0,0,7
0,DeathDescription.DECKING,65,45.29404640197754,0,0,7,0,0,7
0,DeathDescription.DECKING,65,46.96154594421387,0,0,7,0,0,7
0,DeathDescription.DECKING,65,59.038400650024414,0,0,7,0,0,7
0,DeathDescription.DECKING,65,50.20618438720703,0,0,7,0,0,7
0,DeathDescription.DECKING,65,58.0592155456543,0,0,7,0,0,7
0,DeathDescription.DECKING,65,60.27650833129883,0,0,7,0,0,7
0,DeathDescription.DECKING,65,53.74026298522949,0,0,7,0,0,7
0,DeathDescription.DECKING,65,58.31789970397949,0,0,7,0,0,7
0,DeathDescription.DECKING,65,56.80656433105469,0,0,7,0,0,7
0,DeathDescription.DECKING,65,63.41671943664551,0,0,7,0,0,7
0,DeathDescription.DECKING,65,41.19563102722168,0,0,7,0,0,7
0,DeathDescription.DECKING,65,56.93793296813965,0,0,7,0,0,7
0,DeathDescription.DECKING,65,43.89786720275879,0,0,7,0,0,7
0,DeathDescription.DECKING,65,49.32999610900879,0,0,7,0,0,7
0,DeathDescription.DECKING,65,45.134544372558594,0,0,7,0,0,7
0,DeathDescription.DECKING,65,39.875030517578125,0,0,7,0,0,7
0,DeathDescription.DECKING,65,45.34578323364258,0,0,7,0,0,7
0,DeathDescription.DECKING,65,52.61540412902832,0,0,7,0,0,7
0,DeathDescription.DECKING,65,69.20170783996582,0,0,7,0,0,7
0,DeathDescription.DECKING,65,68.24588775634766,0,0,7,0,0,7
0,DeathDescription.DECKING,65,53.90143394470215,0,0,7,0,0,7
0,DeathDescription.DECKING,65,62.83903121948242,0,0,7,0,0,7
0,DeathDescription.DECKING,65,43.135881423950195,0,0,7,0,0,7
0,DeathDescription.DECKING,65,50.40383338928223,0,0,7,0,0,7
0,DeathDescription.DECKING,65,49.299001693725586,0,0,7,0,0,7
0,DeathDescription.DECKING,65,61.36322021484375,0,0,7,0,0,7
0,DeathDescription.DECKING,65,51.92399024963379,0,0,7,0,0,7
0,DeathDescription.DECKING,65,51.18417739868164,0,0,7,0,0,7
0,DeathDescription.DECKING,65,65.06943702697754,0,0,7,0,0,7
0,DeathDescription.DECKING,65,59.067726135253906,0,0,7,0,0,7
0,DeathDescription.DECKING,65,58.65597724914551,0,0,7,0,0,7
0,DeathDescription.DECKING,65,57.72662162780762,0,0,7,0,0,7
0,DeathDescription.DECKING,65,67.4440860748291,0,0,7,0,0,7
0,DeathDescription.DECKING,65,44.63315010070801,0,0,7,0,0,7
0,DeathDescription.DECKING,65,61.78092956542969,0,0,7,0,0,7
0,DeathDescription.DECKING,65,38.99359703063965,0,0,7,0,0,7
0,DeathDescription.DECKING,65,50.77505111694336,0,0,7,0,0,7
0,DeathDescription.DECKING,65,52.8864860534668,0,0,7,0,0,7
0,DeathDescription.DECKING,65,48.279523849487305,0,0,7,0,0,7
0,DeathDescription.DECKING,65,92.48232841491699,0,0,7,0,0,7
0,DeathDescription.DECKING,65,49.25990104675293,0,0,7,0,0,7
0,DeathDescription.DECKING,65,56.705474853515625,0,0,7,0,0,7
0,DeathDescription.DECKING,65,57.92522430419922,0,0,7,0,0,7
0,DeathDescription.DECKING,65,50.331830978393555,0,0,7,0,0,7
0,DeathDescription.DECKING,65,59.67855453491211,0,0,7,0,0,7
0,DeathDescription.DECKING,65,61.47480010986328,0,0,7,0,0,7
0,DeathDescription.DECKING,65,53.032636642456055,0,0,7,0,0,7
0,DeathDescription.DECKING,65,61.425209045410156,0,0,7,0,0,7
0,DeathDescription.DECKING,65,63.62104415893555,0,0,7,0,0,7
0,DeathDescription.DECKING,65,44.78812217712402,0,0,7,0,0,7
0,DeathDescription.DECKING,65,50.684452056884766,0,0,7,0,0,7
0,DeathDescription.DECKING,65,40.47036170959473,0,0,7,0,0,7
0,DeathDescription.DECKING,65,39.3977165222168,0,0,7,0,0,7
0,DeathDescription.DECKING,65,51.308393478393555,0,0,7,0,0,7
0,DeathDescription.DECKING,65,49.32260513305664,0,0,7,0,0,7
0,DeathDescription.DECKING,65,58.942556381225586,0,0,7,0,0,7
0,DeathDescription.DECKING,65,51.381826400756836,0,0,7,0,0,7
0,DeathDescription.DECKING,65,59.03792381286621,0,0,7,0,0,7
0,DeathDescription.DECKING,65,50.998687744140625,0,0,7,0,0,7
0,DeathDescription.DECKING,65,62.94703483581543,0,0,7,0,0,7
0,DeathDescription.DECKING,65,52.16622352600098,0,0,7,0,0,7
0,DeathDescription.DECKING,65,72.84069061279297,0,0,7,0,0,7
0,DeathDescription.DECKING,65,67.63648986816406,0,0,7,0,0,7
0,DeathDescription.DECKING,65,52.74391174316406,0,0,7,0,0,7
0,DeathDescription.DECKING,65,66.91908836364746,0,0,7,0,0,7
0,DeathDescription.DECKING,65,64.04829025268555,0,0,7,0,0,7
0,DeathDescription.DECKING,65,45.05205154418945,0,0,7,0,0,7
0,DeathDescription.DECKING,65,64.95928764343262,0,0,7,0,0,7
0,DeathDescription.DECKING,65,59.30924415588379,0,0,7,0,0,7
0,DeathDescription.DECKING,65,83.5273265838623,0,0,7,0,0,7
0,DeathDescription.DECKING,65,55.61709403991699,0,0,7,0,0,7
0,DeathDescription.DECKING,65,65.39463996887207,0,0,7,0,0,7
0,DeathDescription.DECKING,65,45.51386833190918,0,0,7,0,0,7
0,DeathDescription.DECKING,65,63.271522521972656,0,0,7,0,0,7
0,DeathDescription.DECKING,65,46.20814323425293,0,0,7,0,0,7
0,DeathDescription.DECKING,65,58.692216873168945,0,0,7,0,0,7
0,DeathDescription.DECKING,65,54.971933364868164,0,0,7,0,0,7
0,DeathDescription.DECKING,65,59.8452091217041,0,0,7,0,0,7
0,DeathDescription.DECKING,65,70.78075408935547,0,0,7,0,0,7
0,DeathDescription.DECKING,65,48.54226112365723,0,0,7,0,0,7
0,DeathDescription.DECKING,65,43.166399002075195,0,0,7,0,0,7
0,DeathDescription.DECKING,65,43.20836067199707,0,0,7,0,0,7
0,DeathDescription.DECKING,65,60.10842323303223,0,0,7,0,0,7
0,DeathDescription.DECKING,65,60.03761291503906,0,0,7,0,0,7
0,DeathDescription.DECKING,65,58.208465576171875,0,0,7,0,0,7
0,DeathDescription.DECKING,65,51.965951919555664,0,0,7,0,0,7
0,DeathDescription.DECKING,65,55.01103401184082,0,0,7,0,0,7
0,DeathDescription.DECKING,65,53.144216537475586,0,0,7,0,0,7
0,DeathDescription.DECKING,65,49.88360404968262,0,0,7,0,0,7
0,DeathDescription.DECKING,65,42.473554611206055,0,0,7,0,0,7
0,DeathDescription.DECKING,65,52.18625068664551,0,0,7,0,0,7
0,DeathDescription.DECKING,65,61.46526336669922,0,0,7,0,0,7
0,DeathDescription.DECKING,65,48.55942726135254,0,0,7,0,0,7
0,DeathDescription.DECKING,65,74.9061107635498,0,0,7,0,0,7
0,DeathDescription.DECKING,65,42.59610176086426,0,0,7,0,0,7
0,DeathDescription.DECKING,65,56.52260780334473,0,0,7,0,0,7
0,DeathDescription.DECKING,65,66.9867992401123,0,0,7,0,0,7
0,DeathDescription.DECKING,65,68.09163093566895,0,0,7,0,0,7
0,DeathDescription.DECKING,65,42.90008544921875,0,0,7,0,0,7
0,DeathDescription.DECKING,65,68.31216812133789,0,0,7,0,0,7
0,DeathDescription.DECKING,65,44.90971565246582,0,0,7,0,0,7
0,DeathDescription.DECKING,65,60.93192100524902,0,0,7,0,0,7
0,DeathDescription.DECKING,65,66.12181663513184,0,0,7,0,0,7
0,DeathDescription.DECKING,65,43.76983642578125,0,0,7,0,0,7
0,DeathDescription.DECKING,65,40.602922439575195,0,0,7,0,0,7
0,DeathDescription.DECKING,65,54.33177947998047,0,0,7,0,0,7
0,DeathDescription.DECKING,65,69.45943832397461,0,0,7,0,0,7
0,DeathDescription.DECKING,65,59.55100059509277,0,0,7,0,0,7
0,DeathDescription.DECKING,65,48.42686653137207,0,0,7,0,0,7
0,DeathDescription.DECKING,65,45.690059661865234,0,0,7,0,0,7
0,DeathDescription.DECKING,65,40.590763092041016,0,0,7,0,0,7
0,DeathDescription.DECKING,65,48.2487678527832,0,0,7,0,0,7
0,DeathDescription.DECKING,65,51.544904708862305,0,0,7,0,0,7
0,DeathDescription.DECKING,65,62.448978424072266,0,0,7,0,0,7
0,DeathDescription.DECKING,65,45.388221740722656,0,0,7,0,0,7
0,DeathDescription.DECKING,65,54.48031425476074,0,0,7,0,0,7
0,DeathDescription.DECKING,65,38.680315017700195,0,0,7,0,0,7
0,DeathDescription.DECKING,65,41.57090187072754,0,0,7,0,0,7
0,DeathDescription.DECKING,65,60.7302188873291,0,0,7,0,0,7
0,DeathDescription.DECKING,65,40.292978286743164,0,0,7,0,0,7
0,DeathDescription.DECKING,65,57.73425102233887,0,0,7,0,0,7
0,DeathDescription.DECKING,65,54.865360260009766,0,0,7,0,0,7
0,DeathDescription.DECKING,65,58.23397636413574,0,0,7,0,0,7
0,DeathDescription.DECKING,65,54.2140007019043,0,0,7,0,0,7
0,DeathDescription.DECKING,65,67.2299861907959,0,0,7,0,0,7
0,DeathDescription.DECKING,65,61.51151657104492,0,0,7,0,0,7
0,DeathDescription.DECKING,65,73.45700263977051,0,0,7,0,0,7
0,DeathDescription.DECKING,65,39.34836387634277,0,0,7,0,0,7
0,DeathDescription.DECKING,65,57.74641036987305,0,0,7,0,0,7
0,DeathDescription.DECKING,65,43.889760971069336,0,0,7,0,0,7
0,DeathDescription.DECKING,65,49.45778846740723,0,0,7,0,0,7
0,DeathDescription.DECKING,65,44.71635818481445,0,0,7,0,0,7
0,DeathDescription.DECKING,65,48.575401306152344,0,0,7,0,0,7
0,DeathDescription.DECKING,65,71.5019702911377,0,0,7,0,0,7
0,DeathDescription.DECKING,65,52.641868591308594,0,0,7,0,0,7
0,DeathDescription.DECKING,65,61.051130294799805,0,0,7,0,0,7
0,DeathDescription.DECKING,65,41.08023643493652,0,0,7,0,0,7
0,DeathDescription.DECKING,65,71.69985771179199,0,0,7,0,0,7
0,DeathDescription.DECKING,65,38.39230537414551,0,0,7,0,0,7
0,DeathDescription.DECKING,65,80.17134666442871,0,0,7,0,0,7
0,DeathDescription.DECKING,65,50.841569900512695,0,0,7,0,0,7
0,DeathDescription.DECKING,65,55.10115623474121,0,0,7,0,0,7
0,DeathDescription.DECKING,65,40.19975662231445,0,0,7,0,0,7
0,DeathDescription.DECKING,65,57.56878852844238,0,0,7,0,0,7
0,DeathDescription.DECKING,65,47.867536544799805,0,0,7,0,0,7
0,DeathDescription.DECKING,65,51.32555961608887,0,0,7,0,0,7
0,DeathDescription.DECKING,65,41.48745536804199,0,0,7,0,0,7
0,DeathDescription.DECKING,65,49.30543899536133,0,0,7,0,0,7
0,DeathDescription.DECKING,65,38.91634941101074,0,0,7,0,0,7
0,DeathDescription.DECKING,65,67.09003448486328,0,0,7,0,0,7
0,DeathDescription.DECKING,65,55.2220344543457,0,0,7,0,0,7
0,DeathDescription.DECKING,65,47.11580276489258,0,0,7,0,0,7
0,DeathDescription.DECKING,65,65.7811164855957,0,0,7,0,0,7
0,DeathDescription.DECKING,65,44.82674598693848,0,0,7,0,0,7
0,DeathDescription.DECKING,65,62.155723571777344,0,0,7,0,0,7
0,DeathDescription.DECKING,65,50.078392028808594,0,0,7,0,0,7
0,DeathDescription.DECKING,65,63.81559371948242,0,0,7,0,0,7
0,DeathDescription.DECKING,65,45.477867126464844,0,0,7,0,0,7
0,DeathDescription.DECKING,65,52.97541618347168,0,0,7,0,0,7
0,DeathDescription.DECKING,65,54.969072341918945,0,0,7,0,0,7
0,DeathDescription.DECKING,65,51.238059997558594,0,0,7,0,0,7
0,DeathDescription.DECKING,65,37.726402282714844,0,0,7,0,0,7
0,DeathDescription.DECKING,65,42.45758056640625,0,0,7,0,0,7
0,DeathDescription.DECKING,65,55.23204803466797,0,0,7,0,0,7
0,DeathDescription.DECKING,65,53.159475326538086,0,0,7,0,0,7
0,DeathDescription.DECKING,65,49.102067947387695,0,0,7,0,0,7
0,DeathDescription.DECKING,65,55.61661720275879,0,0,7,0,0,7
0,DeathDescription.DECKING,65,65.83213806152344,0,0,7,0,0,7
0,DeathDescription.DECKING,65,45.05729675292969,0,0,7,0,0,7
0,DeathDescription.DECKING,65,57.62052536010742,0,0,7,0,0,7
0,DeathDescription.DECKING,65,50.28343200683594,0,0,7,0,0,7
0,DeathDescription.DECKING,65,70.7864761352539,0,0,7,0,0,7
0,DeathDescription.DECKING,65,39.56794738769531,0,0,7,0,0,7
0,DeathDescription.DECKING,65,60.39118766784668,0,0,7,0,0,7
0,DeathDescription.DECKING,65,46.40364646911621,0,0,7,0,0,7
0,DeathDescription.DECKING,65,56.73384666442871,0,0,7,0,0,7
0,DeathDescription.DECKING,65,44.35133934020996,0,0,7,0,0,7
0,DeathDescription.DECKING,65,53.810834884643555,0,0,7,0,0,7
0,DeathDescription.DECKING,65,62.3316764831543,0,0,7,0,0,7
0,DeathDescription.DECKING,65,55.46998977661133,0,0,7,0,0,7
0,DeathDescription.DECKING,65,61.01369857788086,0,0,7,0,0,7
0,DeathDescription.DECKING,65,69.97346878051758,0,0,7,0,0,7
0,DeathDescription.DECKING,65,70.953369140625,0,0,7,0,0,7
0,DeathDescription.DECKING,65,83.56451988220215,0,0,7,0,0,7
0,DeathDescription.DECKING,65,42.70195960998535,0,0,7,0,0,7
0,DeathDescription.DECKING,65,56.647300720214844,0,0,7,0,0,7
0,DeathDescription.DECKING,65,42.36745834350586,0,0,7,0,0,7
0,DeathDescription.DECKING,65,39.176225662231445,0,0,7,0,0,7
0,DeathDescription.DECKING,65,50.05931854248047,0,0,7,0,0,7
0,DeathDescription.DECKING,65,74.24807548522949,0,0,7,0,0,7
0,DeathDescription.DECKING,65,57.38258361816406,0,0,7,0,0,7
0,DeathDescription.DECKING,65,49.756526947021484,0,0,7,0,0,7
0,DeathDescription.DECKING,65,52.440643310546875,0,0,7,0,0,7
0,DeathDescription.DECKING,65,56.325435638427734,0,0,7,0,0,7
0,DeathDescription.DECKING,65,57.94191360473633,0,0,7,0,0,7
0,DeathDescription.DECKING,65,45.029401779174805,0,0,7,0,0,7
0,DeathDescription.DECKING,65,53.50160598754883,0,0,7,0,0,7
0,DeathDescription.DECKING,65,40.98796844482422,0,0,7,0,0,7
0,DeathDescription.DECKING,65,49.593210220336914,0,0,7,0,0,7
0,DeathDescription.DECKING,65,66.89786911010742,0,0,7,0,0,7
0,DeathDescription.DECKING,65,67.6579475402832,0,0,7,0,0,7
0,DeathDescription.DECKING,65,52.10113525390625,0,0,7,0,0,7
0,DeathDescription.DECKING,65,44.24881935119629,0,0,7,0,0,7
0,DeathDescription.DECKING,65,42.798757553100586,0,0,7,0,0,7
0,DeathDescription.DECKING,65,54.346323013305664,0,0,7,0,0,7
0,DeathDescription.DECKING,65,50.466299057006836,0,0,7,0,0,7
0,DeathDescription.DECKING,65,50.00472068786621,0,0,7,0,0,7
0,DeathDescription.DECKING,65,39.000511169433594,0,0,7,0,0,7
0,DeathDescription.DECKING,65,44.44599151611328,0,0,7,0,0,7
0,DeathDescription.DECKING,65,59.51333045959473,0,0,7,0,0,7
0,DeathDescription.DECKING,65,40.4050350189209,0,0,7,0,0,7
0,DeathDescription.DECKING,65,46.422481536865234,0,0,7,0,0,7
0,DeathDescription.DECKING,65,77.8055191040039,0,0,7,0,0,7
0,DeathDescription.DECKING,65,45.44496536254883,0,0,7,0,0,7
0,DeathDescription.DECKING,65,89.29228782653809,0,0,7,0,0,7
0,DeathDescription.DECKING,65,73.59075546264648,0,0,7,0,0,7
0,DeathDescription.DECKING,65,53.467512130737305,0,0,7,0,0,7
0,DeathDescription.DECKING,65,65.22798538208008,0,0,7,0,0,7
0,DeathDescription.DECKING,65,43.760061264038086,0,0,7,0,0,7
0,DeathDescription.DECKING,65,55.633544921875,0,0,7,0,0,7
0,DeathDescription.DECKING,65,49.24726486206055,0,0,7,0,0,7
0,DeathDescription.DECKING,65,56.821346282958984,0,0,7,0,0,7
0,DeathDescription.DECKING,65,55.643558502197266,0,0,7,0,0,7
0,DeathDescription.DECKING,65,55.08685111999512,0,0,7,0,0,7
0,DeathDescription.DECKING,65,49.33643341064453,0,0,7,0,0,7
0,DeathDescription.DECKING,65,69.98062133789062,0,0,7,0,0,7
0,DeathDescription.DECKING,65,45.81308364868164,0,0,7,0,0,7
0,DeathDescription.DECKING,65,75.53505897521973,0,0,7,0,0,7
0,DeathDescription.DECKING,65,50.90832710266113,0,0,7,0,0,7
0,DeathDescription.DECKING,65,65.48309326171875,0,0,7,0,0,7
0,DeathDescription.DECKING,65,49.80158805847168,0,0,7,0,0,7
0,DeathDescription.DECKING,65,61.86628341674805,0,0,7,0,0,7
0,DeathDescription.DECKING,65,40.062904357910156,0,0,7,0,0,7
0,DeathDescription.DECKING,65,69.91267204284668,0,0,7,0,0,7
0,DeathDescription.DECKING,65,45.52650451660156,0,0,7,0,0,7
0,DeathDescription.DECKING,65,83.27364921569824,0,0,7,0,0,7
0,DeathDescription.DECKING,65,50.65011978149414,0,0,7,0,0,7
0,DeathDescription.DECKING,65,75.1190185546875,0,0,7,0,0,7
0,DeathDescription.DECKING,65,47.440290451049805,0,0,7,0,0,7
0,DeathDescription.DECKING,65,57.523250579833984,0,0,7,0,0,7
0,DeathDescription.DECKING,65,46.462297439575195,0,0,7,0,0,7
0,DeathDescription.DECKING,65,64.01944160461426,0,0,7,0,0,7
0,DeathDescription.DECKING,65,55.92751502990723,0,0,7,0,0,7
0,DeathDescription.DECKING,65,54.85391616821289,0,0,7,0,0,7
0,DeathDescription.DECKING,65,47.92976379394531,0,0,7,0,0,7
0,DeathDescription.DECKING,65,55.14812469482422,0,0,7,0,0,7
0,DeathDescription.DECKING,65,52.980661392211914,0,0,7,0,0,7
0,DeathDescription.DECKING,65,55.3438663482666,0,0,7,0,0,7
0,DeathDescription.DECKING,65,48.79164695739746,0,0,7,0,0,7
0,DeathDescription.DECKING,65,62.2251033782959,0,0,7,0,0,7
0,DeathDescription.DECKING,65,43.1365966796875,0,0,7,0,0,7
0,DeathDescription.DECKING,65,62.30592727661133,0,0,7,0,0,7
0,DeathDescription.DECKING,65,49.44205284118652,0,0,7,0,0,7
0,DeathDescription.DECKING,65,45.937538146972656,0,0,7,0,0,7
0,DeathDescription.DECKING,65,44.04044151306152,0,0,7,0,0,7
0,DeathDescription.DECKING,65,75.70791244506836,0,0,7,0,0,7
0,DeathDescription.DECKING,65,49.29947853088379,0,0,7,0,0,7
0,DeathDescription.DECKING,65,58.55560302734375,0,0,7,0,0,7
0,DeathDescription.DECKING,65,70.0223445892334,0,0,7,0,0,7
0,DeathDescription.DECKING,65,51.68604850769043,0,0,7,0,0,7
0,DeathDescription.DECKING,65,54.83531951904297,0,0,7,0,0,7
0,DeathDescription.DECKING,65,59.93175506591797,0,0,7,0,0,7
0,DeathDescription.DECKING,65,54.17895317077637,0,0,7,0,0,7
0,DeathDescription.DECKING,65,47.30868339538574,0,0,7,0,0,7
0,DeathDescription.DECKING,65,54.286956787109375,0,0,7,0,0,7
0,DeathDescription.DECKING,65,45.586347579956055,0,0,7,0,0,7
0,DeathDescription.DECKING,65,41.66603088378906,0,0,7,0,0,7
0,DeathDescription.DECKING,65,40.3292179107666,0,0,7,0,0,7
0,DeathDescription.DECKING,65,51.908016204833984,0,0,7,0,0,7
0,DeathDescription.DECKING,65,57.08026885986328,0,0,7,0,0,7
0,DeathDescription.DECKING,65,42.12784767150879,0,0,7,0,0,7
0,DeathDescription.DECKING,65,50.21262168884277,0,0,7,0,0,7
0,DeathDescription.DECKING,65,41.25571250915527,0,0,7,0,0,7
0,DeathDescription.DECKING,65,47.45841026306152,0,0,7,0,0,7
0,DeathDescription.DECKING,65,45.59063911437988,0,0,7,0,0,7
0,DeathDescription.DECKING,65,61.67125701904297,0,0,7,0,0,7
0,DeathDescription.DECKING,65,64.63170051574707,0,0,7,0,0,7
0,DeathDescription.DECKING,65,43.65825653076172,0,0,7,0,0,7
0,DeathDescription.DECKING,65,55.89485168457031,0,0,7,0,0,7
0,DeathDescription.DECKING,65,46.916961669921875,0,0,7,0,0,7
0,DeathDescription.DECKING,65,75.77061653137207,0,0,7,0,0,7
0,DeathDescription.DECKING,65,41.24569892883301,0,0,7,0,0,7
0,DeathDescription.DECKING,65,59.56435203552246,0,0,7,0,0,7
0,DeathDescription.DECKING,65,41.60165786743164,0,0,7,0,0,7
0,DeathDescription.DECKING,65,56.142568588256836,0,0,7,0,0,7
0,DeathDescription.DECKING,65,48.478126525878906,0,0,7,0,0,7
0,DeathDescription.DECKING,65,47.051191329956055,0,0,7,0,0,7
0,DeathDescription.DECKING,65,55.233001708984375,0,0,7,0,0,7
0,DeathDescription.DECKING,65,59.152841567993164,0,0,7,0,0,7
0,DeathDescription.DECKING,65,57.772159576416016,0,0,7,0,0,7
0,DeathDescription.DECKING,65,56.647539138793945,0,0,7,0,0,7
0,DeathDescription.DECKING,65,41.87321662902832,0,0,7,0,0,7
0,DeathDescription.DECKING,65,46.66280746459961,0,0,7,0,0,7
0,DeathDescription.DECKING,65,56.22148513793945,0,0,7,0,0,7
0,DeathDescription.DECKING,65,60.770511627197266,0,0,7,0,0,7
0,DeathDescription.DECKING,65,59.693098068237305,0,0,7,0,0,7
0,DeathDescription.DECKING,65,52.35409736633301,0,0,7,0,0,7
0,DeathDescription.DECKING,65,59.45754051208496,0,0,7,0,0,7
0,DeathDescription.DECKING,65,42.62828826904297,0,0,7,0,0,7
0,DeathDescription.DECKING,65,68.3290958404541,0,0,7,0,0,7
0,DeathDescription.DECKING,65,55.4506778717041,0,0,7,0,0,7
0,DeathDescription.DECKING,65,51.561832427978516,0,0,7,0,0,7
0,DeathDescription.DECKING,65,40.50564765930176,0,0,7,0,0,7
0,DeathDescription.DECKING,65,40.33803939819336,0,0,7,0,0,7
0,DeathDescription.DECKING,65,54.277896881103516,0,0,7,0,0,7
0,DeathDescription.DECKING,65,48.94542694091797,0,0,7,0,0,7
0,DeathDescription.DECKING,65,46.52762413024902,0,0,7,0,0,7
0,DeathDescription.DECKING,65,50.528764724731445,0,0,7,0,0,7
0,DeathDescription.DECKING,65,54.46434020996094,0,0,7,0,0,7
0,DeathDescription.DECKING,65,48.998355865478516,0,0,7,0,0,7
0,DeathDescription.DECKING,65,53.8325309753418,0,0,7,0,0,7
0,DeathDescription.DECKING,65,59.870243072509766,0,0,7,0,0,7
0,DeathDescription.DECKING,65,49.23820495605469,0,0,7,0,0,7
0,DeathDescription.DECKING,65,60.91022491455078,0,0,7,0,0,7
0,DeathDescription.DECKING,65,53.38454246520996,0,0,7,0,0,7
0,DeathDescription.DECKING,65,59.74125862121582,0,0,7,0,0,7
0,DeathDescription.DECKING,65,50.612449645996094,0,0,7,0,0,7
0,DeathDescription.DECKING,65,53.7416934967041,0,0,7,0,0,7
0,DeathDescription.DECKING,65,38.57159614562988,0,0,7,0,0,7
0,DeathDescription.DECKING,65,59.6621036529541,0,0,7,0,0,7
0,DeathDescription.DECKING,65,57.25860595703125,0,0,7,0,0,7
0,DeathDescription.DECKING,65,44.30842399597168,0,0,7,0,0,7
0,DeathDescription.DECKING,65,45.19987106323242,0,0,7,0,0,7
0,DeathDescription.DECKING,65,40.90070724487305,0,0,7,0,0,7
0,DeathDescription.DECKING,65,49.65996742248535,0,0,7,0,0,7
0,DeathDescription.DECKING,65,48.572540283203125,0,0,7,0,0,7
0,DeathDescription.DECKING,65,46.44441604614258,0,0,7,0,0,7
0,DeathDescription.DECKING,65,49.924373626708984,0,0,7,0,0,7
0,DeathDescription.DECKING,65,53.65943908691406,0,0,7,0,0,7
0,DeathDescription.DECKING,65,39.72768783569336,0,0,7,0,0,7
0,DeathDescription.DECKING,65,52.58607864379883,0,0,7,0,0,7
0,DeathDescription.DECKING,65,55.88364601135254,0,0,7,0,0,7
0,DeathDescription.DECKING,65,44.0826416015625,0,0,7,0,0,7
0,DeathDescription.DECKING,65,65.27590751647949,0,0,7,0,0,7
0,DeathDescription.DECKING,65,58.37512016296387,0,0,7,0,0,7
0,DeathDescription.DECKING,65,44.59810256958008,0,0,7,0,0,7
0,DeathDescription.DECKING,65,62.845706939697266,0,0,7,0,0,7
0,DeathDescription.DECKING,65,45.427799224853516,0,0,7,0,0,7
0,DeathDescription.DECKING,65,74.95713233947754,0,0,7,0,0,7
0,DeathDescription.DECKING,65,47.56498336791992,0,0,7,0,0,7
0,DeathDescription.DECKING,65,85.72888374328613,0,0,7,0,0,7
0,DeathDescription.DECKING,65,49.91436004638672,0,0,7,0,0,7
0,DeathDescription.DECKING,65,58.147430419921875,0,0,7,0,0,7
0,DeathDescription.DECKING,65,61.510324478149414,0,0,7,0,0,7
0,DeathDescription.DECKING,65,57.31487274169922,0,0,7,0,0,7
0,DeathDescription.DECKING,65,76.2178897857666,0,0,7,0,0,7
0,DeathDescription.DECKING,65,57.55782127380371,0,0,7,0,0,7
0,DeathDescription.DECKING,65,70.31798362731934,0,0,7,0,0,7
0,DeathDescription.DECKING,65,52.69670486450195,0,0,7,0,0,7
0,DeathDescription.DECKING,65,52.59823799133301,0,0,7,0,0,7
0,DeathDescription.DECKING,65,53.510189056396484,0,0,7,0,0,7
0,DeathDescription.DECKING,65,44.85011100769043,0,0,7,0,0,7
0,DeathDescription.DECKING,65,40.964365005493164,0,0,7,0,0,7
0,DeathDescription.DECKING,65,77.06856727600098,0,0,7,0,0,7
0,DeathDescription.DECKING,65,44.50225830078125,0,0,7,0,0,7
0,DeathDescription.DECKING,65,61.50555610656738,0,0,7,0,0,7
0,DeathDescription.DECKING,65,40.36903381347656,0,0,7,0,0,7
0,DeathDescription.DECKING,65,63.683509826660156,0,0,7,0,0,7
0,DeathDescription.DECKING,65,43.96653175354004,0,0,7,0,0,7
0,DeathDescription.DECKING,65,63.80486488342285,0,0,7,0,0,7
0,DeathDescription.DECKING,65,43.07699203491211,0,0,7,0,0,7
0,DeathDescription.DECKING,65,64.00632858276367,0,0,7,0,0,7
0,DeathDescription.DECKING,65,57.039737701416016,0,0,7,0,0,7
0,DeathDescription.DECKING,65,49.58319664001465,0,0,7,0,0,7
0,DeathDescription.DECKING,65,45.88127136230469,0,0,7,0,0,7
0,DeathDescription.DECKING,65,69.99659538269043,0,0,7,0,0,7
0,DeathDescription.DECKING,65,71.18415832519531,0,0,7,0,0,7
0,DeathDescription.DECKING,65,52.80590057373047,0,0,7,0,0,7
0,DeathDescription.DECKING,65,61.423540115356445,0,0,7,0,0,7
0,DeathDescription.DECKING,65,59.55243110656738,0,0,7,0,0,7
0,DeathDescription.DECKING,65,45.09377479553223,0,0,7,0,0,7
0,DeathDescription.DECKING,65,48.87795448303223,0,0,7,0,0,7
0,DeathDescription.DECKING,65,38.565635681152344,0,0,7,0,0,7
0,DeathDescription.DECKING,65,47.00016975402832,0,0,7,0,0,7
0,DeathDescription.DECKING,65,39.87717628479004,0,0,7,0,0,7
0,DeathDescription.DECKING,65,44.319868087768555,0,0,7,0,0,7
0,DeathDescription.DECKING,65,55.93299865722656,0,0,7,0,0,7
0,DeathDescription.DECKING,65,41.248321533203125,0,0,7,0,0,7
0,DeathDescription.DECKING,65,44.04282569885254,0,0,7,0,0,7
0,DeathDescription.DECKING,65,54.976463317871094,0,0,7,0,0,7
0,DeathDescription.DECKING,65,48.55084419250488,0,0,7,0,0,7
0,DeathDescription.DECKING,65,70.91951370239258,0,0,7,0,0,7
0,DeathDescription.DECKING,65,81.27808570861816,0,0,7,0,0,7
0,DeathDescription.DECKING,65,39.33453559875488,0,0,7,0,0,7
0,DeathDescription.DECKING,65,49.6978759765625,0,0,7,0,0,7
0,DeathDescription.DECKING,65,66.84398651123047,0,0,7,0,0,7
0,DeathDescription.DECKING,65,45.80545425415039,0,0,7,0,0,7
0,DeathDescription.DECKING,65,49.956560134887695,0,0,7,0,0,7
0,DeathDescription.DECKING,65,43.89238357543945,0,0,7,0,0,7
0,DeathDescription.DECKING,65,58.32624435424805,0,0,7,0,0,7
0,DeathDescription.DECKING,65,69.59939002990723,0,0,7,0,0,7
0,DeathDescription.DECKING,65,48.19917678833008,0,0,7,0,0,7
0,DeathDescription.DECKING,65,51.33938789367676,0,0,7,0,0,7
0,DeathDescription.DECKING,65,52.09755897521973,0,0,7,0,0,7
0,DeathDescription.DECKING,65,55.512189865112305,0,0,7,0,0,7
0,DeathDescription.DECKING,65,51.366567611694336,0,0,7,0,0,7
0,DeathDescription.DECKING,65,48.15220832824707,0,0,7,0,0,7
0,DeathDescription.DECKING,65,56.303977966308594,0,0,7,0,0,7
0,DeathDescription.DECKING,65,67.90447235107422,0,0,7,0,0,7
0,DeathDescription.DECKING,65,45.95041275024414,0,0,7,0,0,7
0,DeathDescription.DECKING,65,52.98185348510742,0,0,7,0,0,7
0,DeathDescription.DECKING,65,49.55029487609863,0,0,7,0,0,7
0,DeathDescription.DECKING,65,46.045780181884766,0,0,7,0,0,7
0,DeathDescription.DECKING,65,46.54502868652344,0,0,7,0,0,7
0,DeathDescription.DECKING,65,45.28927803039551,0,0,7,0,0,7
0,DeathDescription.DECKING,65,62.83307075500488,0,0,7,0,0,7
0,DeathDescription.DECKING,65,55.61375617980957,0,0,7,0,0,7
0,DeathDescription.DECKING,65,64.82481956481934,0,0,7,0,0,7
0,DeathDescription.DECKING,65,39.91246223449707,0,0,7,0,0,7
0,DeathDescription.DECKING,65,67.58856773376465,0,0,7,0,0,7
0,DeathDescription.DECKING,65,48.56109619140625,0,0,7,0,0,7
0,DeathDescription.DECKING,65,54.46314811706543,0,0,7,0,0,7
0,DeathDescription.DECKING,65,52.60896682739258,0,0,7,0,0,7
0,DeathDescription.DECKING,65,50.39048194885254,0,0,7,0,0,7
0,DeathDescription.DECKING,65,41.322946548461914,0,0,7,0,0,7
0,DeathDescription.DECKING,65,40.731191635131836,0,0,7,0,0,7
0,DeathDescription.DECKING,65,73.22454452514648,0,0,7,0,0,7
0,DeathDescription.DECKING,65,45.52936553955078,0,0,7,0,0,7
0,DeathDescription.DECKING,65,54.75258827209473,0,0,7,0,0,7
0,DeathDescription.DECKING,65,50.672054290771484,0,0,7,0,0,7
0,DeathDescription.DECKING,65,54.76784706115723,0,0,7,0,0,7
0,DeathDescription.DECKING,65,57.20210075378418,0,0,7,0,0,7
0,DeathDescription.DECKING,65,80.68013191223145,0,0,7,0,0,7
0,DeathDescription.DECKING,65,52.320003509521484,0,0,7,0,0,7
0,DeathDescription.DECKING,65,63.01736831665039,0,0,7,0,0,7
0,DeathDescription.DECKING,65,46.90265655517578,0,0,7,0,0,7
0,DeathDescription.DECKING,65,53.581953048706055,0,0,7,0,0,7
0,DeathDescription.DECKING,65,44.79360580444336,0,0,7,0,0,7
0,DeathDescription.DECKING,65,50.27461051940918,0,0,7,0,0,7
0,DeathDescription.DECKING,65,56.03671073913574,0,0,7,0,0,7
0,DeathDescription.DECKING,65,37.801265716552734,0,0,7,0,0,7
0,DeathDescription.DECKING,65,43.1513786315918,0,0,7,0,0,7
0,DeathDescription.DECKING,65,76.28655433654785,0,0,7,0,0,7
0,DeathDescription.DECKING,65,48.17318916320801,0,0,7,0,0,7
0,DeathDescription.DECKING,65,59.88454818725586,0,0,7,0,0,7
0,DeathDescription.DECKING,65,49.427032470703125,0,0,7,0,0,7
0,DeathDescription.DECKING,65,67.82650947570801,0,0,7,0,0,7
0,DeathDescription.DECKING,65,43.351173400878906,0,0,7,0,0,7
0,DeathDescription.DECKING,65,55.14025688171387,0,0,7,0,0,7
0,DeathDescription.DECKING,65,51.671743392944336,0,0,7,0,0,7
0,DeathDescription.DECKING,65,53.7724494934082,0,0,7,0,0,7
0,DeathDescription.DECKING,65,58.5017204284668,0,0,7,0,0,7
0,DeathDescription.DECKING,65,72.27730751037598,0,0,7,0,0,7
0,DeathDescription.DECKING,65,46.76961898803711,0,0,7,0,0,7
0,DeathDescription.DECKING,65,52.259206771850586,0,0,7,0,0,7
0,DeathDescription.DECKING,65,38.97833824157715,0,0,7,0,0,7
0,DeathDescription.DECKING,65,74.39947128295898,0,0,7,0,0,7
0,DeathDescription.DECKING,65,65.82188606262207,0,0,7,0,0,7
0,DeathDescription.DECKING,65,50.580739974975586,0,0,7,0,0,7
0,DeathDescription.DECKING,65,40.24219512939453,0,0,7,0,0,7
0,DeathDescription.DECKING,65,39.49856758117676,0,0,7,0,0,7
0,DeathDescription.DECKING,65,49.03221130371094,0,0,7,0,0,7
0,DeathDescription.DECKING,65,58.51101875305176,0,0,7,0,0,7
0,DeathDescription.DECKING,65,56.89263343811035,0,0,7,0,0,7
0,DeathDescription.DECKING,65,61.8133544921875,0,0,7,0,0,7
0,DeathDescription.DECKING,65,40.876150131225586,0,0,7,0,0,7
0,DeathDescription.DECKING,65,61.70511245727539,0,0,7,0,0,7
0,DeathDescription.DECKING,65,39.12782669067383,0,0,7,0,0,7
0,DeathDescription.DECKING,65,51.06353759765625,0,0,7,0,0,7
0,DeathDescription.DECKING,65,44.535160064697266,0,0,7,0,0,7
0,DeathDescription.DECKING,65,42.10638999938965,0,0,7,0,0,7
0,DeathDescription.DECKING,65,61.11645698547363,0,0,7,0,0,7
0,DeathDescription.DECKING,65,46.97728157043457,0,0,7,0,0,7
0,DeathDescription.DECKING,65,48.75683784484863,0,0,7,0,0,7
0,DeathDescription.DECKING,65,39.301395416259766,0,0,7,0,0,7
0,DeathDescription.DECKING,65,51.88393592834473,0,0,7,0,0,7
0,DeathDescription.DECKING,65,42.64664649963379,0,0,7,0,0,7
0,DeathDescription.DECKING,65,50.768136978149414,0,0,7,0,0,7
0,DeathDescription.DECKING,65,46.13995552062988,0,0,7,0,0,7
0,DeathDescription.DECKING,65,54.4276237487793,0,0,7,0,0,7
0,DeathDescription.DECKING,65,40.38429260253906,0,0,7,0,0,7
0,DeathDescription.DECKING,65,39.86763954162598,0,0,7,0,0,7
0,DeathDescription.DECKING,65,53.69234085083008,0,0,7,0,0,7
0,DeathDescription.DECKING,65,49.52359199523926,0,0,7,0,0,7
0,DeathDescription.DECKING,65,44.33250427246094,0,0,7,0,0,7
0,DeathDescription.DECKING,65,60.892581939697266,0,0,7,0,0,7
0,DeathDescription.DECKING,65,46.74887657165527,0,0,7,0,0,7
0,DeathDescription.DECKING,65,65.5813217163086,0,0,7,0,0,7
0,DeathDescription.DECKING,65,75.1485824584961,0,0,7,0,0,7
0,DeathDescription.DECKING,65,40.05146026611328,0,0,7,0,0,7
0,DeathDescription.DECKING,65,50.2774715423584,0,0,7,0,0,7
0,DeathDescription.DECKING,65,65.03701210021973,0,0,7,0,0,7
0,DeathDescription.DECKING,65,50.60744285583496,0,0,7,0,0,7
0,DeathDescription.DECKING,65,47.918081283569336,0,0,7,0,0,7
0,DeathDescription.DECKING,65,55.2210807800293,0,0,7,0,0,7
0,DeathDescription.DECKING,65,78.08208465576172,0,0,7,0,0,7
0,DeathDescription.DECKING,65,47.536373138427734,0,0,7,0,0,7
0,DeathDescription.DECKING,65,45.247793197631836,0,0,7,0,0,7
0,DeathDescription.DECKING,65,44.179677963256836,0,0,7,0,0,7
0,DeathDescription.DECKING,65,42.717695236206055,0,0,7,0,0,7
0,DeathDescription.DECKING,65,54.51560020446777,0,0,7,0,0,7
0,DeathDescription.DECKING,65,45.55797576904297,0,0,7,0,0,7
0,DeathDescription.DECKING,65,53.59673500061035,0,0,7,0,0,7
0,DeathDescription.DECKING,65,50.27318000793457,0,0,7,0,0,7
0,DeathDescription.DECKING,65,62.741756439208984,0,0,7,0,0,7
0,DeathDescription.DECKING,65,50.687551498413086,0,0,7,0,0,7
0,DeathDescription.DECKING,65,91.4309024810791,0,0,7,0,0,7
0,DeathDescription.DECKING,65,64.18466567993164,0,0,7,0,0,7
0,DeathDescription.DECKING,65,66.77436828613281,0,0,7,0,0,7
0,DeathDescription.DECKING,65,53.6808967590332,0,0,7,0,0,7
0,DeathDescription.DECKING,65,51.93781852722168,0,0,7,0,0,7
0,DeathDescription.DECKING,65,48.40087890625,0,0,7,0,0,7
0,DeathDescription.DECKING,65,45.310020446777344,0,0,7,0,0,7
0,DeathDescription.DECKING,65,52.323341369628906,0,0,7,0,0,7
0,DeathDescription.DECKING,65,72.99590110778809,0,0,7,0,0,7
0,DeathDescription.DECKING,65,48.55084419250488,0,0,7,0,0,7
0,DeathDescription.DECKING,65,71.59423828125,0,0,7,0,0,7
0,DeathDescription.DECKING,65,65.6728744506836,0,0,7,0,0,7
0,DeathDescription.DECKING,65,56.45561218261719,0,0,7,0,0,7
0,DeathDescription.DECKING,65,71.47383689880371,0,0,7,0,0,7
0,DeathDescription.DECKING,65,66.80154800415039,0,0,7,0,0,7
0,DeathDescription.DECKING,65,59.342145919799805,0,0,7,0,0,7
0,DeathDescription.DECKING,65,55.58514595031738,0,0,7,0,0,7
0,DeathDescription.DECKING,65,58.977603912353516,0,0,7,0,0,7
0,DeathDescription.DECKING,65,60.58979034423828,0,0,7,0,0,7
0,DeathDescription.DECKING,65,61.684370040893555,0,0,7,0,0,7
0,DeathDescription.DECKING,65,41.16106033325195,0,0,7,0,0,7
0,DeathDescription.DECKING,65,54.76117134094238,0,0,7,0,0,7
0,DeathDescription.DECKING,65,46.78702354431152,0,0,7,0,0,7
0,DeathDescription.DECKING,65,67.00420379638672,0,0,7,0,0,7
0,DeathDescription.DECKING,65,50.583839416503906,0,0,7,0,0,7
0,DeathDescription.DECKING,65,50.364017486572266,0,0,7,0,0,7
0,DeathDescription.DECKING,65,41.326045989990234,0,0,7,0,0,7
0,DeathDescription.DECKING,65,48.8438606262207,0,0,7,0,0,7
0,DeathDescription.DECKING,65,45.293569564819336,0,0,7,0,0,7
0,DeathDescription.DECKING,65,50.77672004699707,0,0,7,0,0,7
0,DeathDescription.DECKING,65,54.43310737609863,0,0,7,0,0,7
0,DeathDescription.DECKING,65,52.28376388549805,0,0,7,0,0,7
0,DeathDescription.DECKING,65,55.72843551635742,0,0,7,0,0,7
0,DeathDescription.DECKING,65,50.22096633911133,0,0,7,0,0,7
0,DeathDescription.DECKING,65,59.56101417541504,0,0,7,0,0,7
0,DeathDescription.DECKING,65,84.50508117675781,0,0,7,0,0,7
0,DeathDescription.DECKING,65,51.73158645629883,0,0,7,0,0,7
0,DeathDescription.DECKING,65,86.31181716918945,0,0,7,0,0,7
0,DeathDescription.DECKING,65,48.79617691040039,0,0,7,0,0,7
0,DeathDescription.DECKING,65,69.64445114135742,0,0,7,0,0,7
0,DeathDescription.DECKING,65,59.02409553527832,0,0,7,0,0,7
0,DeathDescription.DECKING,65,54.13198471069336,0,0,7,0,0,7
0,DeathDescription.DECKING,65,51.63836479187012,0,0,7,0,0,7
0,DeathDescription.DECKING,65,67.75808334350586,0,0,7,0,0,7
0,DeathDescription.DECKING,65,64.09573554992676,0,0,7,0,0,7
0,DeathDescription.DECKING,65,71.51508331298828,0,0,7,0,0,7
0,DeathDescription.DECKING,65,44.86989974975586,0,0,7,0,0,7
0,DeathDescription.DECKING,65,70.19162178039551,0,0,7,0,0,7
0,DeathDescription.DECKING,65,71.57492637634277,0,0,7,0,0,7
0,DeathDescription.DECKING,65,61.678171157836914,0,0,7,0,0,7
0,DeathDescription.DECKING,65,79.28586006164551,0,0,7,0,0,7
0,DeathDescription.DECKING,65,63.58838081359863,0,0,7,0,0,7
0,DeathDescription.DECKING,65,63.179731369018555,0,0,7,0,0,7
0,DeathDescription.DECKING,65,47.756195068359375,0,0,7,0,0,7
0,DeathDescription.DECKING,65,61.63334846496582,0,0,7,0,0,7
0,DeathDescription.DECKING,65,72.86834716796875,0,0,7,0,0,7
0,DeathDescription.DECKING,65,45.66240310668945,0,0,7,0,0,7
0,DeathDescription.DECKING,65,56.67614936828613,0,0,7,0,0,7
0,DeathDescription.DECKING,65,44.92378234863281,0,0,7,0,0,7
0,DeathDescription.DECKING,65,67.30055809020996,0,0,7,0,0,7
0,DeathDescription.DECKING,65,54.918766021728516,0,0,7,0,0,7
0,DeathDescription.DECKING,65,55.281877517700195,0,0,7,0,0,7
0,DeathDescription.DECKING,65,39.69454765319824,0,0,7,0,0,7
0,DeathDescription.DECKING,65,51.71918869018555,0,0,7,0,0,7
0,DeathDescription.DECKING,65,67.0170783996582,0,0,7,0,0,7
0,DeathDescription.DECKING,65,56.299448013305664,0,0,7,0,0,7
0,DeathDescription.DECKING,65,46.92244529724121,0,0,7,0,0,7
0,DeathDescription.DECKING,65,45.70722579956055,0,0,7,0,0,7
0,DeathDescription.DECKING,65,52.28924751281738,0,0,7,0,0,7
0,DeathDescription.DECKING,65,74.70417022705078,0,0,7,0,0,7
0,DeathDescription.DECKING,65,45.642852783203125,0,0,7,0,0,7
0,DeathDescription.DECKING,65,62.23797798156738,0,0,7,0,0,7
0,DeathDescription.DECKING,65,78.92680168151855,0,0,7,0,0,7
0,DeathDescription.DECKING,65,63.05336952209473,0,0,7,0,0,7
0,DeathDescription.DECKING,65,50.41337013244629,0,0,7,0,0,7
0,DeathDescription.DECKING,65,59.050559997558594,0,0,7,0,0,7
0,DeathDescription.DECKING,65,58.64882469177246,0,0,7,0,0,7
0,DeathDescription.DECKING,65,75.04415512084961,0,0,7,0,0,7
0,DeathDescription.DECKING,65,40.04621505737305,0,0,7,0,0,7
0,DeathDescription.DECKING,65,63.93575668334961,0,0,7,0,0,7
0,DeathDescription.DECKING,65,46.221017837524414,0,0,7,0,0,7
0,DeathDescription.DECKING,65,42.34457015991211,0,0,7,0,0,7
0,DeathDescription.DECKING,65,56.648969650268555,0,0,7,0,0,7
0,DeathDescription.DECKING,65,40.103912353515625,0,0,7,0,0,7
0,DeathDescription.DECKING,65,74.37705993652344,0,0,7,0,0,7
0,DeathDescription.DECKING,65,39.59512710571289,0,0,7,0,0,7
0,DeathDescription.DECKING,65,51.90014839172363,0,0,7,0,0,7
0,DeathDescription.DECKING,65,40.29035568237305,0,0,7,0,0,7
0,DeathDescription.DECKING,65,37.96577453613281,0,0,7,0,0,7
0,DeathDescription.DECKING,65,57.29842185974121,0,0,7,0,0,7
0,DeathDescription.DECKING,65,51.50294303894043,0,0,7,0,0,7
0,DeathDescription.DECKING,65,67.5663948059082,0,0,7,0,0,7
0,DeathDescription.DECKING,65,53.96604537963867,0,0,7,0,0,7
0,DeathDescription.DECKING,65,56.08081817626953,0,0,7,0,0,7
0,DeathDescription.DECKING,65,46.90289497375488,0,0,7,0,0,7
0,DeathDescription.DECKING,65,49.84688758850098,0,0,7,0,0,7
0,DeathDescription.DECKING,65,41.429758071899414,0,0,7,0,0,7
0,DeathDescription.DECKING,65,39.0317440032959,0,0,7,0,0,7
0,DeathDescription.DECKING,65,40.91525077819824,0,0,7,0,0,7
0,DeathDescription.DECKING,65,68.71223449707031,0,0,7,0,0,7
0,DeathDescription.DECKING,65,56.777238845825195,0,0,7,0,0,7
0,DeathDescription.DECKING,65,44.21854019165039,0,0,7,0,0,7
0,DeathDescription.DECKING,65,50.52304267883301,0,0,7,0,0,7
0,DeathDescription.DECKING,65,38.422584533691406,0,0,7,0,0,7
0,DeathDescription.DECKING,65,72.16000556945801,0,0,7,0,0,7
0,DeathDescription.DECKING,65,65.0479793548584,0,0,7,0,0,7
0,DeathDescription.DECKING,65,43.44320297241211,0,0,7,0,0,7
0,DeathDescription.DECKING,65,63.413381576538086,0,0,7,0,0,7
0,DeathDescription.DECKING,65,47.88994789123535,0,0,7,0,0,7
0,DeathDescription.DECKING,65,41.55611991882324,0,0,7,0,0,7
0,DeathDescription.DECKING,65,40.88282585144043,0,0,7,0,0,7
0,DeathDescription.DECKING,65,37.88042068481445,0,0,7,0,0,7
0,DeathDescription.DECKING,65,63.64917755126953,0,0,7,0,0,7
0,DeathDescription.DECKING,65,39.4434928894043,0,0,7,0,0,7
0,DeathDescription.DECKING,65,50.74429512023926,0,0,7,0,0,7
0,DeathDescription.DECKING,65,59.45253372192383,0,0,7,0,0,7
0,DeathDescription.DECKING,65,44.39520835876465,0,0,7,0,0,7
0,DeathDescription.DECKING,65,58.73823165893555,0,0,7,0,0,7
0,DeathDescription.DECKING,65,65.30928611755371,0,0,7,0,0,7
0,DeathDescription.DECKING,65,57.1291446685791,0,0,7,0,0,7
0,DeathDescription.DECKING,65,54.795265197753906,0,0,7,0,0,7
0,DeathDescription.DECKING,65,51.859140396118164,0,0,7,0,0,7
0,DeathDescription.DECKING,65,50.74810981750488,0,0,7,0,0,7
0,DeathDescription.DECKING,65,68.4659481048584,0,0,7,0,0,7
0,DeathDescription.DECKING,65,46.16570472717285,0,0,7,0,0,7
0,DeathDescription.DECKING,65,56.500911712646484,0,0,7,0,0,7
0,DeathDescription.DECKING,65,55.05251884460449,0,0,7,0,0,7
0,DeathDescription.DECKING,65,74.82790946960449,0,0,7,0,0,7
0,DeathDescription.DECKING,65,51.012516021728516,0,0,7,0,0,7
0,DeathDescription.DECKING,65,55.40966987609863,0,0,7,0,0,7
0,DeathDescription.DECKING,65,66.68591499328613,0,0,7,0,0,7
0,DeathDescription.DECKING,65,59.110403060913086,0,0,7,0,0,7
0,DeathDescription.DECKING,65,56.10990524291992,0,0,7,0,0,7
0,DeathDescription.DECKING,65,42.26279258728027,0,0,7,0,0,7
0,DeathDescription.DECKING,65,49.55291748046875,0,0,7,0,0,7
0,DeathDescription.DECKING,65,46.478986740112305,0,0,7,0,0,7
0,DeathDescription.DECKING,65,67.12746620178223,0,0,7,0,0,7
0,DeathDescription.DECKING,65,82.5040340423584,0,0,7,0,0,7
0,DeathDescription.DECKING,65,75.88028907775879,0,0,7,0,0,7
0,DeathDescription.DECKING,65,44.84724998474121,0,0,7,0,0,7
0,DeathDescription.DECKING,65,59.39459800720215,0,0,7,0,0,7
0,DeathDescription.DECKING,65,55.29356002807617,0,0,7,0,0,7
0,DeathDescription.DECKING,65,61.99312210083008,0,0,7,0,0,7
0,DeathDescription.DECKING,65,74.81646537780762,0,0,7,0,0,7
0,DeathDescription.DECKING,65,76.99751853942871,0,0,7,0,0,7
0,DeathDescription.DECKING,65,56.24890327453613,0,0,7,0,0,7
0,DeathDescription.DECKING,65,50.63605308532715,0,0,7,0,0,7
0,DeathDescription.DECKING,65,50.07791519165039,0,0,7,0,0,7
0,DeathDescription.DECKING,65,59.691429138183594,0,0,7,0,0,7
0,DeathDescription.DECKING,65,53.12681198120117,0,0,7,0,0,7
0,DeathDescription.DECKING,65,82.3218822479248,0,0,7,0,0,7
0,DeathDescription.DECKING,65,51.25689506530762,0,0,7,0,0,7
0,DeathDescription.DECKING,65,52.52671241760254,0,0,7,0,0,7
0,DeathDescription.DECKING,65,63.00187110900879,0,0,7,0,0,7
0,DeathDescription.DECKING,65,49.70860481262207,0,0,7,0,0,7
0,DeathDescription.DECKING,65,65.51122665405273,0,0,7,0,0,7
0,DeathDescription.DECKING,65,61.58757209777832,0,0,7,0,0,7
0,DeathDescription.DECKING,65,65.55032730102539,0,0,7,0,0,7
0,DeathDescription.DECKING,65,61.58804893493652,0,0,7,0,0,7
0,DeathDescription.DECKING,65,58.14313888549805,0,0,7,0,0,7
0,DeathDescription.DECKING,65,69.92387771606445,0,0,7,0,0,7
0,DeathDescription.DECKING,65,51.809072494506836,0,0,7,0,0,7
0,DeathDescription.DECKING,65,44.443607330322266,0,0,7,0,0,7
0,DeathDescription.DECKING,65,48.047780990600586,0,0,7,0,0,7
0,DeathDescription.DECKING,65,71.30861282348633,0,0,7,0,0,7
0,DeathDescription.DECKING,65,47.25933074951172,0,0,7,0,0,7
0,DeathDescription.DECKING,65,58.93588066101074,0,0,7,0,0,7
0,DeathDescription.DECKING,65,60.64939498901367,0,0,7,0,0,7
0,DeathDescription.DECKING,65,63.807010650634766,0,0,7,0,0,7
0,DeathDescription.DECKING,65,55.00221252441406,0,0,7,0,0,7
0,DeathDescription.DECKING,65,57.480812072753906,0,0,7,0,0,7
0,DeathDescription.DECKING,65,39.560556411743164,0,0,7,0,0,7
0,DeathDescription.DECKING,65,39.63637351989746,0,0,7,0,0,7
0,DeathDescription.DECKING,65,58.08424949645996,0,0,7,0,0,7
0,DeathDescription.DECKING,65,45.10068893432617,0,0,7,0,0,7
0,DeathDescription.DECKING,65,61.90633773803711,0,0,7,0,0,7
0,DeathDescription.DECKING,65,40.89069366455078,0,0,7,0,0,7
0,DeathDescription.DECKING,65,71.96331024169922,0,0,7,0,0,7
0,DeathDescription.DECKING,65,51.22947692871094,0,0,7,0,0,7
0,DeathDescription.DECKING,65,50.435781478881836,0,0,7,0,0,7
0,DeathDescription.DECKING,65,52.04176902770996,0,0,7,0,0,7
0,DeathDescription.DECKING,65,52.98185348510742,0,0,7,0,0,7
0,DeathDescription.DECKING,65,47.245025634765625,0,0,7,0,0,7
0,DeathDescription.DECKING,65,46.56195640563965,0,0,7,0,0,7
0,DeathDescription.DECKING,65,47.437191009521484,0,0,7,0,0,7
0,DeathDescription.DECKING,65,53.80082130432129,0,0,7,0,0,7
0,DeathDescription.DECKING,65,72.3421573638916,0,0,7,0,0,7
0,DeathDescription.DECKING,65,46.4785099029541,0,0,7,0,0,7
0,DeathDescription.DECKING,65,48.00820350646973,0,0,7,0,0,7
0,DeathDescription.DECKING,65,55.866241455078125,0,0,7,0,0,7
0,DeathDescription.DECKING,65,53.383588790893555,0,0,7,0,0,7
0,DeathDescription.DECKING,65,43.64371299743652,0,0,7,0,0,7
0,DeathDescription.DECKING,65,40.27700424194336,0,0,7,0,0,7
0,DeathDescription.DECKING,65,50.52995681762695,0,0,7,0,0,7
0,DeathDescription.DECKING,65,73.43339920043945,0,0,7,0,0,7
0,DeathDescription.DECKING,65,54.636240005493164,0,0,7,0,0,7
0,DeathDescription.DECKING,65,41.47005081176758,0,0,7,0,0,7
0,DeathDescription.DECKING,65,48.876285552978516,0,0,7,0,0,7
0,DeathDescription.DECKING,65,60.296058654785156,0,0,7,0,0,7
0,DeathDescription.DECKING,65,43.267011642456055,0,0,7,0,0,7
0,DeathDescription.DECKING,65,68.48025321960449,0,0,7,0,0,7
0,DeathDescription.DECKING,65,45.68648338317871,0,0,7,0,0,7
0,DeathDescription.DECKING,65,63.210248947143555,0,0,7,0,0,7
0,DeathDescription.DECKING,65,40.31014442443848,0,0,7,0,0,7
0,DeathDescription.DECKING,65,59.48233604431152,0,0,7,0,0,7
0,DeathDescription.DECKING,65,37.454843521118164,0,0,7,0,0,7
0,DeathDescription.DECKING,65,58.80308151245117,0,0,7,0,0,7
0,DeathDescription.DECKING,65,55.676937103271484,0,0,7,0,0,7
0,DeathDescription.DECKING,65,57.04641342163086,0,0,7,0,0,7
0,DeathDescription.DECKING,65,59.71193313598633,0,0,7,0,0,7
0,DeathDescription.DECKING,65,43.36857795715332,0,0,7,0,0,7
0,DeathDescription.DECKING,65,57.45244026184082,0,0,7,0,0,7
0,DeathDescription.DECKING,65,44.33083534240723,0,0,7,0,0,7
0,DeathDescription.DECKING,65,58.97927284240723,0,0,7,0,0,7
0,DeathDescription.DECKING,65,42.33431816101074,0,0,7,0,0,7
0,DeathDescription.DECKING,65,56.198835372924805,0,0,7,0,0,7
0,DeathDescription.DECKING,65,59.26990509033203,0,0,7,0,0,7
0,DeathDescription.DECKING,65,68.94135475158691,0,0,7,0,0,7
0,DeathDescription.DECKING,65,55.79948425292969,0,0,7,0,0,7
0,DeathDescription.DECKING,65,60.027122497558594,0,0,7,0,0,7
0,DeathDescription.DECKING,65,43.76673698425293,0,0,7,0,0,7
0,DeathDescription.DECKING,65,62.85858154296875,0,0,7,0,0,7
0,DeathDescription.DECKING,65,48.24638366699219,0,0,7,0,0,7
0,DeathDescription.DECKING,65,53.4055233001709,0,0,7,0,0,7
0,DeathDescription.DECKING,65,39.041996002197266,0,0,7,0,0,7
0,DeathDescription.DECKING,65,58.229684829711914,0,0,7,0,0,7
0,DeathDescription.DECKING,65,44.65150833129883,0,0,7,0,0,7
0,DeathDescription.DECKING,65,43.81966590881348,0,0,7,0,0,7
0,DeathDescription.DECKING,65,40.35019874572754,0,0,7,0,0,7
0,DeathDescription.DECKING,65,68.9401626586914,0,0,7,0,0,7
0,DeathDescription.DECKING,65,49.47042465209961,0,0,7,0,0,7
0,DeathDescription.DECKING,65,45.03035545349121,0,0,7,0,0,7
0,DeathDescription.DECKING,65,49.06582832336426,0,0,7,0,0,7
0,DeathDescription.DECKING,65,46.152591705322266,0,0,7,0,0,7
0,DeathDescription.DECKING,65,46.07343673706055,0,0,7,0,0,7
0,DeathDescription.DECKING,65,68.40395927429199,0,0,7,0,0,7
0,DeathDescription.DECKING,65,69.46873664855957,0,0,7,0,0,7
0,DeathDescription.DECKING,65,41.99695587158203,0,0,7,0,0,7
0,DeathDescription.DECKING,65,58.406829833984375,0,0,7,0,0,7
0,DeathDescription.DECKING,65,45.79639434814453,0,0,7,0,0,7
0,DeathDescription.DECKING,65,55.6488037109375,0,0,7,0,0,7
0,DeathDescription.DECKING,65,42.91939735412598,0,0,7,0,0,7
0,DeathDescription.DECKING,65,43.40076446533203,0,0,7,0,0,7
0,DeathDescription.DECKING,65,68.2382583618164,0,0,7,0,0,7
0,DeathDescription.DECKING,65,63.85374069213867,0,0,7,0,0,7
0,DeathDescription.DECKING,65,55.516958236694336,0,0,7,0,0,7
0,DeathDescription.DECKING,65,50.089359283447266,0,0,7,0,0,7
0,DeathDescription.DECKING,65,58.50529670715332,0,0,7,0,0,7
0,DeathDescription.DECKING,65,39.53742980957031,0,0,7,0,0,7
0,DeathDescription.DECKING,65,55.11641502380371,0,0,7,0,0,7
0,DeathDescription.DECKING,65,55.762529373168945,0,0,7,0,0,7
0,DeathDescription.DECKING,65,50.08220672607422,0,0,7,0,0,7
0,DeathDescription.DECKING,65,67.29507446289062,0,0,7,0,0,7
0,DeathDescription.DECKING,65,50.287485122680664,0,0,7,0,0,7
0,DeathDescription.DECKING,65,69.93651390075684,0,0,7,0,0,7
0,DeathDescription.DECKING,65,49.712419509887695,0,0,7,0,0,7
0,DeathDescription.DECKING,65,46.47541046142578,0,0,7,0,0,7
0,DeathDescription.DECKING,65,40.126800537109375,0,0,7,0,0,7
0,DeathDescription.DECKING,65,58.8994026184082,0,0,7,0,0,7
0,DeathDescription.DECKING,65,55.268287658691406,0,0,7,0,0,7
0,DeathDescription.DECKING,65,50.34351348876953,0,0,7,0,0,7
0,DeathDescription.DECKING,65,67.30842590332031,0,0,7,0,0,7
0,DeathDescription.DECKING,65,58.702945709228516,0,0,7,0,0,7
0,DeathDescription.DECKING,65,76.13205909729004,0,0,7,0,0,7
0,DeathDescription.DECKING,65,62.06393241882324,0,0,7,0,0,7
0,DeathDescription.DECKING,65,46.23270034790039,0,0,7,0,0,7
0,DeathDescription.DECKING,65,40.372610092163086,0,0,7,0,0,7
0,DeathDescription.DECKING,65,37.522315979003906,0,0,7,0,0,7
0,DeathDescription.DECKING,65,44.69418525695801,0,0,7,0,0,7
0,DeathDescription.DECKING,65,43.74432563781738,0,0,7,0,0,7
0,DeathDescription.DECKING,65,46.25892639160156,0,0,7,0,0,7
0,DeathDescription.DECKING,65,63.417673110961914,0,0,7,0,0,7
0,DeathDescription.DECKING,65,69.46277618408203,0,0,7,0,0,7
0,DeathDescription.DECKING,65,69.53763961791992,0,0,7,0,0,7
0,DeathDescription.DECKING,65,61.45477294921875,0,0,7,0,0,7
0,DeathDescription.DECKING,65,50.283193588256836,0,0,7,0,0,7
0,DeathDescription.DECKING,65,43.07723045349121,0,0,7,0,0,7
0,DeathDescription.DECKING,65,48.78354072570801,0,0,7,0,0,7
0,DeathDescription.DECKING,65,64.07785415649414,0,0,7,0,0,7
0,DeathDescription.DECKING,65,40.35377502441406,0,0,7,0,0,7
0,DeathDescription.DECKING,65,55.19676208496094,0,0,7,0,0,7
0,DeathDescription.DECKING,65,45.45235633850098,0,0,7,0,0,7
0,DeathDescription.DECKING,65,44.55161094665527,0,0,7,0,0,7
0,DeathDescription.DECKING,65,64.53967094421387,0,0,7,0,0,7
0,DeathDescription.DECKING,65,61.14768981933594,0,0,7,0,0,7
0,DeathDescription.DECKING,65,49.35002326965332,0,0,7,0,0,7
0,DeathDescription.DECKING,65,50.537109375,0,0,7,0,0,7
0,DeathDescription.DECKING,65,39.95084762573242,0,0,7,0,0,7
0,DeathDescription.DECKING,65,49.585580825805664,0,0,7,0,0,7
0,DeathDescription.DECKING,65,46.67973518371582,0,0,7,0,0,7
0,DeathDescription.DECKING,65,42.37866401672363,0,0,7,0,0,7
0,DeathDescription.DECKING,65,40.68589210510254,0,0,7,0,0,7
0,DeathDescription.DECKING,65,55.93061447143555,0,0,7,0,0,7
0,DeathDescription.DECKING,65,51.98216438293457,0,0,7,0,0,7
0,DeathDescription.DECKING,65,42.75774955749512,0,0,7,0,0,7
0,DeathDescription.DECKING,65,65.38987159729004,0,0,7,0,0,7
0,DeathDescription.DECKING,65,38.36512565612793,0,0,7,0,0,7
0,DeathDescription.DECKING,65,41.26477241516113,0,0,7,0,0,7
0,DeathDescription.DECKING,65,52.616119384765625,0,0,7,0,0,7
0,DeathDescription.DECKING,65,54.97026443481445,0,0,7,0,0,7
0,DeathDescription.DECKING,65,45.25494575500488,0,0,7,0,0,7
0,DeathDescription.DECKING,65,62.066078186035156,0,0,7,0,0,7
0,DeathDescription.DECKING,65,60.67967414855957,0,0,7,0,0,7
0,DeathDescription.DECKING,65,48.76589775085449,0,0,7,0,0,7
0,DeathDescription.DECKING,65,69.20194625854492,0,0,7,0,0,7
0,DeathDescription.DECKING,65,46.32425308227539,0,0,7,0,0,7
0,DeathDescription.DECKING,65,60.22524833679199,0,0,7,0,0,7
0,DeathDescription.DECKING,65,56.13422393798828,0,0,7,0,0,7
0,DeathDescription.DECKING,65,44.14629936218262,0,0,7,0,0,7
0,DeathDescription.DECKING,65,54.64029312133789,0,0,7,0,0,7
0,DeathDescription.DECKING,65,54.669857025146484,0,0,7,0,0,7
0,DeathDescription.DECKING,65,51.6512393951416,0,0,7,0,0,7
0,DeathDescription.DECKING,65,55.01079559326172,0,0,7,0,0,7
0,DeathDescription.DECKING,65,54.50749397277832,0,0,7,0,0,7
0,DeathDescription.DECKING,65,53.83038520812988,0,0,7,0,0,7
0,DeathDescription.DECKING,65,70.6491470336914,0,0,7,0,0,7
0,DeathDescription.DECKING,65,46.968936920166016,0,0,7,0,0,7
0,DeathDescription.DECKING,65,57.50441551208496,0,0,7,0,0,7
0,DeathDescription.DECKING,65,63.05694580078125,0,0,7,0,0,7
0,DeathDescription.DECKING,65,93.6737060546875,0,0,7,0,0,7
0,DeathDescription.DECKING,65,91.6287899017334,0,0,7,0,0,7
0,DeathDescription.DECKING,65,95.78824043273926,0,0,7,0,0,7
0,DeathDescription.DECKING,65,63.458919525146484,0,0,7,0,0,7
0,DeathDescription.DECKING,65,76.16305351257324,0,0,7,0,0,7
0,DeathDescription.DECKING,65,96.0850715637207,0,0,7,0,0,7
0,DeathDescription.DECKING,65,84.58662033081055,0,0,7,0,0,7
0,DeathDescription.DECKING,65,75.12450218200684,0,0,7,0,0,7
0,DeathDescription.DECKING,65,111.8781566619873,0,0,7,0,0,7
0,DeathDescription.DECKING,65,94.99168395996094,0,0,7,0,0,7
0,DeathDescription.DECKING,65,76.24483108520508,0,0,7,0,0,7
0,DeathDescription.DECKING,65,54.11720275878906,0,0,7,0,0,7
0,DeathDescription.DECKING,65,77.50344276428223,0,0,7,0,0,7
0,DeathDescription.DECKING,65,61.87248229980469,0,0,7,0,0,7
0,DeathDescription.DECKING,65,62.014102935791016,0,0,7,0,0,7
0,DeathDescription.DECKING,65,50.258636474609375,0,0,7,0,0,7
0,DeathDescription.DECKING,65,71.13790512084961,0,0,7,0,0,7
0,DeathDescription.DECKING,65,58.824777603149414,0,0,7,0,0,7
0,DeathDescription.DECKING,65,67.11864471435547,0,0,7,0,0,7
0,DeathDescription.DECKING,65,45.02439498901367,0,0,7,0,0,7
0,DeathDescription.DECKING,65,69.00715827941895,0,0,7,0,0,7
0,DeathDescription.DECKING,65,49.69477653503418,0,0,7,0,0,7
0,DeathDescription.DECKING,65,67.13509559631348,0,0,7,0,0,7
0,DeathDescription.DECKING,65,40.56739807128906,0,0,7,0,0,7
0,DeathDescription.DECKING,65,52.536725997924805,0,0,7,0,0,7
0,DeathDescription.DECKING,65,57.72900581359863,0,0,7,0,0,7
0,DeathDescription.DECKING,65,65.68360328674316,0,0,7,0,0,7
0,DeathDescription.DECKING,65,45.873403549194336,0,0,7,0,0,7
0,DeathDescription.DECKING,65,58.85148048400879,0,0,7,0,0,7
0,DeathDescription.DECKING,65,44.11792755126953,0,0,7,0,0,7
0,DeathDescription.DECKING,65,64.70656394958496,0,0,7,0,0,7
0,DeathDescription.DECKING,65,45.25184631347656,0,0,7,0,0,7
0,DeathDescription.DECKING,65,70.1444149017334,0,0,7,0,0,7
0,DeathDescription.DECKING,65,43.19000244140625,0,0,7,0,0,7
0,DeathDescription.DECKING,65,55.35101890563965,0,0,7,0,0,7
0,DeathDescription.DECKING,65,41.86677932739258,0,0,7,0,0,7
0,DeathDescription.DECKING,65,39.716243743896484,0,0,7,0,0,7
0,DeathDescription.DECKING,65,62.50309944152832,0,0,7,0,0,7
0,DeathDescription.DECKING,65,50.205230712890625,0,0,7,0,0,7
0,DeathDescription.DECKING,65,77.78048515319824,0,0,7,0,0,7
0,DeathDescription.DECKING,65,60.167551040649414,0,0,7,0,0,7
0,DeathDescription.DECKING,65,57.58404731750488,0,0,7,0,0,7
0,DeathDescription.DECKING,65,64.79549407958984,0,0,7,0,0,7
0,DeathDescription.DECKING,65,55.03988265991211,0,0,7,0,0,7
0,DeathDescription.DECKING,65,46.72670364379883,0,0,7,0,0,7
0,DeathDescription.DECKING,65,61.02728843688965,0,0,7,0,0,7
0,DeathDescription.DECKING,65,41.315555572509766,0,0,7,0,0,7
0,DeathDescription.DECKING,65,50.47416687011719,0,0,7,0,0,7
0,DeathDescription.DECKING,65,57.32321739196777,0,0,7,0,0,7
0,DeathDescription.DECKING,65,59.859514236450195,0,0,7,0,0,7
0,DeathDescription.DECKING,65,63.93003463745117,0,0,7,0,0,7
0,DeathDescription.DECKING,65,66.58411026000977,0,0,7,0,0,7
0,DeathDescription.DECKING,65,41.59426689147949,0,0,7,0,0,7
0,DeathDescription.DECKING,65,54.13246154785156,0,0,7,0,0,7
0,DeathDescription.DECKING,65,45.84169387817383,0,0,7,0,0,7
0,DeathDescription.DECKING,65,65.66238403320312,0,0,7,0,0,7
0,DeathDescription.DECKING,65,69.79084014892578,0,0,7,0,0,7
0,DeathDescription.DECKING,65,60.88757514953613,0,0,7,0,0,7
0,DeathDescription.DECKING,65,51.74136161804199,0,0,7,0,0,7
0,DeathDescription.DECKING,65,64.45455551147461,0,0,7,0,0,7
0,DeathDescription.DECKING,65,43.81680488586426,0,0,7,0,0,7
0,DeathDescription.DECKING,65,66.59340858459473,0,0,7,0,0,7
0,DeathDescription.DECKING,65,42.932987213134766,0,0,7,0,0,7
0,DeathDescription.DECKING,65,53.04765701293945,0,0,7,0,0,7
0,DeathDescription.DECKING,65,59.74078178405762,0,0,7,0,0,7
0,DeathDescription.DECKING,65,49.7891902923584,0,0,7,0,0,7
0,DeathDescription.DECKING,65,66.84422492980957,0,0,7,0,0,7
0,DeathDescription.DECKING,65,50.5366325378418,0,0,7,0,0,7
0,DeathDescription.DECKING,65,41.77260398864746,0,0,7,0,0,7
0,DeathDescription.DECKING,65,46.59581184387207,0,0,7,0,0,7
0,DeathDescription.DECKING,65,47.345876693725586,0,0,7,0,0,7
0,DeathDescription.DECKING,65,50.23837089538574,0,0,7,0,0,7
0,DeathDescription.DECKING,65,43.7626838684082,0,0,7,0,0,7
0,DeathDescription.DECKING,65,74.59282875061035,0,0,7,0,0,7
0,DeathDescription.DECKING,65,54.737091064453125,0,0,7,0,0,7
0,DeathDescription.DECKING,65,59.549570083618164,0,0,7,0,0,7
0,DeathDescription.DECKING,65,53.97224426269531,0,0,7,0,0,7
0,DeathDescription.DECKING,65,60.98484992980957,0,0,7,0,0,7
0,DeathDescription.DECKING,65,45.45164108276367,0,0,7,0,0,7
0,DeathDescription.DECKING,65,59.668779373168945,0,0,7,0,0,7
0,DeathDescription.DECKING,65,40.845394134521484,0,0,7,0,0,7
0,DeathDescription.DECKING,65,53.35521697998047,0,0,7,0,0,7
0,DeathDescription.DECKING,65,43.134450912475586,0,0,7,0,0,7
0,DeathDescription.DECKING,65,43.15590858459473,0,0,7,0,0,7
0,DeathDescription.DECKING,65,60.819387435913086,0,0,7,0,0,7
0,DeathDescription.DECKING,65,43.601036071777344,0,0,7,0,0,7
0,DeathDescription.DECKING,65,62.61491775512695,0,0,7,0,0,7
0,DeathDescription.DECKING,65,39.42608833312988,0,0,7,0,0,7
0,DeathDescription.DECKING,65,59.99302864074707,0,0,7,0,0,7
0,DeathDescription.DECKING,65,47.18780517578125,0,0,7,0,0,7
0,DeathDescription.DECKING,65,50.4608154296875,0,0,7,0,0,7
0,DeathDescription.DECKING,65,45.38154602050781,0,0,7,0,0,7
0,DeathDescription.DECKING,65,51.07760429382324,0,0,7,0,0,7
0,DeathDescription.DECKING,65,59.92317199707031,0,0,7,0,0,7
0,DeathDescription.DECKING,65,66.26749038696289,0,0,7,0,0,7
0,DeathDescription.DECKING,65,64.63003158569336,0,0,7,0,0,7
0,DeathDescription.DECKING,65,57.36732482910156,0,0,7,0,0,7
0,DeathDescription.DECKING,65,45.46642303466797,0,0,7,0,0,7
0,DeathDescription.DECKING,65,43.13182830810547,0,0,7,0,0,7
0,DeathDescription.DECKING,65,44.50583457946777,0,0,7,0,0,7
0,DeathDescription.DECKING,65,56.288719177246094,0,0,7,0,0,7
0,DeathDescription.DECKING,65,61.905860900878906,0,0,7,0,0,7
0,DeathDescription.DECKING,65,55.696725845336914,0,0,7,0,0,7
0,DeathDescription.DECKING,65,39.12782669067383,0,0,7,0,0,7
0,DeathDescription.DECKING,65,45.96066474914551,0,0,7,0,0,7
0,DeathDescription.DECKING,65,51.962852478027344,0,0,7,0,0,7
0,DeathDescription.DECKING,65,49.16954040527344,0,0,7,0,0,7
0,DeathDescription.DECKING,65,66.76173210144043,0,0,7,0,0,7
0,DeathDescription.DECKING,65,48.87962341308594,0,0,7,0,0,7
0,DeathDescription.DECKING,65,61.22159957885742,0,0,7,0,0,7
0,DeathDescription.DECKING,65,45.395851135253906,0,0,7,0,0,7
0,DeathDescription.DECKING,65,47.8825569152832,0,0,7,0,0,7
0,DeathDescription.DECKING,65,44.0371036529541,0,0,7,0,0,7
0,DeathDescription.DECKING,65,48.81596565246582,0,0,7,0,0,7
0,DeathDescription.DECKING,65,50.20904541015625,0,0,7,0,0,7
0,DeathDescription.DECKING,65,49.89886283874512,0,0,7,0,0,7
0,DeathDescription.DECKING,65,64.87679481506348,0,0,7,0,0,7
0,DeathDescription.DECKING,65,51.18536949157715,0,0,7,0,0,7
0,DeathDescription.DECKING,65,60.317039489746094,0,0,7,0,0,7
0,DeathDescription.DECKING,65,45.54295539855957,0,0,7,0,0,7
0,DeathDescription.DECKING,65,69.15402412414551,0,0,7,0,0,7
0,DeathDescription.DECKING,65,42.46211051940918,0,0,7,0,0,7
0,DeathDescription.DECKING,65,62.418222427368164,0,0,7,0,0,7
0,DeathDescription.DECKING,65,38.78331184387207,0,0,7,0,0,7
0,DeathDescription.DECKING,65,68.84145736694336,0,0,7,0,0,7
0,DeathDescription.DECKING,65,52.160024642944336,0,0,7,0,0,7
0,DeathDescription.DECKING,65,55.90057373046875,0,0,7,0,0,7
0,DeathDescription.DECKING,65,69.98062133789062,0,0,7,0,0,7
0,DeathDescription.DECKING,65,60.38403511047363,0,0,7,0,0,7
0,DeathDescription.DECKING,65,55.3593635559082,0,0,7,0,0,7
0,DeathDescription.DECKING,65,44.52943801879883,0,0,7,0,0,7
0,DeathDescription.DECKING,65,44.22450065612793,0,0,7,0,0,7
0,DeathDescription.DECKING,65,47.75047302246094,0,0,7,0,0,7
0,DeathDescription.DECKING,65,45.653343200683594,0,0,7,0,0,7
0,DeathDescription.DECKING,65,55.54652214050293,0,0,7,0,0,7
0,DeathDescription.DECKING,65,52.64544486999512,0,0,7,0,0,7
0,DeathDescription.DECKING,65,54.643869400024414,0,0,7,0,0,7
0,DeathDescription.DECKING,65,55.46426773071289,0,0,7,0,0,7
0,DeathDescription.DECKING,65,57.20043182373047,0,0,7,0,0,7
0,DeathDescription.DECKING,65,56.71119689941406,0,0,7,0,0,7
0,DeathDescription.DECKING,65,58.2890510559082,0,0,7,0,0,7
0,DeathDescription.DECKING,65,74.0044116973877,0,0,7,0,0,7
0,DeathDescription.DECKING,65,43.25985908508301,0,0,7,0,0,7
0,DeathDescription.DECKING,65,54.886817932128906,0,0,7,0,0,7
0,DeathDescription.DECKING,65,49.652814865112305,0,0,7,0,0,7
0,DeathDescription.DECKING,65,54.158926010131836,0,0,7,0,0,7
0,DeathDescription.DECKING,65,50.45723915100098,0,0,7,0,0,7
0,DeathDescription.DECKING,65,51.492929458618164,0,0,7,0,0,7
0,DeathDescription.DECKING,65,42.82736778259277,0,0,7,0,0,7
0,DeathDescription.DECKING,65,42.86384582519531,0,0,7,0,0,7
0,DeathDescription.DECKING,65,76.37500762939453,0,0,7,0,0,7
0,DeathDescription.DECKING,65,42.391300201416016,0,0,7,0,0,7
0,DeathDescription.DECKING,65,56.696414947509766,0,0,7,0,0,7
0,DeathDescription.DECKING,65,77.00920104980469,0,0,7,0,0,7
0,DeathDescription.DECKING,65,54.62336540222168,0,0,7,0,0,7
0,DeathDescription.DECKING,65,52.613019943237305,0,0,7,0,0,7
0,DeathDescription.DECKING,65,75.99258422851562,0,0,7,0,0,7
0,DeathDescription.DECKING,65,54.98695373535156,0,0,7,0,0,7
0,DeathDescription.DECKING,65,68.33839416503906,0,0,7,0,0,7
0,DeathDescription.DECKING,65,53.27296257019043,0,0,7,0,0,7
0,DeathDescription.DECKING,65,48.55680465698242,0,0,7,0,0,7
0,DeathDescription.DECKING,65,39.69979286193848,0,0,7,0,0,7
0,DeathDescription.DECKING,65,88.71197700500488,0,0,7,0,0,7
0,DeathDescription.DECKING,65,57.639360427856445,0,0,7,0,0,7
0,DeathDescription.DECKING,65,83.8007926940918,0,0,7,0,0,7
0,DeathDescription.DECKING,65,74.6922492980957,0,0,7,0,0,7
0,DeathDescription.DECKING,65,42.830705642700195,0,0,7,0,0,7
0,DeathDescription.DECKING,65,62.03031539916992,0,0,7,0,0,7
0,DeathDescription.DECKING,65,63.54475021362305,0,0,7,0,0,7
0,DeathDescription.DECKING,65,50.94742774963379,0,0,7,0,0,7
0,DeathDescription.DECKING,65,64.361572265625,0,0,7,0,0,7
0,DeathDescription.DECKING,65,55.52482604980469,0,0,7,0,0,7
0,DeathDescription.DECKING,65,49.89886283874512,0,0,7,0,0,7
0,DeathDescription.DECKING,65,59.23652648925781,0,0,7,0,0,7
0,DeathDescription.DECKING,65,51.56254768371582,0,0,7,0,0,7
0,DeathDescription.DECKING,65,53.5585880279541,0,0,7,0,0,7
0,DeathDescription.DECKING,65,51.16534233093262,0,0,7,0,0,7
0,DeathDescription.DECKING,65,67.83914566040039,0,0,7,0,0,7
0,DeathDescription.DECKING,65,57.73329734802246,0,0,7,0,0,7
0,DeathDescription.DECKING,65,56.464195251464844,0,0,7,0,0,7
0,DeathDescription.DECKING,65,45.41635513305664,0,0,7,0,0,7
0,DeathDescription.DECKING,65,73.39763641357422,0,0,7,0,0,7
0,DeathDescription.DECKING,65,47.72448539733887,0,0,7,0,0,7
0,DeathDescription.DECKING,65,51.430463790893555,0,0,7,0,0,7
0,DeathDescription.DECKING,65,47.818660736083984,0,0,7,0,0,7
0,DeathDescription.DECKING,65,55.117130279541016,0,0,7,0,0,7
0,DeathDescription.DECKING,65,58.7618350982666,0,0,7,0,0,7
0,DeathDescription.DECKING,65,61.19489669799805,0,0,7,0,0,7
0,DeathDescription.DECKING,65,71.05875015258789,0,0,7,0,0,7
0,DeathDescription.DECKING,65,54.160356521606445,0,0,7,0,0,7
0,DeathDescription.DECKING,65,78.31788063049316,0,0,7,0,0,7
0,DeathDescription.DECKING,65,58.47311019897461,0,0,7,0,0,7
0,DeathDescription.DECKING,65,63.81726264953613,0,0,7,0,0,7
0,DeathDescription.DECKING,65,42.04535484313965,0,0,7,0,0,7
0,DeathDescription.DECKING,65,100.16679763793945,0,0,7,0,0,7
0,DeathDescription.DECKING,65,58.403968811035156,0,0,7,0,0,7
0,DeathDescription.DECKING,65,75.94895362854004,0,0,7,0,0,7
0,DeathDescription.DECKING,65,69.9758529663086,0,0,7,0,0,7
0,DeathDescription.DECKING,65,61.985015869140625,0,0,7,0,0,7
0,DeathDescription.DECKING,65,60.021400451660156,0,0,7,0,0,7
0,DeathDescription.DECKING,65,74.62573051452637,0,0,7,0,0,7
0,DeathDescription.DECKING,65,63.433170318603516,0,0,7,0,0,7
0,DeathDescription.DECKING,65,73.59743118286133,0,0,7,0,0,7
0,DeathDescription.DECKING,65,73.9290714263916,0,0,7,0,0,7
0,DeathDescription.DECKING,65,69.9918270111084,0,0,7,0,0,7
0,DeathDescription.DECKING,65,45.69292068481445,0,0,7,0,0,7
0,DeathDescription.DECKING,65,53.06601524353027,0,0,7,0,0,7
0,DeathDescription.DECKING,65,68.71724128723145,0,0,7,0,0,7
0,DeathDescription.DECKING,65,91.96305274963379,0,0,7,0,0,7
0,DeathDescription.DECKING,65,51.63240432739258,0,0,7,0,0,7
0,DeathDescription.DECKING,65,69.84877586364746,0,0,7,0,0,7
0,DeathDescription.DECKING,65,42.693376541137695,0,0,7,0,0,7
0,DeathDescription.DECKING,65,43.321847915649414,0,0,7,0,0,7
0,DeathDescription.DECKING,65,57.076215744018555,0,0,7,0,0,7
0,DeathDescription.DECKING,65,56.680917739868164,0,0,7,0,0,7
0,DeathDescription.DECKING,65,45.52197456359863,0,0,7,0,0,7
0,DeathDescription.DECKING,65,69.63825225830078,0,0,7,0,0,7
0,DeathDescription.DECKING,65,49.689531326293945,0,0,7,0,0,7
0,DeathDescription.DECKING,65,55.56082725524902,0,0,7,0,0,7
0,DeathDescription.DECKING,65,43.05553436279297,0,0,7,0,0,7
0,DeathDescription.DECKING,65,48.98524284362793,0,0,7,0,0,7
0,DeathDescription.DECKING,65,54.34536933898926,0,0,7,0,0,7
0,DeathDescription.DECKING,65,80.28340339660645,0,0,7,0,0,7
0,DeathDescription.DECKING,65,67.81864166259766,0,0,7,0,0,7
0,DeathDescription.DECKING,65,85.68692207336426,0,0,7,0,0,7
0,DeathDescription.DECKING,65,84.00750160217285,0,0,7,0,0,7
0,DeathDescription.DECKING,65,94.18272972106934,0,0,7,0,0,7
0,DeathDescription.DECKING,65,86.38286590576172,0,0,7,0,0,7
0,DeathDescription.DECKING,65,74.73874092102051,0,0,7,0,0,7
0,DeathDescription.DECKING,65,76.90095901489258,0,0,7,0,0,7
0,DeathDescription.DECKING,65,62.55197525024414,0,0,7,0,0,7
0,DeathDescription.DECKING,65,91.90511703491211,0,0,7,0,0,7
0,DeathDescription.DECKING,65,82.49258995056152,0,0,7,0,0,7
0,DeathDescription.DECKING,65,83.67395401000977,0,0,7,0,0,7
0,DeathDescription.DECKING,65,71.80094718933105,0,0,7,0,0,7
0,DeathDescription.DECKING,65,86.29226684570312,0,0,7,0,0,7
0,DeathDescription.DECKING,65,66.82109832763672,0,0,7,0,0,7
0,DeathDescription.DECKING,65,89.09010887145996,0,0,7,0,0,7
0,DeathDescription.DECKING,65,61.344146728515625,0,0,7,0,0,7
0,DeathDescription.DECKING,65,60.43052673339844,0,0,7,0,0,7
0,DeathDescription.DECKING,65,64.86320495605469,0,0,7,0,0,7
0,DeathDescription.DECKING,65,82.09371566772461,0,0,7,0,0,7
0,DeathDescription.DECKING,65,44.841766357421875,0,0,7,0,0,7
0,DeathDescription.DECKING,65,67.04211235046387,0,0,7,0,0,7
0,DeathDescription.DECKING,65,39.743661880493164,0,0,7,0,0,7
0,DeathDescription.DECKING,65,63.56358528137207,0,0,7,0,0,7
0,DeathDescription.DECKING,65,65.20581245422363,0,0,7,0,0,7
0,DeathDescription.DECKING,65,88.41753005981445,0,0,7,0,0,7
0,DeathDescription.DECKING,65,67.626953125,0,0,7,0,0,7
0,DeathDescription.DECKING,65,69.9923038482666,0,0,7,0,0,7
0,DeathDescription.DECKING,65,70.3284740447998,0,0,7,0,0,7
0,DeathDescription.DECKING,65,57.425737380981445,0,0,7,0,0,7
0,DeathDescription.DECKING,65,54.21710014343262,0,0,7,0,0,7
0,DeathDescription.DECKING,65,46.33951187133789,0,0,7,0,0,7
0,DeathDescription.DECKING,65,42.761802673339844,0,0,7,0,0,7
0,DeathDescription.DECKING,65,61.70368194580078,0,0,7,0,0,7
0,DeathDescription.DECKING,65,60.1348876953125,0,0,7,0,0,7
0,DeathDescription.DECKING,65,47.75285720825195,0,0,7,0,0,7
0,DeathDescription.DECKING,65,57.64293670654297,0,0,7,0,0,7
0,DeathDescription.DECKING,65,46.484947204589844,0,0,7,0,0,7
0,DeathDescription.DECKING,65,71.2575912475586,0,0,7,0,0,7
0,DeathDescription.DECKING,65,48.0494499206543,0,0,7,0,0,7
0,DeathDescription.DECKING,65,100.7847785949707,0,0,7,0,0,7
0,DeathDescription.DECKING,65,89.5388126373291,0,0,7,0,0,7
0,DeathDescription.DECKING,65,92.82135963439941,0,0,7,0,0,7
0,DeathDescription.DECKING,65,69.71549987792969,0,0,7,0,0,7
0,DeathDescription.DECKING,65,77.9719352722168,0,0,7,0,0,7
0,DeathDescription.DECKING,65,46.2498664855957,0,0,7,0,0,7
0,DeathDescription.DECKING,65,107.68508911132812,0,0,7,0,0,7
0,DeathDescription.DECKING,65,83.31775665283203,0,0,7,0,0,7
0,DeathDescription.DECKING,65,70.76120376586914,0,0,7,0,0,7
0,DeathDescription.DECKING,65,69.84829902648926,0,0,7,0,0,7
0,DeathDescription.DECKING,65,75.27589797973633,0,0,7,0,0,7
0,DeathDescription.DECKING,65,52.71625518798828,0,0,7,0,0,7
0,DeathDescription.DECKING,65,66.2374496459961,0,0,7,0,0,7
0,DeathDescription.DECKING,65,71.20299339294434,0,0,7,0,0,7
0,DeathDescription.DECKING,65,93.15061569213867,0,0,7,0,0,7
0,DeathDescription.DECKING,65,61.20562553405762,0,0,7,0,0,7
0,DeathDescription.DECKING,65,48.61950874328613,0,0,7,0,0,7
0,DeathDescription.DECKING,65,49.7438907623291,0,0,7,0,0,7
0,DeathDescription.DECKING,65,44.94023323059082,0,0,7,0,0,7
0,DeathDescription.DECKING,65,62.102556228637695,0,0,7,0,0,7
0,DeathDescription.DECKING,65,38.272857666015625,0,0,7,0,0,7
0,DeathDescription.DECKING,65,51.42474174499512,0,0,7,0,0,7
0,DeathDescription.DECKING,65,50.42719841003418,0,0,7,0,0,7
0,DeathDescription.DECKING,65,74.40567016601562,0,0,7,0,0,7
0,DeathDescription.DECKING,65,51.03492736816406,0,0,7,0,0,7
0,DeathDescription.DECKING,65,77.90732383728027,0,0,7,0,0,7
0,DeathDescription.DECKING,65,47.46866226196289,0,0,7,0,0,7
0,DeathDescription.DECKING,65,73.5781192779541,0,0,7,0,0,7
0,DeathDescription.DECKING,65,64.22758102416992,0,0,7,0,0,7
0,DeathDescription.DECKING,65,64.35251235961914,0,0,7,0,0,7
0,DeathDescription.DECKING,65,90.99030494689941,0,0,7,0,0,7
0,DeathDescription.DECKING,65,50.62437057495117,0,0,7,0,0,7
0,DeathDescription.DECKING,65,54.68463897705078,0,0,7,0,0,7
0,DeathDescription.DECKING,65,78.57394218444824,0,0,7,0,0,7
0,DeathDescription.DECKING,65,62.252044677734375,0,0,7,0,0,7
0,DeathDescription.DECKING,65,64.26405906677246,0,0,7,0,0,7
0,DeathDescription.DECKING,65,53.90810966491699,0,0,7,0,0,7
0,DeathDescription.DECKING,65,71.55442237854004,0,0,7,0,0,7
0,DeathDescription.DECKING,65,71.45810127258301,0,0,7,0,0,7
0,DeathDescription.DECKING,65,92.79346466064453,0,0,7,0,0,7
0,DeathDescription.DECKING,65,44.8918342590332,0,0,7,0,0,7
0,DeathDescription.DECKING,65,66.64705276489258,0,0,7,0,0,7
0,DeathDescription.DECKING,65,60.67776679992676,0,0,7,0,0,7
0,DeathDescription.DECKING,65,57.24287033081055,0,0,7,0,0,7
0,DeathDescription.DECKING,65,72.25275039672852,0,0,7,0,0,7
0,DeathDescription.DECKING,65,74.1872787475586,0,0,7,0,0,7
0,DeathDescription.DECKING,65,51.55158042907715,0,0,7,0,0,7
0,DeathDescription.DECKING,65,72.50571250915527,0,0,7,0,0,7
0,DeathDescription.DECKING,65,60.26411056518555,0,0,7,0,0,7
0,DeathDescription.DECKING,65,58.76326560974121,0,0,7,0,0,7
0,DeathDescription.DECKING,65,54.5964241027832,0,0,7,0,0,7
0,DeathDescription.DECKING,65,68.57466697692871,0,0,7,0,0,7
0,DeathDescription.DECKING,65,49.32355880737305,0,0,7,0,0,7
0,DeathDescription.DECKING,65,62.50357627868652,0,0,7,0,0,7
0,DeathDescription.DECKING,65,47.448158264160156,0,0,7,0,0,7
0,DeathDescription.DECKING,65,60.47320365905762,0,0,7,0,0,7
0,DeathDescription.DECKING,65,51.97763442993164,0,0,7,0,0,7
0,DeathDescription.DECKING,65,70.65463066101074,0,0,7,0,0,7
0,DeathDescription.DECKING,65,40.19522666931152,0,0,7,0,0,7
0,DeathDescription.DECKING,65,55.666446685791016,0,0,7,0,0,7
0,DeathDescription.DECKING,65,68.64309310913086,0,0,7,0,0,7
0,DeathDescription.DECKING,65,58.190107345581055,0,0,7,0,0,7
0,DeathDescription.DECKING,65,42.115211486816406,0,0,7,0,0,7
0,DeathDescription.DECKING,65,47.93596267700195,0,0,7,0,0,7
0,DeathDescription.DECKING,65,50.067901611328125,0,0,7,0,0,7
0,DeathDescription.DECKING,65,42.7701473236084,0,0,7,0,0,7
0,DeathDescription.DECKING,65,60.45389175415039,0,0,7,0,0,7
0,DeathDescription.DECKING,65,54.16131019592285,0,0,7,0,0,7
0,DeathDescription.DECKING,65,64.21685218811035,0,0,7,0,0,7
0,DeathDescription.DECKING,65,41.3970947265625,0,0,7,0,0,7
0,DeathDescription.DECKING,65,80.64866065979004,0,0,7,0,0,7
0,DeathDescription.DECKING,65,41.88275337219238,0,0,7,0,0,7
0,DeathDescription.DECKING,65,68.84098052978516,0,0,7,0,0,7
0,DeathDescription.DECKING,65,56.894540786743164,0,0,7,0,0,7
0,DeathDescription.DECKING,65,65.92488288879395,0,0,7,0,0,7
0,DeathDescription.DECKING,65,51.17511749267578,0,0,7,0,0,7
0,DeathDescription.DECKING,65,58.910369873046875,0,0,7,0,0,7
0,DeathDescription.DECKING,65,46.22054100036621,0,0,7,0,0,7
0,DeathDescription.DECKING,65,49.35884475708008,0,0,7,0,0,7
0,DeathDescription.DECKING,65,61.62428855895996,0,0,7,0,0,7
0,DeathDescription.DECKING,65,59.28945541381836,0,0,7,0,0,7
0,DeathDescription.DECKING,65,39.0172004699707,0,0,7,0,0,7
0,DeathDescription.DECKING,65,39.76726531982422,0,0,7,0,0,7
0,DeathDescription.DECKING,65,93.13416481018066,0,0,7,0,0,7
0,DeathDescription.DECKING,65,39.519548416137695,0,0,7,0,0,7
0,DeathDescription.DECKING,65,63.536882400512695,0,0,7,0,0,7
0,DeathDescription.DECKING,65,43.7777042388916,0,0,7,0,0,7
0,DeathDescription.DECKING,65,51.210880279541016,0,0,7,0,0,7
0,DeathDescription.DECKING,65,46.05674743652344,0,0,7,0,0,7
0,DeathDescription.DECKING,65,45.65620422363281,0,0,7,0,0,7
0,DeathDescription.DECKING,65,74.0814208984375,0,0,7,0,0,7
0,DeathDescription.DECKING,65,74.6450424194336,0,0,7,0,0,7
0,DeathDescription.DECKING,65,67.74592399597168,0,0,7,0,0,7
0,DeathDescription.DECKING,65,62.84523010253906,0,0,7,0,0,7
0,DeathDescription.DECKING,65,85.73412895202637,0,0,7,0,0,7
0,DeathDescription.DECKING,65,52.941322326660156,0,0,7,0,0,7
0,DeathDescription.DECKING,65,94.58160400390625,0,0,7,0,0,7
0,DeathDescription.DECKING,65,55.91773986816406,0,0,7,0,0,7
0,DeathDescription.DECKING,65,62.25752830505371,0,0,7,0,0,7
0,DeathDescription.DECKING,65,46.207427978515625,0,0,7,0,0,7
0,DeathDescription.DECKING,65,50.824642181396484,0,0,7,0,0,7
0,DeathDescription.DECKING,65,50.02284049987793,0,0,7,0,0,7
0,DeathDescription.DECKING,65,60.15968322753906,0,0,7,0,0,7
0,DeathDescription.DECKING,65,47.014474868774414,0,0,7,0,0,7
0,DeathDescription.DECKING,65,56.870222091674805,0,0,7,0,0,7
0,DeathDescription.DECKING,65,48.42400550842285,0,0,7,0,0,7
0,DeathDescription.DECKING,65,78.98283004760742,0,0,7,0,0,7
0,DeathDescription.DECKING,65,51.33199691772461,0,0,7,0,0,7
0,DeathDescription.DECKING,65,68.88556480407715,0,0,7,0,0,7
0,DeathDescription.DECKING,65,49.86405372619629,0,0,7,0,0,7
0,DeathDescription.DECKING,65,76.48754119873047,0,0,7,0,0,7
0,DeathDescription.DECKING,65,53.823232650756836,0,0,7,0,0,7
0,DeathDescription.DECKING,65,68.77994537353516,0,0,7,0,0,7
0,DeathDescription.DECKING,65,52.94179916381836,0,0,7,0,0,7
0,DeathDescription.DECKING,65,61.69247627258301,0,0,7,0,0,7
0,DeathDescription.DECKING,65,70.69110870361328,0,0,7,0,0,7
0,DeathDescription.DECKING,65,50.427913665771484,0,0,7,0,0,7
0,DeathDescription.DECKING,65,78.35650444030762,0,0,7,0,0,7
0,DeathDescription.DECKING,65,71.13456726074219,0,0,7,0,0,7
0,DeathDescription.DECKING,65,65.09947776794434,0,0,7,0,0,7
0,DeathDescription.DECKING,65,68.9077377319336,0,0,7,0,0,7
0,DeathDescription.DECKING,65,47.273874282836914,0,0,7,0,0,7
0,DeathDescription.DECKING,65,59.81159210205078,0,0,7,0,0,7
0,DeathDescription.DECKING,65,51.82313919067383,0,0,7,0,0,7
0,DeathDescription.DECKING,65,50.29463768005371,0,0,7,0,0,7
0,DeathDescription.DECKING,65,43.45345497131348,0,0,7,0,0,7
0,DeathDescription.DECKING,65,44.981956481933594,0,0,7,0,0,7
0,DeathDescription.DECKING,65,60.90116500854492,0,0,7,0,0,7
0,DeathDescription.DECKING,65,46.500444412231445,0,0,7,0,0,7
0,DeathDescription.DECKING,65,63.95411491394043,0,0,7,0,0,7
0,DeathDescription.DECKING,65,47.28960990905762,0,0,7,0,0,7
0,DeathDescription.DECKING,65,77.74090766906738,0,0,7,0,0,7
0,DeathDescription.DECKING,65,65.26303291320801,0,0,7,0,0,7
0,DeathDescription.DECKING,65,95.72649002075195,0,0,7,0,0,7
0,DeathDescription.DECKING,65,78.10211181640625,0,0,7,0,0,7
0,DeathDescription.DECKING,65,73.07147979736328,0,0,7,0,0,7
0,DeathDescription.DECKING,65,56.830406188964844,0,0,7,0,0,7
0,DeathDescription.DECKING,65,57.81292915344238,0,0,7,0,0,7
0,DeathDescription.DECKING,65,42.9377555847168,0,0,7,0,0,7
0,DeathDescription.DECKING,65,56.45155906677246,0,0,7,0,0,7
0,DeathDescription.DECKING,65,72.10135459899902,0,0,7,0,0,7
0,DeathDescription.DECKING,65,60.49323081970215,0,0,7,0,0,7
0,DeathDescription.DECKING,65,72.63493537902832,0,0,7,0,0,7
0,DeathDescription.DECKING,65,72.18146324157715,0,0,7,0,0,7
0,DeathDescription.DECKING,65,44.70348358154297,0,0,7,0,0,7
0,DeathDescription.DECKING,65,45.89033126831055,0,0,7,0,0,7
0,DeathDescription.DECKING,65,70.43910026550293,0,0,7,0,0,7
0,DeathDescription.DECKING,65,72.28207588195801,0,0,7,0,0,7
0,DeathDescription.DECKING,65,56.005239486694336,0,0,7,0,0,7
0,DeathDescription.DECKING,65,47.518253326416016,0,0,7,0,0,7
0,DeathDescription.DECKING,65,57.17349052429199,0,0,7,0,0,7
0,DeathDescription.DECKING,65,69.64540481567383,0,0,7,0,0,7
0,DeathDescription.DECKING,65,48.53105545043945,0,0,7,0,0,7
0,DeathDescription.DECKING,65,62.82949447631836,0,0,7,0,0,7
0,DeathDescription.DECKING,65,50.383806228637695,0,0,7,0,0,7
0,DeathDescription.DECKING,65,46.21767997741699,0,0,7,0,0,7
0,DeathDescription.DECKING,65,45.66550254821777,0,0,7,0,0,7
0,DeathDescription.DECKING,65,54.094791412353516,0,0,7,0,0,7
0,DeathDescription.DECKING,65,67.9938793182373,0,0,7,0,0,7
0,DeathDescription.DECKING,65,54.11028861999512,0,0,7,0,0,7
0,DeathDescription.DECKING,65,53.99036407470703,0,0,7,0,0,7
0,DeathDescription.DECKING,65,42.86313056945801,0,0,7,0,0,7
0,DeathDescription.DECKING,65,44.074058532714844,0,0,7,0,0,7
0,DeathDescription.DECKING,65,69.69904899597168,0,0,7,0,0,7
0,DeathDescription.DECKING,65,51.73945426940918,0,0,7,0,0,7
0,DeathDescription.DECKING,65,60.54210662841797,0,0,7,0,0,7
0,DeathDescription.DECKING,65,89.18213844299316,0,0,7,0,0,7
0,DeathDescription.DECKING,65,77.60858535766602,0,0,7,0,0,7
0,DeathDescription.DECKING,65,70.27316093444824,0,0,7,0,0,7
0,DeathDescription.DECKING,65,63.38953971862793,0,0,7,0,0,7
0,DeathDescription.DECKING,65,78.21798324584961,0,0,7,0,0,7
0,DeathDescription.DECKING,65,70.37925720214844,0,0,7,0,0,7
0,DeathDescription.DECKING,65,57.596445083618164,0,0,7,0,0,7
0,DeathDescription.DECKING,65,63.06123733520508,0,0,7,0,0,7
0,DeathDescription.DECKING,65,75.34360885620117,0,0,7,0,0,7
0,DeathDescription.DECKING,65,69.63276863098145,0,0,7,0,0,7
0,DeathDescription.DECKING,65,61.017513275146484,0,0,7,0,0,7
0,DeathDescription.DECKING,65,67.88897514343262,0,0,7,0,0,7
0,DeathDescription.DECKING,65,40.55047035217285,0,0,7,0,0,7
0,DeathDescription.DECKING,65,59.27848815917969,0,0,7,0,0,7
0,DeathDescription.DECKING,65,76.99108123779297,0,0,7,0,0,7
0,DeathDescription.DECKING,65,96.81200981140137,0,0,7,0,0,7
0,DeathDescription.DECKING,65,80.94501495361328,0,0,7,0,0,7
0,DeathDescription.DECKING,65,97.31364250183105,0,0,7,0,0,7
0,DeathDescription.DECKING,65,50.136566162109375,0,0,7,0,0,7
0,DeathDescription.DECKING,65,57.84916877746582,0,0,7,0,0,7
0,DeathDescription.DECKING,65,57.65223503112793,0,0,7,0,0,7
0,DeathDescription.DECKING,65,54.94332313537598,0,0,7,0,0,7
0,DeathDescription.DECKING,65,50.725460052490234,0,0,7,0,0,7
0,DeathDescription.DECKING,65,89.75720405578613,0,0,7,0,0,7
0,DeathDescription.DECKING,65,93.54639053344727,0,0,7,0,0,7
0,DeathDescription.DECKING,65,94.60258483886719,0,0,7,0,0,7
0,DeathDescription.DECKING,65,94.50125694274902,0,0,7,0,0,7
0,DeathDescription.DECKING,65,93.66846084594727,0,0,7,0,0,7
0,DeathDescription.DECKING,65,80.45291900634766,0,0,7,0,0,7
0,DeathDescription.DECKING,65,74.56541061401367,0,0,7,0,0,7
0,DeathDescription.DECKING,65,60.84251403808594,0,0,7,0,0,7
0,DeathDescription.DECKING,65,69.49186325073242,0,0,7,0,0,7
0,DeathDescription.DECKING,65,69.45037841796875,0,0,7,0,0,7
0,DeathDescription.DECKING,65,54.42047119140625,0,0,7,0,0,7
0,DeathDescription.DECKING,65,43.20502281188965,0,0,7,0,0,7
0,DeathDescription.DECKING,65,42.955636978149414,0,0,7,0,0,7
0,DeathDescription.DECKING,65,64.8343563079834,0,0,7,0,0,7
0,DeathDescription.DECKING,65,71.67887687683105,0,0,7,0,0,7
0,DeathDescription.DECKING,65,61.54799461364746,0,0,7,0,0,7
0,DeathDescription.DECKING,65,65.05250930786133,0,0,7,0,0,7
0,DeathDescription.DECKING,65,67.1989917755127,0,0,7,0,0,7
0,DeathDescription.DECKING,65,58.521270751953125,0,0,7,0,0,7
0,DeathDescription.DECKING,65,53.456783294677734,0,0,7,0,0,7
0,DeathDescription.DECKING,65,66.83611869812012,0,0,7,0,0,7
0,DeathDescription.DECKING,65,51.43284797668457,0,0,7,0,0,7
0,DeathDescription.DECKING,65,71.31171226501465,0,0,7,0,0,7
0,DeathDescription.DECKING,65,85.62350273132324,0,0,7,0,0,7
0,DeathDescription.DECKING,65,62.883615493774414,0,0,7,0,0,7
0,DeathDescription.DECKING,65,90.00706672668457,0,0,7,0,0,7
0,DeathDescription.DECKING,65,71.11835479736328,0,0,7,0,0,7
0,DeathDescription.DECKING,65,86.44700050354004,0,0,7,0,0,7
0,DeathDescription.DECKING,65,55.04322052001953,0,0,7,0,0,7
0,DeathDescription.DECKING,65,53.086280822753906,0,0,7,0,0,7
0,DeathDescription.DECKING,65,42.01197624206543,0,0,7,0,0,7
0,DeathDescription.DECKING,65,57.0378303527832,0,0,7,0,0,7
0,DeathDescription.DECKING,65,74.70440864562988,0,0,7,0,0,7
0,DeathDescription.DECKING,65,53.70974540710449,0,0,7,0,0,7
0,DeathDescription.DECKING,65,69.27824020385742,0,0,7,0,0,7
0,DeathDescription.DECKING,65,75.76417922973633,0,0,7,0,0,7
0,DeathDescription.DECKING,65,78.01651954650879,0,0,7,0,0,7
0,DeathDescription.DECKING,65,71.94113731384277,0,0,7,0,0,7
0,DeathDescription.DECKING,65,80.70683479309082,0,0,7,0,0,7
0,DeathDescription.DECKING,65,57.645320892333984,0,0,7,0,0,7
0,DeathDescription.DECKING,65,63.6446475982666,0,0,7,0,0,7
0,DeathDescription.DECKING,65,68.5417652130127,0,0,7,0,0,7
0,DeathDescription.DECKING,65,80.76906204223633,0,0,7,0,0,7
0,DeathDescription.DECKING,65,63.40217590332031,0,0,7,0,0,7
0,DeathDescription.DECKING,65,56.899070739746094,0,0,7,0,0,7
0,DeathDescription.DECKING,65,72.89385795593262,0,0,7,0,0,7
0,DeathDescription.DECKING,65,71.38681411743164,0,0,7,0,0,7
0,DeathDescription.DECKING,65,44.91710662841797,0,0,7,0,0,7
0,DeathDescription.DECKING,65,61.739206314086914,0,0,7,0,0,7
0,DeathDescription.DECKING,65,59.577226638793945,0,0,7,0,0,7
0,DeathDescription.DECKING,65,83.35137367248535,0,0,7,0,0,7
0,DeathDescription.DECKING,65,52.4904727935791,0,0,7,0,0,7
0,DeathDescription.DECKING,65,69.86522674560547,0,0,7,0,0,7
0,DeathDescription.DECKING,65,46.6761589050293,0,0,7,0,0,7
0,DeathDescription.DECKING,65,86.87925338745117,0,0,7,0,0,7
0,DeathDescription.DECKING,65,100.83651542663574,0,0,7,0,0,7
0,DeathDescription.DECKING,65,98.71220588684082,0,0,7,0,0,7
0,DeathDescription.DECKING,65,76.07841491699219,0,0,7,0,0,7
0,DeathDescription.DECKING,65,75.88624954223633,0,0,7,0,0,7
0,DeathDescription.DECKING,65,57.77788162231445,0,0,7,0,0,7
0,DeathDescription.DECKING,65,62.36124038696289,0,0,7,0,0,7
0,DeathDescription.DECKING,65,54.973602294921875,0,0,7,0,0,7
0,DeathDescription.DECKING,65,84.34391021728516,0,0,7,0,0,7
0,DeathDescription.DECKING,65,74.42092895507812,0,0,7,0,0,7
0,DeathDescription.DECKING,65,77.3169994354248,0,0,7,0,0,7
0,DeathDescription.DECKING,65,40.83538055419922,0,0,7,0,0,7
0,DeathDescription.DECKING,65,88.74249458312988,0,0,7,0,0,7
0,DeathDescription.DECKING,65,75.58584213256836,0,0,7,0,0,7
0,DeathDescription.DECKING,65,88.42206001281738,0,0,7,0,0,7
0,DeathDescription.DECKING,65,63.60816955566406,0,0,7,0,0,7
0,DeathDescription.DECKING,65,75.13260841369629,0,0,7,0,0,7
0,DeathDescription.DECKING,65,65.49501419067383,0,0,7,0,0,7
0,DeathDescription.DECKING,65,82.83376693725586,0,0,7,0,0,7
0,DeathDescription.DECKING,65,74.3861198425293,0,0,7,0,0,7
0,DeathDescription.DECKING,65,78.51791381835938,0,0,7,0,0,7
0,DeathDescription.DECKING,65,79.53381538391113,0,0,7,0,0,7
0,DeathDescription.DECKING,65,84.1064453125,0,0,7,0,0,7
0,DeathDescription.DECKING,65,58.95829200744629,0,0,7,0,0,7
0,DeathDescription.DECKING,65,73.8377571105957,0,0,7,0,0,7
0,DeathDescription.DECKING,65,51.23138427734375,0,0,7,0,0,7
0,DeathDescription.DECKING,65,77.16870307922363,0,0,7,0,0,7
0,DeathDescription.DECKING,65,54.15010452270508,0,0,7,0,0,7
0,DeathDescription.DECKING,65,60.424089431762695,0,0,7,0,0,7
0,DeathDescription.DECKING,65,40.685176849365234,0,0,7,0,0,7
0,DeathDescription.DECKING,65,78.96900177001953,0,0,7,0,0,7
0,DeathDescription.DECKING,65,49.90410804748535,0,0,7,0,0,7
0,DeathDescription.DECKING,65,108.4129810333252,0,0,7,0,0,7
0,DeathDescription.DECKING,65,70.87254524230957,0,0,7,0,0,7
0,DeathDescription.DECKING,65,78.96184921264648,0,0,7,0,0,7
0,DeathDescription.DECKING,65,57.24382400512695,0,0,7,0,0,7
0,DeathDescription.DECKING,65,86.37809753417969,0,0,7,0,0,7
0,DeathDescription.DECKING,65,63.47799301147461,0,0,7,0,0,7
0,DeathDescription.DECKING,65,70.89781761169434,0,0,7,0,0,7
0,DeathDescription.DECKING,65,62.174081802368164,0,0,7,0,0,7
0,DeathDescription.DECKING,65,68.52889060974121,0,0,7,0,0,7
0,DeathDescription.DECKING,65,72.33762741088867,0,0,7,0,0,7
0,DeathDescription.DECKING,65,78.20010185241699,0,0,7,0,0,7
0,DeathDescription.DECKING,65,51.02276802062988,0,0,7,0,0,7
0,DeathDescription.DECKING,65,71.16532325744629,0,0,7,0,0,7
0,DeathDescription.DECKING,65,42.860984802246094,0,0,7,0,0,7
0,DeathDescription.DECKING,65,59.79299545288086,0,0,7,0,0,7
0,DeathDescription.DECKING,65,58.45236778259277,0,0,7,0,0,7
0,DeathDescription.DECKING,65,75.90055465698242,0,0,7,0,0,7
0,DeathDescription.DECKING,65,57.77287483215332,0,0,7,0,0,7
0,DeathDescription.DECKING,65,63.49802017211914,0,0,7,0,0,7
0,DeathDescription.DECKING,65,54.723262786865234,0,0,7,0,0,7
0,DeathDescription.DECKING,65,71.8224048614502,0,0,7,0,0,7
0,DeathDescription.DECKING,65,59.93509292602539,0,0,7,0,0,7
0,DeathDescription.DECKING,65,89.21504020690918,0,0,7,0,0,7
0,DeathDescription.DECKING,65,48.86007308959961,0,0,7,0,0,7
0,DeathDescription.DECKING,65,63.94839286804199,0,0,7,0,0,7
0,DeathDescription.DECKING,65,58.37535858154297,0,0,7,0,0,7
0,DeathDescription.DECKING,65,74.5232105255127,0,0,7,0,0,7
0,DeathDescription.DECKING,65,70.52731513977051,0,0,7,0,0,7
0,DeathDescription.DECKING,65,61.6917610168457,0,0,7,0,0,7
0,DeathDescription.DECKING,65,68.76897811889648,0,0,7,0,0,7
0,DeathDescription.DECKING,65,89.19310569763184,0,0,7,0,0,7
0,DeathDescription.DECKING,65,65.35172462463379,0,0,7,0,0,7
0,DeathDescription.DECKING,65,50.98748207092285,0,0,7,0,0,7
0,DeathDescription.DECKING,65,63.849687576293945,0,0,7,0,0,7
0,DeathDescription.DECKING,65,57.4643611907959,0,0,7,0,0,7
0,DeathDescription.DECKING,65,61.1271858215332,0,0,7,0,0,7
0,DeathDescription.DECKING,65,74.02229309082031,0,0,7,0,0,7
0,DeathDescription.DECKING,65,69.48614120483398,0,0,7,0,0,7
0,DeathDescription.DECKING,65,66.94436073303223,0,0,7,0,0,7
0,DeathDescription.DECKING,65,67.3367977142334,0,0,7,0,0,7
0,DeathDescription.DECKING,65,66.72525405883789,0,0,7,0,0,7
0,DeathDescription.DECKING,65,60.29009819030762,0,0,7,0,0,7
0,DeathDescription.DECKING,65,59.99279022216797,0,0,7,0,0,7
0,DeathDescription.DECKING,65,48.72298240661621,0,0,7,0,0,7
0,DeathDescription.DECKING,65,86.45033836364746,0,0,7,0,0,7
0,DeathDescription.DECKING,65,61.13886833190918,0,0,7,0,0,7
0,DeathDescription.DECKING,65,72.02005386352539,0,0,7,0,0,7
0,DeathDescription.DECKING,65,62.22391128540039,0,0,7,0,0,7
0,DeathDescription.DECKING,65,56.534528732299805,0,0,7,0,0,7
0,DeathDescription.DECKING,65,52.66118049621582,0,0,7,0,0,7
0,DeathDescription.DECKING,65,61.77949905395508,0,0,7,0,0,7
0,DeathDescription.DECKING,65,41.373491287231445,0,0,7,0,0,7
0,DeathDescription.DECKING,65,70.64318656921387,0,0,7,0,0,7
0,DeathDescription.DECKING,65,76.89380645751953,0,0,7,0,0,7
0,DeathDescription.DECKING,65,85.33668518066406,0,0,7,0,0,7
0,DeathDescription.DECKING,65,83.33158493041992,0,0,7,0,0,7
0,DeathDescription.DECKING,65,50.40287971496582,0,0,7,0,0,7
0,DeathDescription.DECKING,65,46.64182662963867,0,0,7,0,0,7
0,DeathDescription.DECKING,65,113.26885223388672,0,0,7,0,0,7
0,DeathDescription.DECKING,65,70.13368606567383,0,0,7,0,0,7
0,DeathDescription.DECKING,65,46.71764373779297,0,0,7,0,0,7
0,DeathDescription.DECKING,65,76.42054557800293,0,0,7,0,0,7
0,DeathDescription.DECKING,65,71.1359977722168,0,0,7,0,0,7
0,DeathDescription.DECKING,65,63.86208534240723,0,0,7,0,0,7
0,DeathDescription.DECKING,65,63.76338005065918,0,0,7,0,0,7
0,DeathDescription.DECKING,65,68.12095642089844,0,0,7,0,0,7
0,DeathDescription.DECKING,65,84.0609073638916,0,0,7,0,0,7
0,DeathDescription.DECKING,65,54.5344352722168,0,0,7,0,0,7
0,DeathDescription.DECKING,65,53.154945373535156,0,0,7,0,0,7
0,DeathDescription.DECKING,65,64.32485580444336,0,0,7,0,0,7
0,DeathDescription.DECKING,65,70.56117057800293,0,0,7,0,0,7
0,DeathDescription.DECKING,65,68.52316856384277,0,0,7,0,0,7
0,DeathDescription.DECKING,65,65.04249572753906,0,0,7,0,0,7
0,DeathDescription.DECKING,65,103.29055786132812,0,0,7,0,0,7
0,DeathDescription.DECKING,65,75.23155212402344,0,0,7,0,0,7
0,DeathDescription.DECKING,65,71.3357925415039,0,0,7,0,0,7
0,DeathDescription.DECKING,65,62.29567527770996,0,0,7,0,0,7
0,DeathDescription.DECKING,65,70.30034065246582,0,0,7,0,0,7
0,DeathDescription.DECKING,65,67.47674942016602,0,0,7,0,0,7
0,DeathDescription.DECKING,65,71.18654251098633,0,0,7,0,0,7
0,DeathDescription.DECKING,65,63.45343589782715,0,0,7,0,0,7
0,DeathDescription.DECKING,65,61.04135513305664,0,0,7,0,0,7
0,DeathDescription.DECKING,65,68.08328628540039,0,0,7,0,0,7
0,DeathDescription.DECKING,65,73.05049896240234,0,0,7,0,0,7
0,DeathDescription.DECKING,65,77.13985443115234,0,0,7,0,0,7
0,DeathDescription.DECKING,65,59.145212173461914,0,0,7,0,0,7
0,DeathDescription.DECKING,65,49.651384353637695,0,0,7,0,0,7
0,DeathDescription.DECKING,65,90.81363677978516,0,0,7,0,0,7
0,DeathDescription.DECKING,65,64.6049976348877,0,0,7,0,0,7
0,DeathDescription.DECKING,65,63.60650062561035,0,0,7,0,0,7
0,DeathDescription.DECKING,65,62.5758171081543,0,0,7,0,0,7
0,DeathDescription.DECKING,65,85.54363250732422,0,0,7,0,0,7
0,DeathDescription.DECKING,65,59.815168380737305,0,0,7,0,0,7
0,DeathDescription.DECKING,65,58.01510810852051,0,0,7,0,0,7
0,DeathDescription.DECKING,65,71.44546508789062,0,0,7,0,0,7
0,DeathDescription.DECKING,65,70.27077674865723,0,0,7,0,0,7
0,DeathDescription.DECKING,65,43.53189468383789,0,0,7,0,0,7
0,DeathDescription.DECKING,65,64.9411678314209,0,0,7,0,0,7
0,DeathDescription.DECKING,65,69.26941871643066,0,0,7,0,0,7
0,DeathDescription.DECKING,65,85.28614044189453,0,0,7,0,0,7
0,DeathDescription.DECKING,65,76.77030563354492,0,0,7,0,0,7
0,DeathDescription.DECKING,65,73.95625114440918,0,0,7,0,0,7
0,DeathDescription.DECKING,65,57.34395980834961,0,0,7,0,0,7
0,DeathDescription.DECKING,65,58.8836669921875,0,0,7,0,0,7
0,DeathDescription.DECKING,65,49.21102523803711,0,0,7,0,0,7
0,DeathDescription.DECKING,65,72.94178009033203,0,0,7,0,0,7
0,DeathDescription.DECKING,65,80.01542091369629,0,0,7,0,0,7
0,DeathDescription.DECKING,65,73.43649864196777,0,0,7,0,0,7
0,DeathDescription.DECKING,65,58.418989181518555,0,0,7,0,0,7
0,DeathDescription.DECKING,65,65.80734252929688,0,0,7,0,0,7
0,DeathDescription.DECKING,65,69.15879249572754,0,0,7,0,0,7
0,DeathDescription.DECKING,65,86.50803565979004,0,0,7,0,0,7
0,DeathDescription.DECKING,65,66.62821769714355,0,0,7,0,0,7
0,DeathDescription.DECKING,65,55.50336837768555,0,0,7,0,0,7
0,DeathDescription.DECKING,65,85.88552474975586,0,0,7,0,0,7
0,DeathDescription.DECKING,65,92.50307083129883,0,0,7,0,0,7
0,DeathDescription.DECKING,65,50.28867721557617,0,0,7,0,0,7
0,DeathDescription.DECKING,65,75.08230209350586,0,0,7,0,0,7
0,DeathDescription.DECKING,65,65.29808044433594,0,0,7,0,0,7
0,DeathDescription.DECKING,65,66.06364250183105,0,0,7,0,0,7
0,DeathDescription.DECKING,65,51.264047622680664,0,0,7,0,0,7
0,DeathDescription.DECKING,65,60.82940101623535,0,0,7,0,0,7
0,DeathDescription.DECKING,65,44.87967491149902,0,0,7,0,0,7
0,DeathDescription.DECKING,65,73.99559020996094,0,0,7,0,0,7
0,DeathDescription.DECKING,65,61.9049072265625,0,0,7,0,0,7
0,DeathDescription.DECKING,65,65.6425952911377,0,0,7,0,0,7
0,DeathDescription.DECKING,65,43.93315315246582,0,0,7,0,0,7
0,DeathDescription.DECKING,65,70.33014297485352,0,0,7,0,0,7
0,DeathDescription.DECKING,65,51.639556884765625,0,0,7,0,0,7
0,DeathDescription.DECKING,65,60.07027626037598,0,0,7,0,0,7
0,DeathDescription.DECKING,65,55.272579193115234,0,0,7,0,0,7
0,DeathDescription.DECKING,65,90.36540985107422,0,0,7,0,0,7
0,DeathDescription.DECKING,65,57.48891830444336,0,0,7,0,0,7
0,DeathDescription.DECKING,65,78.40323448181152,0,0,7,0,0,7
0,DeathDescription.DECKING,65,47.16658592224121,0,0,7,0,0,7
0,DeathDescription.DECKING,65,57.33370780944824,0,0,7,0,0,7
0,DeathDescription.DECKING,65,55.747032165527344,0,0,7,0,0,7
0,DeathDescription.DECKING,65,70.59884071350098,0,0,7,0,0,7
0,DeathDescription.DECKING,65,67.15083122253418,0,0,7,0,0,7
0,DeathDescription.DECKING,65,71.24948501586914,0,0,7,0,0,7
0,DeathDescription.DECKING,65,51.314592361450195,0,0,7,0,0,7
0,DeathDescription.DECKING,65,65.93680381774902,0,0,7,0,0,7
0,DeathDescription.DECKING,65,58.52031707763672,0,0,7,0,0,7
0,DeathDescription.DECKING,65,63.26603889465332,0,0,7,0,0,7
0,DeathDescription.DECKING,65,78.94611358642578,0,0,7,0,0,7
0,DeathDescription.DECKING,65,83.59575271606445,0,0,7,0,0,7
0,DeathDescription.DECKING,65,55.99045753479004,0,0,7,0,0,7
0,DeathDescription.DECKING,65,60.21714210510254,0,0,7,0,0,7
0,DeathDescription.DECKING,65,77.62718200683594,0,0,7,0,0,7
0,DeathDescription.DECKING,65,56.55074119567871,0,0,7,0,0,7
0,DeathDescription.DECKING,65,70.39070129394531,0,0,7,0,0,7
0,DeathDescription.DECKING,65,60.90211868286133,0,0,7,0,0,7
0,DeathDescription.DECKING,65,82.63421058654785,0,0,7,0,0,7
0,DeathDescription.DECKING,65,64.27502632141113,0,0,7,0,0,7
0,DeathDescription.DECKING,65,51.70774459838867,0,0,7,0,0,7
0,DeathDescription.DECKING,65,72.28398323059082,0,0,7,0,0,7
0,DeathDescription.DECKING,65,53.90739440917969,0,0,7,0,0,7
0,DeathDescription.DECKING,65,95.65305709838867,0,0,7,0,0,7
0,DeathDescription.DECKING,65,91.02439880371094,0,0,7,0,0,7
0,DeathDescription.DECKING,65,56.69212341308594,0,0,7,0,0,7
0,DeathDescription.DECKING,65,59.51380729675293,0,0,7,0,0,7
0,DeathDescription.DECKING,65,84.65576171875,0,0,7,0,0,7
0,DeathDescription.DECKING,65,72.9060173034668,0,0,7,0,0,7
0,DeathDescription.DECKING,65,80.02948760986328,0,0,7,0,0,7
0,DeathDescription.DECKING,65,75.60038566589355,0,0,7,0,0,7
0,DeathDescription.DECKING,65,70.41764259338379,0,0,7,0,0,7
0,DeathDescription.DECKING,65,51.741838455200195,0,0,7,0,0,7
0,DeathDescription.DECKING,65,73.63343238830566,0,0,7,0,0,7
0,DeathDescription.DECKING,65,68.49551200866699,0,0,7,0,0,7
0,DeathDescription.DECKING,65,58.64977836608887,0,0,7,0,0,7
0,DeathDescription.DECKING,65,45.999765396118164,0,0,7,0,0,7
0,DeathDescription.DECKING,65,56.6403865814209,0,0,7,0,0,7
0,DeathDescription.DECKING,65,51.44214630126953,0,0,7,0,0,7
0,DeathDescription.DECKING,65,56.33282661437988,0,0,7,0,0,7
0,DeathDescription.DECKING,65,72.01194763183594,0,0,7,0,0,7
0,DeathDescription.DECKING,65,77.58569717407227,0,0,7,0,0,7
0,DeathDescription.DECKING,65,56.143999099731445,0,0,7,0,0,7
0,DeathDescription.DECKING,65,59.0667724609375,0,0,7,0,0,7
0,DeathDescription.DECKING,65,68.41421127319336,0,0,7,0,0,7
0,DeathDescription.DECKING,65,61.354637145996094,0,0,7,0,0,7
0,DeathDescription.DECKING,65,47.678232192993164,0,0,7,0,0,7
0,DeathDescription.DECKING,65,82.70812034606934,0,0,7,0,0,7
0,DeathDescription.DECKING,65,46.65493965148926,0,0,7,0,0,7
0,DeathDescription.DECKING,65,63.346147537231445,0,0,7,0,0,7
0,DeathDescription.DECKING,65,66.75243377685547,0,0,7,0,0,7
0,DeathDescription.DECKING,65,67.3072338104248,0,0,7,0,0,7
0,DeathDescription.DECKING,65,90.84320068359375,0,0,7,0,0,7
0,DeathDescription.DECKING,65,72.97062873840332,0,0,7,0,0,7
0,DeathDescription.DECKING,65,59.52000617980957,0,0,7,0,0,7
0,DeathDescription.DECKING,65,61.794281005859375,0,0,7,0,0,7
0,DeathDescription.DECKING,65,70.11651992797852,0,0,7,0,0,7
0,DeathDescription.DECKING,65,70.68634033203125,0,0,7,0,0,7
0,DeathDescription.DECKING,65,51.98788642883301,0,0,7,0,0,7
0,DeathDescription.DECKING,65,74.33700561523438,0,0,7,0,0,7
0,DeathDescription.DECKING,65,75.0269889831543,0,0,7,0,0,7
0,DeathDescription.DECKING,65,64.79835510253906,0,0,7,0,0,7
0,DeathDescription.DECKING,65,72.94440269470215,0,0,7,0,0,7
0,DeathDescription.DECKING,65,55.90105056762695,0,0,7,0,0,7
0,DeathDescription.DECKING,65,52.78754234313965,0,0,7,0,0,7
0,DeathDescription.DECKING,65,73.53448867797852,0,0,7,0,0,7
0,DeathDescription.DECKING,65,60.94717979431152,0,0,7,0,0,7
0,DeathDescription.DECKING,65,69.3364143371582,0,0,7,0,0,7
0,DeathDescription.DECKING,65,52.54650115966797,0,0,7,0,0,7
0,DeathDescription.DECKING,65,66.26272201538086,0,0,7,0,0,7
0,DeathDescription.DECKING,65,68.50934028625488,0,0,7,0,0,7
0,DeathDescription.DECKING,65,67.3668384552002,0,0,7,0,0,7
0,DeathDescription.DECKING,65,86.83109283447266,0,0,7,0,0,7
0,DeathDescription.DECKING,65,89.16950225830078,0,0,7,0,0,7
0,DeathDescription.DECKING,65,68.50719451904297,0,0,7,0,0,7
0,DeathDescription.DECKING,65,75.03652572631836,0,0,7,0,0,7
0,DeathDescription.DECKING,65,58.89701843261719,0,0,7,0,0,7
0,DeathDescription.DECKING,65,81.8488597869873,0,0,7,0,0,7
0,DeathDescription.DECKING,65,44.59381103515625,0,0,7,0,0,7
0,DeathDescription.DECKING,65,68.07780265808105,0,0,7,0,0,7
0,DeathDescription.DECKING,65,49.72362518310547,0,0,7,0,0,7
0,DeathDescription.DECKING,65,67.30914115905762,0,0,7,0,0,7
0,DeathDescription.DECKING,65,57.488441467285156,0,0,7,0,0,7
0,DeathDescription.DECKING,65,86.00664138793945,0,0,7,0,0,7
0,DeathDescription.DECKING,65,81.13837242126465,0,0,7,0,0,7
0,DeathDescription.DECKING,65,70.59597969055176,0,0,7,0,0,7
0,DeathDescription.DECKING,65,58.85171890258789,0,0,7,0,0,7
0,DeathDescription.DECKING,65,86.03143692016602,0,0,7,0,0,7
0,DeathDescription.DECKING,65,58.52103233337402,0,0,7,0,0,7
0,DeathDescription.DECKING,65,76.6746997833252,0,0,7,0,0,7
0,DeathDescription.DECKING,65,61.31410598754883,0,0,7,0,0,7
0,DeathDescription.DECKING,65,74.36800003051758,0,0,7,0,0,7
0,DeathDescription.DECKING,65,86.09175682067871,0,0,7,0,0,7
0,DeathDescription.DECKING,65,74.22351837158203,0,0,7,0,0,7
0,DeathDescription.DECKING,65,59.05628204345703,0,0,7,0,0,7
0,DeathDescription.DECKING,65,44.80457305908203,0,0,7,0,0,7
0,DeathDescription.DECKING,65,44.83318328857422,0,0,7,0,0,7
0,DeathDescription.DECKING,65,46.32377624511719,0,0,7,0,0,7
0,DeathDescription.DECKING,65,77.7287483215332,0,0,7,0,0,7
0,DeathDescription.DECKING,65,58.5474967956543,0,0,7,0,0,7
0,DeathDescription.DECKING,65,92.79918670654297,0,0,7,0,0,7
0,DeathDescription.DECKING,65,56.122779846191406,0,0,7,0,0,7
0,DeathDescription.DECKING,65,79.41031455993652,0,0,7,0,0,7
0,DeathDescription.DECKING,65,66.63012504577637,0,0,7,0,0,7
0,DeathDescription.DECKING,65,62.35384941101074,0,0,7,0,0,7
0,DeathDescription.DECKING,65,62.387943267822266,0,0,7,0,0,7
0,DeathDescription.DECKING,65,78.55701446533203,0,0,7,0,0,7
0,DeathDescription.DECKING,65,85.82139015197754,0,0,7,0,0,7
0,DeathDescription.DECKING,65,79.17380332946777,0,0,7,0,0,7
0,DeathDescription.DECKING,65,55.93156814575195,0,0,7,0,0,7
0,DeathDescription.DECKING,65,64.62907791137695,0,0,7,0,0,7
0,DeathDescription.DECKING,65,75.35719871520996,0,0,7,0,0,7
0,DeathDescription.DECKING,65,62.95132637023926,0,0,7,0,0,7
0,DeathDescription.DECKING,65,82.33809471130371,0,0,7,0,0,7
0,DeathDescription.DECKING,65,83.40001106262207,0,0,7,0,0,7
0,DeathDescription.DECKING,65,46.89669609069824,0,0,7,0,0,7
0,DeathDescription.DECKING,65,73.49872589111328,0,0,7,0,0,7
0,DeathDescription.DECKING,65,69.61464881896973,0,0,7,0,0,7
0,DeathDescription.DECKING,65,72.67451286315918,0,0,7,0,0,7
0,DeathDescription.DECKING,65,71.89679145812988,0,0,7,0,0,7
0,DeathDescription.DECKING,65,67.05880165100098,0,0,7,0,0,7
0,DeathDescription.DECKING,65,49.60823059082031,0,0,7,0,0,7
0,DeathDescription.DECKING,65,63.02213668823242,0,0,7,0,0,7
0,DeathDescription.DECKING,65,62.84976005554199,0,0,7,0,0,7
0,DeathDescription.DECKING,65,86.46392822265625,0,0,7,0,0,7
0,DeathDescription.DECKING,65,55.72319030761719,0,0,7,0,0,7
0,DeathDescription.DECKING,65,69.15092468261719,0,0,7,0,0,7
0,DeathDescription.DECKING,65,65.23251533508301,0,0,7,0,0,7
0,DeathDescription.DECKING,65,78.9346694946289,0,0,7,0,0,7
0,DeathDescription.DECKING,65,67.14200973510742,0,0,7,0,0,7
0,DeathDescription.DECKING,65,86.37666702270508,0,0,7,0,0,7
0,DeathDescription.DECKING,65,74.93758201599121,0,0,7,0,0,7
0,DeathDescription.DECKING,65,62.18266487121582,0,0,7,0,0,7
0,DeathDescription.DECKING,65,49.35002326965332,0,0,7,0,0,7
0,DeathDescription.DECKING,65,67.73066520690918,0,0,7,0,0,7
0,DeathDescription.DECKING,65,59.578657150268555,0,0,7,0,0,7
0,DeathDescription.DECKING,65,80.03044128417969,0,0,7,0,0,7
0,DeathDescription.DECKING,65,83.75310897827148,0,0,7,0,0,7
0,DeathDescription.DECKING,65,58.194875717163086,0,0,7,0,0,7
0,DeathDescription.DECKING,65,56.83732032775879,0,0,7,0,0,7
0,DeathDescription.DECKING,65,97.81718254089355,0,0,7,0,0,7
0,DeathDescription.DECKING,65,49.42727088928223,0,0,7,0,0,7
0,DeathDescription.DECKING,65,69.77295875549316,0,0,7,0,0,7
0,DeathDescription.DECKING,65,65.5827522277832,0,0,7,0,0,7
0,DeathDescription.DECKING,65,76.79152488708496,0,0,7,0,0,7
0,DeathDescription.DECKING,65,56.53810501098633,0,0,7,0,0,7
0,DeathDescription.DECKING,65,59.844255447387695,0,0,7,0,0,7
0,DeathDescription.DECKING,65,60.456275939941406,0,0,7,0,0,7
0,DeathDescription.DECKING,65,68.20559501647949,0,0,7,0,0,7
0,DeathDescription.DECKING,65,61.44428253173828,0,0,7,0,0,7
0,DeathDescription.DECKING,65,50.75812339782715,0,0,7,0,0,7
0,DeathDescription.DECKING,65,66.33281707763672,0,0,7,0,0,7
0,DeathDescription.DECKING,65,99.66683387756348,0,0,7,0,0,7
0,DeathDescription.DECKING,65,86.7457389831543,0,0,7,0,0,7
0,DeathDescription.DECKING,65,66.5750503540039,0,0,7,0,0,7
0,DeathDescription.DECKING,65,43.74241828918457,0,0,7,0,0,7
0,DeathDescription.DECKING,65,62.51931190490723,0,0,7,0,0,7
0,DeathDescription.DECKING,65,68.82858276367188,0,0,7,0,0,7
0,DeathDescription.DECKING,65,74.30100440979004,0,0,7,0,0,7
0,DeathDescription.DECKING,65,55.48381805419922,0,0,7,0,0,7
0,DeathDescription.DECKING,65,70.08910179138184,0,0,7,0,0,7
0,DeathDescription.DECKING,65,57.840585708618164,0,0,7,0,0,7
0,DeathDescription.DECKING,65,71.30837440490723,0,0,7,0,0,7
0,DeathDescription.DECKING,65,73.4560489654541,0,0,7,0,0,7
0,DeathDescription.DECKING,65,61.392784118652344,0,0,7,0,0,7
0,DeathDescription.DECKING,65,55.91917037963867,0,0,7,0,0,7
0,DeathDescription.DECKING,65,79.47206497192383,0,0,7,0,0,7
0,DeathDescription.DECKING,65,58.148860931396484,0,0,7,0,0,7
0,DeathDescription.DECKING,65,53.12824249267578,0,0,7,0,0,7
0,DeathDescription.DECKING,65,57.74807929992676,0,0,7,0,0,7
0,DeathDescription.DECKING,65,95.0617790222168,0,0,7,0,0,7
0,DeathDescription.DECKING,65,62.71719932556152,0,0,7,0,0,7
0,DeathDescription.DECKING,65,83.22858810424805,0,0,7,0,0,7
0,DeathDescription.DECKING,65,76.73931121826172,0,0,7,0,0,7
0,DeathDescription.DECKING,65,67.65985488891602,0,0,7,0,0,7
0,DeathDescription.DECKING,65,85.12425422668457,0,0,7,0,0,7
0,DeathDescription.DECKING,65,78.83143424987793,0,0,7,0,0,7
0,DeathDescription.DECKING,65,86.56597137451172,0,0,7,0,0,7
0,DeathDescription.DECKING,65,54.3363094329834,0,0,7,0,0,7
0,DeathDescription.DECKING,65,50.22478103637695,0,0,7,0,0,7
0,DeathDescription.DECKING,65,62.4699592590332,0,0,7,0,0,7
0,DeathDescription.DECKING,65,66.38503074645996,0,0,7,0,0,7
0,DeathDescription.DECKING,65,56.7934513092041,0,0,7,0,0,7
0,DeathDescription.DECKING,65,59.06367301940918,0,0,7,0,0,7
0,DeathDescription.DECKING,65,69.6558952331543,0,0,7,0,0,7
0,DeathDescription.DECKING,65,47.85752296447754,0,0,7,0,0,7
0,DeathDescription.DECKING,65,64.75639343261719,0,0,7,0,0,7
0,DeathDescription.DECKING,65,58.31003189086914,0,0,7,0,0,7
0,DeathDescription.DECKING,65,67.28839874267578,0,0,7,0,0,7
0,DeathDescription.DECKING,65,81.73322677612305,0,0,7,0,0,7
0,DeathDescription.DECKING,65,59.99636650085449,0,0,7,0,0,7
0,DeathDescription.DECKING,65,68.40658187866211,0,0,7,0,0,7
0,DeathDescription.DECKING,65,70.2059268951416,0,0,7,0,0,7
0,DeathDescription.DECKING,65,54.088592529296875,0,0,7,0,0,7
0,DeathDescription.DECKING,65,56.58411979675293,0,0,7,0,0,7
0,DeathDescription.DECKING,65,50.241947174072266,0,0,7,0,0,7
0,DeathDescription.DECKING,65,76.57790184020996,0,0,7,0,0,7
0,DeathDescription.DECKING,65,50.18162727355957,0,0,7,0,0,7
0,DeathDescription.DECKING,65,68.89820098876953,0,0,7,0,0,7
0,DeathDescription.DECKING,65,71.73752784729004,0,0,7,0,0,7
0,DeathDescription.DECKING,65,56.24222755432129,0,0,7,0,0,7
0,DeathDescription.DECKING,65,60.80293655395508,0,0,7,0,0,7
0,DeathDescription.DECKING,65,66.13683700561523,0,0,7,0,0,7
0,DeathDescription.DECKING,65,44.21544075012207,0,0,7,0,0,7
0,DeathDescription.DECKING,65,61.03658676147461,0,0,7,0,0,7
0,DeathDescription.DECKING,65,39.3834114074707,0,0,7,0,0,7
0,DeathDescription.DECKING,65,60.97817420959473,0,0,7,0,0,7
0,DeathDescription.DECKING,65,68.17030906677246,0,0,7,0,0,7
0,DeathDescription.DECKING,65,59.28373336791992,0,0,7,0,0,7
0,DeathDescription.DECKING,65,63.69328498840332,0,0,7,0,0,7
0,DeathDescription.DECKING,65,63.90690803527832,0,0,7,0,0,7
0,DeathDescription.DECKING,65,81.69889450073242,0,0,7,0,0,7
0,DeathDescription.DECKING,65,67.89731979370117,0,0,7,0,0,7
0,DeathDescription.DECKING,65,50.71568489074707,0,0,7,0,0,7
0,DeathDescription.DECKING,65,68.54867935180664,0,0,7,0,0,7
0,DeathDescription.DECKING,65,69.9162483215332,0,0,7,0,0,7
0,DeathDescription.DECKING,65,85.34049987792969,0,0,7,0,0,7
0,DeathDescription.DECKING,65,87.40496635437012,0,0,7,0,0,7
0,DeathDescription.DECKING,65,71.47765159606934,0,0,7,0,0,7
0,DeathDescription.DECKING,65,56.16021156311035,0,0,7,0,0,7
0,DeathDescription.DECKING,65,91.8731689453125,0,0,7,0,0,7
0,DeathDescription.DECKING,65,60.62912940979004,0,0,7,0,0,7
0,DeathDescription.DECKING,65,64.09454345703125,0,0,7,0,0,7
0,DeathDescription.DECKING,65,48.346757888793945,0,0,7,0,0,7
0,DeathDescription.DECKING,65,61.826467514038086,0,0,7,0,0,7
0,DeathDescription.DECKING,65,79.5128345489502,0,0,7,0,0,7
0,DeathDescription.DECKING,65,85.45684814453125,0,0,7,0,0,7
0,DeathDescription.DECKING,65,73.08506965637207,0,0,7,0,0,7
0,DeathDescription.DECKING,65,74.54848289489746,0,0,7,0,0,7
0,DeathDescription.DECKING,65,41.799306869506836,0,0,7,0,0,7
0,DeathDescription.DECKING,65,74.3257999420166,0,0,7,0,0,7
0,DeathDescription.DECKING,65,49.01242256164551,0,0,7,0,0,7
0,DeathDescription.DECKING,65,77.23188400268555,0,0,7,0,0,7
0,DeathDescription.DECKING,65,57.49940872192383,0,0,7,0,0,7
0,DeathDescription.DECKING,65,61.423540115356445,0,0,7,0,0,7
0,DeathDescription.DECKING,65,52.67453193664551,0,0,7,0,0,7
0,DeathDescription.DECKING,65,74.62430000305176,0,0,7,0,0,7
0,DeathDescription.DECKING,65,67.35968589782715,0,0,7,0,0,7
0,DeathDescription.DECKING,65,96.99583053588867,0,0,7,0,0,7
0,DeathDescription.DECKING,65,61.62548065185547,0,0,7,0,0,7
0,DeathDescription.DECKING,65,44.243812561035156,0,0,7,0,0,7
0,DeathDescription.DECKING,65,38.64288330078125,0,0,7,0,0,7
0,DeathDescription.DECKING,65,51.30171775817871,0,0,7,0,0,7
0,DeathDescription.DECKING,65,58.20727348327637,0,0,7,0,0,7
0,DeathDescription.DECKING,65,91.51601791381836,0,0,7,0,0,7
0,DeathDescription.DECKING,65,75.24847984313965,0,0,7,0,0,7
0,DeathDescription.DECKING,65,45.105934143066406,0,0,7,0,0,7
0,DeathDescription.DECKING,65,74.0048885345459,0,0,7,0,0,7
0,DeathDescription.DECKING,65,80.60121536254883,0,0,7,0,0,7
0,DeathDescription.DECKING,65,71.19607925415039,0,0,7,0,0,7
0,DeathDescription.DECKING,65,62.038421630859375,0,0,7,0,0,7
0,DeathDescription.DECKING,65,53.02572250366211,0,0,7,0,0,7
0,DeathDescription.DECKING,65,64.35513496398926,0,0,7,0,0,7
0,DeathDescription.DECKING,65,72.6463794708252,0,0,7,0,0,7
0,DeathDescription.DECKING,65,45.603275299072266,0,0,7,0,0,7
0,DeathDescription.DECKING,65,77.76260375976562,0,0,7,0,0,7
0,DeathDescription.DECKING,65,45.351266860961914,0,0,7,0,0,7
0,DeathDescription.DECKING,65,72.19910621643066,0,0,7,0,0,7
0,DeathDescription.DECKING,65,76.2331485748291,0,0,7,0,0,7
0,DeathDescription.DECKING,65,53.33757400512695,0,0,7,0,0,7
0,DeathDescription.DECKING,65,53.89809608459473,0,0,7,0,0,7
0,DeathDescription.DECKING,65,91.98880195617676,0,0,7,0,0,7
0,DeathDescription.DECKING,65,57.27791786193848,0,0,7,0,0,7
0,DeathDescription.DECKING,65,65.07039070129395,0,0,7,0,0,7
0,DeathDescription.DECKING,65,77.44407653808594,0,0,7,0,0,7
0,DeathDescription.DECKING,65,64.26310539245605,0,0,7,0,0,7
0,DeathDescription.DECKING,65,98.74176979064941,0,0,7,0,0,7
0,DeathDescription.DECKING,65,59.236764907836914,0,0,7,0,0,7
0,DeathDescription.DECKING,65,70.31011581420898,0,0,7,0,0,7
0,DeathDescription.DECKING,65,83.53781700134277,0,0,7,0,0,7
0,DeathDescription.DECKING,65,60.43839454650879,0,0,7,0,0,7
0,DeathDescription.DECKING,65,75.65069198608398,0,0,7,0,0,7
0,DeathDescription.DECKING,65,62.58583068847656,0,0,7,0,0,7
0,DeathDescription.DECKING,65,88.19937705993652,0,0,7,0,0,7
0,DeathDescription.DECKING,65,42.55485534667969,0,0,7,0,0,7
0,DeathDescription.DECKING,65,61.35296821594238,0,0,7,0,0,7
0,DeathDescription.DECKING,65,46.776533126831055,0,0,7,0,0,7
0,DeathDescription.DECKING,65,69.34905052185059,0,0,7,0,0,7
0,DeathDescription.DECKING,65,68.7248706817627,0,0,7,0,0,7
0,DeathDescription.DECKING,65,81.88343048095703,0,0,7,0,0,7
0,DeathDescription.DECKING,65,85.7541561126709,0,0,7,0,0,7
0,DeathDescription.DECKING,65,83.27913284301758,0,0,7,0,0,7
0,DeathDescription.DECKING,65,89.08534049987793,0,0,7,0,0,7
0,DeathDescription.DECKING,65,102.25510597229004,0,0,7,0,0,7
0,DeathDescription.DECKING,65,48.43020439147949,0,0,7,0,0,7
0,DeathDescription.DECKING,65,78.11665534973145,0,0,7,0,0,7
0,DeathDescription.DECKING,65,92.3469066619873,0,0,7,0,0,7
0,DeathDescription.DECKING,65,73.75955581665039,0,0,7,0,0,7
0,DeathDescription.DECKING,65,59.48591232299805,0,0,7,0,0,7
0,DeathDescription.DECKING,65,76.52163505554199,0,0,7,0,0,7
0,DeathDescription.DECKING,65,68.36962699890137,0,0,7,0,0,7
0,DeathDescription.DECKING,65,74.95474815368652,0,0,7,0,0,7
0,DeathDescription.DECKING,65,78.25469970703125,0,0,7,0,0,7
0,DeathDescription.DECKING,65,84.77401733398438,0,0,7,0,0,7
0,DeathDescription.DECKING,65,68.68195533752441,0,0,7,0,0,7
0,DeathDescription.DECKING,65,91.31264686584473,0,0,7,0,0,7
0,DeathDescription.DECKING,65,60.4403018951416,0,0,7,0,0,7
0,DeathDescription.DECKING,65,69.15044784545898,0,0,7,0,0,7
0,DeathDescription.DECKING,65,68.6335563659668,0,0,7,0,0,7
0,DeathDescription.DECKING,65,74.00131225585938,0,0,7,0,0,7
0,DeathDescription.DECKING,65,65.15288352966309,0,0,7,0,0,7
0,DeathDescription.DECKING,65,70.84989547729492,0,0,7,0,0,7
0,DeathDescription.DECKING,65,53.961992263793945,0,0,7,0,0,7
0,DeathDescription.DECKING,65,68.24016571044922,0,0,7,0,0,7
0,DeathDescription.DECKING,65,70.60527801513672,0,0,7,0,0,7
0,DeathDescription.DECKING,65,78.22132110595703,0,0,7,0,0,7
0,DeathDescription.DECKING,65,67.66605377197266,0,0,7,0,0,7
0,DeathDescription.DECKING,65,55.47451972961426,0,0,7,0,0,7
0,DeathDescription.DECKING,65,74.92709159851074,0,0,7,0,0,7
0,DeathDescription.DECKING,65,60.5010986328125,0,0,7,0,0,7
0,DeathDescription.DECKING,65,60.58931350708008,0,0,7,0,0,7
0,DeathDescription.DECKING,65,56.73360824584961,0,0,7,0,0,7
0,DeathDescription.DECKING,65,69.59247589111328,0,0,7,0,0,7
0,DeathDescription.DECKING,65,88.13357353210449,0,0,7,0,0,7
0,DeathDescription.DECKING,65,73.18711280822754,0,0,7,0,0,7
0,DeathDescription.DECKING,65,80.49416542053223,0,0,7,0,0,7
0,DeathDescription.DECKING,65,79.254150390625,0,0,7,0,0,7
0,DeathDescription.DECKING,65,82.4134349822998,0,0,7,0,0,7
0,DeathDescription.DECKING,65,62.9575252532959,0,0,7,0,0,7
0,DeathDescription.DECKING,65,66.02621078491211,0,0,7,0,0,7
0,DeathDescription.DECKING,65,63.60602378845215,0,0,7,0,0,7
0,DeathDescription.DECKING,65,60.76216697692871,0,0,7,0,0,7
0,DeathDescription.DECKING,65,53.34186553955078,0,0,7,0,0,7
0,DeathDescription.DECKING,65,56.90169334411621,0,0,7,0,0,7
0,DeathDescription.DECKING,65,69.37694549560547,0,0,7,0,0,7
0,DeathDescription.DECKING,65,78.40847969055176,0,0,7,0,0,7
0,DeathDescription.DECKING,65,72.25966453552246,0,0,7,0,0,7
0,DeathDescription.DECKING,65,73.18353652954102,0,0,7,0,0,7
0,DeathDescription.DECKING,65,66.54644012451172,0,0,7,0,0,7
0,DeathDescription.DECKING,65,60.820817947387695,0,0,7,0,0,7
0,DeathDescription.DECKING,65,55.44328689575195,0,0,7,0,0,7
0,DeathDescription.DECKING,65,45.82476615905762,0,0,7,0,0,7
0,DeathDescription.DECKING,65,77.06570625305176,0,0,7,0,0,7
0,DeathDescription.DECKING,65,72.8456974029541,0,0,7,0,0,7
0,DeathDescription.DECKING,65,44.75975036621094,0,0,7,0,0,7
0,DeathDescription.DECKING,65,61.04326248168945,0,0,7,0,0,7
0,DeathDescription.DECKING,65,40.787458419799805,0,0,7,0,0,7
0,DeathDescription.DECKING,65,57.944536209106445,0,0,7,0,0,7
0,DeathDescription.DECKING,65,61.937808990478516,0,0,7,0,0,7
0,DeathDescription.DECKING,65,54.24022674560547,0,0,7,0,0,7
0,DeathDescription.DECKING,65,54.706573486328125,0,0,7,0,0,7
0,DeathDescription.DECKING,65,52.321672439575195,0,0,7,0,0,7
0,DeathDescription.DECKING,65,50.88925361633301,0,0,7,0,0,7
0,DeathDescription.DECKING,65,64.4838809967041,0,0,7,0,0,7
0,DeathDescription.DECKING,65,47.77169227600098,0,0,7,0,0,7
0,DeathDescription.DECKING,65,53.48992347717285,0,0,7,0,0,7
0,DeathDescription.DECKING,65,46.33212089538574,0,0,7,0,0,7
0,DeathDescription.DECKING,65,54.16131019592285,0,0,7,0,0,7
0,DeathDescription.DECKING,65,52.07395553588867,0,0,7,0,0,7
0,DeathDescription.DECKING,65,55.4814338684082,0,0,7,0,0,7
0,DeathDescription.DECKING,65,43.51377487182617,0,0,7,0,0,7
0,DeathDescription.DECKING,65,44.20661926269531,0,0,7,0,0,7
0,DeathDescription.DECKING,65,53.301334381103516,0,0,7,0,0,7
0,DeathDescription.DECKING,65,40.297508239746094,0,0,7,0,0,7
0,DeathDescription.DECKING,65,39.8252010345459,0,0,7,0,0,7
0,DeathDescription.DECKING,65,64.6059513092041,0,0,7,0,0,7
0,DeathDescription.DECKING,65,50.83155632019043,0,0,7,0,0,7
0,DeathDescription.DECKING,65,48.091888427734375,0,0,7,0,0,7
0,DeathDescription.DECKING,65,57.923078536987305,0,0,7,0,0,7
0,DeathDescription.DECKING,65,60.27102470397949,0,0,7,0,0,7
0,DeathDescription.DECKING,65,65.59920310974121,0,0,7,0,0,7
0,DeathDescription.DECKING,65,57.49177932739258,0,0,7,0,0,7
0,DeathDescription.DECKING,65,68.71628761291504,0,0,7,0,0,7
0,DeathDescription.DECKING,65,56.798458099365234,0,0,7,0,0,7
0,DeathDescription.DECKING,65,50.43387413024902,0,0,7,0,0,7
0,DeathDescription.DECKING,65,63.768625259399414,0,0,7,0,0,7
0,DeathDescription.DECKING,65,53.61819267272949,0,0,7,0,0,7
0,DeathDescription.DECKING,65,45.50623893737793,0,0,7,0,0,7
0,DeathDescription.DECKING,65,52.53863334655762,0,0,7,0,0,7
0,DeathDescription.DECKING,65,77.8350830078125,0,0,7,0,0,7
0,DeathDescription.DECKING,65,49.56245422363281,0,0,7,0,0,7
0,DeathDescription.DECKING,65,66.63346290588379,0,0,7,0,0,7
0,DeathDescription.DECKING,65,42.81473159790039,0,0,7,0,0,7
0,DeathDescription.DECKING,65,64.9106502532959,0,0,7,0,0,7
0,DeathDescription.DECKING,65,53.84659767150879,0,0,7,0,0,7
0,DeathDescription.DECKING,65,62.6981258392334,0,0,7,0,0,7
0,DeathDescription.DECKING,65,41.59402847290039,0,0,7,0,0,7
0,DeathDescription.DECKING,65,67.14320182800293,0,0,7,0,0,7
0,DeathDescription.DECKING,65,51.93328857421875,0,0,7,0,0,7
0,DeathDescription.DECKING,65,56.397438049316406,0,0,7,0,0,7
0,DeathDescription.DECKING,65,44.93856430053711,0,0,7,0,0,7
0,DeathDescription.DECKING,65,112.94388771057129,0,0,7,0,0,7
0,DeathDescription.DECKING,65,56.39839172363281,0,0,7,0,0,7
0,DeathDescription.DECKING,65,53.06291580200195,0,0,7,0,0,7
0,DeathDescription.DECKING,65,47.81508445739746,0,0,7,0,0,7
0,DeathDescription.DECKING,65,61.41805648803711,0,0,7,0,0,7
0,DeathDescription.DECKING,65,41.88871383666992,0,0,7,0,0,7
0,DeathDescription.DECKING,65,59.75699424743652,0,0,7,0,0,7
0,DeathDescription.DECKING,65,46.90361022949219,0,0,7,0,0,7
0,DeathDescription.DECKING,65,72.27897644042969,0,0,7,0,0,7
0,DeathDescription.DECKING,65,52.6583194732666,0,0,7,0,0,7
0,DeathDescription.DECKING,65,71.08402252197266,0,0,7,0,0,7
0,DeathDescription.DECKING,65,71.42877578735352,0,0,7,0,0,7
0,DeathDescription.DECKING,65,72.32952117919922,0,0,7,0,0,7
0,DeathDescription.DECKING,65,41.33486747741699,0,0,7,0,0,7
0,DeathDescription.DECKING,65,46.96083068847656,0,0,7,0,0,7
0,DeathDescription.DECKING,65,42.09566116333008,0,0,7,0,0,7
0,DeathDescription.DECKING,65,44.44384574890137,0,0,7,0,0,7
0,DeathDescription.DECKING,65,59.24820899963379,0,0,7,0,0,7
0,DeathDescription.DECKING,65,49.01242256164551,0,0,7,0,0,7
0,DeathDescription.DECKING,65,57.21759796142578,0,0,7,0,0,7
0,DeathDescription.DECKING,65,42.510032653808594,0,0,7,0,0,7
0,DeathDescription.DECKING,65,45.592308044433594,0,0,7,0,0,7
0,DeathDescription.DECKING,65,71.3503360748291,0,0,7,0,0,7
0,DeathDescription.DECKING,65,53.5275936126709,0,0,7,0,0,7
0,DeathDescription.DECKING,65,60.455322265625,0,0,7,0,0,7
0,DeathDescription.DECKING,65,45.36795616149902,0,0,7,0,0,7
0,DeathDescription.DECKING,65,56.21790885925293,0,0,7,0,0,7
0,DeathDescription.DECKING,65,37.82343864440918,0,0,7,0,0,7
0,DeathDescription.DECKING,65,62.896728515625,0,0,7,0,0,7
0,DeathDescription.DECKING,65,68.69626045227051,0,0,7,0,0,7
0,DeathDescription.DECKING,65,45.19319534301758,0,0,7,0,0,7
0,DeathDescription.DECKING,65,54.68869209289551,0,0,7,0,0,7
0,DeathDescription.DECKING,65,64.1016960144043,0,0,7,0,0,7
0,DeathDescription.DECKING,65,43.82824897766113,0,0,7,0,0,7
0,DeathDescription.DECKING,65,43.847084045410156,0,0,7,0,0,7
0,DeathDescription.DECKING,65,48.61140251159668,0,0,7,0,0,7
0,DeathDescription.DECKING,65,67.40069389343262,0,0,7,0,0,7
0,DeathDescription.DECKING,65,42.165279388427734,0,0,7,0,0,7
0,DeathDescription.DECKING,65,58.467864990234375,0,0,7,0,0,7
0,DeathDescription.DECKING,65,55.56607246398926,0,0,7,0,0,7
0,DeathDescription.DECKING,65,92.30303764343262,0,0,7,0,0,7
0,DeathDescription.DECKING,65,67.69800186157227,0,0,7,0,0,7
0,DeathDescription.DECKING,65,89.39337730407715,0,0,7,0,0,7
0,DeathDescription.DECKING,65,53.77626419067383,0,0,7,0,0,7
0,DeathDescription.DECKING,65,64.76879119873047,0,0,7,0,0,7
0,DeathDescription.DECKING,65,51.094770431518555,0,0,7,0,0,7
0,DeathDescription.DECKING,65,54.57949638366699,0,0,7,0,0,7
0,DeathDescription.DECKING,65,51.54109001159668,0,0,7,0,0,7
0,DeathDescription.DECKING,65,67.89255142211914,0,0,7,0,0,7
0,DeathDescription.DECKING,65,50.33469200134277,0,0,7,0,0,7
0,DeathDescription.DECKING,65,74.72991943359375,0,0,7,0,0,7
0,DeathDescription.DECKING,65,50.520896911621094,0,0,7,0,0,7
0,DeathDescription.DECKING,65,77.17347145080566,0,0,7,0,0,7
0,DeathDescription.DECKING,65,42.68145561218262,0,0,7,0,0,7
0,DeathDescription.DECKING,65,57.74569511413574,0,0,7,0,0,7
0,DeathDescription.DECKING,65,46.881675720214844,0,0,7,0,0,7
0,DeathDescription.DECKING,65,53.10201644897461,0,0,7,0,0,7
0,DeathDescription.DECKING,65,46.93794250488281,0,0,7,0,0,7
0,DeathDescription.DECKING,65,51.84030532836914,0,0,7,0,0,7
0,DeathDescription.DECKING,65,42.38486289978027,0,0,7,0,0,7
0,DeathDescription.DECKING,65,54.549217224121094,0,0,7,0,0,7
0,DeathDescription.DECKING,65,59.23962593078613,0,0,7,0,0,7
0,DeathDescription.DECKING,65,47.60432243347168,0,0,7,0,0,7
0,DeathDescription.DECKING,65,62.29376792907715,0,0,7,0,0,7
0,DeathDescription.DECKING,65,39.28256034851074,0,0,7,0,0,7
0,DeathDescription.DECKING,65,64.79525566101074,0,0,7,0,0,7
0,DeathDescription.DECKING,65,51.3765811920166,0,0,7,0,0,7
0,DeathDescription.DECKING,65,74.27167892456055,0,0,7,0,0,7
0,DeathDescription.DECKING,65,51.28598213195801,0,0,7,0,0,7
0,DeathDescription.DECKING,65,62.581539154052734,0,0,7,0,0,7
0,DeathDescription.DECKING,65,46.050071716308594,0,0,7,0,0,7
0,DeathDescription.DECKING,65,63.35091590881348,0,0,7,0,0,7
0,DeathDescription.DECKING,65,47.31869697570801,0,0,7,0,0,7
0,DeathDescription.DECKING,65,57.05714225769043,0,0,7,0,0,7
0,DeathDescription.DECKING,65,54.999351501464844,0,0,7,0,0,7
0,DeathDescription.DECKING,65,65.40417671203613,0,0,7,0,0,7
0,DeathDescription.DECKING,65,45.90010643005371,0,0,7,0,0,7
0,DeathDescription.DECKING,65,55.24301528930664,0,0,7,0,0,7
0,DeathDescription.DECKING,65,47.6384162902832,0,0,7,0,0,7
0,DeathDescription.DECKING,65,86.84611320495605,0,0,7,0,0,7
0,DeathDescription.DECKING,65,53.67612838745117,0,0,7,0,0,7
0,DeathDescription.DECKING,65,85.97826957702637,0,0,7,0,0,7
0,DeathDescription.DECKING,65,57.73639678955078,0,0,7,0,0,7
0,DeathDescription.DECKING,65,89.63823318481445,0,0,7,0,0,7
0,DeathDescription.DECKING,65,55.42612075805664,0,0,7,0,0,7
0,DeathDescription.DECKING,65,60.99748611450195,0,0,7,0,0,7
0,DeathDescription.DECKING,65,40.888309478759766,0,0,7,0,0,7
0,DeathDescription.DECKING,65,57.532310485839844,0,0,7,0,0,7
0,DeathDescription.DECKING,65,71.50101661682129,0,0,7,0,0,7
0,DeathDescription.DECKING,65,64.03207778930664,0,0,7,0,0,7
0,DeathDescription.DECKING,65,86.73477172851562,0,0,7,0,0,7
0,DeathDescription.DECKING,65,55.46307563781738,0,0,7,0,0,7
0,DeathDescription.DECKING,65,41.3670539855957,0,0,7,0,0,7
0,DeathDescription.DECKING,65,43.25366020202637,0,0,7,0,0,7
0,DeathDescription.DECKING,65,56.391239166259766,0,0,7,0,0,7
0,DeathDescription.DECKING,65,45.01605033874512,0,0,7,0,0,7
0,DeathDescription.DECKING,65,63.57693672180176,0,0,7,0,0,7
0,DeathDescription.DECKING,65,40.985822677612305,0,0,7,0,0,7
0,DeathDescription.DECKING,65,57.202816009521484,0,0,7,0,0,7
0,DeathDescription.DECKING,65,49.32451248168945,0,0,7,0,0,7
0,DeathDescription.DECKING,65,55.93514442443848,0,0,7,0,0,7
0,DeathDescription.DECKING,65,56.528329849243164,0,0,7,0,0,7
0,DeathDescription.DECKING,65,76.75838470458984,0,0,7,0,0,7
0,DeathDescription.DECKING,65,80.98220825195312,0,0,7,0,0,7
0,DeathDescription.DECKING,65,55.600643157958984,0,0,7,0,0,7
0,DeathDescription.DECKING,65,41.67938232421875,0,0,7,0,0,7
0,DeathDescription.DECKING,65,52.4907112121582,0,0,7,0,0,7
0,DeathDescription.DECKING,65,52.90579795837402,0,0,7,0,0,7
0,DeathDescription.DECKING,65,43.80202293395996,0,0,7,0,0,7
0,DeathDescription.DECKING,65,60.468196868896484,0,0,7,0,0,7
0,DeathDescription.DECKING,65,72.4494457244873,0,0,7,0,0,7
0,DeathDescription.DECKING,65,75.49238204956055,0,0,7,0,0,7
0,DeathDescription.DECKING,65,66.5273666381836,0,0,7,0,0,7
0,DeathDescription.DECKING,65,60.746192932128906,0,0,7,0,0,7
0,DeathDescription.DECKING,65,74.82743263244629,0,0,7,0,0,7
0,DeathDescription.DECKING,65,82.54718780517578,0,0,7,0,0,7
0,DeathDescription.DECKING,65,50.611257553100586,0,0,7,0,0,7
0,DeathDescription.DECKING,65,47.913312911987305,0,0,7,0,0,7
0,DeathDescription.DECKING,65,52.60801315307617,0,0,7,0,0,7
0,DeathDescription.DECKING,65,86.25674247741699,0,0,7,0,0,7
0,DeathDescription.DECKING,65,68.76254081726074,0,0,7,0,0,7
0,DeathDescription.DECKING,65,95.46589851379395,0,0,7,0,0,7
0,DeathDescription.DECKING,65,82.17859268188477,0,0,7,0,0,7
0,DeathDescription.DECKING,65,76.4307975769043,0,0,7,0,0,7
0,DeathDescription.DECKING,65,84.79642868041992,0,0,7,0,0,7
0,DeathDescription.DECKING,65,60.614824295043945,0,0,7,0,0,7
0,DeathDescription.DECKING,65,50.70209503173828,0,0,7,0,0,7
0,DeathDescription.DECKING,65,77.28958129882812,0,0,7,0,0,7
0,DeathDescription.DECKING,65,52.49667167663574,0,0,7,0,0,7
0,DeathDescription.DECKING,65,61.33151054382324,0,0,7,0,0,7
0,DeathDescription.DECKING,65,44.28434371948242,0,0,7,0,0,7
0,DeathDescription.DECKING,65,62.285661697387695,0,0,7,0,0,7
0,DeathDescription.DECKING,65,75.64997673034668,0,0,7,0,0,7
0,DeathDescription.DECKING,65,76.89309120178223,0,0,7,0,0,7
0,DeathDescription.DECKING,65,56.111812591552734,0,0,7,0,0,7
0,DeathDescription.DECKING,65,48.120737075805664,0,0,7,0,0,7
0,DeathDescription.DECKING,65,65.3829574584961,0,0,7,0,0,7
0,DeathDescription.DECKING,65,61.05375289916992,0,0,7,0,0,7
0,DeathDescription.DECKING,65,56.04434013366699,0,0,7,0,0,7
0,DeathDescription.DECKING,65,72.40462303161621,0,0,7,0,0,7
0,DeathDescription.DECKING,65,43.43533515930176,0,0,7,0,0,7
0,DeathDescription.DECKING,65,58.43472480773926,0,0,7,0,0,7
0,DeathDescription.DECKING,65,64.15581703186035,0,0,7,0,0,7
0,DeathDescription.DECKING,65,82.78870582580566,0,0,7,0,0,7
0,DeathDescription.DECKING,65,68.99905204772949,0,0,7,0,0,7
0,DeathDescription.DECKING,65,56.81896209716797,0,0,7,0,0,7
0,DeathDescription.DECKING,65,54.283857345581055,0,0,7,0,0,7
0,DeathDescription.DECKING,65,50.14348030090332,0,0,7,0,0,7
0,DeathDescription.DECKING,65,61.00130081176758,0,0,7,0,0,7
0,DeathDescription.DECKING,65,68.27163696289062,0,0,7,0,0,7
0,DeathDescription.DECKING,65,68.68815422058105,0,0,7,0,0,7
0,DeathDescription.DECKING,65,60.0733757019043,0,0,7,0,0,7
0,DeathDescription.DECKING,65,45.78256607055664,0,0,7,0,0,7
0,DeathDescription.DECKING,65,84.05470848083496,0,0,7,0,0,7
0,DeathDescription.DECKING,65,47.620296478271484,0,0,7,0,0,7
0,DeathDescription.DECKING,65,55.832624435424805,0,0,7,0,0,7
0,DeathDescription.DECKING,65,55.59659004211426,0,0,7,0,0,7
0,DeathDescription.DECKING,65,63.374996185302734,0,0,7,0,0,7
0,DeathDescription.DECKING,65,50.72426795959473,0,0,7,0,0,7
0,DeathDescription.DECKING,65,59.397220611572266,0,0,7,0,0,7
0,DeathDescription.DECKING,65,50.656795501708984,0,0,7,0,0,7
0,DeathDescription.DECKING,65,44.20804977416992,0,0,7,0,0,7
0,DeathDescription.DECKING,65,43.71070861816406,0,0,7,0,0,7
0,DeathDescription.DECKING,65,40.60626029968262,0,0,7,0,0,7
0,DeathDescription.DECKING,65,53.75337600708008,0,0,7,0,0,7
0,DeathDescription.DECKING,65,50.076961517333984,0,0,7,0,0,7
0,DeathDescription.DECKING,65,45.49264907836914,0,0,7,0,0,7
0,DeathDescription.DECKING,65,55.327653884887695,0,0,7,0,0,7
0,DeathDescription.DECKING,65,67.86298751831055,0,0,7,0,0,7
0,DeathDescription.DECKING,65,38.59877586364746,0,0,7,0,0,7
0,DeathDescription.DECKING,65,72.7529525756836,0,0,7,0,0,7
0,DeathDescription.DECKING,65,44.92545127868652,0,0,7,0,0,7
0,DeathDescription.DECKING,65,55.457115173339844,0,0,7,0,0,7
0,DeathDescription.DECKING,65,53.095102310180664,0,0,7,0,0,7
0,DeathDescription.DECKING,65,50.356388092041016,0,0,7,0,0,7
0,DeathDescription.DECKING,65,54.85415458679199,0,0,7,0,0,7
0,DeathDescription.DECKING,65,45.0439453125,0,0,7,0,0,7
0,DeathDescription.DECKING,65,55.64093589782715,0,0,7,0,0,7
0,DeathDescription.DECKING,65,65.27328491210938,0,0,7,0,0,7
0,DeathDescription.DECKING,65,41.96763038635254,0,0,7,0,0,7
0,DeathDescription.DECKING,65,59.21149253845215,0,0,7,0,0,7
0,DeathDescription.DECKING,65,45.83239555358887,0,0,7,0,0,7
0,DeathDescription.DECKING,65,58.21394920349121,0,0,7,0,0,7
0,DeathDescription.DECKING,65,67.60835647583008,0,0,7,0,0,7
0,DeathDescription.DECKING,65,64.58902359008789,0,0,7,0,0,7
0,DeathDescription.DECKING,65,43.04337501525879,0,0,7,0,0,7
0,DeathDescription.DECKING,65,75.03867149353027,0,0,7,0,0,7
0,DeathDescription.DECKING,65,54.58998680114746,0,0,7,0,0,7
0,DeathDescription.DECKING,65,50.945281982421875,0,0,7,0,0,7
0,DeathDescription.DECKING,65,39.083242416381836,0,0,7,0,0,7
0,DeathDescription.DECKING,65,43.057918548583984,0,0,7,0,0,7
0,DeathDescription.DECKING,65,54.04806137084961,0,0,7,0,0,7
0,DeathDescription.DECKING,65,48.72703552246094,0,0,7,0,0,7
0,DeathDescription.DECKING,65,63.56525421142578,0,0,7,0,0,7
0,DeathDescription.DECKING,65,59.5548152923584,0,0,7,0,0,7
0,DeathDescription.DECKING,65,52.12211608886719,0,0,7,0,0,7
0,DeathDescription.DECKING,65,50.08292198181152,0,0,7,0,0,7
0,DeathDescription.DECKING,65,48.98571968078613,0,0,7,0,0,7
0,DeathDescription.DECKING,65,43.59102249145508,0,0,7,0,0,7
0,DeathDescription.DECKING,65,57.76071548461914,0,0,7,0,0,7
0,DeathDescription.DECKING,65,57.92522430419922,0,0,7,0,0,7
0,DeathDescription.DECKING,65,48.51841926574707,0,0,7,0,0,7
0,DeathDescription.DECKING,65,96.37284278869629,0,0,7,0,0,7
0,DeathDescription.DECKING,65,50.09341239929199,0,0,7,0,0,7
0,DeathDescription.DECKING,65,84.17487144470215,0,0,7,0,0,7
0,DeathDescription.DECKING,65,56.34808540344238,0,0,7,0,0,7
0,DeathDescription.DECKING,65,59.35978889465332,0,0,7,0,0,7
0,DeathDescription.DECKING,65,63.73023986816406,0,0,7,0,0,7
0,DeathDescription.DECKING,65,63.28773498535156,0,0,7,0,0,7
0,DeathDescription.DECKING,65,66.30539894104004,0,0,7,0,0,7
0,DeathDescription.DECKING,65,63.90953063964844,0,0,7,0,0,7
0,DeathDescription.DECKING,65,48.813819885253906,0,0,7,0,0,7
0,DeathDescription.DECKING,65,56.78367614746094,0,0,7,0,0,7
0,DeathDescription.DECKING,65,50.038814544677734,0,0,7,0,0,7
0,DeathDescription.DECKING,65,56.761980056762695,0,0,7,0,0,7
0,DeathDescription.DECKING,65,54.97455596923828,0,0,7,0,0,7
0,DeathDescription.DECKING,65,56.79750442504883,0,0,7,0,0,7
0,DeathDescription.DECKING,65,55.299997329711914,0,0,7,0,0,7
0,DeathDescription.DECKING,65,62.94369697570801,0,0,7,0,0,7
0,DeathDescription.DECKING,65,52.65641212463379,0,0,7,0,0,7
0,DeathDescription.DECKING,65,52.56199836730957,0,0,7,0,0,7
0,DeathDescription.DECKING,65,53.290367126464844,0,0,7,0,0,7
0,DeathDescription.DECKING,65,52.90699005126953,0,0,7,0,0,7
0,DeathDescription.DECKING,65,61.304569244384766,0,0,7,0,0,7
0,DeathDescription.DECKING,65,66.68210029602051,0,0,7,0,0,7
0,DeathDescription.DECKING,65,66.02597236633301,0,0,7,0,0,7
0,DeathDescription.DECKING,65,56.38408660888672,0,0,7,0,0,7
0,DeathDescription.DECKING,65,60.55450439453125,0,0,7,0,0,7
0,DeathDescription.DECKING,65,62.917470932006836,0,0,7,0,0,7
0,DeathDescription.DECKING,65,58.56037139892578,0,0,7,0,0,7
0,DeathDescription.DECKING,65,61.58185005187988,0,0,7,0,0,7
0,DeathDescription.DECKING,65,49.36981201171875,0,0,7,0,0,7
0,DeathDescription.DECKING,65,54.466962814331055,0,0,7,0,0,7
0,DeathDescription.DECKING,65,45.359134674072266,0,0,7,0,0,7
0,DeathDescription.DECKING,65,77.10814476013184,0,0,7,0,0,7
0,DeathDescription.DECKING,65,77.50916481018066,0,0,7,0,0,7
0,DeathDescription.DECKING,65,44.20828819274902,0,0,7,0,0,7
0,DeathDescription.DECKING,65,73.32110404968262,0,0,7,0,0,7
0,DeathDescription.DECKING,65,61.951398849487305,0,0,7,0,0,7
0,DeathDescription.DECKING,65,83.1911563873291,0,0,7,0,0,7
0,DeathDescription.DECKING,65,46.36669158935547,0,0,7,0,0,7
0,DeathDescription.DECKING,65,64.84746932983398,0,0,7,0,0,7
0,DeathDescription.DECKING,65,70.63174247741699,0,0,7,0,0,7
0,DeathDescription.DECKING,65,80.93953132629395,0,0,7,0,0,7
0,DeathDescription.DECKING,65,39.516448974609375,0,0,7,0,0,7
0,DeathDescription.DECKING,65,63.60960006713867,0,0,7,0,0,7
0,DeathDescription.DECKING,65,46.61989212036133,0,0,7,0,0,7
0,DeathDescription.DECKING,65,56.81610107421875,0,0,7,0,0,7
0,DeathDescription.DECKING,65,45.516014099121094,0,0,7,0,0,7
0,DeathDescription.DECKING,65,59.229135513305664,0,0,7,0,0,7
0,DeathDescription.DECKING,65,61.9359016418457,0,0,7,0,0,7
0,DeathDescription.DECKING,65,55.04465103149414,0,0,7,0,0,7
0,DeathDescription.DECKING,65,45.55225372314453,0,0,7,0,0,7
0,DeathDescription.DECKING,65,63.539981842041016,0,0,7,0,0,7
0,DeathDescription.DECKING,65,45.478105545043945,0,0,7,0,0,7
0,DeathDescription.DECKING,65,60.5165958404541,0,0,7,0,0,7
0,DeathDescription.DECKING,65,40.734052658081055,0,0,7,0,0,7
0,DeathDescription.DECKING,65,54.75807189941406,0,0,7,0,0,7
0,DeathDescription.DECKING,65,41.931867599487305,0,0,7,0,0,7
0,DeathDescription.DECKING,65,59.16404724121094,0,0,7,0,0,7
0,DeathDescription.DECKING,65,66.45798683166504,0,0,7,0,0,7
0,DeathDescription.DECKING,65,68.15552711486816,0,0,7,0,0,7
0,DeathDescription.DECKING,65,50.05311965942383,0,0,7,0,0,7
0,DeathDescription.DECKING,65,54.01420593261719,0,0,7,0,0,7
0,DeathDescription.DECKING,65,59.05604362487793,0,0,7,0,0,7
0,DeathDescription.DECKING,65,58.94875526428223,0,0,7,0,0,7
0,DeathDescription.DECKING,65,44.2047119140625,0,0,7,0,0,7
0,DeathDescription.DECKING,65,54.067373275756836,0,0,7,0,0,7
0,DeathDescription.DECKING,65,39.25466537475586,0,0,7,0,0,7
0,DeathDescription.DECKING,65,59.80801582336426,0,0,7,0,0,7
0,DeathDescription.DECKING,65,52.08778381347656,0,0,7,0,0,7
0,DeathDescription.DECKING,65,54.49414253234863,0,0,7,0,0,7
0,DeathDescription.DECKING,65,58.547258377075195,0,0,7,0,0,7
0,DeathDescription.DECKING,65,46.102046966552734,0,0,7,0,0,7
0,DeathDescription.DECKING,65,50.462961196899414,0,0,7,0,0,7
0,DeathDescription.DECKING,65,56.59627914428711,0,0,7,0,0,7
0,DeathDescription.DECKING,65,55.44543266296387,0,0,7,0,0,7
0,DeathDescription.DECKING,65,50.4457950592041,0,0,7,0,0,7
0,DeathDescription.DECKING,65,64.8050308227539,0,0,7,0,0,7
0,DeathDescription.DECKING,65,69.71263885498047,0,0,7,0,0,7
0,DeathDescription.DECKING,65,69.98300552368164,0,0,7,0,0,7
0,DeathDescription.DECKING,65,70.45698165893555,0,0,7,0,0,7
0,DeathDescription.DECKING,65,52.149057388305664,0,0,7,0,0,7
0,DeathDescription.DECKING,65,42.1905517578125,0,0,7,0,0,7
0,DeathDescription.DECKING,65,44.02351379394531,0,0,7,0,0,7
0,DeathDescription.DECKING,65,62.098026275634766,0,0,7,0,0,7
0,DeathDescription.DECKING,65,49.15046691894531,0,0,7,0,0,7
0,DeathDescription.DECKING,65,75.03366470336914,0,0,7,0,0,7
0,DeathDescription.DECKING,65,88.86408805847168,0,0,7,0,0,7
0,DeathDescription.DECKING,65,53.1613826751709,0,0,7,0,0,7
0,DeathDescription.DECKING,65,46.362876892089844,0,0,7,0,0,7
0,DeathDescription.DECKING,65,52.039146423339844,0,0,7,0,0,7
0,DeathDescription.DECKING,65,50.80771446228027,0,0,7,0,0,7
0,DeathDescription.DECKING,65,54.91042137145996,0,0,7,0,0,7
0,DeathDescription.DECKING,65,58.36033821105957,0,0,7,0,0,7
0,DeathDescription.DECKING,65,51.54871940612793,0,0,7,0,0,7
0,DeathDescription.DECKING,65,49.878597259521484,0,0,7,0,0,7
0,DeathDescription.DECKING,65,43.21885108947754,0,0,7,0,0,7
0,DeathDescription.DECKING,65,57.038068771362305,0,0,7,0,0,7
0,DeathDescription.DECKING,65,87.74065971374512,0,0,7,0,0,7
0,DeathDescription.DECKING,65,76.4627456665039,0,0,7,0,0,7
0,DeathDescription.DECKING,65,71.37775421142578,0,0,7,0,0,7
0,DeathDescription.DECKING,65,40.2674674987793,0,0,7,0,0,7
0,DeathDescription.DECKING,65,50.08649826049805,0,0,7,0,0,7
0,DeathDescription.DECKING,65,49.714088439941406,0,0,7,0,0,7
0,DeathDescription.DECKING,65,56.90336227416992,0,0,7,0,0,7
0,DeathDescription.DECKING,65,49.349069595336914,0,0,7,0,0,7
0,DeathDescription.DECKING,65,59.83734130859375,0,0,7,0,0,7
0,DeathDescription.DECKING,65,60.38355827331543,0,0,7,0,0,7
0,DeathDescription.DECKING,65,73.95768165588379,0,0,7,0,0,7
0,DeathDescription.DECKING,65,66.14804267883301,0,0,7,0,0,7
0,DeathDescription.DECKING,65,66.48397445678711,0,0,7,0,0,7
0,DeathDescription.DECKING,65,59.6923828125,0,0,7,0,0,7
0,DeathDescription.DECKING,65,67.47603416442871,0,0,7,0,0,7
0,DeathDescription.DECKING,65,69.13614273071289,0,0,7,0,0,7
0,DeathDescription.DECKING,65,66.07985496520996,0,0,7,0,0,7
0,DeathDescription.DECKING,65,58.28070640563965,0,0,7,0,0,7
0,DeathDescription.DECKING,65,60.58335304260254,0,0,7,0,0,7
0,DeathDescription.DECKING,65,45.26877403259277,0,0,7,0,0,7
0,DeathDescription.DECKING,65,59.5850944519043,0,0,7,0,0,7
0,DeathDescription.DECKING,65,44.97981071472168,0,0,7,0,0,7
0,DeathDescription.DECKING,65,55.414438247680664,0,0,7,0,0,7
0,DeathDescription.DECKING,65,41.50199890136719,0,0,7,0,0,7
0,DeathDescription.DECKING,65,71.97356224060059,0,0,7,0,0,7
0,DeathDescription.DECKING,65,49.96490478515625,0,0,7,0,0,7
0,DeathDescription.DECKING,65,48.844099044799805,0,0,7,0,0,7
0,DeathDescription.DECKING,65,48.61855506896973,0,0,7,0,0,7
0,DeathDescription.DECKING,65,61.478614807128906,0,0,7,0,0,7
0,DeathDescription.DECKING,65,40.08960723876953,0,0,7,0,0,7
0,DeathDescription.DECKING,65,64.01634216308594,0,0,7,0,0,7
0,DeathDescription.DECKING,65,43.192386627197266,0,0,7,0,0,7
0,DeathDescription.DECKING,65,71.6543197631836,0,0,7,0,0,7
0,DeathDescription.DECKING,65,52.782297134399414,0,0,7,0,0,7
0,DeathDescription.DECKING,65,64.47958946228027,0,0,7,0,0,7
0,DeathDescription.DECKING,65,49.570322036743164,0,0,7,0,0,7
0,DeathDescription.DECKING,65,62.01028823852539,0,0,7,0,0,7
0,DeathDescription.DECKING,65,71.47908210754395,0,0,7,0,0,7
0,DeathDescription.DECKING,65,87.14437484741211,0,0,7,0,0,7
0,DeathDescription.DECKING,65,83.13655853271484,0,0,7,0,0,7
0,DeathDescription.DECKING,65,57.082414627075195,0,0,7,0,0,7
0,DeathDescription.DECKING,65,77.57401466369629,0,0,7,0,0,7
0,DeathDescription.DECKING,65,55.124759674072266,0,0,7,0,0,7
0,DeathDescription.DECKING,65,48.0954647064209,0,0,7,0,0,7
0,DeathDescription.DECKING,65,90.47245979309082,0,0,7,0,0,7
0,DeathDescription.DECKING,65,49.61848258972168,0,0,7,0,0,7
0,DeathDescription.DECKING,65,54.738759994506836,0,0,7,0,0,7
0,DeathDescription.DECKING,65,56.29849433898926,0,0,7,0,0,7
0,DeathDescription.DECKING,65,62.17622756958008,0,0,7,0,0,7
0,DeathDescription.DECKING,65,58.29977989196777,0,0,7,0,0,7
0,DeathDescription.DECKING,65,61.36965751647949,0,0,7,0,0,7
0,DeathDescription.DECKING,65,44.62742805480957,0,0,7,0,0,7
0,DeathDescription.DECKING,65,68.03131103515625,0,0,7,0,0,7
0,DeathDescription.DECKING,65,42.443037033081055,0,0,7,0,0,7
0,DeathDescription.DECKING,65,69.49639320373535,0,0,7,0,0,7
0,DeathDescription.DECKING,65,65.37413597106934,0,0,7,0,0,7
0,DeathDescription.DECKING,65,75.84333419799805,0,0,7,0,0,7
0,DeathDescription.DECKING,65,73.70758056640625,0,0,7,0,0,7
0,DeathDescription.DECKING,65,79.91981506347656,0,0,7,0,0,7
0,DeathDescription.DECKING,65,46.321868896484375,0,0,7,0,0,7
0,DeathDescription.DECKING,65,95.80206871032715,0,0,7,0,0,7
0,DeathDescription.DECKING,65,81.29763603210449,0,0,7,0,0,7
0,DeathDescription.DECKING,65,74.38230514526367,0,0,7,0,0,7
0,DeathDescription.DECKING,65,55.00006675720215,0,0,7,0,0,7
0,DeathDescription.DECKING,65,72.86572456359863,0,0,7,0,0,7
0,DeathDescription.DECKING,65,61.52009963989258,0,0,7,0,0,7
0,DeathDescription.DECKING,65,53.766489028930664,0,0,7,0,0,7
0,DeathDescription.DECKING,65,76.77698135375977,0,0,7,0,0,7
0,DeathDescription.DECKING,65,62.44707107543945,0,0,7,0,0,7
0,DeathDescription.DECKING,65,72.29852676391602,0,0,7,0,0,7
0,DeathDescription.DECKING,65,60.384511947631836,0,0,7,0,0,7
0,DeathDescription.DECKING,65,64.09740447998047,0,0,7,0,0,7
0,DeathDescription.DECKING,65,81.0246467590332,0,0,7,0,0,7
0,DeathDescription.DECKING,65,83.80413055419922,0,0,7,0,0,7
0,DeathDescription.DECKING,65,98.97112846374512,0,0,7,0,0,7
0,DeathDescription.DECKING,65,74.97382164001465,0,0,7,0,0,7
0,DeathDescription.DECKING,65,73.54235649108887,0,0,7,0,0,7
0,DeathDescription.DECKING,65,66.25628471374512,0,0,7,0,0,7
0,DeathDescription.DECKING,65,93.8107967376709,0,0,7,0,0,7
0,DeathDescription.DECKING,65,59.90242958068848,0,0,7,0,0,7
0,DeathDescription.DECKING,65,73.97150993347168,0,0,7,0,0,7
0,DeathDescription.DECKING,65,65.34314155578613,0,0,7,0,0,7
0,DeathDescription.DECKING,65,69.10395622253418,0,0,7,0,0,7
0,DeathDescription.DECKING,65,84.86175537109375,0,0,7,0,0,7
0,DeathDescription.DECKING,65,57.89017677307129,0,0,7,0,0,7
0,DeathDescription.DECKING,65,58.39943885803223,0,0,7,0,0,7
0,DeathDescription.DECKING,65,57.84487724304199,0,0,7,0,0,7
0,DeathDescription.DECKING,65,52.96587944030762,0,0,7,0,0,7
0,DeathDescription.DECKING,65,87.08786964416504,0,0,7,0,0,7
0,DeathDescription.DECKING,65,63.84563446044922,0,0,7,0,0,7
0,DeathDescription.DECKING,65,87.66841888427734,0,0,7,0,0,7
0,DeathDescription.DECKING,65,65.5069351196289,0,0,7,0,0,7
0,DeathDescription.DECKING,65,78.08351516723633,0,0,7,0,0,7
0,DeathDescription.DECKING,65,80.15608787536621,0,0,7,0,0,7
0,DeathDescription.DECKING,65,52.823543548583984,0,0,7,0,0,7
0,DeathDescription.DECKING,65,70.27745246887207,0,0,7,0,0,7
0,DeathDescription.DECKING,65,78.94301414489746,0,0,7,0,0,7
0,DeathDescription.DECKING,65,63.34066390991211,0,0,7,0,0,7
0,DeathDescription.DECKING,65,71.57588005065918,0,0,7,0,0,7
0,DeathDescription.DECKING,65,65.53316116333008,0,0,7,0,0,7
0,DeathDescription.DECKING,65,55.53555488586426,0,0,7,0,0,7
0,DeathDescription.DECKING,65,67.66319274902344,0,0,7,0,0,7
0,DeathDescription.DECKING,65,73.69017601013184,0,0,7,0,0,7
0,DeathDescription.DECKING,65,56.044578552246094,0,0,7,0,0,7
0,DeathDescription.DECKING,65,57.21139907836914,0,0,7,0,0,7
0,DeathDescription.DECKING,65,74.6760368347168,0,0,7,0,0,7
0,DeathDescription.DECKING,65,65.07539749145508,0,0,7,0,0,7
0,DeathDescription.DECKING,65,68.18366050720215,0,0,7,0,0,7
0,DeathDescription.DECKING,65,82.27157592773438,0,0,7,0,0,7
0,DeathDescription.DECKING,65,91.39561653137207,0,0,7,0,0,7
0,DeathDescription.DECKING,65,83.20784568786621,0,0,7,0,0,7
0,DeathDescription.DECKING,65,68.78876686096191,0,0,7,0,0,7
0,DeathDescription.DECKING,65,78.36651802062988,0,0,7,0,0,7
0,DeathDescription.DECKING,65,79.01954650878906,0,0,7,0,0,7
0,DeathDescription.DECKING,65,87.8453254699707,0,0,7,0,0,7
0,DeathDescription.DECKING,65,105.49426078796387,0,0,7,0,0,7
0,DeathDescription.DECKING,65,86.40861511230469,0,0,7,0,0,7
0,DeathDescription.DECKING,65,64.51630592346191,0,0,7,0,0,7
0,DeathDescription.DECKING,65,64.07809257507324,0,0,7,0,0,7
0,DeathDescription.DECKING,65,50.23479461669922,0,0,7,0,0,7
0,DeathDescription.DECKING,65,64.82648849487305,0,0,7,0,0,7
0,DeathDescription.DECKING,65,74.18513298034668,0,0,7,0,0,7
0,DeathDescription.DECKING,65,69.42343711853027,0,0,7,0,0,7
0,DeathDescription.DECKING,65,75.042724609375,0,0,7,0,0,7
0,DeathDescription.DECKING,65,64.3007755279541,0,0,7,0,0,7
0,DeathDescription.DECKING,65,46.15902900695801,0,0,7,0,0,7
0,DeathDescription.DECKING,65,61.19370460510254,0,0,7,0,0,7
0,DeathDescription.DECKING,65,65.72604179382324,0,0,7,0,0,7
0,DeathDescription.DECKING,65,58.32099914550781,0,0,7,0,0,7
0,DeathDescription.DECKING,65,66.15805625915527,0,0,7,0,0,7
0,DeathDescription.DECKING,65,80.32536506652832,0,0,7,0,0,7
0,DeathDescription.DECKING,65,70.59907913208008,0,0,7,0,0,7
0,DeathDescription.DECKING,65,58.930397033691406,0,0,7,0,0,7
0,DeathDescription.DECKING,65,78.50098609924316,0,0,7,0,0,7
0,DeathDescription.DECKING,65,88.02652359008789,0,0,7,0,0,7
0,DeathDescription.DECKING,65,42.14930534362793,0,0,7,0,0,7
0,DeathDescription.DECKING,65,62.956809997558594,0,0,7,0,0,7
0,DeathDescription.DECKING,65,66.97607040405273,0,0,7,0,0,7
0,DeathDescription.DECKING,65,56.3817024230957,0,0,7,0,0,7
0,DeathDescription.DECKING,65,63.55547904968262,0,0,7,0,0,7
0,DeathDescription.DECKING,65,71.91133499145508,0,0,7,0,0,7
0,DeathDescription.DECKING,65,46.844482421875,0,0,7,0,0,7
0,DeathDescription.DECKING,65,71.92635536193848,0,0,7,0,0,7
0,DeathDescription.DECKING,65,64.9557113647461,0,0,7,0,0,7
0,DeathDescription.DECKING,65,86.3194465637207,0,0,7,0,0,7
0,DeathDescription.DECKING,65,67.00706481933594,0,0,7,0,0,7
0,DeathDescription.DECKING,65,90.41881561279297,0,0,7,0,0,7
0,DeathDescription.DECKING,65,60.52803993225098,0,0,7,0,0,7
0,DeathDescription.DECKING,65,54.121971130371094,0,0,7,0,0,7
0,DeathDescription.DECKING,65,65.91320037841797,0,0,7,0,0,7
0,DeathDescription.DECKING,65,78.44781875610352,0,0,7,0,0,7
0,DeathDescription.DECKING,65,64.79167938232422,0,0,7,0,0,7
0,DeathDescription.DECKING,65,84.90657806396484,0,0,7,0,0,7
0,DeathDescription.DECKING,65,74.05877113342285,0,0,7,0,0,7
0,DeathDescription.DECKING,65,85.75034141540527,0,0,7,0,0,7
0,DeathDescription.DECKING,65,60.997724533081055,0,0,7,0,0,7
0,DeathDescription.DECKING,65,57.34682083129883,0,0,7,0,0,7
0,DeathDescription.DECKING,65,57.78837203979492,0,0,7,0,0,7
0,DeathDescription.DECKING,65,74.13792610168457,0,0,7,0,0,7
0,DeathDescription.DECKING,65,78.11665534973145,0,0,7,0,0,7
0,DeathDescription.DECKING,65,53.96628379821777,0,0,7,0,0,7
0,DeathDescription.DECKING,65,78.69291305541992,0,0,7,0,0,7
0,DeathDescription.DECKING,65,69.51022148132324,0,0,7,0,0,7
0,DeathDescription.DECKING,65,60.9135627746582,0,0,7,0,0,7
0,DeathDescription.DECKING,65,51.54681205749512,0,0,7,0,0,7
0,DeathDescription.DECKING,65,69.1523551940918,0,0,7,0,0,7
0,DeathDescription.DECKING,65,81.97426795959473,0,0,7,0,0,7
0,DeathDescription.DECKING,65,51.00107192993164,0,0,7,0,0,7
0,DeathDescription.DECKING,65,56.36954307556152,0,0,7,0,0,7
0,DeathDescription.DECKING,65,55.4502010345459,0,0,7,0,0,7
0,DeathDescription.DECKING,65,67.33202934265137,0,0,7,0,0,7
0,DeathDescription.DECKING,65,69.02003288269043,0,0,7,0,0,7
0,DeathDescription.DECKING,65,75.85668563842773,0,0,7,0,0,7
0,DeathDescription.DECKING,65,48.79117012023926,0,0,7,0,0,7
0,DeathDescription.DECKING,65,67.23475456237793,0,0,7,0,0,7
0,DeathDescription.DECKING,65,92.13781356811523,0,0,7,0,0,7
0,DeathDescription.DECKING,65,73.63486289978027,0,0,7,0,0,7
0,DeathDescription.DECKING,65,58.515310287475586,0,0,7,0,0,7
0,DeathDescription.DECKING,65,49.60465431213379,0,0,7,0,0,7
0,DeathDescription.DECKING,65,75.2096176147461,0,0,7,0,0,7
0,DeathDescription.DECKING,65,76.15971565246582,0,0,7,0,0,7
0,DeathDescription.DECKING,65,76.97343826293945,0,0,7,0,0,7
0,DeathDescription.DECKING,65,64.1469955444336,0,0,7,0,0,7
0,DeathDescription.DECKING,65,53.26485633850098,0,0,7,0,0,7
0,DeathDescription.DECKING,65,61.4018440246582,0,0,7,0,0,7
0,DeathDescription.DECKING,65,47.3637580871582,0,0,7,0,0,7
0,DeathDescription.DECKING,65,44.74806785583496,0,0,7,0,0,7
0,DeathDescription.DECKING,65,48.4316349029541,0,0,7,0,0,7
0,DeathDescription.DECKING,65,101.76610946655273,0,0,7,0,0,7
0,DeathDescription.DECKING,65,64.79644775390625,0,0,7,0,0,7
0,DeathDescription.DECKING,65,63.70067596435547,0,0,7,0,0,7
0,DeathDescription.DECKING,65,59.54098701477051,0,0,7,0,0,7
0,DeathDescription.DECKING,65,62.807321548461914,0,0,7,0,0,7
0,DeathDescription.DECKING,65,57.75761604309082,0,0,7,0,0,7
0,DeathDescription.DECKING,65,124.47857856750488,0,0,7,0,0,7
0,DeathDescription.DECKING,65,61.261653900146484,0,0,7,0,0,7
0,DeathDescription.DECKING,65,42.22583770751953,0,0,7,0,0,7
0,DeathDescription.DECKING,65,50.55737495422363,0,0,7,0,0,7
0,DeathDescription.DECKING,65,53.24435234069824,0,0,7,0,0,7
0,DeathDescription.DECKING,65,62.4995231628418,0,0,7,0,0,7
0,DeathDescription.DECKING,65,55.416107177734375,0,0,7,0,0,7
0,DeathDescription.DECKING,65,64.67556953430176,0,0,7,0,0,7
0,DeathDescription.DECKING,65,53.56287956237793,0,0,7,0,0,7
0,DeathDescription.DECKING,65,63.01426887512207,0,0,7,0,0,7
0,DeathDescription.DECKING,65,56.04887008666992,0,0,7,0,0,7
0,DeathDescription.DECKING,65,61.4621639251709,0,0,7,0,0,7
0,DeathDescription.DECKING,65,74.6152400970459,0,0,7,0,0,7
0,DeathDescription.DECKING,65,72.7853775024414,0,0,7,0,0,7
0,DeathDescription.DECKING,65,67.18635559082031,0,0,7,0,0,7
0,DeathDescription.DECKING,65,68.4957504272461,0,0,7,0,0,7
0,DeathDescription.DECKING,65,70.19996643066406,0,0,7,0,0,7
0,DeathDescription.DECKING,65,53.02691459655762,0,0,7,0,0,7
0,DeathDescription.DECKING,65,71.38776779174805,0,0,7,0,0,7
0,DeathDescription.DECKING,65,71.47336006164551,0,0,7,0,0,7
0,DeathDescription.DECKING,65,53.84492874145508,0,0,7,0,0,7
0,DeathDescription.DECKING,65,81.60734176635742,0,0,7,0,0,7
0,DeathDescription.DECKING,65,67.8246021270752,0,0,7,0,0,7
0,DeathDescription.DECKING,65,56.8997859954834,0,0,7,0,0,7
0,DeathDescription.DECKING,65,59.11755561828613,0,0,7,0,0,7
0,DeathDescription.DECKING,65,82.46850967407227,0,0,7,0,0,7
0,DeathDescription.DECKING,65,66.33687019348145,0,0,7,0,0,7
0,DeathDescription.DECKING,65,67.1379566192627,0,0,7,0,0,7
0,DeathDescription.DECKING,65,63.56692314147949,0,0,7,0,0,7
0,DeathDescription.DECKING,65,72.80969619750977,0,0,7,0,0,7
0,DeathDescription.DECKING,65,49.44777488708496,0,0,7,0,0,7
0,DeathDescription.DECKING,65,61.15436553955078,0,0,7,0,0,7
0,DeathDescription.DECKING,65,58.451175689697266,0,0,7,0,0,7
0,DeathDescription.DECKING,65,44.70992088317871,0,0,7,0,0,7
0,DeathDescription.DECKING,65,77.33869552612305,0,0,7,0,0,7
0,DeathDescription.DECKING,65,68.65930557250977,0,0,7,0,0,7
0,DeathDescription.DECKING,65,42.781829833984375,0,0,7,0,0,7
0,DeathDescription.DECKING,65,56.63728713989258,0,0,7,0,0,7
0,DeathDescription.DECKING,65,71.624755859375,0,0,7,0,0,7
0,DeathDescription.DECKING,65,61.82360649108887,0,0,7,0,0,7
0,DeathDescription.DECKING,65,64.01228904724121,0,0,7,0,0,7
0,DeathDescription.DECKING,65,66.24984741210938,0,0,7,0,0,7
0,DeathDescription.DECKING,65,41.4125919342041,0,0,7,0,0,7
0,DeathDescription.DECKING,65,61.362504959106445,0,0,7,0,0,7
0,DeathDescription.DECKING,65,52.861690521240234,0,0,7,0,0,7
0,DeathDescription.DECKING,65,57.51180648803711,0,0,7,0,0,7
0,DeathDescription.DECKING,65,57.04665184020996,0,0,7,0,0,7
0,DeathDescription.DECKING,65,51.596879959106445,0,0,7,0,0,7
0,DeathDescription.DECKING,65,46.790122985839844,0,0,7,0,0,7
0,DeathDescription.DECKING,65,56.46204948425293,0,0,7,0,0,7
0,DeathDescription.DECKING,65,60.823678970336914,0,0,7,0,0,7
0,DeathDescription.DECKING,65,40.60196876525879,0,0,7,0,0,7
0,DeathDescription.DECKING,65,49.62515830993652,0,0,7,0,0,7
0,DeathDescription.DECKING,65,52.22034454345703,0,0,7,0,0,7
0,DeathDescription.DECKING,65,68.5415267944336,0,0,7,0,0,7
0,DeathDescription.DECKING,65,55.70840835571289,0,0,7,0,0,7
0,DeathDescription.DECKING,65,58.90345573425293,0,0,7,0,0,7
0,DeathDescription.DECKING,65,46.469688415527344,0,0,7,0,0,7
0,DeathDescription.DECKING,65,70.53995132446289,0,0,7,0,0,7
0,DeathDescription.DECKING,65,44.19851303100586,0,0,7,0,0,7
0,DeathDescription.DECKING,65,75.48379898071289,0,0,7,0,0,7
0,DeathDescription.DECKING,65,41.9926643371582,0,0,7,0,0,7
0,DeathDescription.DECKING,65,55.91630935668945,0,0,7,0,0,7
0,DeathDescription.DECKING,65,49.77583885192871,0,0,7,0,0,7
0,DeathDescription.DECKING,65,56.84304237365723,0,0,7,0,0,7
0,DeathDescription.DECKING,65,55.24468421936035,0,0,7,0,0,7
0,DeathDescription.DECKING,65,58.643341064453125,0,0,7,0,0,7
0,DeathDescription.DECKING,65,50.780296325683594,0,0,7,0,0,7
0,DeathDescription.DECKING,65,73.78125190734863,0,0,7,0,0,7
0,DeathDescription.DECKING,65,49.01838302612305,0,0,7,0,0,7
0,DeathDescription.DECKING,65,74.53179359436035,0,0,7,0,0,7
0,DeathDescription.DECKING,65,51.46145820617676,0,0,7,0,0,7
0,DeathDescription.DECKING,65,59.55386161804199,0,0,7,0,0,7
0,DeathDescription.DECKING,65,43.60842704772949,0,0,7,0,0,7
0,DeathDescription.DECKING,65,62.97469139099121,0,0,7,0,0,7
0,DeathDescription.DECKING,65,41.017770767211914,0,0,7,0,0,7
0,DeathDescription.DECKING,65,52.904367446899414,0,0,7,0,0,7
0,DeathDescription.DECKING,65,42.456626892089844,0,0,7,0,0,7
0,DeathDescription.DECKING,65,39.92199897766113,0,0,7,0,0,7
0,DeathDescription.DECKING,65,64.81337547302246,0,0,7,0,0,7
0,DeathDescription.DECKING,65,46.552181243896484,0,0,7,0,0,7
0,DeathDescription.DECKING,65,57.55734443664551,0,0,7,0,0,7
0,DeathDescription.DECKING,65,61.231374740600586,0,0,7,0,0,7
0,DeathDescription.DECKING,65,48.67434501647949,0,0,7,0,0,7
0,DeathDescription.DECKING,65,73.65822792053223,0,0,7,0,0,7
0,DeathDescription.DECKING,65,56.70428276062012,0,0,7,0,0,7
0,DeathDescription.DECKING,65,44.76618766784668,0,0,7,0,0,7
0,DeathDescription.DECKING,65,73.5783576965332,0,0,7,0,0,7
0,DeathDescription.DECKING,65,54.780006408691406,0,0,7,0,0,7
0,DeathDescription.DECKING,65,71.26474380493164,0,0,7,0,0,7
0,DeathDescription.DECKING,65,48.08664321899414,0,0,7,0,0,7
0,DeathDescription.DECKING,65,52.63400077819824,0,0,7,0,0,7
0,DeathDescription.DECKING,65,52.95610427856445,0,0,7,0,0,7
0,DeathDescription.DECKING,65,60.78791618347168,0,0,7,0,0,7
0,DeathDescription.DECKING,65,56.723833084106445,0,0,7,0,0,7
0,DeathDescription.DECKING,65,57.59835243225098,0,0,7,0,0,7
0,DeathDescription.DECKING,65,45.406341552734375,0,0,7,0,0,7
0,DeathDescription.DECKING,65,60.872554779052734,0,0,7,0,0,7
0,DeathDescription.DECKING,65,66.15471839904785,0,0,7,0,0,7
0,DeathDescription.DECKING,65,61.08450889587402,0,0,7,0,0,7
0,DeathDescription.DECKING,65,44.30246353149414,0,0,7,0,0,7
0,DeathDescription.DECKING,65,60.35637855529785,0,0,7,0,0,7
0,DeathDescription.DECKING,65,60.19473075866699,0,0,7,0,0,7
0,DeathDescription.DECKING,65,57.27696418762207,0,0,7,0,0,7
0,DeathDescription.DECKING,65,59.82565879821777,0,0,7,0,0,7
0,DeathDescription.DECKING,65,48.56681823730469,0,0,7,0,0,7
0,DeathDescription.DECKING,65,51.08761787414551,0,0,7,0,0,7
0,DeathDescription.DECKING,65,59.519052505493164,0,0,7,0,0,7
0,DeathDescription.DECKING,65,52.71267890930176,0,0,7,0,0,7
0,DeathDescription.DECKING,65,41.68581962585449,0,0,7,0,0,7
0,DeathDescription.DECKING,65,56.044816970825195,0,0,7,0,0,7
0,DeathDescription.DECKING,65,68.17221641540527,0,0,7,0,0,7
0,DeathDescription.DECKING,65,40.647268295288086,0,0,7,0,0,7
0,DeathDescription.DECKING,65,66.79010391235352,0,0,7,0,0,7
0,DeathDescription.DECKING,65,45.27640342712402,0,0,7,0,0,7
0,DeathDescription.DECKING,65,71.84982299804688,0,0,7,0,0,7
0,DeathDescription.DECKING,65,52.387237548828125,0,0,7,0,0,7
0,DeathDescription.DECKING,65,67.45314598083496,0,0,7,0,0,7
0,DeathDescription.DECKING,65,39.28732872009277,0,0,7,0,0,7
0,DeathDescription.DECKING,65,57.59763717651367,0,0,7,0,0,7
0,DeathDescription.DECKING,65,59.783220291137695,0,0,7,0,0,7
0,DeathDescription.DECKING,65,57.31773376464844,0,0,7,0,0,7
0,DeathDescription.DECKING,65,57.769775390625,0,0,7,0,0,7
0,DeathDescription.DECKING,65,60.99057197570801,0,0,7,0,0,7
0,DeathDescription.DECKING,65,63.67802619934082,0,0,7,0,0,7
0,DeathDescription.DECKING,65,59.14807319641113,0,0,7,0,0,7
0,DeathDescription.DECKING,65,42.71841049194336,0,0,7,0,0,7
0,DeathDescription.DECKING,65,71.64168357849121,0,0,7,0,0,7
0,DeathDescription.DECKING,65,46.11968994140625,0,0,7,0,0,7
0,DeathDescription.DECKING,65,60.66083908081055,0,0,7,0,0,7
0,DeathDescription.DECKING,65,53.71499061584473,0,0,7,0,0,7
0,DeathDescription.DECKING,65,66.4830207824707,0,0,7,0,0,7
0,DeathDescription.DECKING,65,76.03240013122559,0,0,7,0,0,7
0,DeathDescription.DECKING,65,73.4395980834961,0,0,7,0,0,7
0,DeathDescription.DECKING,65,41.818857192993164,0,0,7,0,0,7
0,DeathDescription.DECKING,65,89.85233306884766,0,0,7,0,0,7
0,DeathDescription.DECKING,65,55.555105209350586,0,0,7,0,0,7
0,DeathDescription.DECKING,65,72.89409637451172,0,0,7,0,0,7
0,DeathDescription.DECKING,65,63.787221908569336,0,0,7,0,0,7
0,DeathDescription.DECKING,65,91.1264419555664,0,0,7,0,0,7
0,DeathDescription.DECKING,65,77.86011695861816,0,0,7,0,0,7
0,DeathDescription.DECKING,65,101.36914253234863,0,0,7,0,0,7
0,DeathDescription.DECKING,65,75.03771781921387,0,0,7,0,0,7
0,DeathDescription.DECKING,65,82.75699615478516,0,0,7,0,0,7
0,DeathDescription.DECKING,65,58.66098403930664,0,0,7,0,0,7
0,DeathDescription.DECKING,65,56.55217170715332,0,0,7,0,0,7
0,DeathDescription.DECKING,65,55.478811264038086,0,0,7,0,0,7
0,DeathDescription.DECKING,65,66.09845161437988,0,0,7,0,0,7
0,DeathDescription.DECKING,65,50.9035587310791,0,0,7,0,0,7
0,DeathDescription.DECKING,65,73.65584373474121,0,0,7,0,0,7
0,DeathDescription.DECKING,65,50.50373077392578,0,0,7,0,0,7
0,DeathDescription.DECKING,65,71.92683219909668,0,0,7,0,0,7
0,DeathDescription.DECKING,65,49.77059364318848,0,0,7,0,0,7
0,DeathDescription.DECKING,65,81.88939094543457,0,0,7,0,0,7
0,DeathDescription.DECKING,65,66.18714332580566,0,0,7,0,0,7
0,DeathDescription.DECKING,65,76.87211036682129,0,0,7,0,0,7
0,DeathDescription.DECKING,65,71.8381404876709,0,0,7,0,0,7
0,DeathDescription.DECKING,65,87.08834648132324,0,0,7,0,0,7
0,DeathDescription.DECKING,65,51.5749454498291,0,0,7,0,0,7
0,DeathDescription.DECKING,65,84.96427536010742,0,0,7,0,0,7
0,DeathDescription.DECKING,65,69.87905502319336,0,0,7,0,0,7
0,DeathDescription.DECKING,65,78.99785041809082,0,0,7,0,0,7
0,DeathDescription.DECKING,65,64.47339057922363,0,0,7,0,0,7
0,DeathDescription.DECKING,65,75.69265365600586,0,0,7,0,0,7
0,DeathDescription.DECKING,65,66.70498847961426,0,0,7,0,0,7
0,DeathDescription.DECKING,65,56.82826042175293,0,0,7,0,0,7
0,DeathDescription.DECKING,65,61.68770790100098,0,0,7,0,0,7
0,DeathDescription.DECKING,65,70.04737854003906,0,0,7,0,0,7
0,DeathDescription.DECKING,65,67.6727294921875,0,0,7,0,0,7
0,DeathDescription.DECKING,65,76.44319534301758,0,0,7,0,0,7
0,DeathDescription.DECKING,65,55.60612678527832,0,0,7,0,0,7
0,DeathDescription.DECKING,65,80.20925521850586,0,0,7,0,0,7
0,DeathDescription.DECKING,65,60.82892417907715,0,0,7,0,0,7
0,DeathDescription.DECKING,65,70.95456123352051,0,0,7,0,0,7
0,DeathDescription.DECKING,65,67.5053596496582,0,0,7,0,0,7
0,DeathDescription.DECKING,65,64.34106826782227,0,0,7,0,0,7
0,DeathDescription.DECKING,65,49.88908767700195,0,0,7,0,0,7
0,DeathDescription.DECKING,65,63.64727020263672,0,0,7,0,0,7
0,DeathDescription.DECKING,65,60.96053123474121,0,0,7,0,0,7
0,DeathDescription.DECKING,65,62.961578369140625,0,0,7,0,0,7
0,DeathDescription.DECKING,65,65.56057929992676,0,0,7,0,0,7
0,DeathDescription.DECKING,65,76.42364501953125,0,0,7,0,0,7
0,DeathDescription.DECKING,65,72.5405216217041,0,0,7,0,0,7
0,DeathDescription.DECKING,65,62.60967254638672,0,0,7,0,0,7
0,DeathDescription.DECKING,65,42.81210899353027,0,0,7,0,0,7
0,DeathDescription.DECKING,65,69.55766677856445,0,0,7,0,0,7
0,DeathDescription.DECKING,65,63.84754180908203,0,0,7,0,0,7
0,DeathDescription.DECKING,65,55.554866790771484,0,0,7,0,0,7
0,DeathDescription.DECKING,65,80.75165748596191,0,0,7,0,0,7
0,DeathDescription.DECKING,65,72.53527641296387,0,0,7,0,0,7
0,DeathDescription.DECKING,65,80.07526397705078,0,0,7,0,0,7
0,DeathDescription.DECKING,65,51.86295509338379,0,0,7,0,0,7
0,DeathDescription.DECKING,65,68.1154727935791,0,0,7,0,0,7
0,DeathDescription.DECKING,65,76.50184631347656,0,0,7,0,0,7
0,DeathDescription.DECKING,65,63.25984001159668,0,0,7,0,0,7
0,DeathDescription.DECKING,65,63.27247619628906,0,0,7,0,0,7
0,DeathDescription.DECKING,65,75.76227188110352,0,0,7,0,0,7
0,DeathDescription.DECKING,65,68.06707382202148,0,0,7,0,0,7
0,DeathDescription.DECKING,65,45.35698890686035,0,0,7,0,0,7
0,DeathDescription.DECKING,65,54.425716400146484,0,0,7,0,0,7
0,DeathDescription.DECKING,65,64.32533264160156,0,0,7,0,0,7
0,DeathDescription.DECKING,65,47.30868339538574,0,0,7,0,0,7
0,DeathDescription.DECKING,65,52.09994316101074,0,0,7,0,0,7
0,DeathDescription.DECKING,65,41.02134704589844,0,0,7,0,0,7
0,DeathDescription.DECKING,65,83.5273265838623,0,0,7,0,0,7
0,DeathDescription.DECKING,65,85.73746681213379,0,0,7,0,0,7
0,DeathDescription.DECKING,65,67.59190559387207,0,0,7,0,0,7
0,DeathDescription.DECKING,65,77.03661918640137,0,0,7,0,0,7
0,DeathDescription.DECKING,65,73.32921028137207,0,0,7,0,0,7
0,DeathDescription.DECKING,65,61.32936477661133,0,0,7,0,0,7
0,DeathDescription.DECKING,65,73.08626174926758,0,0,7,0,0,7
0,DeathDescription.DECKING,65,58.876752853393555,0,0,7,0,0,7
0,DeathDescription.DECKING,65,64.84818458557129,0,0,7,0,0,7
0,DeathDescription.DECKING,65,47.07503318786621,0,0,7,0,0,7
0,DeathDescription.DECKING,65,64.43572044372559,0,0,7,0,0,7
0,DeathDescription.DECKING,65,59.395551681518555,0,0,7,0,0,7
0,DeathDescription.DECKING,65,74.97024536132812,0,0,7,0,0,7
0,DeathDescription.DECKING,65,47.792673110961914,0,0,7,0,0,7
0,DeathDescription.DECKING,65,90.36993980407715,0,0,7,0,0,7
0,DeathDescription.DECKING,65,42.84238815307617,0,0,7,0,0,7
0,DeathDescription.DECKING,65,51.236867904663086,0,0,7,0,0,7
0,DeathDescription.DECKING,65,41.882991790771484,0,0,7,0,0,7
0,DeathDescription.DECKING,65,45.74251174926758,0,0,7,0,0,7
0,DeathDescription.DECKING,65,78.0184268951416,0,0,7,0,0,7
0,DeathDescription.DECKING,65,55.365562438964844,0,0,7,0,0,7
0,DeathDescription.DECKING,65,63.749074935913086,0,0,7,0,0,7
0,DeathDescription.DECKING,65,64.86129760742188,0,0,7,0,0,7
0,DeathDescription.DECKING,65,68.2220458984375,0,0,7,0,0,7
0,DeathDescription.DECKING,65,70.88828086853027,0,0,7,0,0,7
0,DeathDescription.DECKING,65,65.74392318725586,0,0,7,0,0,7
0,DeathDescription.DECKING,65,67.55733489990234,0,0,7,0,0,7
0,DeathDescription.DECKING,65,84.02538299560547,0,0,7,0,0,7
0,DeathDescription.DECKING,65,87.23187446594238,0,0,7,0,0,7
0,DeathDescription.DECKING,65,54.463863372802734,0,0,7,0,0,7
0,DeathDescription.DECKING,65,79.02240753173828,0,0,7,0,0,7
0,DeathDescription.DECKING,65,64.80813026428223,0,0,7,0,0,7
0,DeathDescription.DECKING,65,79.02121543884277,0,0,7,0,0,7
0,DeathDescription.DECKING,65,64.8653507232666,0,0,7,0,0,7
0,DeathDescription.DECKING,65,51.17368698120117,0,0,7,0,0,7
0,DeathDescription.DECKING,65,66.28847122192383,0,0,7,0,0,7
0,DeathDescription.DECKING,65,51.49555206298828,0,0,7,0,0,7
0,DeathDescription.DECKING,65,68.39585304260254,0,0,7,0,0,7
0,DeathDescription.DECKING,65,82.93890953063965,0,0,7,0,0,7
0,DeathDescription.DECKING,65,61.57279014587402,0,0,7,0,0,7
0,DeathDescription.DECKING,65,69.43917274475098,0,0,7,0,0,7
0,DeathDescription.DECKING,65,68.7260627746582,0,0,7,0,0,7
0,DeathDescription.DECKING,65,60.75406074523926,0,0,7,0,0,7
0,DeathDescription.DECKING,65,75.37388801574707,0,0,7,0,0,7
0,DeathDescription.DECKING,65,57.2361946105957,0,0,7,0,0,7
0,DeathDescription.DECKING,65,73.66228103637695,0,0,7,0,0,7
0,DeathDescription.DECKING,65,65.83642959594727,0,0,7,0,0,7
0,DeathDescription.DECKING,65,73.09818267822266,0,0,7,0,0,7
0,DeathDescription.DECKING,65,52.9332160949707,0,0,7,0,0,7
0,DeathDescription.DECKING,65,79.40983772277832,0,0,7,0,0,7
0,DeathDescription.DECKING,65,68.0084228515625,0,0,7,0,0,7
0,DeathDescription.DECKING,65,57.16085433959961,0,0,7,0,0,7
0,DeathDescription.DECKING,65,49.84617233276367,0,0,7,0,0,7
0,DeathDescription.DECKING,65,50.614356994628906,0,0,7,0,0,7
0,DeathDescription.DECKING,65,48.110246658325195,0,0,7,0,0,7
0,DeathDescription.DECKING,65,62.3624324798584,0,0,7,0,0,7
0,DeathDescription.DECKING,65,66.96343421936035,0,0,7,0,0,7
0,DeathDescription.DECKING,65,84.43260192871094,0,0,7,0,0,7
0,DeathDescription.DECKING,65,76.59769058227539,0,0,7,0,0,7
0,DeathDescription.DECKING,65,67.87276268005371,0,0,7,0,0,7
0,DeathDescription.DECKING,65,64.05115127563477,0,0,7,0,0,7
0,DeathDescription.DECKING,65,73.28581809997559,0,0,7,0,0,7
0,DeathDescription.DECKING,65,72.96276092529297,0,0,7,0,0,7
0,DeathDescription.DECKING,65,61.322927474975586,0,0,7,0,0,7
0,DeathDescription.DECKING,65,62.01577186584473,0,0,7,0,0,7
0,DeathDescription.DECKING,65,60.02616882324219,0,0,7,0,0,7
0,DeathDescription.DECKING,65,61.27786636352539,0,0,7,0,0,7
0,DeathDescription.DECKING,65,53.76410484313965,0,0,7,0,0,7
0,DeathDescription.DECKING,65,61.79332733154297,0,0,7,0,0,7
0,DeathDescription.DECKING,65,51.0101318359375,0,0,7,0,0,7
0,DeathDescription.DECKING,65,65.65737724304199,0,0,7,0,0,7
0,DeathDescription.DECKING,65,61.85483932495117,0,0,7,0,0,7
0,DeathDescription.DECKING,65,59.18574333190918,0,0,7,0,0,7
0,DeathDescription.DECKING,65,43.26343536376953,0,0,7,0,0,7
0,DeathDescription.DECKING,65,80.09052276611328,0,0,7,0,0,7
0,DeathDescription.DECKING,65,76.60555839538574,0,0,7,0,0,7
0,DeathDescription.DECKING,65,62.235355377197266,0,0,7,0,0,7
0,DeathDescription.DECKING,65,74.04828071594238,0,0,7,0,0,7
0,DeathDescription.DECKING,65,56.894540786743164,0,0,7,0,0,7
0,DeathDescription.DECKING,65,77.4695873260498,0,0,7,0,0,7
0,DeathDescription.DECKING,65,68.98951530456543,0,0,7,0,0,7
0,DeathDescription.DECKING,65,83.70471000671387,0,0,7,0,0,7
0,DeathDescription.DECKING,65,98.88005256652832,0,0,7,0,0,7
0,DeathDescription.DECKING,65,59.169769287109375,0,0,7,0,0,7
0,DeathDescription.DECKING,65,76.02357864379883,0,0,7,0,0,7
0,DeathDescription.DECKING,65,70.67584991455078,0,0,7,0,0,7
0,DeathDescription.DECKING,65,71.93350791931152,0,0,7,0,0,7
0,DeathDescription.DECKING,65,72.31283187866211,0,0,7,0,0,7
0,DeathDescription.DECKING,65,76.64704322814941,0,0,7,0,0,7
0,DeathDescription.DECKING,65,50.57668685913086,0,0,7,0,0,7
0,DeathDescription.DECKING,65,83.1153392791748,0,0,7,0,0,7
0,DeathDescription.DECKING,65,72.47519493103027,0,0,7,0,0,7
0,DeathDescription.DECKING,65,75.36196708679199,0,0,7,0,0,7
0,DeathDescription.DECKING,65,58.107614517211914,0,0,7,0,0,7
0,DeathDescription.DECKING,65,86.43245697021484,0,0,7,0,0,7
0,DeathDescription.DECKING,65,63.09103965759277,0,0,7,0,0,7
0,DeathDescription.DECKING,65,60.220956802368164,0,0,7,0,0,7
0,DeathDescription.DECKING,65,71.34723663330078,0,0,7,0,0,7
0,DeathDescription.DECKING,65,83.61673355102539,0,0,7,0,0,7
0,DeathDescription.DECKING,65,63.67802619934082,0,0,7,0,0,7
0,DeathDescription.DECKING,65,64.60928916931152,0,0,7,0,0,7
0,DeathDescription.DECKING,65,60.37187576293945,0,0,7,0,0,7
0,DeathDescription.DECKING,65,52.69622802734375,0,0,7,0,0,7
0,DeathDescription.DECKING,65,48.86960983276367,0,0,7,0,0,7
0,DeathDescription.DECKING,65,69.17786598205566,0,0,7,0,0,7
0,DeathDescription.DECKING,65,71.77162170410156,0,0,7,0,0,7
0,DeathDescription.DECKING,65,64.66031074523926,0,0,7,0,0,7
0,DeathDescription.DECKING,65,50.440073013305664,0,0,7,0,0,7
0,DeathDescription.DECKING,65,68.59946250915527,0,0,7,0,0,7
0,DeathDescription.DECKING,65,70.28865814208984,0,0,7,0,0,7
0,DeathDescription.DECKING,65,69.26107406616211,0,0,7,0,0,7
0,DeathDescription.DECKING,65,63.54260444641113,0,0,7,0,0,7
0,DeathDescription.DECKING,65,71.25163078308105,0,0,7,0,0,7
0,DeathDescription.DECKING,65,65.99116325378418,0,0,7,0,0,7
0,DeathDescription.DECKING,65,62.08324432373047,0,0,7,0,0,7
0,DeathDescription.DECKING,65,50.28247833251953,0,0,7,0,0,7
0,DeathDescription.DECKING,65,71.63453102111816,0,0,7,0,0,7
0,DeathDescription.DECKING,65,47.98769950866699,0,0,7,0,0,7
0,DeathDescription.DECKING,65,63.85660171508789,0,0,7,0,0,7
0,DeathDescription.DECKING,65,52.739620208740234,0,0,7,0,0,7
0,DeathDescription.DECKING,65,71.28357887268066,0,0,7,0,0,7
0,DeathDescription.DECKING,65,63.11631202697754,0,0,7,0,0,7
0,DeathDescription.DECKING,65,63.3542537689209,0,0,7,0,0,7
0,DeathDescription.DECKING,65,46.06938362121582,0,0,7,0,0,7
0,DeathDescription.DECKING,65,59.50212478637695,0,0,7,0,0,7
0,DeathDescription.DECKING,65,53.318023681640625,0,0,7,0,0,7
0,DeathDescription.DECKING,65,57.94382095336914,0,0,7,0,0,7
0,DeathDescription.DECKING,65,43.97892951965332,0,0,7,0,0,7
0,DeathDescription.DECKING,65,74.52082633972168,0,0,7,0,0,7
0,DeathDescription.DECKING,65,54.320573806762695,0,0,7,0,0,7
0,DeathDescription.DECKING,65,55.28664588928223,0,0,7,0,0,7
0,DeathDescription.DECKING,65,70.91188430786133,0,0,7,0,0,7
0,DeathDescription.DECKING,65,56.20765686035156,0,0,7,0,0,7
0,DeathDescription.DECKING,65,56.88595771789551,0,0,7,0,0,7
0,DeathDescription.DECKING,65,75.15954971313477,0,0,7,0,0,7
0,DeathDescription.DECKING,65,64.23258781433105,0,0,7,0,0,7
0,DeathDescription.DECKING,65,67.26956367492676,0,0,7,0,0,7
0,DeathDescription.DECKING,65,49.8812198638916,0,0,7,0,0,7
0,DeathDescription.DECKING,65,50.202131271362305,0,0,7,0,0,7
0,DeathDescription.DECKING,65,47.07837104797363,0,0,7,0,0,7
0,DeathDescription.DECKING,65,62.88433074951172,0,0,7,0,0,7
0,DeathDescription.DECKING,65,68.11666488647461,0,0,7,0,0,7
0,DeathDescription.DECKING,65,44.5096492767334,0,0,7,0,0,7
0,DeathDescription.DECKING,65,76.16853713989258,0,0,7,0,0,7
0,DeathDescription.DECKING,65,56.78439140319824,0,0,7,0,0,7
0,DeathDescription.DECKING,65,66.02644920349121,0,0,7,0,0,7
0,DeathDescription.DECKING,65,57.05904960632324,0,0,7,0,0,7
0,DeathDescription.DECKING,65,51.50961875915527,0,0,7,0,0,7
0,DeathDescription.DECKING,65,53.9097785949707,0,0,7,0,0,7
0,DeathDescription.DECKING,65,93.27459335327148,0,0,7,0,0,7
0,DeathDescription.DECKING,65,52.448272705078125,0,0,7,0,0,7
0,DeathDescription.DECKING,65,44.690847396850586,0,0,7,0,0,7
0,DeathDescription.DECKING,65,46.13447189331055,0,0,7,0,0,7
0,DeathDescription.DECKING,65,72.58439064025879,0,0,7,0,0,7
0,DeathDescription.DECKING,65,63.51780891418457,0,0,7,0,0,7
0,DeathDescription.DECKING,65,59.476375579833984,0,0,7,0,0,7
0,DeathDescription.DECKING,65,72.88861274719238,0,0,7,0,0,7
0,DeathDescription.DECKING,65,57.69658088684082,0,0,7,0,0,7
0,DeathDescription.DECKING,65,63.13204765319824,0,0,7,0,0,7
0,DeathDescription.DECKING,65,71.45237922668457,0,0,7,0,0,7
0,DeathDescription.DECKING,65,61.04898452758789,0,0,7,0,0,7
0,DeathDescription.DECKING,65,54.139137268066406,0,0,7,0,0,7
0,DeathDescription.DECKING,65,68.39966773986816,0,0,7,0,0,7
0,DeathDescription.DECKING,65,69.32640075683594,0,0,7,0,0,7
0,DeathDescription.DECKING,65,71.32816314697266,0,0,7,0,0,7
0,DeathDescription.DECKING,65,40.61317443847656,0,0,7,0,0,7
0,DeathDescription.DECKING,65,68.77994537353516,0,0,7,0,0,7
0,DeathDescription.DECKING,65,48.73824119567871,0,0,7,0,0,7
0,DeathDescription.DECKING,65,61.39659881591797,0,0,7,0,0,7
0,DeathDescription.DECKING,65,52.56462097167969,0,0,7,0,0,7
0,DeathDescription.DECKING,65,66.16520881652832,0,0,7,0,0,7
0,DeathDescription.DECKING,65,56.397199630737305,0,0,7,0,0,7
0,DeathDescription.DECKING,65,52.97446250915527,0,0,7,0,0,7
0,DeathDescription.DECKING,65,67.12484359741211,0,0,7,0,0,7
0,DeathDescription.DECKING,65,70.51372528076172,0,0,7,0,0,7
0,DeathDescription.DECKING,65,93.66726875305176,0,0,7,0,0,7
0,DeathDescription.DECKING,65,98.47736358642578,0,0,7,0,0,7
0,DeathDescription.DECKING,65,62.15929985046387,0,0,7,0,0,7
0,DeathDescription.DECKING,65,68.91345977783203,0,0,7,0,0,7
0,DeathDescription.DECKING,65,63.643693923950195,0,0,7,0,0,7
0,DeathDescription.DECKING,65,66.22934341430664,0,0,7,0,0,7
0,DeathDescription.DECKING,65,49.013376235961914,0,0,7,0,0,7
0,DeathDescription.DECKING,65,65.79995155334473,0,0,7,0,0,7
0,DeathDescription.DECKING,65,46.450138092041016,0,0,7,0,0,7
0,DeathDescription.DECKING,65,63.12847137451172,0,0,7,0,0,7
0,DeathDescription.DECKING,65,47.97840118408203,0,0,7,0,0,7
0,DeathDescription.DECKING,65,53.44438552856445,0,0,7,0,0,7
0,DeathDescription.DECKING,65,66.6499137878418,0,0,7,0,0,7
0,DeathDescription.DECKING,65,71.38442993164062,0,0,7,0,0,7
0,DeathDescription.DECKING,65,52.58798599243164,0,0,7,0,0,7
0,DeathDescription.DECKING,65,59.088945388793945,0,0,7,0,0,7
0,DeathDescription.DECKING,65,61.26737594604492,0,0,7,0,0,7
0,DeathDescription.DECKING,65,85.36791801452637,0,0,7,0,0,7
0,DeathDescription.DECKING,65,50.3087043762207,0,0,7,0,0,7
0,DeathDescription.DECKING,65,75.65879821777344,0,0,7,0,0,7
0,DeathDescription.DECKING,65,51.6357421875,0,0,7,0,0,7
0,DeathDescription.DECKING,65,69.81110572814941,0,0,7,0,0,7
0,DeathDescription.DECKING,65,60.15467643737793,0,0,7,0,0,7
0,DeathDescription.DECKING,65,74.56684112548828,0,0,7,0,0,7
0,DeathDescription.DECKING,65,77.12340354919434,0,0,7,0,0,7
0,DeathDescription.DECKING,65,72.35836982727051,0,0,7,0,0,7
0,DeathDescription.DECKING,65,65.49930572509766,0,0,7,0,0,7
0,DeathDescription.DECKING,65,70.33133506774902,0,0,7,0,0,7
0,DeathDescription.DECKING,65,57.36398696899414,0,0,7,0,0,7
0,DeathDescription.DECKING,65,65.81735610961914,0,0,7,0,0,7
0,DeathDescription.DECKING,65,46.24009132385254,0,0,7,0,0,7
0,DeathDescription.DECKING,65,69.60344314575195,0,0,7,0,0,7
0,DeathDescription.DECKING,65,70.19591331481934,0,0,7,0,0,7
0,DeathDescription.DECKING,65,86.21788024902344,0,0,7,0,0,7
0,DeathDescription.DECKING,65,62.500715255737305,0,0,7,0,0,7
0,DeathDescription.DECKING,65,70.17636299133301,0,0,7,0,0,7
0,DeathDescription.DECKING,65,69.23317909240723,0,0,7,0,0,7
0,DeathDescription.DECKING,65,67.05665588378906,0,0,7,0,0,7
0,DeathDescription.DECKING,65,57.4648380279541,0,0,7,0,0,7
0,DeathDescription.DECKING,65,60.09697914123535,0,0,7,0,0,7
0,DeathDescription.DECKING,65,68.95041465759277,0,0,7,0,0,7
0,DeathDescription.DECKING,65,79.6663761138916,0,0,7,0,0,7
0,DeathDescription.DECKING,65,61.691999435424805,0,0,7,0,0,7
0,DeathDescription.DECKING,65,75.84333419799805,0,0,7,0,0,7
0,DeathDescription.DECKING,65,59.39483642578125,0,0,7,0,0,7
0,DeathDescription.DECKING,65,62.47401237487793,0,0,7,0,0,7
0,DeathDescription.DECKING,65,40.9541130065918,0,0,7,0,0,7
0,DeathDescription.DECKING,65,57.30128288269043,0,0,7,0,0,7
0,DeathDescription.DECKING,65,38.72036933898926,0,0,7,0,0,7
0,DeathDescription.DECKING,65,63.18783760070801,0,0,7,0,0,7
0,DeathDescription.DECKING,65,80.90996742248535,0,0,7,0,0,7
0,DeathDescription.DECKING,65,59.185028076171875,0,0,7,0,0,7
0,DeathDescription.DECKING,65,60.39261817932129,0,0,7,0,0,7
0,DeathDescription.DECKING,65,62.77751922607422,0,0,7,0,0,7
0,DeathDescription.DECKING,65,70.68848609924316,0,0,7,0,0,7
0,DeathDescription.DECKING,65,63.185930252075195,0,0,7,0,0,7
0,DeathDescription.DECKING,65,93.65224838256836,0,0,7,0,0,7
0,DeathDescription.DECKING,65,61.16676330566406,0,0,7,0,0,7
0,DeathDescription.DECKING,65,72.18599319458008,0,0,7,0,0,7
0,DeathDescription.DECKING,65,54.88944053649902,0,0,7,0,0,7
0,DeathDescription.DECKING,65,74.03039932250977,0,0,7,0,0,7
0,DeathDescription.DECKING,65,53.727149963378906,0,0,7,0,0,7
0,DeathDescription.DECKING,65,86.05647087097168,0,0,7,0,0,7
0,DeathDescription.DECKING,65,60.219526290893555,0,0,7,0,0,7
0,DeathDescription.DECKING,65,67.75259971618652,0,0,7,0,0,7
0,DeathDescription.DECKING,65,56.0305118560791,0,0,7,0,0,7
0,DeathDescription.DECKING,65,66.57767295837402,0,0,7,0,0,7
0,DeathDescription.DECKING,65,64.00752067565918,0,0,7,0,0,7
0,DeathDescription.DECKING,65,82.33261108398438,0,0,7,0,0,7
0,DeathDescription.DECKING,65,65.15860557556152,0,0,7,0,0,7
0,DeathDescription.DECKING,65,57.625532150268555,0,0,7,0,0,7
0,DeathDescription.DECKING,65,74.49483871459961,0,0,7,0,0,7
0,DeathDescription.DECKING,65,63.32802772521973,0,0,7,0,0,7
0,DeathDescription.DECKING,65,71.51269912719727,0,0,7,0,0,7
0,DeathDescription.DECKING,65,72.10421562194824,0,0,7,0,0,7
0,DeathDescription.DECKING,65,79.18596267700195,0,0,7,0,0,7
0,DeathDescription.DECKING,65,78.59134674072266,0,0,7,0,0,7
0,DeathDescription.DECKING,65,49.10707473754883,0,0,7,0,0,7
0,DeathDescription.DECKING,65,77.44050025939941,0,0,7,0,0,7
0,DeathDescription.DECKING,65,64.97764587402344,0,0,7,0,0,7
0,DeathDescription.DECKING,65,64.57304954528809,0,0,7,0,0,7
0,DeathDescription.DECKING,65,54.89945411682129,0,0,7,0,0,7
0,DeathDescription.DECKING,65,59.99922752380371,0,0,7,0,0,7
0,DeathDescription.DECKING,65,76.1117935180664,0,0,7,0,0,7
0,DeathDescription.DECKING,65,64.7420883178711,0,0,7,0,0,7
0,DeathDescription.DECKING,65,68.3445930480957,0,0,7,0,0,7
0,DeathDescription.DECKING,65,83.0378532409668,0,0,7,0,0,7
0,DeathDescription.DECKING,65,50.508975982666016,0,0,7,0,0,7
0,DeathDescription.DECKING,65,62.33930587768555,0,0,7,0,0,7
0,DeathDescription.DECKING,65,47.66845703125,0,0,7,0,0,7
0,DeathDescription.DECKING,65,55.710792541503906,0,0,7,0,0,7
0,DeathDescription.DECKING,65,54.25071716308594,0,0,7,0,0,7
0,DeathDescription.DECKING,65,82.02290534973145,0,0,7,0,0,7
0,DeathDescription.DECKING,65,62.534332275390625,0,0,7,0,0,7
0,DeathDescription.DECKING,65,67.25549697875977,0,0,7,0,0,7
0,DeathDescription.DECKING,65,64.04805183410645,0,0,7,0,0,7
0,DeathDescription.DECKING,65,69.30708885192871,0,0,7,0,0,7
0,DeathDescription.DECKING,65,59.4639778137207,0,0,7,0,0,7
0,DeathDescription.DECKING,65,74.79119300842285,0,0,7,0,0,7
0,DeathDescription.DECKING,65,65.10138511657715,0,0,7,0,0,7
0,DeathDescription.DECKING,65,72.7088451385498,0,0,7,0,0,7
0,DeathDescription.DECKING,65,42.18626022338867,0,0,7,0,0,7
0,DeathDescription.DECKING,65,59.48805809020996,0,0,7,0,0,7
0,DeathDescription.DECKING,65,47.05190658569336,0,0,7,0,0,7
0,DeathDescription.DECKING,65,87.30506896972656,0,0,7,0,0,7
0,DeathDescription.DECKING,65,56.57005310058594,0,0,7,0,0,7
0,DeathDescription.DECKING,65,51.985979080200195,0,0,7,0,0,7
0,DeathDescription.DECKING,65,74.23806190490723,0,0,7,0,0,7
0,DeathDescription.DECKING,65,62.3166561126709,0,0,7,0,0,7
0,DeathDescription.DECKING,65,53.08103561401367,0,0,7,0,0,7
0,DeathDescription.DECKING,65,71.87461853027344,0,0,7,0,0,7
0,DeathDescription.DECKING,65,60.996055603027344,0,0,7,0,0,7
0,DeathDescription.DECKING,65,75.99115371704102,0,0,7,0,0,7
0,DeathDescription.DECKING,65,70.55997848510742,0,0,7,0,0,7
0,DeathDescription.DECKING,65,67.91877746582031,0,0,7,0,0,7
0,DeathDescription.DECKING,65,55.16552925109863,0,0,7,0,0,7
0,DeathDescription.DECKING,65,59.93247032165527,0,0,7,0,0,7
0,DeathDescription.DECKING,65,58.52365493774414,0,0,7,0,0,7
0,DeathDescription.DECKING,65,65.12212753295898,0,0,7,0,0,7
0,DeathDescription.DECKING,65,49.07631874084473,0,0,7,0,0,7
0,DeathDescription.DECKING,65,69.85330581665039,0,0,7,0,0,7
0,DeathDescription.DECKING,65,54.110050201416016,0,0,7,0,0,7
0,DeathDescription.DECKING,65,49.51977729797363,0,0,7,0,0,7
0,DeathDescription.DECKING,65,71.1526870727539,0,0,7,0,0,7
0,DeathDescription.DECKING,65,82.25774765014648,0,0,7,0,0,7
0,DeathDescription.DECKING,65,76.38001441955566,0,0,7,0,0,7
0,DeathDescription.DECKING,65,79.50806617736816,0,0,7,0,0,7
0,DeathDescription.DECKING,65,48.10380935668945,0,0,7,0,0,7
0,DeathDescription.DECKING,65,55.35244941711426,0,0,7,0,0,7
0,DeathDescription.DECKING,65,47.188758850097656,0,0,7,0,0,7
0,DeathDescription.DECKING,65,91.49837493896484,0,0,7,0,0,7
0,DeathDescription.DECKING,65,52.794694900512695,0,0,7,0,0,7
0,DeathDescription.DECKING,65,67.02351570129395,0,0,7,0,0,7
0,DeathDescription.DECKING,65,71.50697708129883,0,0,7,0,0,7
0,DeathDescription.DECKING,65,74.11456108093262,0,0,7,0,0,7
0,DeathDescription.DECKING,65,78.40943336486816,0,0,7,0,0,7
0,DeathDescription.DECKING,65,60.153961181640625,0,0,7,0,0,7
0,DeathDescription.DECKING,65,76.23958587646484,0,0,7,0,0,7
0,DeathDescription.DECKING,65,102.68235206604004,0,0,7,0,0,7
0,DeathDescription.DECKING,65,41.75758361816406,0,0,7,0,0,7
0,DeathDescription.DECKING,65,83.94050598144531,0,0,7,0,0,7
0,DeathDescription.DECKING,65,68.4359073638916,0,0,7,0,0,7
0,DeathDescription.DECKING,65,75.62923431396484,0,0,7,0,0,7
0,DeathDescription.DECKING,65,56.62417411804199,0,0,7,0,0,7
0,DeathDescription.DECKING,65,64.57400321960449,0,0,7,0,0,7
0,DeathDescription.DECKING,65,49.50404167175293,0,0,7,0,0,7
0,DeathDescription.DECKING,65,59.441328048706055,0,0,7,0,0,7
0,DeathDescription.DECKING,65,70.54448127746582,0,0,7,0,0,7
0,DeathDescription.DECKING,65,56.27012252807617,0,0,7,0,0,7
0,DeathDescription.DECKING,65,56.29849433898926,0,0,7,0,0,7
0,DeathDescription.DECKING,65,77.92186737060547,0,0,7,0,0,7
0,DeathDescription.DECKING,65,65.11688232421875,0,0,7,0,0,7
0,DeathDescription.DECKING,65,107.54966735839844,0,0,7,0,0,7
0,DeathDescription.DECKING,65,80.7948112487793,0,0,7,0,0,7
0,DeathDescription.DECKING,65,72.14212417602539,0,0,7,0,0,7
0,DeathDescription.DECKING,65,66.26439094543457,0,0,7,0,0,7
0,DeathDescription.DECKING,65,69.2448616027832,0,0,7,0,0,7
0,DeathDescription.DECKING,65,53.82108688354492,0,0,7,0,0,7
0,DeathDescription.DECKING,65,86.51947975158691,0,0,7,0,0,7
0,DeathDescription.DECKING,65,60.95695495605469,0,0,7,0,0,7
0,DeathDescription.DECKING,65,60.041189193725586,0,0,7,0,0,7
0,DeathDescription.DECKING,65,65.03510475158691,0,0,7,0,0,7
0,DeathDescription.DECKING,65,57.80148506164551,0,0,7,0,0,7
0,DeathDescription.DECKING,65,58.78114700317383,0,0,7,0,0,7
0,DeathDescription.DECKING,65,75.59084892272949,0,0,7,0,0,7
0,DeathDescription.DECKING,65,56.640625,0,0,7,0,0,7
0,DeathDescription.DECKING,65,66.88261032104492,0,0,7,0,0,7
0,DeathDescription.DECKING,65,61.01679801940918,0,0,7,0,0,7
0,DeathDescription.DECKING,65,70.14226913452148,0,0,7,0,0,7
0,DeathDescription.DECKING,65,66.18428230285645,0,0,7,0,0,7
0,DeathDescription.DECKING,65,70.28770446777344,0,0,7,0,0,7
0,DeathDescription.DECKING,65,67.0313835144043,0,0,7,0,0,7
0,DeathDescription.DECKING,65,65.3374195098877,0,0,7,0,0,7
0,DeathDescription.DECKING,65,62.93344497680664,0,0,7,0,0,7
0,DeathDescription.DECKING,65,48.64335060119629,0,0,7,0,0,7
0,DeathDescription.DECKING,65,57.1894645690918,0,0,7,0,0,7
0,DeathDescription.DECKING,65,70.62911987304688,0,0,7,0,0,7
0,DeathDescription.DECKING,65,50.05478858947754,0,0,7,0,0,7
0,DeathDescription.DECKING,65,81.80570602416992,0,0,7,0,0,7
0,DeathDescription.DECKING,65,77.45218276977539,0,0,7,0,0,7
0,DeathDescription.DECKING,65,82.45730400085449,0,0,7,0,0,7
0,DeathDescription.DECKING,65,65.99593162536621,0,0,7,0,0,7
0,DeathDescription.DECKING,65,76.83873176574707,0,0,7,0,0,7
0,DeathDescription.DECKING,65,50.684452056884766,0,0,7,0,0,7
0,DeathDescription.DECKING,65,64.27955627441406,0,0,7,0,0,7
0,DeathDescription.DECKING,65,62.1798038482666,0,0,7,0,0,7
0,DeathDescription.DECKING,65,78.81546020507812,0,0,7,0,0,7
0,DeathDescription.DECKING,65,77.82649993896484,0,0,7,0,0,7
0,DeathDescription.DECKING,65,68.37272644042969,0,0,7,0,0,7
0,DeathDescription.DECKING,65,62.91484832763672,0,0,7,0,0,7
0,DeathDescription.DECKING,65,75.56700706481934,0,0,7,0,0,7
0,DeathDescription.DECKING,65,66.14804267883301,0,0,7,0,0,7
0,DeathDescription.DECKING,65,57.90448188781738,0,0,7,0,0,7
0,DeathDescription.DECKING,65,44.52228546142578,0,0,7,0,0,7
0,DeathDescription.DECKING,65,62.68453598022461,0,0,7,0,0,7
0,DeathDescription.DECKING,65,53.32446098327637,0,0,7,0,0,7
0,DeathDescription.DECKING,65,71.22445106506348,0,0,7,0,0,7
0,DeathDescription.DECKING,65,72.9069709777832,0,0,7,0,0,7
0,DeathDescription.DECKING,65,84.76567268371582,0,0,7,0,0,7
0,DeathDescription.DECKING,65,79.36882972717285,0,0,7,0,0,7
0,DeathDescription.DECKING,65,78.56249809265137,0,0,7,0,0,7
0,DeathDescription.DECKING,65,48.90275001525879,0,0,7,0,0,7
0,DeathDescription.DECKING,65,85.296630859375,0,0,7,0,0,7
0,DeathDescription.DECKING,65,49.09801483154297,0,0,7,0,0,7
0,DeathDescription.DECKING,65,69.46754455566406,0,0,7,0,0,7
0,DeathDescription.DECKING,65,82.93414115905762,0,0,7,0,0,7
0,DeathDescription.DECKING,65,76.49350166320801,0,0,7,0,0,7
0,DeathDescription.DECKING,65,55.75084686279297,0,0,7,0,0,7
0,DeathDescription.DECKING,65,101.10068321228027,0,0,7,0,0,7
0,DeathDescription.DECKING,65,70.68109512329102,0,0,7,0,0,7
0,DeathDescription.DECKING,65,99.53927993774414,0,0,7,0,0,7
0,DeathDescription.DECKING,65,96.38094902038574,0,0,7,0,0,7
0,DeathDescription.DECKING,65,94.73609924316406,0,0,7,0,0,7
0,DeathDescription.DECKING,65,71.82550430297852,0,0,7,0,0,7
0,DeathDescription.DECKING,65,74.19347763061523,0,0,7,0,0,7
0,DeathDescription.DECKING,65,66.65492057800293,0,0,7,0,0,7
0,DeathDescription.DECKING,65,59.51046943664551,0,0,7,0,0,7
0,DeathDescription.DECKING,65,65.00434875488281,0,0,7,0,0,7
0,DeathDescription.DECKING,65,71.31266593933105,0,0,7,0,0,7
0,DeathDescription.DECKING,65,55.463314056396484,0,0,7,0,0,7
0,DeathDescription.DECKING,65,62.82973289489746,0,0,7,0,0,7
0,DeathDescription.DECKING,65,81.20560646057129,0,0,7,0,0,7
0,DeathDescription.DECKING,65,83.80842208862305,0,0,7,0,0,7
0,DeathDescription.DECKING,65,55.755615234375,0,0,7,0,0,7
0,DeathDescription.DECKING,65,77.9428482055664,0,0,7,0,0,7
0,DeathDescription.DECKING,65,76.71284675598145,0,0,7,0,0,7
0,DeathDescription.DECKING,65,55.031538009643555,0,0,7,0,0,7
0,DeathDescription.DECKING,65,65.2163028717041,0,0,7,0,0,7
0,DeathDescription.DECKING,65,74.35369491577148,0,0,7,0,0,7
0,DeathDescription.DECKING,65,71.5792179107666,0,0,7,0,0,7
0,DeathDescription.DECKING,65,66.83731079101562,0,0,7,0,0,7
0,DeathDescription.DECKING,65,68.52555274963379,0,0,7,0,0,7
0,DeathDescription.DECKING,65,79.1168212890625,0,0,7,0,0,7
0,DeathDescription.DECKING,65,58.41207504272461,0,0,7,0,0,7
0,DeathDescription.DECKING,65,64.66794013977051,0,0,7,0,0,7
0,DeathDescription.DECKING,65,80.39450645446777,0,0,7,0,0,7
0,DeathDescription.DECKING,65,55.330514907836914,0,0,7,0,0,7
0,DeathDescription.DECKING,65,74.21159744262695,0,0,7,0,0,7
0,DeathDescription.DECKING,65,83.66227149963379,0,0,7,0,0,7
0,DeathDescription.DECKING,65,58.40110778808594,0,0,7,0,0,7
0,DeathDescription.DECKING,65,83.75811576843262,0,0,7,0,0,7
0,DeathDescription.DECKING,65,69.61941719055176,0,0,7,0,0,7
0,DeathDescription.DECKING,65,79.84638214111328,0,0,7,0,0,7
0,DeathDescription.DECKING,65,52.98185348510742,0,0,7,0,0,7
0,DeathDescription.DECKING,65,70.57619094848633,0,0,7,0,0,7
0,DeathDescription.DECKING,65,63.22073936462402,0,0,7,0,0,7
0,DeathDescription.DECKING,65,77.78382301330566,0,0,7,0,0,7
0,DeathDescription.DECKING,65,60.92405319213867,0,0,7,0,0,7
0,DeathDescription.DECKING,65,64.58783149719238,0,0,7,0,0,7
0,DeathDescription.DECKING,65,53.50351333618164,0,0,7,0,0,7
0,DeathDescription.DECKING,65,63.23122978210449,0,0,7,0,0,7
0,DeathDescription.DECKING,65,65.7656192779541,0,0,7,0,0,7
0,DeathDescription.DECKING,65,61.65719032287598,0,0,7,0,0,7
0,DeathDescription.DECKING,65,75.20794868469238,0,0,7,0,0,7
0,DeathDescription.DECKING,65,63.309669494628906,0,0,7,0,0,7
0,DeathDescription.DECKING,65,64.9576187133789,0,0,7,0,0,7
0,DeathDescription.DECKING,65,80.35039901733398,0,0,7,0,0,7
0,DeathDescription.DECKING,65,59.3109130859375,0,0,7,0,0,7
0,DeathDescription.DECKING,65,71.69604301452637,0,0,7,0,0,7
0,DeathDescription.DECKING,65,52.72078514099121,0,0,7,0,0,7
0,DeathDescription.DECKING,65,47.22189903259277,0,0,7,0,0,7
0,DeathDescription.DECKING,65,56.03837966918945,0,0,7,0,0,7
0,DeathDescription.DECKING,65,61.4171028137207,0,0,7,0,0,7
0,DeathDescription.DECKING,65,54.17466163635254,0,0,7,0,0,7
0,DeathDescription.DECKING,65,60.19926071166992,0,0,7,0,0,7
0,DeathDescription.DECKING,65,81.28738403320312,0,0,7,0,0,7
0,DeathDescription.DECKING,65,62.87336349487305,0,0,7,0,0,7
0,DeathDescription.DECKING,65,55.97829818725586,0,0,7,0,0,7
0,DeathDescription.DECKING,65,58.5935115814209,0,0,7,0,0,7
0,DeathDescription.DECKING,65,54.096221923828125,0,0,7,0,0,7
0,DeathDescription.DECKING,65,67.17777252197266,0,0,7,0,0,7
0,DeathDescription.DECKING,65,55.99570274353027,0,0,7,0,0,7
0,DeathDescription.DECKING,65,85.58893203735352,0,0,7,0,0,7
0,DeathDescription.DECKING,65,61.33770942687988,0,0,7,0,0,7
0,DeathDescription.DECKING,65,75.73318481445312,0,0,7,0,0,7
0,DeathDescription.DECKING,65,70.48392295837402,0,0,7,0,0,7
0,DeathDescription.DECKING,65,73.60577583312988,0,0,7,0,0,7
0,DeathDescription.DECKING,65,54.799556732177734,0,0,7,0,0,7
0,DeathDescription.DECKING,65,73.33040237426758,0,0,7,0,0,7
0,DeathDescription.DECKING,65,56.35333061218262,0,0,7,0,0,7
0,DeathDescription.DECKING,65,83.48679542541504,0,0,7,0,0,7
0,DeathDescription.DECKING,65,59.71169471740723,0,0,7,0,0,7
0,DeathDescription.DECKING,65,67.26408004760742,0,0,7,0,0,7
0,DeathDescription.DECKING,65,92.03982353210449,0,0,7,0,0,7
0,DeathDescription.DECKING,65,52.690744400024414,0,0,7,0,0,7
0,DeathDescription.DECKING,65,70.0387954711914,0,0,7,0,0,7
0,DeathDescription.DECKING,65,63.4007453918457,0,0,7,0,0,7
0,DeathDescription.DECKING,65,56.6716194152832,0,0,7,0,0,7
0,DeathDescription.DECKING,65,72.3867416381836,0,0,7,0,0,7
0,DeathDescription.DECKING,65,56.52117729187012,0,0,7,0,0,7
0,DeathDescription.DECKING,65,67.28625297546387,0,0,7,0,0,7
0,DeathDescription.DECKING,65,45.26543617248535,0,0,7,0,0,7
0,DeathDescription.DECKING,65,54.25119400024414,0,0,7,0,0,7
0,DeathDescription.DECKING,65,62.95061111450195,0,0,7,0,0,7
0,DeathDescription.DECKING,65,65.81330299377441,0,0,7,0,0,7
0,DeathDescription.DECKING,65,61.559200286865234,0,0,7,0,0,7
0,DeathDescription.DECKING,65,62.7899169921875,0,0,7,0,0,7
0,DeathDescription.DECKING,65,56.98060989379883,0,0,7,0,0,7
0,DeathDescription.DECKING,65,65.65403938293457,0,0,7,0,0,7
0,DeathDescription.DECKING,65,64.19992446899414,0,0,7,0,0,7
0,DeathDescription.DECKING,65,65.26446342468262,0,0,7,0,0,7
0,DeathDescription.DECKING,65,49.42893981933594,0,0,7,0,0,7
0,DeathDescription.DECKING,65,63.93241882324219,0,0,7,0,0,7
0,DeathDescription.DECKING,65,58.669090270996094,0,0,7,0,0,7
0,DeathDescription.DECKING,65,86.58623695373535,0,0,7,0,0,7
0,DeathDescription.DECKING,65,62.773704528808594,0,0,7,0,0,7
0,DeathDescription.DECKING,65,83.69278907775879,0,0,7,0,0,7
0,DeathDescription.DECKING,65,80.28173446655273,0,0,7,0,0,7
0,DeathDescription.DECKING,65,72.5853443145752,0,0,7,0,0,7
0,DeathDescription.DECKING,65,42.39249229431152,0,0,7,0,0,7
0,DeathDescription.DECKING,65,64.11910057067871,0,0,7,0,0,7
0,DeathDescription.DECKING,65,90.25049209594727,0,0,7,0,0,7
0,DeathDescription.DECKING,65,65.11425971984863,0,0,7,0,0,7
0,DeathDescription.DECKING,65,61.89322471618652,0,0,7,0,0,7
0,DeathDescription.DECKING,65,69.49210166931152,0,0,7,0,0,7
0,DeathDescription.DECKING,65,50.33993721008301,0,0,7,0,0,7
0,DeathDescription.DECKING,65,73.26126098632812,0,0,7,0,0,7
0,DeathDescription.DECKING,65,63.33494186401367,0,0,7,0,0,7
0,DeathDescription.DECKING,65,74.55635070800781,0,0,7,0,0,7
0,DeathDescription.DECKING,65,68.86601448059082,0,0,7,0,0,7
0,DeathDescription.DECKING,65,68.2075023651123,0,0,7,0,0,7
0,DeathDescription.DECKING,65,61.62428855895996,0,0,7,0,0,7
0,DeathDescription.DECKING,65,54.65197563171387,0,0,7,0,0,7
0,DeathDescription.DECKING,65,64.57352638244629,0,0,7,0,0,7
0,DeathDescription.DECKING,65,61.678409576416016,0,0,7,0,0,7
0,DeathDescription.DECKING,65,55.09018898010254,0,0,7,0,0,7
0,DeathDescription.DECKING,65,66.03837013244629,0,0,7,0,0,7
0,DeathDescription.DECKING,65,75.47545433044434,0,0,7,0,0,7
0,DeathDescription.DECKING,65,57.67822265625,0,0,7,0,0,7
0,DeathDescription.DECKING,65,71.61307334899902,0,0,7,0,0,7
0,DeathDescription.DECKING,65,68.78376007080078,0,0,7,0,0,7
0,DeathDescription.DECKING,65,41.9764518737793,0,0,7,0,0,7
0,DeathDescription.DECKING,65,77.0559310913086,0,0,7,0,0,7
0,DeathDescription.DECKING,65,51.24521255493164,0,0,7,0,0,7
0,DeathDescription.DECKING,65,99.06458854675293,0,0,7,0,0,7
0,DeathDescription.DECKING,65,63.08436393737793,0,0,7,0,0,7
0,DeathDescription.DECKING,65,61.29908561706543,0,0,7,0,0,7
0,DeathDescription.DECKING,65,43.77269744873047,0,0,7,0,0,7
0,DeathDescription.DECKING,65,56.978702545166016,0,0,7,0,0,7
0,DeathDescription.DECKING,65,68.69077682495117,0,0,7,0,0,7
0,DeathDescription.DECKING,65,80.03377914428711,0,0,7,0,0,7
0,DeathDescription.DECKING,65,85.34121513366699,0,0,7,0,0,7
0,DeathDescription.DECKING,65,62.514543533325195,0,0,7,0,0,7
0,DeathDescription.DECKING,65,75.80995559692383,0,0,7,0,0,7
0,DeathDescription.DECKING,65,62.304019927978516,0,0,7,0,0,7
0,DeathDescription.DECKING,65,55.966854095458984,0,0,7,0,0,7
0,DeathDescription.DECKING,65,61.760902404785156,0,0,7,0,0,7
0,DeathDescription.DECKING,65,67.9006576538086,0,0,7,0,0,7
0,DeathDescription.DECKING,65,74.8145580291748,0,0,7,0,0,7
0,DeathDescription.DECKING,65,50.241947174072266,0,0,7,0,0,7
0,DeathDescription.DECKING,65,56.205034255981445,0,0,7,0,0,7
0,DeathDescription.DECKING,65,69.8232650756836,0,0,7,0,0,7
0,DeathDescription.DECKING,65,69.51618194580078,0,0,7,0,0,7
0,DeathDescription.DECKING,65,53.79462242126465,0,0,7,0,0,7
0,DeathDescription.DECKING,65,72.37505912780762,0,0,7,0,0,7
0,DeathDescription.DECKING,65,43.91646385192871,0,0,7,0,0,7
0,DeathDescription.DECKING,65,49.8049259185791,0,0,7,0,0,7
0,DeathDescription.DECKING,65,45.63474655151367,0,0,7,0,0,7
0,DeathDescription.DECKING,65,58.624982833862305,0,0,7,0,0,7
0,DeathDescription.DECKING,65,67.66080856323242,0,0,7,0,0,7
0,DeathDescription.DECKING,65,65.12188911437988,0,0,7,0,0,7
0,DeathDescription.DECKING,65,76.47395133972168,0,0,7,0,0,7
0,DeathDescription.DECKING,65,58.55679512023926,0,0,7,0,0,7
0,DeathDescription.DECKING,65,85.61491966247559,0,0,7,0,0,7
0,DeathDescription.DECKING,65,63.67015838623047,0,0,7,0,0,7
0,DeathDescription.DECKING,65,88.81139755249023,0,0,7,0,0,7
0,DeathDescription.DECKING,65,78.1712532043457,0,0,7,0,0,7
0,DeathDescription.DECKING,65,69.74506378173828,0,0,7,0,0,7
0,DeathDescription.DECKING,65,48.03109169006348,0,0,7,0,0,7
0,DeathDescription.DECKING,65,94.03848648071289,0,0,7,0,0,7
0,DeathDescription.DECKING,65,67.45386123657227,0,0,7,0,0,7
0,DeathDescription.DECKING,65,68.4976577758789,0,0,7,0,0,7
0,DeathDescription.DECKING,65,53.53379249572754,0,0,7,0,0,7
0,DeathDescription.DECKING,65,58.525800704956055,0,0,7,0,0,7
0,DeathDescription.DECKING,65,43.32542419433594,0,0,7,0,0,7
0,DeathDescription.DECKING,65,80.43909072875977,0,0,7,0,0,7
0,DeathDescription.DECKING,65,107.89918899536133,0,0,7,0,0,7
0,DeathDescription.DECKING,65,110.8856201171875,0,0,7,0,0,7
0,DeathDescription.DECKING,65,77.47602462768555,0,0,7,0,0,7
0,DeathDescription.DECKING,65,91.07780456542969,0,0,7,0,0,7
0,DeathDescription.DECKING,65,83.23431015014648,0,0,7,0,0,7
0,DeathDescription.DECKING,65,78.80330085754395,0,0,7,0,0,7
0,DeathDescription.DECKING,65,73.41980934143066,0,0,7,0,0,7
0,DeathDescription.DECKING,65,79.67901229858398,0,0,7,0,0,7
0,DeathDescription.DECKING,65,77.7733325958252,0,0,7,0,0,7
0,DeathDescription.DECKING,65,83.55545997619629,0,0,7,0,0,7
0,DeathDescription.DECKING,65,88.2108211517334,0,0,7,0,0,7
0,DeathDescription.DECKING,65,58.56490135192871,0,0,7,0,0,7
0,DeathDescription.DECKING,65,65.76251983642578,0,0,7,0,0,7
0,DeathDescription.DECKING,65,85.99638938903809,0,0,7,0,0,7
0,DeathDescription.DECKING,65,79.48660850524902,0,0,7,0,0,7
0,DeathDescription.DECKING,65,55.757761001586914,0,0,7,0,0,7
0,DeathDescription.DECKING,65,76.12419128417969,0,0,7,0,0,7
0,DeathDescription.DECKING,65,65.65666198730469,0,0,7,0,0,7
0,DeathDescription.DECKING,65,53.723812103271484,0,0,7,0,0,7
0,DeathDescription.DECKING,65,63.34328651428223,0,0,7,0,0,7
0,DeathDescription.DECKING,65,62.351226806640625,0,0,7,0,0,7
0,DeathDescription.DECKING,65,64.44859504699707,0,0,7,0,0,7
0,DeathDescription.DECKING,65,60.64248085021973,0,0,7,0,0,7
0,DeathDescription.DECKING,65,57.82747268676758,0,0,7,0,0,7
0,DeathDescription.DECKING,65,69.26131248474121,0,0,7,0,0,7
0,DeathDescription.DECKING,65,65.95349311828613,0,0,7,0,0,7
0,DeathDescription.DECKING,65,75.87623596191406,0,0,7,0,0,7
0,DeathDescription.DECKING,65,70.80817222595215,0,0,7,0,0,7
0,DeathDescription.DECKING,65,58.899641036987305,0,0,7,0,0,7
0,DeathDescription.DECKING,65,52.00695991516113,0,0,7,0,0,7
0,DeathDescription.DECKING,65,58.1207275390625,0,0,7,0,0,7
0,DeathDescription.DECKING,65,45.578956604003906,0,0,7,0,0,7
0,DeathDescription.DECKING,65,65.89102745056152,0,0,7,0,0,7
0,DeathDescription.DECKING,65,70.94264030456543,0,0,7,0,0,7
0,DeathDescription.DECKING,65,69.76795196533203,0,0,7,0,0,7
0,DeathDescription.DECKING,65,80.95955848693848,0,0,7,0,0,7
0,DeathDescription.DECKING,65,48.22182655334473,0,0,7,0,0,7
0,DeathDescription.DECKING,65,82.04126358032227,0,0,7,0,0,7
0,DeathDescription.DECKING,65,63.92693519592285,0,0,7,0,0,7
0,DeathDescription.DECKING,65,79.19025421142578,0,0,7,0,0,7
0,DeathDescription.DECKING,65,58.012962341308594,0,0,7,0,0,7
0,DeathDescription.DECKING,65,89.95342254638672,0,0,7,0,0,7
0,DeathDescription.DECKING,65,67.31486320495605,0,0,7,0,0,7
0,DeathDescription.DECKING,65,64.34798240661621,0,0,7,0,0,7
0,DeathDescription.DECKING,65,80.42263984680176,0,0,7,0,0,7
0,DeathDescription.DECKING,65,77.23569869995117,0,0,7,0,0,7
0,DeathDescription.DECKING,65,52.44159698486328,0,0,7,0,0,7
0,DeathDescription.DECKING,65,80.09576797485352,0,0,7,0,0,7
0,DeathDescription.DECKING,65,42.82045364379883,0,0,7,0,0,7
0,DeathDescription.DECKING,65,47.540903091430664,0,0,7,0,0,7
0,DeathDescription.DECKING,65,50.86374282836914,0,0,7,0,0,7
0,DeathDescription.DECKING,65,65.33551216125488,0,0,7,0,0,7
0,DeathDescription.DECKING,65,76.41220092773438,0,0,7,0,0,7
0,DeathDescription.DECKING,65,62.888145446777344,0,0,7,0,0,7
0,DeathDescription.DECKING,65,58.724164962768555,0,0,7,0,0,7
0,DeathDescription.DECKING,65,49.980878829956055,0,0,7,0,0,7
0,DeathDescription.DECKING,65,84.32412147521973,0,0,7,0,0,7
0,DeathDescription.DECKING,65,62.157630920410156,0,0,7,0,0,7
0,DeathDescription.DECKING,65,89.68448638916016,0,0,7,0,0,7
0,DeathDescription.DECKING,65,70.9068775177002,0,0,7,0,0,7
0,DeathDescription.DECKING,65,79.9555778503418,0,0,7,0,0,7
0,DeathDescription.DECKING,65,75.95491409301758,0,0,7,0,0,7
0,DeathDescription.DECKING,65,56.91075325012207,0,0,7,0,0,7
0,DeathDescription.DECKING,65,72.31545448303223,0,0,7,0,0,7
0,DeathDescription.DECKING,65,79.6213150024414,0,0,7,0,0,7
0,DeathDescription.DECKING,65,66.58053398132324,0,0,7,0,0,7
0,DeathDescription.DECKING,65,62.99328804016113,0,0,7,0,0,7
0,DeathDescription.DECKING,65,43.15781593322754,0,0,7,0,0,7
0,DeathDescription.DECKING,65,62.4537467956543,0,0,7,0,0,7
0,DeathDescription.DECKING,65,73.72188568115234,0,0,7,0,0,7
0,DeathDescription.DECKING,65,78.86123657226562,0,0,7,0,0,7
0,DeathDescription.DECKING,65,58.26973915100098,0,0,7,0,0,7
0,DeathDescription.DECKING,65,79.09107208251953,0,0,7,0,0,7
0,DeathDescription.DECKING,65,75.36864280700684,0,0,7,0,0,7
0,DeathDescription.DECKING,65,93.54090690612793,0,0,7,0,0,7
0,DeathDescription.DECKING,65,66.00689888000488,0,0,7,0,0,7
0,DeathDescription.DECKING,65,77.36778259277344,0,0,7,0,0,7
0,DeathDescription.DECKING,65,65.71722030639648,0,0,7,0,0,7
0,DeathDescription.DECKING,65,68.00365447998047,0,0,7,0,0,7
0,DeathDescription.DECKING,65,95.72291374206543,0,0,7,0,0,7
0,DeathDescription.DECKING,65,79.15163040161133,0,0,7,0,0,7
0,DeathDescription.DECKING,65,82.56936073303223,0,0,7,0,0,7
0,DeathDescription.DECKING,65,66.86019897460938,0,0,7,0,0,7
0,DeathDescription.DECKING,65,44.8760986328125,0,0,7,0,0,7
0,DeathDescription.DECKING,65,68.84980201721191,0,0,7,0,0,7
0,DeathDescription.DECKING,65,67.87896156311035,0,0,7,0,0,7
0,DeathDescription.DECKING,65,80.14631271362305,0,0,7,0,0,7
0,DeathDescription.DECKING,65,86.93718910217285,0,0,7,0,0,7
0,DeathDescription.DECKING,65,75.66142082214355,0,0,7,0,0,7
0,DeathDescription.DECKING,65,60.55092811584473,0,0,7,0,0,7
0,DeathDescription.DECKING,65,90.44909477233887,0,0,7,0,0,7
0,DeathDescription.DECKING,65,74.84221458435059,0,0,7,0,0,7
0,DeathDescription.DECKING,65,74.13172721862793,0,0,7,0,0,7
0,DeathDescription.DECKING,65,79.63299751281738,0,0,7,0,0,7
0,DeathDescription.DECKING,65,67.78860092163086,0,0,7,0,0,7
0,DeathDescription.DECKING,65,61.42377853393555,0,0,7,0,0,7
0,DeathDescription.DECKING,65,81.78949356079102,0,0,7,0,0,7
0,DeathDescription.DECKING,65,82.11112022399902,0,0,7,0,0,7
0,DeathDescription.DECKING,65,67.19183921813965,0,0,7,0,0,7
0,DeathDescription.DECKING,65,51.62954330444336,0,0,7,0,0,7
0,DeathDescription.DECKING,65,62.872886657714844,0,0,7,0,0,7
0,DeathDescription.DECKING,65,49.34191703796387,0,0,7,0,0,7
0,DeathDescription.DECKING,65,95.49975395202637,0,0,7,0,0,7
0,DeathDescription.DECKING,65,64.32151794433594,0,0,7,0,0,7
0,DeathDescription.DECKING,65,68.71628761291504,0,0,7,0,0,7
0,DeathDescription.DECKING,65,46.30017280578613,0,0,7,0,0,7
0,DeathDescription.DECKING,65,63.8127326965332,0,0,7,0,0,7
0,DeathDescription.DECKING,65,80.48248291015625,0,0,7,0,0,7
0,DeathDescription.DECKING,65,74.35894012451172,0,0,7,0,0,7
0,DeathDescription.DECKING,65,71.5935230255127,0,0,7,0,0,7
0,DeathDescription.DECKING,65,63.42339515686035,0,0,7,0,0,7
0,DeathDescription.DECKING,65,90.42620658874512,0,0,7,0,0,7
0,DeathDescription.DECKING,65,72.3872184753418,0,0,7,0,0,7
0,DeathDescription.DECKING,65,76.36523246765137,0,0,7,0,0,7
0,DeathDescription.DECKING,65,62.98089027404785,0,0,7,0,0,7
0,DeathDescription.DECKING,65,59.35478210449219,0,0,7,0,0,7
0,DeathDescription.DECKING,65,60.20665168762207,0,0,7,0,0,7
0,DeathDescription.DECKING,65,57.60693550109863,0,0,7,0,0,7
0,DeathDescription.DECKING,65,68.66669654846191,0,0,7,0,0,7
0,DeathDescription.DECKING,65,73.62914085388184,0,0,7,0,0,7
0,DeathDescription.DECKING,65,76.70092582702637,0,0,7,0,0,7
0,DeathDescription.DECKING,65,47.06549644470215,0,0,7,0,0,7
0,DeathDescription.DECKING,65,81.93206787109375,0,0,7,0,0,7
0,DeathDescription.DECKING,65,88.33765983581543,0,0,7,0,0,7
0,DeathDescription.DECKING,65,59.43942070007324,0,0,7,0,0,7
0,DeathDescription.DECKING,65,57.62124061584473,0,0,7,0,0,7
0,DeathDescription.DECKING,65,83.69803428649902,0,0,7,0,0,7
0,DeathDescription.DECKING,65,57.25693702697754,0,0,7,0,0,7
0,DeathDescription.DECKING,65,71.64955139160156,0,0,7,0,0,7
0,DeathDescription.DECKING,65,70.08004188537598,0,0,7,0,0,7
0,DeathDescription.DECKING,65,74.32031631469727,0,0,7,0,0,7
0,DeathDescription.DECKING,65,41.99552536010742,0,0,7,0,0,7
0,DeathDescription.DECKING,65,62.02816963195801,0,0,7,0,0,7
0,DeathDescription.DECKING,65,53.24196815490723,0,0,7,0,0,7
0,DeathDescription.DECKING,65,79.60677146911621,0,0,7,0,0,7
0,DeathDescription.DECKING,65,45.83382606506348,0,0,7,0,0,7
0,DeathDescription.DECKING,65,59.63397026062012,0,0,7,0,0,7
0,DeathDescription.DECKING,65,82.49211311340332,0,0,7,0,0,7
0,DeathDescription.DECKING,65,56.99276924133301,0,0,7,0,0,7
0,DeathDescription.DECKING,65,69.17667388916016,0,0,7,0,0,7
0,DeathDescription.DECKING,65,64.72969055175781,0,0,7,0,0,7
0,DeathDescription.DECKING,65,44.199228286743164,0,0,7,0,0,7
0,DeathDescription.DECKING,65,71.28024101257324,0,0,7,0,0,7
0,DeathDescription.DECKING,65,50.679922103881836,0,0,7,0,0,7
0,DeathDescription.DECKING,65,64.18585777282715,0,0,7,0,0,7
0,DeathDescription.DECKING,65,61.5992546081543,0,0,7,0,0,7
0,DeathDescription.DECKING,65,55.37128448486328,0,0,7,0,0,7
0,DeathDescription.DECKING,65,68.15195083618164,0,0,7,0,0,7
0,DeathDescription.DECKING,65,61.7978572845459,0,0,7,0,0,7
0,DeathDescription.DECKING,65,57.637691497802734,0,0,7,0,0,7
0,DeathDescription.DECKING,65,60.87017059326172,0,0,7,0,0,7
0,DeathDescription.DECKING,65,63.93313407897949,0,0,7,0,0,7
0,DeathDescription.DECKING,65,63.69948387145996,0,0,7,0,0,7
0,DeathDescription.DECKING,65,46.93102836608887,0,0,7,0,0,7
0,DeathDescription.DECKING,65,67.94142723083496,0,0,7,0,0,7
0,DeathDescription.DECKING,65,40.947675704956055,0,0,7,0,0,7
0,DeathDescription.DECKING,65,49.82900619506836,0,0,7,0,0,7
0,DeathDescription.DECKING,65,43.1981086730957,0,0,7,0,0,7
0,DeathDescription.DECKING,65,77.04925537109375,0,0,7,0,0,7
0,DeathDescription.DECKING,65,75.24847984313965,0,0,7,0,0,7
0,DeathDescription.DECKING,65,60.90903282165527,0,0,7,0,0,7
0,DeathDescription.DECKING,65,53.13444137573242,0,0,7,0,0,7
0,DeathDescription.DECKING,65,65.31858444213867,0,0,7,0,0,7
0,DeathDescription.DECKING,65,75.68120956420898,0,0,7,0,0,7
0,DeathDescription.DECKING,65,50.53544044494629,0,0,7,0,0,7
0,DeathDescription.DECKING,65,67.17419624328613,0,0,7,0,0,7
0,DeathDescription.DECKING,65,61.73372268676758,0,0,7,0,0,7
0,DeathDescription.DECKING,65,66.97702407836914,0,0,7,0,0,7
0,DeathDescription.DECKING,65,63.767433166503906,0,0,7,0,0,7
0,DeathDescription.DECKING,65,57.38234519958496,0,0,7,0,0,7
0,DeathDescription.DECKING,65,58.55202674865723,0,0,7,0,0,7
0,DeathDescription.DECKING,65,68.59755516052246,0,0,7,0,0,7
0,DeathDescription.DECKING,65,62.76726722717285,0,0,7,0,0,7
0,DeathDescription.DECKING,65,58.6090087890625,0,0,7,0,0,7
0,DeathDescription.DECKING,65,71.38419151306152,0,0,7,0,0,7
0,DeathDescription.DECKING,65,54.1691780090332,0,0,7,0,0,7
0,DeathDescription.DECKING,65,46.37932777404785,0,0,7,0,0,7
0,DeathDescription.DECKING,65,73.58407974243164,0,0,7,0,0,7
0,DeathDescription.DECKING,65,85.4182243347168,0,0,7,0,0,7
0,DeathDescription.DECKING,65,85.16716957092285,0,0,7,0,0,7
0,DeathDescription.DECKING,65,74.83625411987305,0,0,7,0,0,7
0,DeathDescription.DECKING,65,63.92717361450195,0,0,7,0,0,7
0,DeathDescription.DECKING,65,67.11792945861816,0,0,7,0,0,7
0,DeathDescription.DECKING,65,73.23813438415527,0,0,7,0,0,7
0,DeathDescription.DECKING,65,56.983232498168945,0,0,7,0,0,7
0,DeathDescription.DECKING,65,79.01191711425781,0,0,7,0,0,7
0,DeathDescription.DECKING,65,80.37161827087402,0,0,7,0,0,7
0,DeathDescription.DECKING,65,82.66472816467285,0,0,7,0,0,7
0,DeathDescription.DECKING,65,69.74554061889648,0,0,7,0,0,7
0,DeathDescription.DECKING,65,56.81037902832031,0,0,7,0,0,7
0,DeathDescription.DECKING,65,69.60701942443848,0,0,7,0,0,7
0,DeathDescription.DECKING,65,57.65056610107422,0,0,7,0,0,7
0,DeathDescription.DECKING,65,53.78246307373047,0,0,7,0,0,7
0,DeathDescription.DECKING,65,87.08071708679199,0,0,7,0,0,7
0,DeathDescription.DECKING,65,75.10614395141602,0,0,7,0,0,7
0,DeathDescription.DECKING,65,74.7678279876709,0,0,7,0,0,7
0,DeathDescription.DECKING,65,61.81192398071289,0,0,7,0,0,7
0,DeathDescription.DECKING,65,66.53046607971191,0,0,7,0,0,7
0,DeathDescription.DECKING,65,71.2890625,0,0,7,0,0,7
0,DeathDescription.DECKING,65,66.84374809265137,0,0,7,0,0,7
0,DeathDescription.DECKING,65,59.71193313598633,0,0,7,0,0,7
0,DeathDescription.DECKING,65,66.44129753112793,0,0,7,0,0,7
0,DeathDescription.DECKING,65,68.87388229370117,0,0,7,0,0,7
0,DeathDescription.DECKING,65,61.910390853881836,0,0,7,0,0,7
0,DeathDescription.DECKING,65,48.384904861450195,0,0,7,0,0,7
0,DeathDescription.DECKING,65,70.51634788513184,0,0,7,0,0,7
0,DeathDescription.DECKING,65,59.24034118652344,0,0,7,0,0,7
0,DeathDescription.DECKING,65,75.41608810424805,0,0,7,0,0,7
0,DeathDescription.DECKING,65,64.14008140563965,0,0,7,0,0,7
0,DeathDescription.DECKING,65,77.28266716003418,0,0,7,0,0,7
0,DeathDescription.DECKING,65,46.30422592163086,0,0,7,0,0,7
0,DeathDescription.DECKING,65,68.33386421203613,0,0,7,0,0,7
0,DeathDescription.DECKING,65,55.01151084899902,0,0,7,0,0,7
0,DeathDescription.DECKING,65,46.48542404174805,0,0,7,0,0,7
0,DeathDescription.DECKING,65,67.98672676086426,0,0,7,0,0,7
0,DeathDescription.DECKING,65,65.20795822143555,0,0,7,0,0,7
0,DeathDescription.DECKING,65,49.86095428466797,0,0,7,0,0,7
0,DeathDescription.DECKING,65,70.83725929260254,0,0,7,0,0,7
0,DeathDescription.DECKING,65,62.575340270996094,0,0,7,0,0,7
0,DeathDescription.DECKING,65,50.523996353149414,0,0,7,0,0,7
0,DeathDescription.DECKING,65,73.35042953491211,0,0,7,0,0,7
0,DeathDescription.DECKING,65,64.2094612121582,0,0,7,0,0,7
0,DeathDescription.DECKING,65,51.31721496582031,0,0,7,0,0,7
0,DeathDescription.DECKING,65,93.6882495880127,0,0,7,0,0,7
0,DeathDescription.DECKING,65,74.47195053100586,0,0,7,0,0,7
0,DeathDescription.DECKING,65,89.3547534942627,0,0,7,0,0,7
0,DeathDescription.DECKING,65,64.64600563049316,0,0,7,0,0,7
0,DeathDescription.DECKING,65,54.14175987243652,0,0,7,0,0,7
0,DeathDescription.DECKING,65,65.83380699157715,0,0,7,0,0,7
0,DeathDescription.DECKING,65,75.20365715026855,0,0,7,0,0,7
0,DeathDescription.DECKING,65,48.65670204162598,0,0,7,0,0,7
0,DeathDescription.DECKING,65,69.87929344177246,0,0,7,0,0,7
0,DeathDescription.DECKING,65,65.7963752746582,0,0,7,0,0,7
0,DeathDescription.DECKING,65,69.20623779296875,0,0,7,0,0,7
0,DeathDescription.DECKING,65,74.4020938873291,0,0,7,0,0,7
0,DeathDescription.DECKING,65,49.349069595336914,0,0,7,0,0,7
0,DeathDescription.DECKING,65,81.98833465576172,0,0,7,0,0,7
0,DeathDescription.DECKING,65,78.0339241027832,0,0,7,0,0,7
0,DeathDescription.DECKING,65,58.86054039001465,0,0,7,0,0,7
0,DeathDescription.DECKING,65,70.91426849365234,0,0,7,0,0,7
0,DeathDescription.DECKING,65,55.22036552429199,0,0,7,0,0,7
0,DeathDescription.DECKING,65,73.23193550109863,0,0,7,0,0,7
0,DeathDescription.DECKING,65,57.9686164855957,0,0,7,0,0,7
0,DeathDescription.DECKING,65,53.646087646484375,0,0,7,0,0,7
0,DeathDescription.DECKING,65,59.213876724243164,0,0,7,0,0,7
0,DeathDescription.DECKING,65,51.61786079406738,0,0,7,0,0,7
0,DeathDescription.DECKING,65,60.07528305053711,0,0,7,0,0,7
0,DeathDescription.DECKING,65,61.46883964538574,0,0,7,0,0,7
0,DeathDescription.DECKING,65,45.34745216369629,0,0,7,0,0,7
0,DeathDescription.DECKING,65,53.27916145324707,0,0,7,0,0,7
0,DeathDescription.DECKING,65,51.96356773376465,0,0,7,0,0,7
0,DeathDescription.DECKING,65,67.48557090759277,0,0,7,0,0,7
0,DeathDescription.DECKING,65,69.42868232727051,0,0,7,0,0,7
0,DeathDescription.DECKING,65,81.20250701904297,0,0,7,0,0,7
0,DeathDescription.DECKING,65,64.70942497253418,0,0,7,0,0,7
0,DeathDescription.DECKING,65,86.57240867614746,0,0,7,0,0,7
0,DeathDescription.DECKING,65,107.37895965576172,0,0,7,0,0,7
0,DeathDescription.DECKING,65,108.17074775695801,0,0,7,0,0,7
0,DeathDescription.DECKING,65,59.80682373046875,0,0,7,0,0,7
0,DeathDescription.DECKING,65,82.65948295593262,0,0,7,0,0,7
0,DeathDescription.DECKING,65,81.45999908447266,0,0,7,0,0,7
0,DeathDescription.DECKING,65,79.15520668029785,0,0,7,0,0,7
0,DeathDescription.DECKING,65,52.86574363708496,0,0,7,0,0,7
0,DeathDescription.DECKING,65,82.61370658874512,0,0,7,0,0,7
0,DeathDescription.DECKING,65,66.4675235748291,0,0,7,0,0,7
0,DeathDescription.DECKING,65,65.98591804504395,0,0,7,0,0,7
0,DeathDescription.DECKING,65,85.32357215881348,0,0,7,0,0,7
0,DeathDescription.DECKING,65,57.6169490814209,0,0,7,0,0,7
0,DeathDescription.DECKING,65,62.14094161987305,0,0,7,0,0,7
0,DeathDescription.DECKING,65,65.00029563903809,0,0,7,0,0,7
0,DeathDescription.DECKING,65,75.49571990966797,0,0,7,0,0,7
0,DeathDescription.DECKING,65,58.3646297454834,0,0,7,0,0,7
0,DeathDescription.DECKING,65,54.0766716003418,0,0,7,0,0,7
0,DeathDescription.DECKING,65,78.6890983581543,0,0,7,0,0,7
0,DeathDescription.DECKING,65,86.66396141052246,0,0,7,0,0,7
0,DeathDescription.DECKING,65,56.82516098022461,0,0,7,0,0,7
0,DeathDescription.DECKING,65,44.363975524902344,0,0,7,0,0,7
0,DeathDescription.DECKING,65,85.82353591918945,0,0,7,0,0,7
0,DeathDescription.DECKING,65,53.21955680847168,0,0,7,0,0,7
0,DeathDescription.DECKING,65,77.35204696655273,0,0,7,0,0,7
0,DeathDescription.DECKING,65,72.34454154968262,0,0,7,0,0,7
0,DeathDescription.DECKING,65,80.46984672546387,0,0,7,0,0,7
0,DeathDescription.DECKING,65,72.7393627166748,0,0,7,0,0,7
0,DeathDescription.DECKING,65,67.16108322143555,0,0,7,0,0,7
0,DeathDescription.DECKING,65,70.49012184143066,0,0,7,0,0,7
0,DeathDescription.DECKING,65,64.24999237060547,0,0,7,0,0,7
0,DeathDescription.DECKING,65,47.22762107849121,0,0,7,0,0,7
0,DeathDescription.DECKING,65,64.67247009277344,0,0,7,0,0,7
0,DeathDescription.DECKING,65,52.58584022521973,0,0,7,0,0,7
0,DeathDescription.DECKING,65,63.504695892333984,0,0,7,0,0,7
0,DeathDescription.DECKING,65,64.95118141174316,0,0,7,0,0,7
0,DeathDescription.DECKING,65,80.1997184753418,0,0,7,0,0,7
0,DeathDescription.DECKING,65,62.07013130187988,0,0,7,0,0,7
0,DeathDescription.DECKING,65,62.22963333129883,0,0,7,0,0,7
0,DeathDescription.DECKING,65,62.15357780456543,0,0,7,0,0,7
0,DeathDescription.DECKING,65,71.7155933380127,0,0,7,0,0,7
0,DeathDescription.DECKING,65,53.490638732910156,0,0,7,0,0,7
0,DeathDescription.DECKING,65,47.29628562927246,0,0,7,0,0,7
0,DeathDescription.DECKING,65,59.39483642578125,0,0,7,0,0,7
0,DeathDescription.DECKING,65,77.34131813049316,0,0,7,0,0,7
0,DeathDescription.DECKING,65,56.02860450744629,0,0,7,0,0,7
0,DeathDescription.DECKING,65,75.28448104858398,0,0,7,0,0,7
0,DeathDescription.DECKING,65,52.126407623291016,0,0,7,0,0,7
0,DeathDescription.DECKING,65,79.1022777557373,0,0,7,0,0,7
0,DeathDescription.DECKING,65,78.71508598327637,0,0,7,0,0,7
0,DeathDescription.DECKING,65,50.156354904174805,0,0,7,0,0,7
0,DeathDescription.DECKING,65,54.57496643066406,0,0,7,0,0,7
0,DeathDescription.DECKING,65,59.25893783569336,0,0,7,0,0,7
0,DeathDescription.DECKING,65,74.32103157043457,0,0,7,0,0,7
0,DeathDescription.DECKING,65,61.07926368713379,0,0,7,0,0,7
0,DeathDescription.DECKING,65,74.42021369934082,0,0,7,0,0,7
0,DeathDescription.DECKING,65,81.10666275024414,0,0,7,0,0,7
0,DeathDescription.DECKING,65,61.25521659851074,0,0,7,0,0,7
0,DeathDescription.DECKING,65,68.67074966430664,0,0,7,0,0,7
0,DeathDescription.DECKING,65,79.71692085266113,0,0,7,0,0,7
0,DeathDescription.DECKING,65,134.5372200012207,0,0,7,0,0,7
0,DeathDescription.DECKING,65,65.06085395812988,0,0,7,0,0,7
0,DeathDescription.DECKING,65,52.35695838928223,0,0,7,0,0,7
0,DeathDescription.DECKING,65,43.282508850097656,0,0,7,0,0,7
0,DeathDescription.DECKING,65,69.90814208984375,0,0,7,0,0,7
0,DeathDescription.DECKING,65,73.28414916992188,0,0,7,0,0,7
0,DeathDescription.DECKING,65,69.46873664855957,0,0,7,0,0,7
0,DeathDescription.DECKING,65,71.5327262878418,0,0,7,0,0,7
0,DeathDescription.DECKING,65,71.98953628540039,0,0,7,0,0,7
0,DeathDescription.DECKING,65,69.56243515014648,0,0,7,0,0,7
0,DeathDescription.DECKING,65,68.44663619995117,0,0,7,0,0,7
0,DeathDescription.DECKING,65,73.00615310668945,0,0,7,0,0,7
0,DeathDescription.DECKING,65,48.72584342956543,0,0,7,0,0,7
0,DeathDescription.DECKING,65,65.96922874450684,0,0,7,0,0,7
0,DeathDescription.DECKING,65,50.30679702758789,0,0,7,0,0,7
0,DeathDescription.DECKING,65,63.83395195007324,0,0,7,0,0,7
0,DeathDescription.DECKING,65,46.67067527770996,0,0,7,0,0,7
0,DeathDescription.DECKING,65,71.65265083312988,0,0,7,0,0,7
0,DeathDescription.DECKING,65,68.77303123474121,0,0,7,0,0,7
0,DeathDescription.DECKING,65,65.16075134277344,0,0,7,0,0,7
0,DeathDescription.DECKING,65,67.77048110961914,0,0,7,0,0,7
0,DeathDescription.DECKING,65,64.69511985778809,0,0,7,0,0,7
0,DeathDescription.DECKING,65,65.31810760498047,0,0,7,0,0,7
0,DeathDescription.DECKING,65,56.414127349853516,0,0,7,0,0,7
0,DeathDescription.DECKING,65,66.05267524719238,0,0,7,0,0,7
0,DeathDescription.DECKING,65,62.0577335357666,0,0,7,0,0,7
0,DeathDescription.DECKING,65,43.86448860168457,0,0,7,0,0,7
0,DeathDescription.DECKING,65,73.54903221130371,0,0,7,0,0,7
0,DeathDescription.DECKING,65,69.4570541381836,0,0,7,0,0,7
0,DeathDescription.DECKING,65,71.59161567687988,0,0,7,0,0,7
0,DeathDescription.DECKING,65,85.19911766052246,0,0,7,0,0,7
0,DeathDescription.DECKING,65,80.94906806945801,0,0,7,0,0,7
0,DeathDescription.DECKING,65,69.98443603515625,0,0,7,0,0,7
0,DeathDescription.DECKING,65,79.90431785583496,0,0,7,0,0,7
0,DeathDescription.DECKING,65,50.08673667907715,0,0,7,0,0,7
0,DeathDescription.DECKING,65,58.04634094238281,0,0,7,0,0,7
0,DeathDescription.DECKING,65,75.05202293395996,0,0,7,0,0,7
0,DeathDescription.DECKING,65,82.75127410888672,0,0,7,0,0,7
0,DeathDescription.DECKING,65,45.64332962036133,0,0,7,0,0,7
0,DeathDescription.DECKING,65,60.70232391357422,0,0,7,0,0,7
0,DeathDescription.DECKING,65,47.68180847167969,0,0,7,0,0,7
0,DeathDescription.DECKING,65,66.69878959655762,0,0,7,0,0,7
0,DeathDescription.DECKING,65,49.666404724121094,0,0,7,0,0,7
0,DeathDescription.DECKING,65,81.66074752807617,0,0,7,0,0,7
0,DeathDescription.DECKING,65,55.53889274597168,0,0,7,0,0,7
0,DeathDescription.DECKING,65,72.59535789489746,0,0,7,0,0,7
0,DeathDescription.DECKING,65,63.54260444641113,0,0,7,0,0,7
0,DeathDescription.DECKING,65,70.39380073547363,0,0,7,0,0,7
0,DeathDescription.DECKING,65,55.5262565612793,0,0,7,0,0,7
0,DeathDescription.DECKING,65,54.41784858703613,0,0,7,0,0,7
0,DeathDescription.DECKING,65,73.41194152832031,0,0,7,0,0,7
0,DeathDescription.DECKING,65,70.82915306091309,0,0,7,0,0,7
0,DeathDescription.DECKING,65,75.41823387145996,0,0,7,0,0,7
0,DeathDescription.DECKING,65,69.64254379272461,0,0,7,0,0,7
0,DeathDescription.DECKING,65,55.26161193847656,0,0,7,0,0,7
0,DeathDescription.DECKING,65,74.01299476623535,0,0,7,0,0,7
0,DeathDescription.DECKING,65,48.7360954284668,0,0,7,0,0,7
0,DeathDescription.DECKING,65,64.92829322814941,0,0,7,0,0,7
0,DeathDescription.DECKING,65,48.45762252807617,0,0,7,0,0,7
0,DeathDescription.DECKING,65,87.87298202514648,0,0,7,0,0,7
0,DeathDescription.DECKING,65,71.8998908996582,0,0,7,0,0,7
0,DeathDescription.DECKING,65,91.75634384155273,0,0,7,0,0,7
0,DeathDescription.DECKING,65,78.9802074432373,0,0,7,0,0,7
0,DeathDescription.DECKING,65,92.83185005187988,0,0,7,0,0,7
0,DeathDescription.DECKING,65,61.62881851196289,0,0,7,0,0,7
0,DeathDescription.DECKING,65,81.34698867797852,0,0,7,0,0,7
0,DeathDescription.DECKING,65,77.01992988586426,0,0,7,0,0,7
0,DeathDescription.DECKING,65,113.00325393676758,0,0,7,0,0,7
0,DeathDescription.DECKING,65,80.03592491149902,0,0,7,0,0,7
0,DeathDescription.DECKING,65,69.34714317321777,0,0,7,0,0,7
0,DeathDescription.DECKING,65,78.64737510681152,0,0,7,0,0,7
0,DeathDescription.DECKING,65,68.18532943725586,0,0,7,0,0,7
0,DeathDescription.DECKING,65,54.10313606262207,0,0,7,0,0,7
0,DeathDescription.DECKING,65,60.286760330200195,0,0,7,0,0,7
0,DeathDescription.DECKING,65,65.88959693908691,0,0,7,0,0,7
0,DeathDescription.DECKING,65,48.496246337890625,0,0,7,0,0,7
0,DeathDescription.DECKING,65,54.45265769958496,0,0,7,0,0,7
0,DeathDescription.DECKING,65,96.95959091186523,0,0,7,0,0,7
0,DeathDescription.DECKING,65,96.59767150878906,0,0,7,0,0,7
0,DeathDescription.DECKING,65,59.95750427246094,0,0,7,0,0,7
0,DeathDescription.DECKING,65,79.15353775024414,0,0,7,0,0,7
0,DeathDescription.DECKING,65,69.31662559509277,0,0,7,0,0,7
0,DeathDescription.DECKING,65,51.400184631347656,0,0,7,0,0,7
0,DeathDescription.DECKING,65,63.466548919677734,0,0,7,0,0,7
0,DeathDescription.DECKING,65,59.662818908691406,0,0,7,0,0,7
0,DeathDescription.DECKING,65,58.569908142089844,0,0,7,0,0,7
0,DeathDescription.DECKING,65,70.13392448425293,0,0,7,0,0,7
0,DeathDescription.DECKING,65,75.11162757873535,0,0,7,0,0,7
0,DeathDescription.DECKING,65,68.61233711242676,0,0,7,0,0,7
0,DeathDescription.DECKING,65,76.29179954528809,0,0,7,0,0,7
0,DeathDescription.DECKING,65,80.98578453063965,0,0,7,0,0,7
0,DeathDescription.DECKING,65,62.08395957946777,0,0,7,0,0,7
0,DeathDescription.DECKING,65,51.557064056396484,0,0,7,0,0,7
0,DeathDescription.DECKING,65,63.15302848815918,0,0,7,0,0,7
0,DeathDescription.DECKING,65,82.1681022644043,0,0,7,0,0,7
0,DeathDescription.DECKING,65,71.36297225952148,0,0,7,0,0,7
0,DeathDescription.DECKING,65,62.98208236694336,0,0,7,0,0,7
0,DeathDescription.DECKING,65,71.13409042358398,0,0,7,0,0,7
0,DeathDescription.DECKING,65,74.45573806762695,0,0,7,0,0,7
0,DeathDescription.DECKING,65,61.10239028930664,0,0,7,0,0,7
0,DeathDescription.DECKING,65,52.989959716796875,0,0,7,0,0,7
0,DeathDescription.DECKING,65,54.09717559814453,0,0,7,0,0,7
0,DeathDescription.DECKING,65,57.33036994934082,0,0,7,0,0,7
0,DeathDescription.DECKING,65,74.21660423278809,0,0,7,0,0,7
0,DeathDescription.DECKING,65,68.86625289916992,0,0,7,0,0,7
0,DeathDescription.DECKING,65,65.1237964630127,0,0,7,0,0,7
0,DeathDescription.DECKING,65,56.69522285461426,0,0,7,0,0,7
0,DeathDescription.DECKING,65,84.51962471008301,0,0,7,0,0,7
0,DeathDescription.DECKING,65,65.0022029876709,0,0,7,0,0,7
0,DeathDescription.DECKING,65,57.77764320373535,0,0,7,0,0,7
0,DeathDescription.DECKING,65,41.941165924072266,0,0,7,0,0,7
0,DeathDescription.DECKING,65,58.10427665710449,0,0,7,0,0,7
0,DeathDescription.DECKING,65,62.55221366882324,0,0,7,0,0,7
0,DeathDescription.DECKING,65,64.90588188171387,0,0,7,0,0,7
0,DeathDescription.DECKING,65,93.38569641113281,0,0,7,0,0,7
0,DeathDescription.DECKING,65,51.28979682922363,0,0,7,0,0,7
0,DeathDescription.DECKING,65,55.24277687072754,0,0,7,0,0,7
0,DeathDescription.DECKING,65,50.72784423828125,0,0,7,0,0,7
0,DeathDescription.DECKING,65,69.58460807800293,0,0,7,0,0,7
0,DeathDescription.DECKING,65,52.404165267944336,0,0,7,0,0,7
0,DeathDescription.DECKING,65,78.01294326782227,0,0,7,0,0,7
0,DeathDescription.DECKING,65,62.2408390045166,0,0,7,0,0,7
0,DeathDescription.DECKING,65,63.243865966796875,0,0,7,0,0,7
0,DeathDescription.DECKING,65,64.35370445251465,0,0,7,0,0,7
0,DeathDescription.DECKING,65,66.36834144592285,0,0,7,0,0,7
0,DeathDescription.DECKING,65,61.585187911987305,0,0,7,0,0,7
0,DeathDescription.DECKING,65,85.13426780700684,0,0,7,0,0,7
0,DeathDescription.DECKING,65,60.41741371154785,0,0,7,0,0,7
0,DeathDescription.DECKING,65,57.806968688964844,0,0,7,0,0,7
0,DeathDescription.DECKING,65,54.51250076293945,0,0,7,0,0,7
0,DeathDescription.DECKING,65,55.15742301940918,0,0,7,0,0,7
0,DeathDescription.DECKING,65,42.26517677307129,0,0,7,0,0,7
0,DeathDescription.DECKING,65,55.37843704223633,0,0,7,0,0,7
0,DeathDescription.DECKING,65,81.76541328430176,0,0,7,0,0,7
0,DeathDescription.DECKING,65,43.03622245788574,0,0,7,0,0,7
0,DeathDescription.DECKING,65,48.59280586242676,0,0,7,0,0,7
0,DeathDescription.DECKING,65,77.09121704101562,0,0,7,0,0,7
0,DeathDescription.DECKING,65,81.26139640808105,0,0,7,0,0,7
0,DeathDescription.DECKING,65,49.6830940246582,0,0,7,0,0,7
0,DeathDescription.DECKING,65,86.20715141296387,0,0,7,0,0,7
0,DeathDescription.DECKING,65,65.94705581665039,0,0,7,0,0,7
0,DeathDescription.DECKING,65,70.83010673522949,0,0,7,0,0,7
0,DeathDescription.DECKING,65,73.6696720123291,0,0,7,0,0,7
0,DeathDescription.DECKING,65,52.69026756286621,0,0,7,0,0,7
0,DeathDescription.DECKING,65,53.748130798339844,0,0,7,0,0,7
0,DeathDescription.DECKING,65,66.23029708862305,0,0,7,0,0,7
0,DeathDescription.DECKING,65,68.3431625366211,0,0,7,0,0,7
0,DeathDescription.DECKING,65,77.76856422424316,0,0,7,0,0,7
0,DeathDescription.DECKING,65,56.86020851135254,0,0,7,0,0,7
0,DeathDescription.DECKING,65,78.11760902404785,0,0,7,0,0,7
0,DeathDescription.DECKING,65,76.13992691040039,0,0,7,0,0,7
0,DeathDescription.DECKING,65,74.21493530273438,0,0,7,0,0,7
0,DeathDescription.DECKING,65,66.83921813964844,0,0,7,0,0,7
0,DeathDescription.DECKING,65,73.48442077636719,0,0,7,0,0,7
0,DeathDescription.DECKING,65,39.32547569274902,0,0,7,0,0,7
0,DeathDescription.DECKING,65,66.71023368835449,0,0,7,0,0,7
0,DeathDescription.DECKING,65,66.18785858154297,0,0,7,0,0,7
0,DeathDescription.DECKING,65,101.01032257080078,0,0,7,0,0,7
0,DeathDescription.DECKING,65,77.96192169189453,0,0,7,0,0,7
0,DeathDescription.DECKING,65,59.15069580078125,0,0,7,0,0,7
0,DeathDescription.DECKING,65,66.30992889404297,0,0,7,0,0,7
0,DeathDescription.DECKING,65,64.63479995727539,0,0,7,0,0,7
0,DeathDescription.DECKING,65,62.18290328979492,0,0,7,0,0,7
0,DeathDescription.DECKING,65,58.55965614318848,0,0,7,0,0,7
0,DeathDescription.DECKING,65,42.97924041748047,0,0,7,0,0,7
0,DeathDescription.DECKING,65,60.60075759887695,0,0,7,0,0,7
0,DeathDescription.DECKING,65,43.424367904663086,0,0,7,0,0,7
0,DeathDescription.DECKING,65,69.86498832702637,0,0,7,0,0,7
0,DeathDescription.DECKING,65,61.406850814819336,0,0,7,0,0,7
0,DeathDescription.DECKING,65,68.34292411804199,0,0,7,0,0,7
0,DeathDescription.DECKING,65,46.140432357788086,0,0,7,0,0,7
0,DeathDescription.DECKING,65,76.33113861083984,0,0,7,0,0,7
0,DeathDescription.DECKING,65,40.579795837402344,0,0,7,0,0,7
0,DeathDescription.DECKING,65,58.38465690612793,0,0,7,0,0,7
0,DeathDescription.DECKING,65,56.52976036071777,0,0,7,0,0,7
0,DeathDescription.DECKING,65,53.240299224853516,0,0,7,0,0,7
0,DeathDescription.DECKING,65,38.941144943237305,0,0,7,0,0,7
0,DeathDescription.DECKING,65,50.59409141540527,0,0,7,0,0,7
0,DeathDescription.DECKING,65,67.19088554382324,0,0,7,0,0,7
0,DeathDescription.DECKING,65,58.527231216430664,0,0,7,0,0,7
0,DeathDescription.DECKING,65,53.63035202026367,0,0,7,0,0,7
0,DeathDescription.DECKING,65,42.85407066345215,0,0,7,0,0,7
0,DeathDescription.DECKING,65,39.51287269592285,0,0,7,0,0,7
0,DeathDescription.DECKING,65,45.64476013183594,0,0,7,0,0,7
0,DeathDescription.DECKING,65,53.30467224121094,0,0,7,0,0,7
0,DeathDescription.DECKING,65,50.94170570373535,0,0,7,0,0,7
0,DeathDescription.DECKING,65,75.62541961669922,0,0,7,0,0,7
0,DeathDescription.DECKING,65,38.06471824645996,0,0,7,0,0,7
0,DeathDescription.DECKING,65,80.09076118469238,0,0,7,0,0,7
0,DeathDescription.DECKING,65,41.6567325592041,0,0,7,0,0,7
0,DeathDescription.DECKING,65,60.30607223510742,0,0,7,0,0,7
0,DeathDescription.DECKING,65,48.59304428100586,0,0,7,0,0,7
0,DeathDescription.DECKING,65,51.08189582824707,0,0,7,0,0,7
0,DeathDescription.DECKING,65,44.951677322387695,0,0,7,0,0,7
0,DeathDescription.DECKING,65,43.1520938873291,0,0,7,0,0,7
0,DeathDescription.DECKING,65,47.69539833068848,0,0,7,0,0,7
0,DeathDescription.DECKING,65,49.00979995727539,0,0,7,0,0,7
0,DeathDescription.DECKING,65,39.90030288696289,0,0,7,0,0,7
0,DeathDescription.DECKING,65,51.89990997314453,0,0,7,0,0,7
0,DeathDescription.DECKING,65,41.77999496459961,0,0,7,0,0,7
0,DeathDescription.DECKING,65,42.960405349731445,0,0,7,0,0,7
0,DeathDescription.DECKING,65,82.07225799560547,0,0,7,0,0,7
0,DeathDescription.DECKING,65,59.52286720275879,0,0,7,0,0,7
0,DeathDescription.DECKING,65,53.33518981933594,0,0,7,0,0,7
0,DeathDescription.DECKING,65,49.47829246520996,0,0,7,0,0,7
0,DeathDescription.DECKING,65,50.19092559814453,0,0,7,0,0,7
0,DeathDescription.DECKING,65,49.9272346496582,0,0,7,0,0,7
0,DeathDescription.DECKING,65,75.43587684631348,0,0,7,0,0,7
0,DeathDescription.DECKING,65,39.63804244995117,0,0,7,0,0,7
0,DeathDescription.DECKING,65,53.0400276184082,0,0,7,0,0,7
0,DeathDescription.DECKING,65,39.656639099121094,0,0,7,0,0,7
0,DeathDescription.DECKING,65,44.24595832824707,0,0,7,0,0,7
0,DeathDescription.DECKING,65,47.91688919067383,0,0,7,0,0,7
0,DeathDescription.DECKING,65,50.33612251281738,0,0,7,0,0,7
0,DeathDescription.DECKING,65,44.176340103149414,0,0,7,0,0,7
0,DeathDescription.DECKING,65,54.63838577270508,0,0,7,0,0,7
0,DeathDescription.DECKING,65,50.45938491821289,0,0,7,0,0,7
0,DeathDescription.DECKING,65,49.988746643066406,0,0,7,0,0,7
0,DeathDescription.DECKING,65,45.91083526611328,0,0,7,0,0,7
0,DeathDescription.DECKING,65,41.43834114074707,0,0,7,0,0,7
0,DeathDescription.DECKING,65,62.4542236328125,0,0,7,0,0,7
0,DeathDescription.DECKING,65,60.20498275756836,0,0,7,0,0,7
0,DeathDescription.DECKING,65,41.808128356933594,0,0,7,0,0,7
0,DeathDescription.DECKING,65,65.87028503417969,0,0,7,0,0,7
0,DeathDescription.DECKING,65,40.6801700592041,0,0,7,0,0,7
0,DeathDescription.DECKING,65,71.3050365447998,0,0,7,0,0,7
0,DeathDescription.DECKING,65,61.32054328918457,0,0,7,0,0,7
0,DeathDescription.DECKING,65,51.247358322143555,0,0,7,0,0,7
0,DeathDescription.DECKING,65,46.484947204589844,0,0,7,0,0,7
0,DeathDescription.DECKING,65,41.04423522949219,0,0,7,0,0,7
0,DeathDescription.DECKING,65,51.21326446533203,0,0,7,0,0,7
0,DeathDescription.DECKING,65,51.093101501464844,0,0,7,0,0,7
0,DeathDescription.DECKING,65,60.691118240356445,0,0,7,0,0,7
0,DeathDescription.DECKING,65,41.87941551208496,0,0,7,0,0,7
0,DeathDescription.DECKING,65,54.37040328979492,0,0,7,0,0,7
0,DeathDescription.DECKING,65,42.10019111633301,0,0,7,0,0,7
0,DeathDescription.DECKING,65,51.20992660522461,0,0,7,0,0,7
0,DeathDescription.DECKING,65,68.0842399597168,0,0,7,0,0,7
0,DeathDescription.DECKING,65,40.039777755737305,0,0,7,0,0,7
0,DeathDescription.DECKING,65,59.61489677429199,0,0,7,0,0,7
0,DeathDescription.DECKING,65,40.45271873474121,0,0,7,0,0,7
0,DeathDescription.DECKING,65,76.28917694091797,0,0,7,0,0,7
0,DeathDescription.DECKING,65,44.55208778381348,0,0,7,0,0,7
0,DeathDescription.DECKING,65,61.373233795166016,0,0,7,0,0,7
0,DeathDescription.DECKING,65,68.01271438598633,0,0,7,0,0,7
0,DeathDescription.DECKING,65,68.53485107421875,0,0,7,0,0,7
0,DeathDescription.DECKING,65,46.57888412475586,0,0,7,0,0,7
0,DeathDescription.DECKING,65,59.308528900146484,0,0,7,0,0,7
0,DeathDescription.DECKING,65,57.535409927368164,0,0,7,0,0,7
0,DeathDescription.DECKING,65,61.936140060424805,0,0,7,0,0,7
0,DeathDescription.DECKING,65,54.44622039794922,0,0,7,0,0,7
0,DeathDescription.DECKING,65,57.871341705322266,0,0,7,0,0,7
0,DeathDescription.DECKING,65,44.42572593688965,0,0,7,0,0,7
0,DeathDescription.DECKING,65,42.12546348571777,0,0,7,0,0,7
0,DeathDescription.DECKING,65,50.75216293334961,0,0,7,0,0,7
0,DeathDescription.DECKING,65,47.818660736083984,0,0,7,0,0,7
0,DeathDescription.DECKING,65,59.04078483581543,0,0,7,0,0,7
0,DeathDescription.DECKING,65,54.9473762512207,0,0,7,0,0,7
0,DeathDescription.DECKING,65,58.80546569824219,0,0,7,0,0,7
0,DeathDescription.DECKING,65,59.529781341552734,0,0,7,0,0,7
0,DeathDescription.DECKING,65,62.072038650512695,0,0,7,0,0,7
0,DeathDescription.DECKING,65,65.11116027832031,0,0,7,0,0,7
0,DeathDescription.DECKING,65,50.35686492919922,0,0,7,0,0,7
0,DeathDescription.DECKING,65,41.852474212646484,0,0,7,0,0,7
0,DeathDescription.DECKING,65,39.25156593322754,0,0,7,0,0,7
0,DeathDescription.DECKING,65,65.90533256530762,0,0,7,0,0,7
0,DeathDescription.DECKING,65,57.289838790893555,0,0,7,0,0,7
0,DeathDescription.DECKING,65,60.08481979370117,0,0,7,0,0,7
0,DeathDescription.DECKING,65,38.84577751159668,0,0,7,0,0,7
0,DeathDescription.DECKING,65,46.27871513366699,0,0,7,0,0,7
0,DeathDescription.DECKING,65,49.86000061035156,0,0,7,0,0,7
0,DeathDescription.DECKING,65,51.026105880737305,0,0,7,0,0,7
0,DeathDescription.DECKING,65,65.60969352722168,0,0,7,0,0,7
0,DeathDescription.DECKING,65,45.2733039855957,0,0,7,0,0,7
0,DeathDescription.DECKING,65,76.04622840881348,0,0,7,0,0,7
0,DeathDescription.DECKING,65,49.68857765197754,0,0,7,0,0,7
0,DeathDescription.DECKING,65,47.212839126586914,0,0,7,0,0,7
0,DeathDescription.DECKING,65,42.32001304626465,0,0,7,0,0,7
0,DeathDescription.DECKING,65,68.75157356262207,0,0,7,0,0,7
0,DeathDescription.DECKING,65,54.71086502075195,0,0,7,0,0,7
0,DeathDescription.DECKING,65,42.10162162780762,0,0,7,0,0,7
0,DeathDescription.DECKING,65,65.46330451965332,0,0,7,0,0,7
0,DeathDescription.DECKING,65,54.434776306152344,0,0,7,0,0,7
0,DeathDescription.DECKING,65,52.02603340148926,0,0,7,0,0,7
0,DeathDescription.DECKING,65,44.94309425354004,0,0,7,0,0,7
0,DeathDescription.DECKING,65,38.480281829833984,0,0,7,0,0,7
0,DeathDescription.DECKING,65,53.83634567260742,0,0,7,0,0,7
0,DeathDescription.DECKING,65,58.983802795410156,0,0,7,0,0,7
0,DeathDescription.DECKING,65,51.1624813079834,0,0,7,0,0,7
0,DeathDescription.DECKING,65,57.39164352416992,0,0,7,0,0,7
0,DeathDescription.DECKING,65,40.735483169555664,0,0,7,0,0,7
0,DeathDescription.DECKING,65,37.720441818237305,0,0,7,0,0,7
0,DeathDescription.DECKING,65,65.9787654876709,0,0,7,0,0,7
0,DeathDescription.DECKING,65,49.878597259521484,0,0,7,0,0,7
0,DeathDescription.DECKING,65,63.74311447143555,0,0,7,0,0,7
0,DeathDescription.DECKING,65,55.89556694030762,0,0,7,0,0,7
0,DeathDescription.DECKING,65,55.425405502319336,0,0,7,0,0,7
0,DeathDescription.DECKING,65,53.76100540161133,0,0,7,0,0,7
0,DeathDescription.DECKING,65,51.67078971862793,0,0,7,0,0,7
0,DeathDescription.DECKING,65,41.21065139770508,0,0,7,0,0,7
0,DeathDescription.DECKING,65,43.0452823638916,0,0,7,0,0,7
0,DeathDescription.DECKING,65,53.221702575683594,0,0,7,0,0,7
0,DeathDescription.DECKING,65,41.193246841430664,0,0,7,0,0,7
0,DeathDescription.DECKING,65,51.51247978210449,0,0,7,0,0,7
0,DeathDescription.DECKING,65,46.94867134094238,0,0,7,0,0,7
0,DeathDescription.DECKING,65,46.668291091918945,0,0,7,0,0,7
0,DeathDescription.DECKING,65,52.12974548339844,0,0,7,0,0,7
0,DeathDescription.DECKING,65,58.82716178894043,0,0,7,0,0,7
0,DeathDescription.DECKING,65,40.015459060668945,0,0,7,0,0,7
0,DeathDescription.DECKING,65,39.89768028259277,0,0,7,0,0,7
0,DeathDescription.DECKING,65,63.66276741027832,0,0,7,0,0,7
0,DeathDescription.DECKING,65,90.03305435180664,0,0,7,0,0,7
0,DeathDescription.DECKING,65,51.934242248535156,0,0,7,0,0,7
0,DeathDescription.DECKING,65,51.37324333190918,0,0,7,0,0,7
0,DeathDescription.DECKING,65,38.995981216430664,0,0,7,0,0,7
0,DeathDescription.DECKING,65,40.688514709472656,0,0,7,0,0,7
0,DeathDescription.DECKING,65,70.42622566223145,0,0,7,0,0,7
0,DeathDescription.DECKING,65,45.95589637756348,0,0,7,0,0,7
0,DeathDescription.DECKING,65,49.701690673828125,0,0,7,0,0,7
0,DeathDescription.DECKING,65,57.22308158874512,0,0,7,0,0,7
0,DeathDescription.DECKING,65,53.19809913635254,0,0,7,0,0,7
0,DeathDescription.DECKING,65,40.99321365356445,0,0,7,0,0,7
0,DeathDescription.DECKING,65,55.16505241394043,0,0,7,0,0,7
0,DeathDescription.DECKING,65,87.30959892272949,0,0,7,0,0,7
0,DeathDescription.DECKING,65,83.587646484375,0,0,7,0,0,7
0,DeathDescription.DECKING,65,48.93851280212402,0,0,7,0,0,7
0,DeathDescription.DECKING,65,62.44397163391113,0,0,7,0,0,7
0,DeathDescription.DECKING,65,52.33168601989746,0,0,7,0,0,7
0,DeathDescription.DECKING,65,41.25523567199707,0,0,7,0,0,7
0,DeathDescription.DECKING,65,40.03787040710449,0,0,7,0,0,7
0,DeathDescription.DECKING,65,55.87601661682129,0,0,7,0,0,7
0,DeathDescription.DECKING,65,53.05027961730957,0,0,7,0,0,7
0,DeathDescription.DECKING,65,68.12024116516113,0,0,7,0,0,7
0,DeathDescription.DECKING,65,59.21673774719238,0,0,7,0,0,7
0,DeathDescription.DECKING,65,74.53656196594238,0,0,7,0,0,7
0,DeathDescription.DECKING,65,38.52963447570801,0,0,7,0,0,7
0,DeathDescription.DECKING,65,59.19957160949707,0,0,7,0,0,7
0,DeathDescription.DECKING,65,44.7237491607666,0,0,7,0,0,7
0,DeathDescription.DECKING,65,54.947614669799805,0,0,7,0,0,7
0,DeathDescription.DECKING,65,49.603939056396484,0,0,7,0,0,7
0,DeathDescription.DECKING,65,72.40748405456543,0,0,7,0,0,7
0,DeathDescription.DECKING,65,41.464805603027344,0,0,7,0,0,7
0,DeathDescription.DECKING,65,64.26644325256348,0,0,7,0,0,7
0,DeathDescription.DECKING,65,41.886329650878906,0,0,7,0,0,7
0,DeathDescription.DECKING,65,65.59586524963379,0,0,7,0,0,7
0,DeathDescription.DECKING,65,46.91481590270996,0,0,7,0,0,7
0,DeathDescription.DECKING,65,48.99191856384277,0,0,7,0,0,7
0,DeathDescription.DECKING,65,39.98994827270508,0,0,7,0,0,7
0,DeathDescription.DECKING,65,39.971351623535156,0,0,7,0,0,7
0,DeathDescription.DECKING,65,69.13995742797852,0,0,7,0,0,7
0,DeathDescription.DECKING,65,48.55632781982422,0,0,7,0,0,7
0,DeathDescription.DECKING,65,58.73417854309082,0,0,7,0,0,7
0,DeathDescription.DECKING,65,41.83340072631836,0,0,7,0,0,7
0,DeathDescription.DECKING,65,59.731245040893555,0,0,7,0,0,7
0,DeathDescription.DECKING,65,55.03487586975098,0,0,7,0,0,7
0,DeathDescription.DECKING,65,55.318593978881836,0,0,7,0,0,7
0,DeathDescription.DECKING,65,39.804935455322266,0,0,7,0,0,7
0,DeathDescription.DECKING,65,52.94919013977051,0,0,7,0,0,7
0,DeathDescription.DECKING,65,54.781198501586914,0,0,7,0,0,7
0,DeathDescription.DECKING,65,50.2169132232666,0,0,7,0,0,7
0,DeathDescription.DECKING,65,55.38368225097656,0,0,7,0,0,7
0,DeathDescription.DECKING,65,53.6799430847168,0,0,7,0,0,7
0,DeathDescription.DECKING,65,42.19985008239746,0,0,7,0,0,7
0,DeathDescription.DECKING,65,56.9307804107666,0,0,7,0,0,7
0,DeathDescription.DECKING,65,38.526058197021484,0,0,7,0,0,7
0,DeathDescription.DECKING,65,58.86197090148926,0,0,7,0,0,7
0,DeathDescription.DECKING,65,50.847530364990234,0,0,7,0,0,7
0,DeathDescription.DECKING,65,56.34784698486328,0,0,7,0,0,7
0,DeathDescription.DECKING,65,42.128562927246094,0,0,7,0,0,7
0,DeathDescription.DECKING,65,51.16009712219238,0,0,7,0,0,7
0,DeathDescription.DECKING,65,47.65462875366211,0,0,7,0,0,7
0,DeathDescription.DECKING,65,51.4521598815918,0,0,7,0,0,7
0,DeathDescription.DECKING,65,44.14510726928711,0,0,7,0,0,7
0,DeathDescription.DECKING,65,68.0229663848877,0,0,7,0,0,7
0,DeathDescription.DECKING,65,41.05019569396973,0,0,7,0,0,7
0,DeathDescription.DECKING,65,52.6278018951416,0,0,7,0,0,7
0,DeathDescription.DECKING,65,50.844430923461914,0,0,7,0,0,7
0,DeathDescription.DECKING,65,75.30903816223145,0,0,7,0,0,7
0,DeathDescription.DECKING,65,44.62432861328125,0,0,7,0,0,7
0,DeathDescription.DECKING,65,63.21096420288086,0,0,7,0,0,7
0,DeathDescription.DECKING,65,65.41562080383301,0,0,7,0,0,7
0,DeathDescription.DECKING,65,48.821210861206055,0,0,7,0,0,7
0,DeathDescription.DECKING,65,50.932884216308594,0,0,7,0,0,7
0,DeathDescription.DECKING,65,56.42962455749512,0,0,7,0,0,7
0,DeathDescription.DECKING,65,47.8973388671875,0,0,7,0,0,7
0,DeathDescription.DECKING,65,52.20794677734375,0,0,7,0,0,7
0,DeathDescription.DECKING,65,45.548439025878906,0,0,7,0,0,7
0,DeathDescription.DECKING,65,55.44686317443848,0,0,7,0,0,7
0,DeathDescription.DECKING,65,45.37081718444824,0,0,7,0,0,7
0,DeathDescription.DECKING,65,61.02466583251953,0,0,7,0,0,7
0,DeathDescription.DECKING,65,64.94760513305664,0,0,7,0,0,7
0,DeathDescription.DECKING,65,47.58906364440918,0,0,7,0,0,7
0,DeathDescription.DECKING,65,53.76267433166504,0,0,7,0,0,7
0,DeathDescription.DECKING,65,47.32942581176758,0,0,7,0,0,7
0,DeathDescription.DECKING,65,47.75238037109375,0,0,7,0,0,7
0,DeathDescription.DECKING,65,42.14763641357422,0,0,7,0,0,7
0,DeathDescription.DECKING,65,39.73269462585449,0,0,7,0,0,7
0,DeathDescription.DECKING,65,54.43215370178223,0,0,7,0,0,7
0,DeathDescription.DECKING,65,49.82948303222656,0,0,7,0,0,7
0,DeathDescription.DECKING,65,44.51251029968262,0,0,7,0,0,7
0,DeathDescription.DECKING,65,59.645652770996094,0,0,7,0,0,7
0,DeathDescription.DECKING,65,44.81697082519531,0,0,7,0,0,7
0,DeathDescription.DECKING,65,42.01149940490723,0,0,7,0,0,7
0,DeathDescription.DECKING,65,64.82148170471191,0,0,7,0,0,7
0,DeathDescription.DECKING,65,39.7188663482666,0,0,7,0,0,7
0,DeathDescription.DECKING,65,43.78819465637207,0,0,7,0,0,7
0,DeathDescription.DECKING,65,72.28922843933105,0,0,7,0,0,7
0,DeathDescription.DECKING,65,41.4280891418457,0,0,7,0,0,7
0,DeathDescription.DECKING,65,50.214290618896484,0,0,7,0,0,7
0,DeathDescription.DECKING,65,56.42890930175781,0,0,7,0,0,7
0,DeathDescription.DECKING,65,39.144277572631836,0,0,7,0,0,7
0,DeathDescription.DECKING,65,84.8078727722168,0,0,7,0,0,7
0,DeathDescription.DECKING,65,50.98915100097656,0,0,7,0,0,7
0,DeathDescription.DECKING,65,45.61281204223633,0,0,7,0,0,7
0,DeathDescription.DECKING,65,47.249555587768555,0,0,7,0,0,7
0,DeathDescription.DECKING,65,61.70201301574707,0,0,7,0,0,7
0,DeathDescription.DECKING,65,41.565656661987305,0,0,7,0,0,7
0,DeathDescription.DECKING,65,57.14607238769531,0,0,7,0,0,7
0,DeathDescription.DECKING,65,55.487632751464844,0,0,7,0,0,7
0,DeathDescription.DECKING,65,69.80061531066895,0,0,7,0,0,7
0,DeathDescription.DECKING,65,50.35805702209473,0,0,7,0,0,7
0,DeathDescription.DECKING,65,56.58411979675293,0,0,7,0,0,7
0,DeathDescription.DECKING,65,40.5728816986084,0,0,7,0,0,7
0,DeathDescription.DECKING,65,48.36726188659668,0,0,7,0,0,7
0,DeathDescription.DECKING,65,61.42616271972656,0,0,7,0,0,7
0,DeathDescription.DECKING,65,49.57079887390137,0,0,7,0,0,7
0,DeathDescription.DECKING,65,55.63831329345703,0,0,7,0,0,7
0,DeathDescription.DECKING,65,64.22114372253418,0,0,7,0,0,7
0,DeathDescription.DECKING,65,46.09560966491699,0,0,7,0,0,7
0,DeathDescription.DECKING,65,64.10551071166992,0,0,7,0,0,7
0,DeathDescription.DECKING,65,52.707672119140625,0,0,7,0,0,7
0,DeathDescription.DECKING,65,45.47691345214844,0,0,7,0,0,7
0,DeathDescription.DECKING,65,38.51628303527832,0,0,7,0,0,7
0,DeathDescription.DECKING,65,49.61037635803223,0,0,7,0,0,7
0,DeathDescription.DECKING,65,43.17283630371094,0,0,7,0,0,7
0,DeathDescription.DECKING,65,43.13397407531738,0,0,7,0,0,7
0,DeathDescription.DECKING,65,55.60183525085449,0,0,7,0,0,7
0,DeathDescription.DECKING,65,39.819955825805664,0,0,7,0,0,7
0,DeathDescription.DECKING,65,54.921627044677734,0,0,7,0,0,7
0,DeathDescription.DECKING,65,53.60007286071777,0,0,7,0,0,7
0,DeathDescription.DECKING,65,52.2463321685791,0,0,7,0,0,7
0,DeathDescription.DECKING,65,55.78923225402832,0,0,7,0,0,7
0,DeathDescription.DECKING,65,68.87340545654297,0,0,7,0,0,7
0,DeathDescription.DECKING,65,51.18751525878906,0,0,7,0,0,7
0,DeathDescription.DECKING,65,51.217079162597656,0,0,7,0,0,7
0,DeathDescription.DECKING,65,85.74175834655762,0,0,7,0,0,7
0,DeathDescription.DECKING,65,70.526123046875,0,0,7,0,0,7
0,DeathDescription.DECKING,65,51.31030082702637,0,0,7,0,0,7
0,DeathDescription.DECKING,65,66.55097007751465,0,0,7,0,0,7
0,DeathDescription.DECKING,65,41.00656509399414,0,0,7,0,0,7
0,DeathDescription.DECKING,65,52.01101303100586,0,0,7,0,0,7
0,DeathDescription.DECKING,65,42.28067398071289,0,0,7,0,0,7
0,DeathDescription.DECKING,65,39.81375694274902,0,0,7,0,0,7
0,DeathDescription.DECKING,65,47.492265701293945,0,0,7,0,0,7
0,DeathDescription.DECKING,65,50.78458786010742,0,0,7,0,0,7
0,DeathDescription.DECKING,65,45.12286186218262,0,0,7,0,0,7
0,DeathDescription.DECKING,65,64.08166885375977,0,0,7,0,0,7
0,DeathDescription.DECKING,65,56.35476112365723,0,0,7,0,0,7
0,DeathDescription.DECKING,65,69.40960884094238,0,0,7,0,0,7
0,DeathDescription.DECKING,65,63.188791275024414,0,0,7,0,0,7
0,DeathDescription.DECKING,65,65.87743759155273,0,0,7,0,0,7
0,DeathDescription.DECKING,65,65.1254653930664,0,0,7,0,0,7
0,DeathDescription.DECKING,65,85.97397804260254,0,0,7,0,0,7
0,DeathDescription.DECKING,65,93.74475479125977,0,0,7,0,0,7
0,DeathDescription.DECKING,65,65.88602066040039,0,0,7,0,0,7
0,DeathDescription.DECKING,65,89.69998359680176,0,0,7,0,0,7
0,DeathDescription.DECKING,65,69.27108764648438,0,0,7,0,0,7
0,DeathDescription.DECKING,65,74.92303848266602,0,0,7,0,0,7
0,DeathDescription.DECKING,65,73.17209243774414,0,0,7,0,0,7
0,DeathDescription.DECKING,65,73.75073432922363,0,0,7,0,0,7
0,DeathDescription.DECKING,65,68.31884384155273,0,0,7,0,0,7
0,DeathDescription.DECKING,65,65.89102745056152,0,0,7,0,0,7
0,DeathDescription.DECKING,65,61.11907958984375,0,0,7,0,0,7
0,DeathDescription.DECKING,65,61.09166145324707,0,0,7,0,0,7
0,DeathDescription.DECKING,65,69.09036636352539,0,0,7,0,0,7
0,DeathDescription.DECKING,65,80.45554161071777,0,0,7,0,0,7
0,DeathDescription.DECKING,65,49.489498138427734,0,0,7,0,0,7
0,DeathDescription.DECKING,65,85.71410179138184,0,0,7,0,0,7
0,DeathDescription.DECKING,65,93.18041801452637,0,0,7,0,0,7
0,DeathDescription.DECKING,65,71.28620147705078,0,0,7,0,0,7
0,DeathDescription.DECKING,65,61.20944023132324,0,0,7,0,0,7
0,DeathDescription.DECKING,65,55.629730224609375,0,0,7,0,0,7
0,DeathDescription.DECKING,65,78.97663116455078,0,0,7,0,0,7
0,DeathDescription.DECKING,65,71.22039794921875,0,0,7,0,0,7
0,DeathDescription.DECKING,65,77.72350311279297,0,0,7,0,0,7
0,DeathDescription.DECKING,65,68.2823657989502,0,0,7,0,0,7
0,DeathDescription.DECKING,65,97.51725196838379,0,0,7,0,0,7
0,DeathDescription.DECKING,65,60.08648872375488,0,0,7,0,0,7
0,DeathDescription.DECKING,65,73.02498817443848,0,0,7,0,0,7
0,DeathDescription.DECKING,65,43.73526573181152,0,0,7,0,0,7
0,DeathDescription.DECKING,65,64.11314010620117,0,0,7,0,0,7
0,DeathDescription.DECKING,65,56.0603141784668,0,0,7,0,0,7
0,DeathDescription.DECKING,65,67.9466724395752,0,0,7,0,0,7
0,DeathDescription.DECKING,65,53.02858352661133,0,0,7,0,0,7
0,DeathDescription.DECKING,65,65.91439247131348,0,0,7,0,0,7
0,DeathDescription.DECKING,65,68.20392608642578,0,0,7,0,0,7
0,DeathDescription.DECKING,65,75.34313201904297,0,0,7,0,0,7
0,DeathDescription.DECKING,65,43.276309967041016,0,0,7,0,0,7
0,DeathDescription.DECKING,65,82.43036270141602,0,0,7,0,0,7
0,DeathDescription.DECKING,65,64.63742256164551,0,0,7,0,0,7
0,DeathDescription.DECKING,65,91.25852584838867,0,0,7,0,0,7
0,DeathDescription.DECKING,65,45.380592346191406,0,0,7,0,0,7
0,DeathDescription.DECKING,65,80.07526397705078,0,0,7,0,0,7
0,DeathDescription.DECKING,65,55.402517318725586,0,0,7,0,0,7
0,DeathDescription.DECKING,65,86.73286437988281,0,0,7,0,0,7
0,DeathDescription.DECKING,65,74.0365982055664,0,0,7,0,0,7
0,DeathDescription.DECKING,65,86.34233474731445,0,0,7,0,0,7
0,DeathDescription.DECKING,65,47.40262031555176,0,0,7,0,0,7
0,DeathDescription.DECKING,65,87.84914016723633,0,0,7,0,0,7
0,DeathDescription.DECKING,65,68.55583190917969,0,0,7,0,0,7
0,DeathDescription.DECKING,65,76.90286636352539,0,0,7,0,0,7
0,DeathDescription.DECKING,65,60.13751029968262,0,0,7,0,0,7
0,DeathDescription.DECKING,65,81.39848709106445,0,0,7,0,0,7
0,DeathDescription.DECKING,65,55.21750450134277,0,0,7,0,0,7
0,DeathDescription.DECKING,65,63.757896423339844,0,0,7,0,0,7
0,DeathDescription.DECKING,65,71.30599021911621,0,0,7,0,0,7
0,DeathDescription.DECKING,65,64.82172012329102,0,0,7,0,0,7
0,DeathDescription.DECKING,65,49.126386642456055,0,0,7,0,0,7
0,DeathDescription.DECKING,65,55.34815788269043,0,0,7,0,0,7
0,DeathDescription.DECKING,65,78.17912101745605,0,0,7,0,0,7
0,DeathDescription.DECKING,65,82.7934741973877,0,0,7,0,0,7
0,DeathDescription.DECKING,65,68.4058666229248,0,0,7,0,0,7
0,DeathDescription.DECKING,65,70.30415534973145,0,0,7,0,0,7
0,DeathDescription.DECKING,65,64.99791145324707,0,0,7,0,0,7
0,DeathDescription.DECKING,65,76.74026489257812,0,0,7,0,0,7
0,DeathDescription.DECKING,65,64.88251686096191,0,0,7,0,0,7
0,DeathDescription.DECKING,65,70.24216651916504,0,0,7,0,0,7
0,DeathDescription.DECKING,65,79.71549034118652,0,0,7,0,0,7
0,DeathDescription.DECKING,65,74.91683959960938,0,0,7,0,0,7
0,DeathDescription.DECKING,65,71.27189636230469,0,0,7,0,0,7
0,DeathDescription.DECKING,65,62.65544891357422,0,0,7,0,0,7
0,DeathDescription.DECKING,65,64.94951248168945,0,0,7,0,0,7
0,DeathDescription.DECKING,65,66.46847724914551,0,0,7,0,0,7
0,DeathDescription.DECKING,65,54.90922927856445,0,0,7,0,0,7
0,DeathDescription.DECKING,65,77.01706886291504,0,0,7,0,0,7
0,DeathDescription.DECKING,65,101.60326957702637,0,0,7,0,0,7
0,DeathDescription.DECKING,65,84.18130874633789,0,0,7,0,0,7
0,DeathDescription.DECKING,65,79.94318008422852,0,0,7,0,0,7
0,DeathDescription.DECKING,65,45.827388763427734,0,0,7,0,0,7
0,DeathDescription.DECKING,65,64.19849395751953,0,0,7,0,0,7
0,DeathDescription.DECKING,65,77.23236083984375,0,0,7,0,0,7
0,DeathDescription.DECKING,65,44.54612731933594,0,0,7,0,0,7
0,DeathDescription.DECKING,65,54.26907539367676,0,0,7,0,0,7
0,DeathDescription.DECKING,65,62.900543212890625,0,0,7,0,0,7
0,DeathDescription.DECKING,65,64.98456001281738,0,0,7,0,0,7
0,DeathDescription.DECKING,65,69.10538673400879,0,0,7,0,0,7
0,DeathDescription.DECKING,65,74.53656196594238,0,0,7,0,0,7
0,DeathDescription.DECKING,65,63.730716705322266,0,0,7,0,0,7
0,DeathDescription.DECKING,65,66.73884391784668,0,0,7,0,0,7
0,DeathDescription.DECKING,65,75.90150833129883,0,0,7,0,0,7
0,DeathDescription.DECKING,65,75.64043998718262,0,0,7,0,0,7
0,DeathDescription.DECKING,65,70.67012786865234,0,0,7,0,0,7
0,DeathDescription.DECKING,65,93.04618835449219,0,0,7,0,0,7
0,DeathDescription.DECKING,65,65.37485122680664,0,0,7,0,0,7
0,DeathDescription.DECKING,65,59.5088005065918,0,0,7,0,0,7
0,DeathDescription.DECKING,65,64.5742416381836,0,0,7,0,0,7
0,DeathDescription.DECKING,65,53.61199378967285,0,0,7,0,0,7
0,DeathDescription.DECKING,65,56.337833404541016,0,0,7,0,0,7
0,DeathDescription.DECKING,65,64.99814987182617,0,0,7,0,0,7
0,DeathDescription.DECKING,65,70.02902030944824,0,0,7,0,0,7
0,DeathDescription.DECKING,65,62.19744682312012,0,0,7,0,0,7
0,DeathDescription.DECKING,65,66.8332576751709,0,0,7,0,0,7
0,DeathDescription.DECKING,65,66.7119026184082,0,0,7,0,0,7
0,DeathDescription.DECKING,65,55.13286590576172,0,0,7,0,0,7
0,DeathDescription.DECKING,65,59.75341796875,0,0,7,0,0,7
0,DeathDescription.DECKING,65,64.4230842590332,0,0,7,0,0,7
0,DeathDescription.DECKING,65,68.63260269165039,0,0,7,0,0,7
0,DeathDescription.DECKING,65,76.08199119567871,0,0,7,0,0,7
0,DeathDescription.DECKING,65,70.09768486022949,0,0,7,0,0,7
0,DeathDescription.DECKING,65,60.51898002624512,0,0,7,0,0,7
0,DeathDescription.DECKING,65,65.73104858398438,0,0,7,0,0,7
0,DeathDescription.DECKING,65,47.50680923461914,0,0,7,0,0,7
0,DeathDescription.DECKING,65,66.54119491577148,0,0,7,0,0,7
0,DeathDescription.DECKING,65,66.56146049499512,0,0,7,0,0,7
0,DeathDescription.DECKING,65,77.55327224731445,0,0,7,0,0,7
0,DeathDescription.DECKING,65,43.532609939575195,0,0,7,0,0,7
0,DeathDescription.DECKING,65,73.34351539611816,0,0,7,0,0,7
0,DeathDescription.DECKING,65,62.59489059448242,0,0,7,0,0,7
0,DeathDescription.DECKING,65,64.89801406860352,0,0,7,0,0,7
0,DeathDescription.DECKING,65,53.89690399169922,0,0,7,0,0,7
0,DeathDescription.DECKING,65,62.20078468322754,0,0,7,0,0,7
0,DeathDescription.DECKING,65,57.190895080566406,0,0,7,0,0,7
0,DeathDescription.DECKING,65,83.78386497497559,0,0,7,0,0,7
0,DeathDescription.DECKING,65,73.89950752258301,0,0,7,0,0,7
0,DeathDescription.DECKING,65,66.49971008300781,0,0,7,0,0,7
0,DeathDescription.DECKING,65,52.332162857055664,0,0,7,0,0,7
0,DeathDescription.DECKING,65,66.99562072753906,0,0,7,0,0,7
0,DeathDescription.DECKING,65,73.93193244934082,0,0,7,0,0,7
0,DeathDescription.DECKING,65,50.4918098449707,0,0,7,0,0,7
0,DeathDescription.DECKING,65,120.95856666564941,0,0,7,0,0,7
0,DeathDescription.DECKING,65,60.84394454956055,0,0,7,0,0,7
0,DeathDescription.DECKING,65,55.59587478637695,0,0,7,0,0,7
0,DeathDescription.DECKING,65,65.76895713806152,0,0,7,0,0,7
0,DeathDescription.DECKING,65,48.928022384643555,0,0,7,0,0,7
0,DeathDescription.DECKING,65,78.56869697570801,0,0,7,0,0,7
0,DeathDescription.DECKING,65,48.052310943603516,0,0,7,0,0,7
0,DeathDescription.DECKING,65,50.4612922668457,0,0,7,0,0,7
0,DeathDescription.DECKING,65,43.55907440185547,0,0,7,0,0,7
0,DeathDescription.DECKING,65,41.947126388549805,0,0,7,0,0,7
0,DeathDescription.DECKING,65,61.51533126831055,0,0,7,0,0,7
0,DeathDescription.DECKING,65,67.92616844177246,0,0,7,0,0,7
0,DeathDescription.DECKING,65,75.22392272949219,0,0,7,0,0,7
0,DeathDescription.DECKING,65,53.51519584655762,0,0,7,0,0,7
0,DeathDescription.DECKING,65,78.05562019348145,0,0,7,0,0,7
0,DeathDescription.DECKING,65,55.344581604003906,0,0,7,0,0,7
0,DeathDescription.DECKING,65,92.7281379699707,0,0,7,0,0,7
0,DeathDescription.DECKING,65,57.25741386413574,0,0,7,0,0,7
0,DeathDescription.DECKING,65,59.61155891418457,0,0,7,0,0,7
0,DeathDescription.DECKING,65,75.67763328552246,0,0,7,0,0,7
0,DeathDescription.DECKING,65,63.29226493835449,0,0,7,0,0,7
0,DeathDescription.DECKING,65,68.43304634094238,0,0,7,0,0,7
0,DeathDescription.DECKING,65,71.8221664428711,0,0,7,0,0,7
0,DeathDescription.DECKING,65,64.59975242614746,0,0,7,0,0,7
0,DeathDescription.DECKING,65,77.78191566467285,0,0,7,0,0,7
0,DeathDescription.DECKING,65,58.029890060424805,0,0,7,0,0,7
0,DeathDescription.DECKING,65,54.0776252746582,0,0,7,0,0,7
0,DeathDescription.DECKING,65,41.54849052429199,0,0,7,0,0,7
0,DeathDescription.DECKING,65,93.76072883605957,0,0,7,0,0,7
0,DeathDescription.DECKING,65,85.48545837402344,0,0,7,0,0,7
0,DeathDescription.DECKING,65,68.3889389038086,0,0,7,0,0,7
0,DeathDescription.DECKING,65,67.42429733276367,0,0,7,0,0,7
0,DeathDescription.DECKING,65,76.98917388916016,0,0,7,0,0,7
0,DeathDescription.DECKING,65,77.90756225585938,0,0,7,0,0,7
0,DeathDescription.DECKING,65,52.645206451416016,0,0,7,0,0,7
0,DeathDescription.DECKING,65,54.71158027648926,0,0,7,0,0,7
0,DeathDescription.DECKING,65,49.04603958129883,0,0,7,0,0,7
0,DeathDescription.DECKING,65,53.231239318847656,0,0,7,0,0,7
0,DeathDescription.DECKING,65,55.04345893859863,0,0,7,0,0,7
0,DeathDescription.DECKING,65,64.7282600402832,0,0,7,0,0,7
0,DeathDescription.DECKING,65,90.70539474487305,0,0,7,0,0,7
0,DeathDescription.DECKING,65,60.32681465148926,0,0,7,0,0,7
0,DeathDescription.DECKING,65,83.5423469543457,0,0,7,0,0,7
0,DeathDescription.DECKING,65,66.23482704162598,0,0,7,0,0,7
0,DeathDescription.DECKING,65,55.65285682678223,0,0,7,0,0,7
0,DeathDescription.DECKING,65,74.80716705322266,0,0,7,0,0,7
0,DeathDescription.DECKING,65,95.55649757385254,0,0,7,0,0,7
0,DeathDescription.DECKING,65,93.45173835754395,0,0,7,0,0,7
0,DeathDescription.DECKING,65,91.91274642944336,0,0,7,0,0,7
0,DeathDescription.DECKING,65,75.26803016662598,0,0,7,0,0,7
0,DeathDescription.DECKING,65,77.96025276184082,0,0,7,0,0,7
0,DeathDescription.DECKING,65,55.19437789916992,0,0,7,0,0,7
0,DeathDescription.DECKING,65,70.29080390930176,0,0,7,0,0,7
0,DeathDescription.DECKING,65,95.34049034118652,0,0,7,0,0,7
0,DeathDescription.DECKING,65,80.5654525756836,0,0,7,0,0,7
0,DeathDescription.DECKING,65,71.88677787780762,0,0,7,0,0,7
0,DeathDescription.DECKING,65,70.81222534179688,0,0,7,0,0,7
0,DeathDescription.DECKING,65,68.47906112670898,0,0,7,0,0,7
0,DeathDescription.DECKING,65,62.889814376831055,0,0,7,0,0,7
0,DeathDescription.DECKING,65,65.08255004882812,0,0,7,0,0,7
0,DeathDescription.DECKING,65,53.09486389160156,0,0,7,0,0,7
0,DeathDescription.DECKING,65,55.078983306884766,0,0,7,0,0,7
0,DeathDescription.DECKING,65,67.59524345397949,0,0,7,0,0,7
0,DeathDescription.DECKING,65,84.65003967285156,0,0,7,0,0,7
0,DeathDescription.DECKING,65,68.81523132324219,0,0,7,0,0,7
0,DeathDescription.DECKING,65,92.82755851745605,0,0,7,0,0,7
0,DeathDescription.DECKING,65,56.09583854675293,0,0,7,0,0,7
0,DeathDescription.DECKING,65,82.21554756164551,0,0,7,0,0,7
0,DeathDescription.DECKING,65,81.09784126281738,0,0,7,0,0,7
0,DeathDescription.DECKING,65,76.23291015625,0,0,7,0,0,7
0,DeathDescription.DECKING,65,70.84894180297852,0,0,7,0,0,7
0,DeathDescription.DECKING,65,87.80837059020996,0,0,7,0,0,7
0,DeathDescription.DECKING,65,91.50242805480957,0,0,7,0,0,7
0,DeathDescription.DECKING,65,75.81186294555664,0,0,7,0,0,7
0,DeathDescription.DECKING,65,71.8984603881836,0,0,7,0,0,7
0,DeathDescription.DECKING,65,59.285640716552734,0,0,7,0,0,7
0,DeathDescription.DECKING,65,68.85313987731934,0,0,7,0,0,7
0,DeathDescription.DECKING,65,56.22434616088867,0,0,7,0,0,7
0,DeathDescription.DECKING,65,58.90703201293945,0,0,7,0,0,7
0,DeathDescription.DECKING,65,72.11899757385254,0,0,7,0,0,7
0,DeathDescription.DECKING,65,76.86638832092285,0,0,7,0,0,7
0,DeathDescription.DECKING,65,69.3044662475586,0,0,7,0,0,7
0,DeathDescription.DECKING,65,64.47434425354004,0,0,7,0,0,7
0,DeathDescription.DECKING,65,73.55785369873047,0,0,7,0,0,7
0,DeathDescription.DECKING,65,78.28640937805176,0,0,7,0,0,7
0,DeathDescription.DECKING,65,75.76918601989746,0,0,7,0,0,7
0,DeathDescription.DECKING,65,68.28188896179199,0,0,7,0,0,7
0,DeathDescription.DECKING,65,68.50934028625488,0,0,7,0,0,7
0,DeathDescription.DECKING,65,46.13804817199707,0,0,7,0,0,7
0,DeathDescription.DECKING,65,57.10411071777344,0,0,7,0,0,7
0,DeathDescription.DECKING,65,60.491323471069336,0,0,7,0,0,7
0,DeathDescription.DECKING,65,62.52741813659668,0,0,7,0,0,7
0,DeathDescription.DECKING,65,56.90813064575195,0,0,7,0,0,7
0,DeathDescription.DECKING,65,65.61517715454102,0,0,7,0,0,7
0,DeathDescription.DECKING,65,48.456430435180664,0,0,7,0,0,7
0,DeathDescription.DECKING,65,62.07585334777832,0,0,7,0,0,7
0,DeathDescription.DECKING,65,42.61422157287598,0,0,7,0,0,7
0,DeathDescription.DECKING,65,63.982486724853516,0,0,7,0,0,7
0,DeathDescription.DECKING,65,58.4259033203125,0,0,7,0,0,7
0,DeathDescription.DECKING,65,70.4336166381836,0,0,7,0,0,7
0,DeathDescription.DECKING,65,58.052778244018555,0,0,7,0,0,7
0,DeathDescription.DECKING,65,76.13658905029297,0,0,7,0,0,7
0,DeathDescription.DECKING,65,54.776906967163086,0,0,7,0,0,7
0,DeathDescription.DECKING,65,73.33707809448242,0,0,7,0,0,7
0,DeathDescription.DECKING,65,61.292171478271484,0,0,7,0,0,7
0,DeathDescription.DECKING,65,73.18520545959473,0,0,7,0,0,7
0,DeathDescription.DECKING,65,69.70667839050293,0,0,7,0,0,7
0,DeathDescription.DECKING,65,83.77265930175781,0,0,7,0,0,7
0,DeathDescription.DECKING,65,73.5170841217041,0,0,7,0,0,7
0,DeathDescription.DECKING,65,71.00176811218262,0,0,7,0,0,7
0,DeathDescription.DECKING,65,50.5373477935791,0,0,7,0,0,7
0,DeathDescription.DECKING,65,65.31858444213867,0,0,7,0,0,7
0,DeathDescription.DECKING,65,50.82392692565918,0,0,7,0,0,7
0,DeathDescription.DECKING,65,65.45042991638184,0,0,7,0,0,7
0,DeathDescription.DECKING,65,67.51894950866699,0,0,7,0,0,7
0,DeathDescription.DECKING,65,68.77017021179199,0,0,7,0,0,7
0,DeathDescription.DECKING,65,80.37281036376953,0,0,7,0,0,7
0,DeathDescription.DECKING,65,95.74675559997559,0,0,7,0,0,7
0,DeathDescription.DECKING,65,60.35161018371582,0,0,7,0,0,7
0,DeathDescription.DECKING,65,90.64722061157227,0,0,7,0,0,7
0,DeathDescription.DECKING,65,73.70853424072266,0,0,7,0,0,7
0,DeathDescription.DECKING,65,68.86911392211914,0,0,7,0,0,7
0,DeathDescription.DECKING,65,55.190086364746094,0,0,7,0,0,7
0,DeathDescription.DECKING,65,75.27995109558105,0,0,7,0,0,7
0,DeathDescription.DECKING,65,65.98925590515137,0,0,7,0,0,7
0,DeathDescription.DECKING,65,62.67380714416504,0,0,7,0,0,7
0,DeathDescription.DECKING,65,57.0521354675293,0,0,7,0,0,7
0,DeathDescription.DECKING,65,54.02350425720215,0,0,7,0,0,7
0,DeathDescription.DECKING,65,59.1580867767334,0,0,7,0,0,7
0,DeathDescription.DECKING,65,56.18596076965332,0,0,7,0,0,7
0,DeathDescription.DECKING,65,64.45527076721191,0,0,7,0,0,7
0,DeathDescription.DECKING,65,52.936553955078125,0,0,7,0,0,7
0,DeathDescription.DECKING,65,60.282230377197266,0,0,7,0,0,7
0,DeathDescription.DECKING,65,59.87119674682617,0,0,7,0,0,7
0,DeathDescription.DECKING,65,90.81196784973145,0,0,7,0,0,7
0,DeathDescription.DECKING,65,80.29913902282715,0,0,7,0,0,7
0,DeathDescription.DECKING,65,74.63526725769043,0,0,7,0,0,7
0,DeathDescription.DECKING,65,70.35946846008301,0,0,7,0,0,7
0,DeathDescription.DECKING,65,72.53575325012207,0,0,7,0,0,7
0,DeathDescription.DECKING,65,99.69687461853027,0,0,7,0,0,7
0,DeathDescription.DECKING,65,52.92510986328125,0,0,7,0,0,7
0,DeathDescription.DECKING,65,77.9271125793457,0,0,7,0,0,7
0,DeathDescription.DECKING,65,53.20596694946289,0,0,7,0,0,7
0,DeathDescription.DECKING,65,63.10105323791504,0,0,7,0,0,7
0,DeathDescription.DECKING,65,56.14185333251953,0,0,7,0,0,7
0,DeathDescription.DECKING,65,69.05984878540039,0,0,7,0,0,7
0,DeathDescription.DECKING,65,61.70296669006348,0,0,7,0,0,7
0,DeathDescription.DECKING,65,61.875343322753906,0,0,7,0,0,7
0,DeathDescription.DECKING,65,52.29926109313965,0,0,7,0,0,7
0,DeathDescription.DECKING,65,69.13447380065918,0,0,7,0,0,7
0,DeathDescription.DECKING,65,41.28575325012207,0,0,7,0,0,7
0,DeathDescription.DECKING,65,63.51590156555176,0,0,7,0,0,7
0,DeathDescription.DECKING,65,68.0696964263916,0,0,7,0,0,7
0,DeathDescription.DECKING,65,58.54201316833496,0,0,7,0,0,7
0,DeathDescription.DECKING,65,58.72011184692383,0,0,7,0,0,7
0,DeathDescription.DECKING,65,71.78092002868652,0,0,7,0,0,7
0,DeathDescription.DECKING,65,51.20730400085449,0,0,7,0,0,7
0,DeathDescription.DECKING,65,86.19856834411621,0,0,7,0,0,7
0,DeathDescription.DECKING,65,72.18050956726074,0,0,7,0,0,7
0,DeathDescription.DECKING,65,77.21090316772461,0,0,7,0,0,7
0,DeathDescription.DECKING,65,47.200679779052734,0,0,7,0,0,7
0,DeathDescription.DECKING,65,83.2056999206543,0,0,7,0,0,7
0,DeathDescription.DECKING,65,62.226295471191406,0,0,7,0,0,7
0,DeathDescription.DECKING,65,90.01851081848145,0,0,7,0,0,7
0,DeathDescription.DECKING,65,71.87819480895996,0,0,7,0,0,7
0,DeathDescription.DECKING,65,76.51257514953613,0,0,7,0,0,7
0,DeathDescription.DECKING,65,65.74058532714844,0,0,7,0,0,7
0,DeathDescription.DECKING,65,66.71762466430664,0,0,7,0,0,7
0,DeathDescription.DECKING,65,48.70796203613281,0,0,7,0,0,7
0,DeathDescription.DECKING,65,63.878774642944336,0,0,7,0,0,7
0,DeathDescription.DECKING,65,53.21240425109863,0,0,7,0,0,7
0,DeathDescription.DECKING,65,65.80281257629395,0,0,7,0,0,7
0,DeathDescription.DECKING,65,69.69189643859863,0,0,7,0,0,7
0,DeathDescription.DECKING,65,82.18050003051758,0,0,7,0,0,7
0,DeathDescription.DECKING,65,60.479164123535156,0,0,7,0,0,7
0,DeathDescription.DECKING,65,68.64786148071289,0,0,7,0,0,7
0,DeathDescription.DECKING,65,62.74247169494629,0,0,7,0,0,7
0,DeathDescription.DECKING,65,60.53423881530762,0,0,7,0,0,7
0,DeathDescription.DECKING,65,72.55005836486816,0,0,7,0,0,7
0,DeathDescription.DECKING,65,58.837890625,0,0,7,0,0,7
0,DeathDescription.DECKING,65,63.22193145751953,0,0,7,0,0,7
0,DeathDescription.DECKING,65,64.01228904724121,0,0,7,0,0,7
0,DeathDescription.DECKING,65,64.78095054626465,0,0,7,0,0,7
0,DeathDescription.DECKING,65,75.52409172058105,0,0,7,0,0,7
0,DeathDescription.DECKING,65,71.56801223754883,0,0,7,0,0,7
0,DeathDescription.DECKING,65,63.612937927246094,0,0,7,0,0,7
0,DeathDescription.DECKING,65,51.89251899719238,0,0,7,0,0,7
0,DeathDescription.DECKING,65,67.0938491821289,0,0,7,0,0,7
0,DeathDescription.DECKING,65,80.56259155273438,0,0,7,0,0,7
0,DeathDescription.DECKING,65,112.04409599304199,0,0,7,0,0,7
0,DeathDescription.DECKING,65,73.67634773254395,0,0,7,0,0,7
0,DeathDescription.DECKING,65,64.26811218261719,0,0,7,0,0,7
0,DeathDescription.DECKING,65,57.996273040771484,0,0,7,0,0,7
0,DeathDescription.DECKING,65,62.201499938964844,0,0,7,0,0,7
0,DeathDescription.DECKING,65,73.25553894042969,0,0,7,0,0,7
0,DeathDescription.DECKING,65,65.76967239379883,0,0,7,0,0,7
0,DeathDescription.DECKING,65,60.67037582397461,0,0,7,0,0,7
0,DeathDescription.DECKING,65,74.67031478881836,0,0,7,0,0,7
0,DeathDescription.DECKING,65,51.24306678771973,0,0,7,0,0,7
0,DeathDescription.DECKING,65,66.52545928955078,0,0,7,0,0,7
0,DeathDescription.DECKING,65,44.39830780029297,0,0,7,0,0,7
0,DeathDescription.DECKING,65,51.73301696777344,0,0,7,0,0,7
0,DeathDescription.DECKING,65,51.69820785522461,0,0,7,0,0,7
0,DeathDescription.DECKING,65,63.77887725830078,0,0,7,0,0,7
0,DeathDescription.DECKING,65,46.06270790100098,0,0,7,0,0,7
0,DeathDescription.DECKING,65,64.40472602844238,0,0,7,0,0,7
0,DeathDescription.DECKING,65,41.281938552856445,0,0,7,0,0,7
0,DeathDescription.DECKING,65,60.948848724365234,0,0,7,0,0,7
0,DeathDescription.DECKING,65,39.65592384338379,0,0,7,0,0,7
0,DeathDescription.DECKING,65,57.23118782043457,0,0,7,0,0,7
0,DeathDescription.DECKING,65,40.01641273498535,0,0,7,0,0,7
0,DeathDescription.DECKING,65,42.5724983215332,0,0,7,0,0,7
0,DeathDescription.DECKING,65,66.58363342285156,0,0,7,0,0,7
0,DeathDescription.DECKING,65,40.36879539489746,0,0,7,0,0,7
0,DeathDescription.DECKING,65,68.87650489807129,0,0,7,0,0,7
0,DeathDescription.DECKING,65,55.53030967712402,0,0,7,0,0,7
0,DeathDescription.DECKING,65,71.62785530090332,0,0,7,0,0,7
0,DeathDescription.DECKING,65,57.9833984375,0,0,7,0,0,7
0,DeathDescription.DECKING,65,50.36306381225586,0,0,7,0,0,7
0,DeathDescription.DECKING,65,62.89172172546387,0,0,7,0,0,7
0,DeathDescription.DECKING,65,68.91512870788574,0,0,7,0,0,7
0,DeathDescription.DECKING,65,50.684452056884766,0,0,7,0,0,7
0,DeathDescription.DECKING,65,49.051523208618164,0,0,7,0,0,7
0,DeathDescription.DECKING,65,48.13718795776367,0,0,7,0,0,7
0,DeathDescription.DECKING,65,58.25018882751465,0,0,7,0,0,7
0,DeathDescription.DECKING,65,59.143781661987305,0,0,7,0,0,7
0,DeathDescription.DECKING,65,46.31543159484863,0,0,7,0,0,7
0,DeathDescription.DECKING,65,45.72916030883789,0,0,7,0,0,7
0,DeathDescription.DECKING,65,52.06918716430664,0,0,7,0,0,7
0,DeathDescription.DECKING,65,59.52906608581543,0,0,7,0,0,7
0,DeathDescription.DECKING,65,53.45964431762695,0,0,7,0,0,7
0,DeathDescription.DECKING,65,41.68081283569336,0,0,7,0,0,7
0,DeathDescription.DECKING,65,44.90518569946289,0,0,7,0,0,7
0,DeathDescription.DECKING,65,48.58112335205078,0,0,7,0,0,7
0,DeathDescription.DECKING,65,60.03856658935547,0,0,7,0,0,7
0,DeathDescription.DECKING,65,60.99963188171387,0,0,7,0,0,7
0,DeathDescription.DECKING,65,54.785966873168945,0,0,7,0,0,7
0,DeathDescription.DECKING,65,57.3270320892334,0,0,7,0,0,7
0,DeathDescription.DECKING,65,46.41461372375488,0,0,7,0,0,7
0,DeathDescription.DECKING,65,56.62059783935547,0,0,7,0,0,7
0,DeathDescription.DECKING,65,51.42545700073242,0,0,7,0,0,7
0,DeathDescription.DECKING,65,63.78030776977539,0,0,7,0,0,7
0,DeathDescription.DECKING,65,53.565263748168945,0,0,7,0,0,7
0,DeathDescription.DECKING,65,53.93695831298828,0,0,7,0,0,7
0,DeathDescription.DECKING,65,44.13628578186035,0,0,7,0,0,7
0,DeathDescription.DECKING,65,42.4349308013916,0,0,7,0,0,7
0,DeathDescription.DECKING,65,48.57826232910156,0,0,7,0,0,7
0,DeathDescription.DECKING,65,67.96455383300781,0,0,7,0,0,7
0,DeathDescription.DECKING,65,73.72879981994629,0,0,7,0,0,7
0,DeathDescription.DECKING,65,42.86623001098633,0,0,7,0,0,7
0,DeathDescription.DECKING,65,52.25491523742676,0,0,7,0,0,7
0,DeathDescription.DECKING,65,45.375823974609375,0,0,7,0,0,7
0,DeathDescription.DECKING,65,43.28489303588867,0,0,7,0,0,7
0,DeathDescription.DECKING,65,56.44369125366211,0,0,7,0,0,7
0,DeathDescription.DECKING,65,53.433895111083984,0,0,7,0,0,7
0,DeathDescription.DECKING,65,67.21305847167969,0,0,7,0,0,7
0,DeathDescription.DECKING,65,51.59807205200195,0,0,7,0,0,7
0,DeathDescription.DECKING,65,50.17352104187012,0,0,7,0,0,7
0,DeathDescription.DECKING,65,74.60498809814453,0,0,7,0,0,7
0,DeathDescription.DECKING,65,55.31597137451172,0,0,7,0,0,7
0,DeathDescription.DECKING,65,55.43684959411621,0,0,7,0,0,7
0,DeathDescription.DECKING,65,59.062957763671875,0,0,7,0,0,7
0,DeathDescription.DECKING,65,46.571969985961914,0,0,7,0,0,7
0,DeathDescription.DECKING,65,56.33997917175293,0,0,7,0,0,7
0,DeathDescription.DECKING,65,50.05049705505371,0,0,7,0,0,7
0,DeathDescription.DECKING,65,64.30459022521973,0,0,7,0,0,7
0,DeathDescription.DECKING,65,46.34284973144531,0,0,7,0,0,7
0,DeathDescription.DECKING,65,60.117483139038086,0,0,7,0,0,7
0,DeathDescription.DECKING,65,41.93282127380371,0,0,7,0,0,7
0,DeathDescription.DECKING,65,52.72626876831055,0,0,7,0,0,7
0,DeathDescription.DECKING,65,63.59744071960449,0,0,7,0,0,7
0,DeathDescription.DECKING,65,73.5633373260498,0,0,7,0,0,7
0,DeathDescription.DECKING,65,51.65290832519531,0,0,7,0,0,7
0,DeathDescription.DECKING,65,51.40376091003418,0,0,7,0,0,7
0,DeathDescription.DECKING,65,42.80543327331543,0,0,7,0,0,7
0,DeathDescription.DECKING,65,40.63224792480469,0,0,7,0,0,7
0,DeathDescription.DECKING,65,56.07104301452637,0,0,7,0,0,7
0,DeathDescription.DECKING,65,62.44301795959473,0,0,7,0,0,7
0,DeathDescription.DECKING,65,56.13112449645996,0,0,7,0,0,7
0,DeathDescription.DECKING,65,42.23203659057617,0,0,7,0,0,7
0,DeathDescription.DECKING,65,46.54359817504883,0,0,7,0,0,7
0,DeathDescription.DECKING,65,58.49289894104004,0,0,7,0,0,7
0,DeathDescription.DECKING,65,40.96364974975586,0,0,7,0,0,7
0,DeathDescription.DECKING,65,43.50471496582031,0,0,7,0,0,7
0,DeathDescription.DECKING,65,52.27518081665039,0,0,7,0,0,7
0,DeathDescription.DECKING,65,71.61474227905273,0,0,7,0,0,7
0,DeathDescription.DECKING,65,56.3967227935791,0,0,7,0,0,7
0,DeathDescription.DECKING,65,59.18574333190918,0,0,7,0,0,7
0,DeathDescription.DECKING,65,54.06475067138672,0,0,7,0,0,7
0,DeathDescription.DECKING,65,42.72103309631348,0,0,7,0,0,7
0,DeathDescription.DECKING,65,45.43304443359375,0,0,7,0,0,7
0,DeathDescription.DECKING,65,49.38030242919922,0,0,7,0,0,7
0,DeathDescription.DECKING,65,56.58674240112305,0,0,7,0,0,7
0,DeathDescription.DECKING,65,81.40110969543457,0,0,7,0,0,7
0,DeathDescription.DECKING,65,47.35231399536133,0,0,7,0,0,7
0,DeathDescription.DECKING,65,71.88224792480469,0,0,7,0,0,7
0,DeathDescription.DECKING,65,63.913583755493164,0,0,7,0,0,7
0,DeathDescription.DECKING,65,44.01540756225586,0,0,7,0,0,7
0,DeathDescription.DECKING,65,71.55776023864746,0,0,7,0,0,7
0,DeathDescription.DECKING,65,58.62736701965332,0,0,7,0,0,7
0,DeathDescription.DECKING,65,42.53387451171875,0,0,7,0,0,7
0,DeathDescription.DECKING,65,66.18142127990723,0,0,7,0,0,7
0,DeathDescription.DECKING,65,39.70956802368164,0,0,7,0,0,7
0,DeathDescription.DECKING,65,57.10792541503906,0,0,7,0,0,7
0,DeathDescription.DECKING,65,40.07220268249512,0,0,7,0,0,7
0,DeathDescription.DECKING,65,51.33199691772461,0,0,7,0,0,7
0,DeathDescription.DECKING,65,61.335086822509766,0,0,7,0,0,7
0,DeathDescription.DECKING,65,47.46270179748535,0,0,7,0,0,7
0,DeathDescription.DECKING,65,53.95102500915527,0,0,7,0,0,7
0,DeathDescription.DECKING,65,40.877342224121094,0,0,7,0,0,7
0,DeathDescription.DECKING,65,58.56657028198242,0,0,7,0,0,7
0,DeathDescription.DECKING,65,57.67655372619629,0,0,7,0,0,7
0,DeathDescription.DECKING,65,61.0048770904541,0,0,7,0,0,7
0,DeathDescription.DECKING,65,62.16144561767578,0,0,7,0,0,7
0,DeathDescription.DECKING,65,41.11456871032715,0,0,7,0,0,7
0,DeathDescription.DECKING,65,64.73827362060547,0,0,7,0,0,7
0,DeathDescription.DECKING,65,39.21699523925781,0,0,7,0,0,7
0,DeathDescription.DECKING,65,54.77619171142578,0,0,7,0,0,7
0,DeathDescription.DECKING,65,54.636478424072266,0,0,7,0,0,7
0,DeathDescription.DECKING,65,57.57403373718262,0,0,7,0,0,7
0,DeathDescription.DECKING,65,49.66306686401367,0,0,7,0,0,7
0,DeathDescription.DECKING,65,54.35824394226074,0,0,7,0,0,7
0,DeathDescription.DECKING,65,46.54121398925781,0,0,7,0,0,7
0,DeathDescription.DECKING,65,52.60443687438965,0,0,7,0,0,7
0,DeathDescription.DECKING,65,50.177812576293945,0,0,7,0,0,7
0,DeathDescription.DECKING,65,50.362586975097656,0,0,7,0,0,7
0,DeathDescription.DECKING,65,37.85514831542969,0,0,7,0,0,7
0,DeathDescription.DECKING,65,47.652482986450195,0,0,7,0,0,7
0,DeathDescription.DECKING,65,66.4834976196289,0,0,7,0,0,7
0,DeathDescription.DECKING,65,52.91390419006348,0,0,7,0,0,7
0,DeathDescription.DECKING,65,52.60658264160156,0,0,7,0,0,7
0,DeathDescription.DECKING,65,47.34301567077637,0,0,7,0,0,7
0,DeathDescription.DECKING,65,60.079336166381836,0,0,7,0,0,7
0,DeathDescription.DECKING,65,52.97708511352539,0,0,7,0,0,7
0,DeathDescription.DECKING,65,61.19561195373535,0,0,7,0,0,7
0,DeathDescription.DECKING,65,45.06516456604004,0,0,7,0,0,7
0,DeathDescription.DECKING,65,55.631160736083984,0,0,7,0,0,7
0,DeathDescription.DECKING,65,61.48052215576172,0,0,7,0,0,7
0,DeathDescription.DECKING,65,57.05904960632324,0,0,7,0,0,7
0,DeathDescription.DECKING,65,53.99894714355469,0,0,7,0,0,7
0,DeathDescription.DECKING,65,52.161455154418945,0,0,7,0,0,7
0,DeathDescription.DECKING,65,52.55889892578125,0,0,7,0,0,7
0,DeathDescription.DECKING,65,46.77939414978027,0,0,7,0,0,7
0,DeathDescription.DECKING,65,50.16446113586426,0,0,7,0,0,7
0,DeathDescription.DECKING,65,43.99728775024414,0,0,7,0,0,7
0,DeathDescription.DECKING,65,54.87942695617676,0,0,7,0,0,7
0,DeathDescription.DECKING,65,44.32368278503418,0,0,7,0,0,7
0,DeathDescription.DECKING,65,43.48349571228027,0,0,7,0,0,7
0,DeathDescription.DECKING,65,48.58851432800293,0,0,7,0,0,7
0,DeathDescription.DECKING,65,51.21040344238281,0,0,7,0,0,7
0,DeathDescription.DECKING,65,46.13375663757324,0,0,7,0,0,7
0,DeathDescription.DECKING,65,65.67549705505371,0,0,7,0,0,7
0,DeathDescription.DECKING,65,38.61689567565918,0,0,7,0,0,7
0,DeathDescription.DECKING,65,41.95833206176758,0,0,7,0,0,7
0,DeathDescription.DECKING,65,47.01709747314453,0,0,7,0,0,7
0,DeathDescription.DECKING,65,50.04239082336426,0,0,7,0,0,7
0,DeathDescription.DECKING,65,41.002511978149414,0,0,7,0,0,7
0,DeathDescription.DECKING,65,54.91042137145996,0,0,7,0,0,7
0,DeathDescription.DECKING,65,48.13957214355469,0,0,7,0,0,7
0,DeathDescription.DECKING,65,49.27492141723633,0,0,7,0,0,7
0,DeathDescription.DECKING,65,59.018611907958984,0,0,7,0,0,7
0,DeathDescription.DECKING,65,40.63582420349121,0,0,7,0,0,7
0,DeathDescription.DECKING,65,44.18301582336426,0,0,7,0,0,7
0,DeathDescription.DECKING,65,62.693119049072266,0,0,7,0,0,7
0,DeathDescription.DECKING,65,40.5731201171875,0,0,7,0,0,7
0,DeathDescription.DECKING,65,41.146039962768555,0,0,7,0,0,7
0,DeathDescription.DECKING,65,76.80773735046387,0,0,7,0,0,7
0,DeathDescription.DECKING,65,49.81207847595215,0,0,7,0,0,7
0,DeathDescription.DECKING,65,40.44485092163086,0,0,7,0,0,7
0,DeathDescription.DECKING,65,67.22807884216309,0,0,7,0,0,7
0,DeathDescription.DECKING,65,46.17118835449219,0,0,7,0,0,7
0,DeathDescription.DECKING,65,58.3043098449707,0,0,7,0,0,7
0,DeathDescription.DECKING,65,53.884267807006836,0,0,7,0,0,7
0,DeathDescription.DECKING,65,54.97264862060547,0,0,7,0,0,7
0,DeathDescription.DECKING,65,57.91306495666504,0,0,7,0,0,7
0,DeathDescription.DECKING,65,50.64082145690918,0,0,7,0,0,7
0,DeathDescription.DECKING,65,41.57233238220215,0,0,7,0,0,7
0,DeathDescription.DECKING,65,52.63328552246094,0,0,7,0,0,7
0,DeathDescription.DECKING,65,71.11144065856934,0,0,7,0,0,7
0,DeathDescription.DECKING,65,45.39203643798828,0,0,7,0,0,7
0,DeathDescription.DECKING,65,58.32672119140625,0,0,7,0,0,7
0,DeathDescription.DECKING,65,65.75727462768555,0,0,7,0,0,7
0,DeathDescription.DECKING,65,44.78931427001953,0,0,7,0,0,7
0,DeathDescription.DECKING,65,49.94678497314453,0,0,7,0,0,7
0,DeathDescription.DECKING,65,38.9404296875,0,0,7,0,0,7
0,DeathDescription.DECKING,65,60.790300369262695,0,0,7,0,0,7
0,DeathDescription.DECKING,65,45.160531997680664,0,0,7,0,0,7
0,DeathDescription.DECKING,65,68.54987144470215,0,0,7,0,0,7
0,DeathDescription.DECKING,65,60.84036827087402,0,0,7,0,0,7
0,DeathDescription.DECKING,65,55.871009826660156,0,0,7,0,0,7
0,DeathDescription.DECKING,65,42.379140853881836,0,0,7,0,0,7
0,DeathDescription.DECKING,65,37.741899490356445,0,0,7,0,0,7
0,DeathDescription.DECKING,65,67.87419319152832,0,0,7,0,0,7
0,DeathDescription.DECKING,65,49.45254325866699,0,0,7,0,0,7
0,DeathDescription.DECKING,65,65.44971466064453,0,0,7,0,0,7
0,DeathDescription.DECKING,65,51.19657516479492,0,0,7,0,0,7
0,DeathDescription.DECKING,65,46.042680740356445,0,0,7,0,0,7
0,DeathDescription.DECKING,65,45.0747013092041,0,0,7,0,0,7
0,DeathDescription.DECKING,65,52.31642723083496,0,0,7,0,0,7
0,DeathDescription.DECKING,65,50.400733947753906,0,0,7,0,0,7
0,DeathDescription.DECKING,65,50.22740364074707,0,0,7,0,0,7
0,DeathDescription.DECKING,65,58.66599082946777,0,0,7,0,0,7
0,DeathDescription.DECKING,65,49.3769645690918,0,0,7,0,0,7
0,DeathDescription.DECKING,65,47.586679458618164,0,0,7,0,0,7
0,DeathDescription.DECKING,65,48.648834228515625,0,0,7,0,0,7
0,DeathDescription.DECKING,65,41.70870780944824,0,0,7,0,0,7
0,DeathDescription.DECKING,65,50.76456069946289,0,0,7,0,0,7
0,DeathDescription.DECKING,65,49.65806007385254,0,0,7,0,0,7
0,DeathDescription.DECKING,65,53.66182327270508,0,0,7,0,0,7
0,DeathDescription.DECKING,65,65.7346248626709,0,0,7,0,0,7
0,DeathDescription.DECKING,65,65.01960754394531,0,0,7,0,0,7
0,DeathDescription.DECKING,65,41.59283638000488,0,0,7,0,0,7
0,DeathDescription.DECKING,65,56.61201477050781,0,0,7,0,0,7
0,DeathDescription.DECKING,65,45.470237731933594,0,0,7,0,0,7
0,DeathDescription.DECKING,65,54.03304100036621,0,0,7,0,0,7
0,DeathDescription.DECKING,65,41.8858528137207,0,0,7,0,0,7
0,DeathDescription.DECKING,65,61.04540824890137,0,0,7,0,0,7
0,DeathDescription.DECKING,65,59.11588668823242,0,0,7,0,0,7
0,DeathDescription.DECKING,65,41.85795783996582,0,0,7,0,0,7
0,DeathDescription.DECKING,65,62.958717346191406,0,0,7,0,0,7
0,DeathDescription.DECKING,65,43.96510124206543,0,0,7,0,0,7
0,DeathDescription.DECKING,65,58.36081504821777,0,0,7,0,0,7
0,DeathDescription.DECKING,65,57.379961013793945,0,0,7,0,0,7
0,DeathDescription.DECKING,65,53.459882736206055,0,0,7,0,0,7
0,DeathDescription.DECKING,65,50.38881301879883,0,0,7,0,0,7
0,DeathDescription.DECKING,65,54.384708404541016,0,0,7,0,0,7
0,DeathDescription.DECKING,65,43.25699806213379,0,0,7,0,0,7
0,DeathDescription.DECKING,65,52.5515079498291,0,0,7,0,0,7
0,DeathDescription.DECKING,65,50.237417221069336,0,0,7,0,0,7
0,DeathDescription.DECKING,65,60.31036376953125,0,0,7,0,0,7
0,DeathDescription.DECKING,65,62.87789344787598,0,0,7,0,0,7
0,DeathDescription.DECKING,65,61.30051612854004,0,0,7,0,0,7
0,DeathDescription.DECKING,65,55.49740791320801,0,0,7,0,0,7
0,DeathDescription.DECKING,65,48.08497428894043,0,0,7,0,0,7
0,DeathDescription.DECKING,65,54.318904876708984,0,0,7,0,0,7
0,DeathDescription.DECKING,65,46.58961296081543,0,0,7,0,0,7
0,DeathDescription.DECKING,65,57.773590087890625,0,0,7,0,0,7
0,DeathDescription.DECKING,65,57.02638626098633,0,0,7,0,0,7
0,DeathDescription.DECKING,65,58.365583419799805,0,0,7,0,0,7
0,DeathDescription.DECKING,65,38.86008262634277,0,0,7,0,0,7
0,DeathDescription.DECKING,65,39.159536361694336,0,0,7,0,0,7
0,DeathDescription.DECKING,65,46.69618606567383,0,0,7,0,0,7
0,DeathDescription.DECKING,65,54.994821548461914,0,0,7,0,0,7
0,DeathDescription.DECKING,65,57.13200569152832,0,0,7,0,0,7
0,DeathDescription.DECKING,65,60.590505599975586,0,0,7,0,0,7
0,DeathDescription.DECKING,65,67.37089157104492,0,0,7,0,0,7
0,DeathDescription.DECKING,65,40.56549072265625,0,0,7,0,0,7
0,DeathDescription.DECKING,65,50.70233345031738,0,0,7,0,0,7
0,DeathDescription.DECKING,65,66.49971008300781,0,0,7,0,0,7
0,DeathDescription.DECKING,65,55.005788803100586,0,0,7,0,0,7
0,DeathDescription.DECKING,65,46.36096954345703,0,0,7,0,0,7
0,DeathDescription.DECKING,65,56.520700454711914,0,0,7,0,0,7
0,DeathDescription.DECKING,65,45.39680480957031,0,0,7,0,0,7
0,DeathDescription.DECKING,65,54.39043045043945,0,0,7,0,0,7
0,DeathDescription.DECKING,65,61.70487403869629,0,0,7,0,0,7
0,DeathDescription.DECKING,65,60.72854995727539,0,0,7,0,0,7
0,DeathDescription.DECKING,65,44.829607009887695,0,0,7,0,0,7
0,DeathDescription.DECKING,65,51.286935806274414,0,0,7,0,0,7
0,DeathDescription.DECKING,65,39.36004638671875,0,0,7,0,0,7
0,DeathDescription.DECKING,65,39.62254524230957,0,0,7,0,0,7
0,DeathDescription.DECKING,65,53.67922782897949,0,0,7,0,0,7
0,DeathDescription.DECKING,65,48.86794090270996,0,0,7,0,0,7
0,DeathDescription.DECKING,65,59.27228927612305,0,0,7,0,0,7
0,DeathDescription.DECKING,65,52.808523178100586,0,0,7,0,0,7
0,DeathDescription.DECKING,65,50.92310905456543,0,0,7,0,0,7
0,DeathDescription.DECKING,65,55.25851249694824,0,0,7,0,0,7
0,DeathDescription.DECKING,65,43.90382766723633,0,0,7,0,0,7
0,DeathDescription.DECKING,65,52.32071876525879,0,0,7,0,0,7
0,DeathDescription.DECKING,65,62.31093406677246,0,0,7,0,0,7
0,DeathDescription.DECKING,65,52.677154541015625,0,0,7,0,0,7
0,DeathDescription.DECKING,65,44.808387756347656,0,0,7,0,0,7
0,DeathDescription.DECKING,65,47.57857322692871,0,0,7,0,0,7
0,DeathDescription.DECKING,65,60.86993217468262,0,0,7,0,0,7
0,DeathDescription.DECKING,65,49.45826530456543,0,0,7,0,0,7
0,DeathDescription.DECKING,65,58.060407638549805,0,0,7,0,0,7
0,DeathDescription.DECKING,65,49.71742630004883,0,0,7,0,0,7
0,DeathDescription.DECKING,65,61.66553497314453,0,0,7,0,0,7
0,DeathDescription.DECKING,65,45.68004608154297,0,0,7,0,0,7
0,DeathDescription.DECKING,65,48.47431182861328,0,0,7,0,0,7
0,DeathDescription.DECKING,65,67.04401969909668,0,0,7,0,0,7
0,DeathDescription.DECKING,65,54.9006462097168,0,0,7,0,0,7
0,DeathDescription.DECKING,65,41.642189025878906,0,0,7,0,0,7
0,DeathDescription.DECKING,65,51.39589309692383,0,0,7,0,0,7
0,DeathDescription.DECKING,65,48.243045806884766,0,0,7,0,0,7
0,DeathDescription.DECKING,65,41.82124137878418,0,0,7,0,0,7
0,DeathDescription.DECKING,65,60.16087532043457,0,0,7,0,0,7
0,DeathDescription.DECKING,65,54.74066734313965,0,0,7,0,0,7
0,DeathDescription.DECKING,65,50.32849311828613,0,0,7,0,0,7
0,DeathDescription.DECKING,65,48.66957664489746,0,0,7,0,0,7
0,DeathDescription.DECKING,65,50.653934478759766,0,0,7,0,0,7
0,DeathDescription.DECKING,65,45.01605033874512,0,0,7,0,0,7
0,DeathDescription.DECKING,65,63.48109245300293,0,0,7,0,0,7
0,DeathDescription.DECKING,65,49.329519271850586,0,0,7,0,0,7
0,DeathDescription.DECKING,65,61.83290481567383,0,0,7,0,0,7
0,DeathDescription.DECKING,65,42.1900749206543,0,0,7,0,0,7
0,DeathDescription.DECKING,65,53.67302894592285,0,0,7,0,0,7
0,DeathDescription.DECKING,65,41.09597206115723,0,0,7,0,0,7
0,DeathDescription.DECKING,65,41.99576377868652,0,0,7,0,0,7
0,DeathDescription.DECKING,65,49.26419258117676,0,0,7,0,0,7
0,DeathDescription.DECKING,65,50.27580261230469,0,0,7,0,0,7
0,DeathDescription.DECKING,65,39.977312088012695,0,0,7,0,0,7
0,DeathDescription.DECKING,65,58.64381790161133,0,0,7,0,0,7
0,DeathDescription.DECKING,65,62.46519088745117,0,0,7,0,0,7
0,DeathDescription.DECKING,65,45.31598091125488,0,0,7,0,0,7
0,DeathDescription.DECKING,65,57.65724182128906,0,0,7,0,0,7
0,DeathDescription.DECKING,65,76.56335830688477,0,0,7,0,0,7
0,DeathDescription.DECKING,65,57.91425704956055,0,0,7,0,0,7
0,DeathDescription.DECKING,65,66.29633903503418,0,0,7,0,0,7
0,DeathDescription.DECKING,65,52.22630500793457,0,0,7,0,0,7
0,DeathDescription.DECKING,65,39.86501693725586,0,0,7,0,0,7
0,DeathDescription.DECKING,65,39.53671455383301,0,0,7,0,0,7
0,DeathDescription.DECKING,65,82.46040344238281,0,0,7,0,0,7
0,DeathDescription.DECKING,65,49.79753494262695,0,0,7,0,0,7
0,DeathDescription.DECKING,65,72.92866706848145,0,0,7,0,0,7
0,DeathDescription.DECKING,65,55.21202087402344,0,0,7,0,0,7
0,DeathDescription.DECKING,65,65.03462791442871,0,0,7,0,0,7
0,DeathDescription.DECKING,65,39.90054130554199,0,0,7,0,0,7
0,DeathDescription.DECKING,65,52.91271209716797,0,0,7,0,0,7
0,DeathDescription.DECKING,65,46.54335975646973,0,0,7,0,0,7
0,DeathDescription.DECKING,65,51.712751388549805,0,0,7,0,0,7
0,DeathDescription.DECKING,65,51.999807357788086,0,0,7,0,0,7
0,DeathDescription.DECKING,65,47.438859939575195,0,0,7,0,0,7
0,DeathDescription.DECKING,65,45.85981369018555,0,0,7,0,0,7
0,DeathDescription.DECKING,65,54.71920967102051,0,0,7,0,0,7
0,DeathDescription.DECKING,65,41.26262664794922,0,0,7,0,0,7
0,DeathDescription.DECKING,65,72.07465171813965,0,0,7,0,0,7
0,DeathDescription.DECKING,65,55.56368827819824,0,0,7,0,0,7
0,DeathDescription.DECKING,65,41.06593132019043,0,0,7,0,0,7
0,DeathDescription.DECKING,65,49.77107048034668,0,0,7,0,0,7
0,DeathDescription.DECKING,65,67.91949272155762,0,0,7,0,0,7
0,DeathDescription.DECKING,65,46.40078544616699,0,0,7,0,0,7
0,DeathDescription.DECKING,65,56.61344528198242,0,0,7,0,0,7
0,DeathDescription.DECKING,65,47.579050064086914,0,0,7,0,0,7
0,DeathDescription.DECKING,65,58.98094177246094,0,0,7,0,0,7
0,DeathDescription.DECKING,65,45.13120651245117,0,0,7,0,0,7
0,DeathDescription.DECKING,65,61.92159652709961,0,0,7,0,0,7
0,DeathDescription.DECKING,65,49.833059310913086,0,0,7,0,0,7
0,DeathDescription.DECKING,65,53.42435836791992,0,0,7,0,0,7
0,DeathDescription.DECKING,65,46.60820960998535,0,0,7,0,0,7
0,DeathDescription.DECKING,65,55.090904235839844,0,0,7,0,0,7
0,DeathDescription.DECKING,65,47.69158363342285,0,0,7,0,0,7
0,DeathDescription.DECKING,65,45.18413543701172,0,0,7,0,0,7
0,DeathDescription.DECKING,65,56.26940727233887,0,0,7,0,0,7
0,DeathDescription.DECKING,65,69.1676139831543,0,0,7,0,0,7
0,DeathDescription.DECKING,65,58.319091796875,0,0,7,0,0,7
0,DeathDescription.DECKING,65,52.41823196411133,0,0,7,0,0,7
0,DeathDescription.DECKING,65,49.822092056274414,0,0,7,0,0,7
0,DeathDescription.DECKING,65,68.58325004577637,0,0,7,0,0,7
0,DeathDescription.DECKING,65,48.215627670288086,0,0,7,0,0,7
0,DeathDescription.DECKING,65,57.07144737243652,0,0,7,0,0,7
0,DeathDescription.DECKING,65,47.39499092102051,0,0,7,0,0,7
0,DeathDescription.DECKING,65,57.55114555358887,0,0,7,0,0,7
0,DeathDescription.DECKING,65,45.516014099121094,0,0,7,0,0,7
0,DeathDescription.DECKING,65,49.46613311767578,0,0,7,0,0,7
0,DeathDescription.DECKING,65,51.06782913208008,0,0,7,0,0,7
0,DeathDescription.DECKING,65,43.20693016052246,0,0,7,0,0,7
0,DeathDescription.DECKING,65,54.85367774963379,0,0,7,0,0,7
0,DeathDescription.DECKING,65,42.02580451965332,0,0,7,0,0,7
0,DeathDescription.DECKING,65,68.4056282043457,0,0,7,0,0,7
0,DeathDescription.DECKING,65,60.482025146484375,0,0,7,0,0,7
0,DeathDescription.DECKING,65,64.07332420349121,0,0,7,0,0,7
0,DeathDescription.DECKING,65,42.77205467224121,0,0,7,0,0,7
0,DeathDescription.DECKING,65,53.319692611694336,0,0,7,0,0,7
0,DeathDescription.DECKING,65,62.19768524169922,0,0,7,0,0,7
0,DeathDescription.DECKING,65,63.019752502441406,0,0,7,0,0,7
0,DeathDescription.DECKING,65,53.49230766296387,0,0,7,0,0,7
0,DeathDescription.DECKING,65,57.90591239929199,0,0,7,0,0,7
0,DeathDescription.DECKING,65,45.23277282714844,0,0,7,0,0,7
0,DeathDescription.DECKING,65,65.86360931396484,0,0,7,0,0,7
0,DeathDescription.DECKING,65,53.03311347961426,0,0,7,0,0,7
0,DeathDescription.DECKING,65,53.08985710144043,0,0,7,0,0,7
0,DeathDescription.DECKING,65,50.48680305480957,0,0,7,0,0,7
0,DeathDescription.DECKING,65,62.54243850708008,0,0,7,0,0,7
0,DeathDescription.DECKING,65,45.56894302368164,0,0,7,0,0,7
0,DeathDescription.DECKING,65,59.68022346496582,0,0,7,0,0,7
0,DeathDescription.DECKING,65,40.13800621032715,0,0,7,0,0,7
0,DeathDescription.DECKING,65,41.47768020629883,0,0,7,0,0,7
0,DeathDescription.DECKING,65,61.29145622253418,0,0,7,0,0,7
0,DeathDescription.DECKING,65,44.70229148864746,0,0,7,0,0,7
0,DeathDescription.DECKING,65,56.8087100982666,0,0,7,0,0,7
0,DeathDescription.DECKING,65,46.91600799560547,0,0,7,0,0,7
0,DeathDescription.DECKING,65,54.77404594421387,0,0,7,0,0,7
0,DeathDescription.DECKING,65,41.45622253417969,0,0,7,0,0,7
0,DeathDescription.DECKING,65,44.9976921081543,0,0,7,0,0,7
0,DeathDescription.DECKING,65,59.54742431640625,0,0,7,0,0,7
0,DeathDescription.DECKING,65,51.82075500488281,0,0,7,0,0,7
0,DeathDescription.DECKING,65,52.87504196166992,0,0,7,0,0,7
0,DeathDescription.DECKING,65,56.15091323852539,0,0,7,0,0,7
0,DeathDescription.DECKING,65,49.987077713012695,0,0,7,0,0,7
0,DeathDescription.DECKING,65,48.801422119140625,0,0,7,0,0,7
0,DeathDescription.DECKING,65,50.411224365234375,0,0,7,0,0,7
0,DeathDescription.DECKING,65,53.906917572021484,0,0,7,0,0,7
0,DeathDescription.DECKING,65,47.009944915771484,0,0,7,0,0,7
0,DeathDescription.DECKING,65,42.40274429321289,0,0,7,0,0,7
0,DeathDescription.DECKING,65,41.47791862487793,0,0,7,0,0,7
0,DeathDescription.DECKING,65,44.806718826293945,0,0,7,0,0,7
0,DeathDescription.DECKING,65,52.666425704956055,0,0,7,0,0,7
0,DeathDescription.DECKING,65,61.71154975891113,0,0,7,0,0,7
0,DeathDescription.DECKING,65,39.21914100646973,0,0,7,0,0,7
0,DeathDescription.DECKING,65,54.514408111572266,0,0,7,0,0,7
0,DeathDescription.DECKING,65,60.51373481750488,0,0,7,0,0,7
0,DeathDescription.DECKING,65,52.19626426696777,0,0,7,0,0,7
0,DeathDescription.DECKING,65,57.33180046081543,0,0,7,0,0,7
0,DeathDescription.DECKING,65,52.38938331604004,0,0,7,0,0,7
0,DeathDescription.DECKING,65,66.55120849609375,0,0,7,0,0,7
0,DeathDescription.DECKING,65,58.295488357543945,0,0,7,0,0,7
0,DeathDescription.DECKING,65,68.51339340209961,0,0,7,0,0,7
0,DeathDescription.DECKING,65,39.520263671875,0,0,7,0,0,7
0,DeathDescription.DECKING,65,50.19402503967285,0,0,7,0,0,7
0,DeathDescription.DECKING,65,47.23668098449707,0,0,7,0,0,7
0,DeathDescription.DECKING,65,49.080610275268555,0,0,7,0,0,7
0,DeathDescription.DECKING,65,68.87316703796387,0,0,7,0,0,7
0,DeathDescription.DECKING,65,81.08901977539062,0,0,7,0,0,7
0,DeathDescription.DECKING,65,135.34832000732422,0,0,7,0,0,7
0,DeathDescription.DECKING,65,47.66392707824707,0,0,7,0,0,7
0,DeathDescription.DECKING,65,62.42799758911133,0,0,7,0,0,7
0,DeathDescription.DECKING,65,45.56703567504883,0,0,7,0,0,7
0,DeathDescription.DECKING,65,55.7093620300293,0,0,7,0,0,7
0,DeathDescription.DECKING,65,41.860103607177734,0,0,7,0,0,7
0,DeathDescription.DECKING,65,39.947509765625,0,0,7,0,0,7
0,DeathDescription.DECKING,65,44.51704025268555,0,0,7,0,0,7
0,DeathDescription.DECKING,65,56.83636665344238,0,0,7,0,0,7
0,DeathDescription.DECKING,65,60.533761978149414,0,0,7,0,0,7
0,DeathDescription.DECKING,65,63.27223777770996,0,0,7,0,0,7
0,DeathDescription.DECKING,65,69.50521469116211,0,0,7,0,0,7
0,DeathDescription.DECKING,65,51.19204521179199,0,0,7,0,0,7
0,DeathDescription.DECKING,65,49.437522888183594,0,0,7,0,0,7
0,DeathDescription.DECKING,65,56.24890327453613,0,0,7,0,0,7
0,DeathDescription.DECKING,65,51.80191993713379,0,0,7,0,0,7
0,DeathDescription.DECKING,65,55.10735511779785,0,0,7,0,0,7
0,DeathDescription.DECKING,65,48.14434051513672,0,0,7,0,0,7
0,DeathDescription.DECKING,65,61.19394302368164,0,0,7,0,0,7
0,DeathDescription.DECKING,65,61.992645263671875,0,0,7,0,0,7
0,DeathDescription.DECKING,65,45.89343070983887,0,0,7,0,0,7
0,DeathDescription.DECKING,65,64.88585472106934,0,0,7,0,0,7
0,DeathDescription.DECKING,65,45.91250419616699,0,0,7,0,0,7
0,DeathDescription.DECKING,65,49.79062080383301,0,0,7,0,0,7
0,DeathDescription.DECKING,65,49.24726486206055,0,0,7,0,0,7
0,DeathDescription.DECKING,65,46.35334014892578,0,0,7,0,0,7
0,DeathDescription.DECKING,65,58.089256286621094,0,0,7,0,0,7
0,DeathDescription.DECKING,65,74.40614700317383,0,0,7,0,0,7
0,DeathDescription.DECKING,65,72.0524787902832,0,0,7,0,0,7
0,DeathDescription.DECKING,65,43.98655891418457,0,0,7,0,0,7
0,DeathDescription.DECKING,65,55.03511428833008,0,0,7,0,0,7
0,DeathDescription.DECKING,65,45.22395133972168,0,0,7,0,0,7
0,DeathDescription.DECKING,65,49.88694190979004,0,0,7,0,0,7
0,DeathDescription.DECKING,65,45.63283920288086,0,0,7,0,0,7
0,DeathDescription.DECKING,65,63.3387565612793,0,0,7,0,0,7
0,DeathDescription.DECKING,65,50.22764205932617,0,0,7,0,0,7
0,DeathDescription.DECKING,65,39.60871696472168,0,0,7,0,0,7
0,DeathDescription.DECKING,65,52.440643310546875,0,0,7,0,0,7
0,DeathDescription.DECKING,65,59.58890914916992,0,0,7,0,0,7
0,DeathDescription.DECKING,65,45.54390907287598,0,0,7,0,0,7
0,DeathDescription.DECKING,65,51.653385162353516,0,0,7,0,0,7
0,DeathDescription.DECKING,65,60.24670600891113,0,0,7,0,0,7
0,DeathDescription.DECKING,65,43.8237190246582,0,0,7,0,0,7
0,DeathDescription.DECKING,65,52.82473564147949,0,0,7,0,0,7
0,DeathDescription.DECKING,65,51.60021781921387,0,0,7,0,0,7
0,DeathDescription.DECKING,65,54.2910099029541,0,0,7,0,0,7
0,DeathDescription.DECKING,65,43.86448860168457,0,0,7,0,0,7
0,DeathDescription.DECKING,65,57.85036087036133,0,0,7,0,0,7
0,DeathDescription.DECKING,65,58.95233154296875,0,0,7,0,0,7
0,DeathDescription.DECKING,65,39.780616760253906,0,0,7,0,0,7
0,DeathDescription.DECKING,65,59.085845947265625,0,0,7,0,0,7
0,DeathDescription.DECKING,65,53.11226844787598,0,0,7,0,0,7
0,DeathDescription.DECKING,65,42.330026626586914,0,0,7,0,0,7
0,DeathDescription.DECKING,65,70.17874717712402,0,0,7,0,0,7
0,DeathDescription.DECKING,65,54.747819900512695,0,0,7,0,0,7
0,DeathDescription.DECKING,65,45.445919036865234,0,0,7,0,0,7
0,DeathDescription.DECKING,65,60.987234115600586,0,0,7,0,0,7
0,DeathDescription.DECKING,65,44.93832588195801,0,0,7,0,0,7
0,DeathDescription.DECKING,65,67.9311752319336,0,0,7,0,0,7
0,DeathDescription.DECKING,65,42.0985221862793,0,0,7,0,0,7
0,DeathDescription.DECKING,65,53.93624305725098,0,0,7,0,0,7
0,DeathDescription.DECKING,65,42.661428451538086,0,0,7,0,0,7
0,DeathDescription.DECKING,65,51.10812187194824,0,0,7,0,0,7
0,DeathDescription.DECKING,65,52.73628234863281,0,0,7,0,0,7
0,DeathDescription.DECKING,65,40.17162322998047,0,0,7,0,0,7
0,DeathDescription.DECKING,65,51.82480812072754,0,0,7,0,0,7
0,DeathDescription.DECKING,65,66.17236137390137,0,0,7,0,0,7
0,DeathDescription.DECKING,65,60.72998046875,0,0,7,0,0,7
0,DeathDescription.DECKING,65,52.60276794433594,0,0,7,0,0,7
0,DeathDescription.DECKING,65,45.89080810546875,0,0,7,0,0,7
0,DeathDescription.DECKING,65,54.94809150695801,0,0,7,0,0,7
0,DeathDescription.DECKING,65,52.35886573791504,0,0,7,0,0,7
0,DeathDescription.DECKING,65,46.54240608215332,0,0,7,0,0,7
0,DeathDescription.DECKING,65,42.08827018737793,0,0,7,0,0,7
0,DeathDescription.DECKING,65,56.372642517089844,0,0,7,0,0,7
0,DeathDescription.DECKING,65,67.50988960266113,0,0,7,0,0,7
0,DeathDescription.DECKING,65,57.36970901489258,0,0,7,0,0,7
0,DeathDescription.DECKING,65,44.47627067565918,0,0,7,0,0,7
0,DeathDescription.DECKING,65,60.03379821777344,0,0,7,0,0,7
0,DeathDescription.DECKING,65,55.95278739929199,0,0,7,0,0,7
0,DeathDescription.DECKING,65,60.49990653991699,0,0,7,0,0,7
0,DeathDescription.DECKING,65,55.01532554626465,0,0,7,0,0,7
0,DeathDescription.DECKING,65,54.55517768859863,0,0,7,0,0,7
0,DeathDescription.DECKING,65,40.12560844421387,0,0,7,0,0,7
0,DeathDescription.DECKING,65,46.94962501525879,0,0,7,0,0,7
0,DeathDescription.DECKING,65,49.462318420410156,0,0,7,0,0,7
0,DeathDescription.DECKING,65,42.59967803955078,0,0,7,0,0,7
0,DeathDescription.DECKING,65,50.76766014099121,0,0,7,0,0,7
0,DeathDescription.DECKING,65,79.77914810180664,0,0,7,0,0,7
0,DeathDescription.DECKING,65,51.213741302490234,0,0,7,0,0,7
0,DeathDescription.DECKING,65,67.03305244445801,0,0,7,0,0,7
0,DeathDescription.DECKING,65,47.60384559631348,0,0,7,0,0,7
0,DeathDescription.DECKING,65,60.38498878479004,0,0,7,0,0,7
0,DeathDescription.DECKING,65,51.26833915710449,0,0,7,0,0,7
0,DeathDescription.DECKING,65,58.42113494873047,0,0,7,0,0,7
0,DeathDescription.DECKING,65,39.02697563171387,0,0,7,0,0,7
0,DeathDescription.DECKING,65,55.56964874267578,0,0,7,0,0,7
0,DeathDescription.DECKING,65,68.13454627990723,0,0,7,0,0,7
0,DeathDescription.DECKING,65,42.14286804199219,0,0,7,0,0,7
0,DeathDescription.DECKING,65,69.48995590209961,0,0,7,0,0,7
0,DeathDescription.DECKING,65,42.36865043640137,0,0,7,0,0,7
0,DeathDescription.DECKING,65,66.08009338378906,0,0,7,0,0,7
0,DeathDescription.DECKING,65,40.894269943237305,0,0,7,0,0,7
0,DeathDescription.DECKING,65,52.678823471069336,0,0,7,0,0,7
0,DeathDescription.DECKING,65,51.804304122924805,0,0,7,0,0,7
0,DeathDescription.DECKING,65,54.06641960144043,0,0,7,0,0,7
0,DeathDescription.DECKING,65,52.37317085266113,0,0,7,0,0,7
0,DeathDescription.DECKING,65,60.904502868652344,0,0,7,0,0,7
0,DeathDescription.DECKING,65,48.18391799926758,0,0,7,0,0,7
0,DeathDescription.DECKING,65,67.49987602233887,0,0,7,0,0,7
0,DeathDescription.DECKING,65,42.557716369628906,0,0,7,0,0,7
0,DeathDescription.DECKING,65,52.35862731933594,0,0,7,0,0,7
0,DeathDescription.DECKING,65,49.99351501464844,0,0,7,0,0,7
0,DeathDescription.DECKING,65,73.40764999389648,0,0,7,0,0,7
0,DeathDescription.DECKING,65,42.4351692199707,0,0,7,0,0,7
0,DeathDescription.DECKING,65,59.55934524536133,0,0,7,0,0,7
0,DeathDescription.DECKING,65,40.20857810974121,0,0,7,0,0,7
0,DeathDescription.DECKING,65,50.087690353393555,0,0,7,0,0,7
0,DeathDescription.DECKING,65,55.09591102600098,0,0,7,0,0,7
0,DeathDescription.DECKING,65,54.42452430725098,0,0,7,0,0,7
0,DeathDescription.DECKING,65,49.46112632751465,0,0,7,0,0,7
0,DeathDescription.DECKING,65,88.01412582397461,0,0,7,0,0,7
0,DeathDescription.DECKING,65,53.64346504211426,0,0,7,0,0,7
0,DeathDescription.DECKING,65,53.81274223327637,0,0,7,0,0,7
0,DeathDescription.DECKING,65,55.269479751586914,0,0,7,0,0,7
0,DeathDescription.DECKING,65,40.537118911743164,0,0,7,0,0,7
0,DeathDescription.DECKING,65,39.335012435913086,0,0,7,0,0,7
0,DeathDescription.DECKING,65,63.15040588378906,0,0,7,0,0,7
0,DeathDescription.DECKING,65,41.18800163269043,0,0,7,0,0,7
0,DeathDescription.DECKING,65,68.78185272216797,0,0,7,0,0,7
0,DeathDescription.DECKING,65,56.238412857055664,0,0,7,0,0,7
0,DeathDescription.DECKING,65,57.95884132385254,0,0,7,0,0,7
0,DeathDescription.DECKING,65,70.62005996704102,0,0,7,0,0,7
0,DeathDescription.DECKING,65,54.70538139343262,0,0,7,0,0,7
0,DeathDescription.DECKING,65,51.09286308288574,0,0,7,0,0,7
0,DeathDescription.DECKING,65,79.81038093566895,0,0,7,0,0,7
0,DeathDescription.DECKING,65,58.53581428527832,0,0,7,0,0,7
0,DeathDescription.DECKING,65,54.134368896484375,0,0,7,0,0,7
0,DeathDescription.DECKING,65,44.99959945678711,0,0,7,0,0,7
0,DeathDescription.DECKING,65,41.32723808288574,0,0,7,0,0,7
0,DeathDescription.DECKING,65,57.091474533081055,0,0,7,0,0,7
0,DeathDescription.DECKING,65,38.70224952697754,0,0,7,0,0,7
0,DeathDescription.DECKING,65,64.72134590148926,0,0,7,0,0,7
0,DeathDescription.DECKING,65,51.39470100402832,0,0,7,0,0,7
0,DeathDescription.DECKING,65,50.057172775268555,0,0,7,0,0,7
0,DeathDescription.DECKING,65,62.189340591430664,0,0,7,0,0,7
0,DeathDescription.DECKING,65,44.65436935424805,0,0,7,0,0,7
0,DeathDescription.DECKING,65,73.25482368469238,0,0,7,0,0,7
0,DeathDescription.DECKING,65,38.35701942443848,0,0,7,0,0,7
0,DeathDescription.DECKING,65,55.623531341552734,0,0,7,0,0,7
0,DeathDescription.DECKING,65,45.35317420959473,0,0,7,0,0,7
0,DeathDescription.DECKING,65,59.195756912231445,0,0,7,0,0,7
0,DeathDescription.DECKING,65,50.201416015625,0,0,7,0,0,7
0,DeathDescription.DECKING,65,61.92135810852051,0,0,7,0,0,7
0,DeathDescription.DECKING,65,40.21573066711426,0,0,7,0,0,7
0,DeathDescription.DECKING,65,62.34407424926758,0,0,7,0,0,7
0,DeathDescription.DECKING,65,70.0216293334961,0,0,7,0,0,7
0,DeathDescription.DECKING,65,57.3887825012207,0,0,7,0,0,7
0,DeathDescription.DECKING,65,42.8011417388916,0,0,7,0,0,7
0,DeathDescription.DECKING,65,53.844451904296875,0,0,7,0,0,7
0,DeathDescription.DECKING,65,59.693336486816406,0,0,7,0,0,7
0,DeathDescription.DECKING,65,70.73497772216797,0,0,7,0,0,7
0,DeathDescription.DECKING,65,41.21208190917969,0,0,7,0,0,7
0,DeathDescription.DECKING,65,71.10953330993652,0,0,7,0,0,7
0,DeathDescription.DECKING,65,38.613319396972656,0,0,7,0,0,7
0,DeathDescription.DECKING,65,71.8832015991211,0,0,7,0,0,7
0,DeathDescription.DECKING,65,41.100263595581055,0,0,7,0,0,7
0,DeathDescription.DECKING,65,55.845022201538086,0,0,7,0,0,7
0,DeathDescription.DECKING,65,52.53458023071289,0,0,7,0,0,7
0,DeathDescription.DECKING,65,60.98508834838867,0,0,7,0,0,7
0,DeathDescription.DECKING,65,57.63673782348633,0,0,7,0,0,7
0,DeathDescription.DECKING,65,58.71748924255371,0,0,7,0,0,7
0,DeathDescription.DECKING,65,68.16697120666504,0,0,7,0,0,7
0,DeathDescription.DECKING,65,63.67897987365723,0,0,7,0,0,7
0,DeathDescription.DECKING,65,61.76424026489258,0,0,7,0,0,7
0,DeathDescription.DECKING,65,49.8960018157959,0,0,7,0,0,7
0,DeathDescription.DECKING,65,45.35722732543945,0,0,7,0,0,7
0,DeathDescription.DECKING,65,74.29766654968262,0,0,7,0,0,7
0,DeathDescription.DECKING,65,73.46630096435547,0,0,7,0,0,7
0,DeathDescription.DECKING,65,40.99631309509277,0,0,7,0,0,7
0,DeathDescription.DECKING,65,51.549434661865234,0,0,7,0,0,7
0,DeathDescription.DECKING,65,50.653696060180664,0,0,7,0,0,7
0,DeathDescription.DECKING,65,56.19549751281738,0,0,7,0,0,7
0,DeathDescription.DECKING,65,44.475555419921875,0,0,7,0,0,7
0,DeathDescription.DECKING,65,63.12441825866699,0,0,7,0,0,7
0,DeathDescription.DECKING,65,46.968698501586914,0,0,7,0,0,7
0,DeathDescription.DECKING,65,65.88864326477051,0,0,7,0,0,7
0,DeathDescription.DECKING,65,54.4133186340332,0,0,7,0,0,7
0,DeathDescription.DECKING,65,60.75143814086914,0,0,7,0,0,7
0,DeathDescription.DECKING,65,46.53573036193848,0,0,7,0,0,7
0,DeathDescription.DECKING,65,60.353755950927734,0,0,7,0,0,7
0,DeathDescription.DECKING,65,59.74268913269043,0,0,7,0,0,7
0,DeathDescription.DECKING,65,54.59237098693848,0,0,7,0,0,7
0,DeathDescription.DECKING,65,43.25366020202637,0,0,7,0,0,7
0,DeathDescription.DECKING,65,54.94213104248047,0,0,7,0,0,7
0,DeathDescription.DECKING,65,62.94441223144531,0,0,7,0,0,7
0,DeathDescription.DECKING,65,40.83561897277832,0,0,7,0,0,7
0,DeathDescription.DECKING,65,50.7206916809082,0,0,7,0,0,7
0,DeathDescription.DECKING,65,40.604352951049805,0,0,7,0,0,7
0,DeathDescription.DECKING,65,54.032325744628906,0,0,7,0,0,7
0,DeathDescription.DECKING,65,70.22666931152344,0,0,7,0,0,7
0,DeathDescription.DECKING,65,41.38326644897461,0,0,7,0,0,7
0,DeathDescription.DECKING,65,54.1074275970459,0,0,7,0,0,7
0,DeathDescription.DECKING,65,40.198564529418945,0,0,7,0,0,7
0,DeathDescription.DECKING,65,46.283721923828125,0,0,7,0,0,7
0,DeathDescription.DECKING,65,63.62438201904297,0,0,7,0,0,7
0,DeathDescription.DECKING,65,47.82509803771973,0,0,7,0,0,7
0,DeathDescription.DECKING,65,61.93804740905762,0,0,7,0,0,7
0,DeathDescription.DECKING,65,44.06094551086426,0,0,7,0,0,7
0,DeathDescription.DECKING,65,54.86631393432617,0,0,7,0,0,7
0,DeathDescription.DECKING,65,53.647518157958984,0,0,7,0,0,7
0,DeathDescription.DECKING,65,54.372549057006836,0,0,7,0,0,7
0,DeathDescription.DECKING,65,44.61526870727539,0,0,7,0,0,7
0,DeathDescription.DECKING,65,46.41890525817871,0,0,7,0,0,7
0,DeathDescription.DECKING,65,54.36849594116211,0,0,7,0,0,7
0,DeathDescription.DECKING,65,56.10179901123047,0,0,7,0,0,7
0,DeathDescription.DECKING,65,50.28653144836426,0,0,7,0,0,7
0,DeathDescription.DECKING,65,54.427146911621094,0,0,7,0,0,7
0,DeathDescription.DECKING,65,59.79275703430176,0,0,7,0,0,7
0,DeathDescription.DECKING,65,51.26690864562988,0,0,7,0,0,7
0,DeathDescription.DECKING,65,65.85049629211426,0,0,7,0,0,7
0,DeathDescription.DECKING,65,39.565086364746094,0,0,7,0,0,7
0,DeathDescription.DECKING,65,76.87735557556152,0,0,7,0,0,7
0,DeathDescription.DECKING,65,67.76642799377441,0,0,7,0,0,7
0,DeathDescription.DECKING,65,67.86012649536133,0,0,7,0,0,7
0,DeathDescription.DECKING,65,46.09560966491699,0,0,7,0,0,7
0,DeathDescription.DECKING,65,55.8016300201416,0,0,7,0,0,7
0,DeathDescription.DECKING,65,39.79086875915527,0,0,7,0,0,7
0,DeathDescription.DECKING,65,40.2674674987793,0,0,7,0,0,7
0,DeathDescription.DECKING,65,64.13674354553223,0,0,7,0,0,7
0,DeathDescription.DECKING,65,45.73512077331543,0,0,7,0,0,7
0,DeathDescription.DECKING,65,55.40633201599121,0,0,7,0,0,7
0,DeathDescription.DECKING,65,48.484086990356445,0,0,7,0,0,7
0,DeathDescription.DECKING,65,68.28618049621582,0,0,7,0,0,7
0,DeathDescription.DECKING,65,40.4818058013916,0,0,7,0,0,7
0,DeathDescription.DECKING,65,57.89804458618164,0,0,7,0,0,7
0,DeathDescription.DECKING,65,42.35410690307617,0,0,7,0,0,7
0,DeathDescription.DECKING,65,54.48508262634277,0,0,7,0,0,7
0,DeathDescription.DECKING,65,44.63982582092285,0,0,7,0,0,7
0,DeathDescription.DECKING,65,41.55874252319336,0,0,7,0,0,7
0,DeathDescription.DECKING,65,64.44263458251953,0,0,7,0,0,7
0,DeathDescription.DECKING,65,43.848514556884766,0,0,7,0,0,7
0,DeathDescription.DECKING,65,53.57193946838379,0,0,7,0,0,7
0,DeathDescription.DECKING,65,46.91123962402344,0,0,7,0,0,7
0,DeathDescription.DECKING,65,61.0659122467041,0,0,7,0,0,7
0,DeathDescription.DECKING,65,47.49488830566406,0,0,7,0,0,7
0,DeathDescription.DECKING,65,65.44947624206543,0,0,7,0,0,7
0,DeathDescription.DECKING,65,69.5042610168457,0,0,7,0,0,7
0,DeathDescription.DECKING,65,44.10839080810547,0,0,7,0,0,7
0,DeathDescription.DECKING,65,49.83377456665039,0,0,7,0,0,7
0,DeathDescription.DECKING,65,38.674116134643555,0,0,7,0,0,7
0,DeathDescription.DECKING,65,48.50316047668457,0,0,7,0,0,7
0,DeathDescription.DECKING,65,66.01190567016602,0,0,7,0,0,7
0,DeathDescription.DECKING,65,58.52627754211426,0,0,7,0,0,7
0,DeathDescription.DECKING,65,43.0600643157959,0,0,7,0,0,7
0,DeathDescription.DECKING,65,55.4194450378418,0,0,7,0,0,7
0,DeathDescription.DECKING,65,58.095693588256836,0,0,7,0,0,7
0,DeathDescription.DECKING,65,57.80792236328125,0,0,7,0,0,7
0,DeathDescription.DECKING,65,38.16056251525879,0,0,7,0,0,7
0,DeathDescription.DECKING,65,61.40589714050293,0,0,7,0,0,7
0,DeathDescription.DECKING,65,59.12899971008301,0,0,7,0,0,7
0,DeathDescription.DECKING,65,55.60803413391113,0,0,7,0,0,7
0,DeathDescription.DECKING,65,58.20798873901367,0,0,7,0,0,7
0,DeathDescription.DECKING,65,50.304412841796875,0,0,7,0,0,7
0,DeathDescription.DECKING,65,47.028541564941406,0,0,7,0,0,7
0,DeathDescription.DECKING,65,46.288490295410156,0,0,7,0,0,7
0,DeathDescription.DECKING,65,41.075944900512695,0,0,7,0,0,7
0,DeathDescription.DECKING,65,67.28696823120117,0,0,7,0,0,7
0,DeathDescription.DECKING,65,40.57455062866211,0,0,7,0,0,7
0,DeathDescription.DECKING,65,66.79296493530273,0,0,7,0,0,7
0,DeathDescription.DECKING,65,42.018890380859375,0,0,7,0,0,7
0,DeathDescription.DECKING,65,47.99032211303711,0,0,7,0,0,7
0,DeathDescription.DECKING,65,56.92934989929199,0,0,7,0,0,7
0,DeathDescription.DECKING,65,55.40633201599121,0,0,7,0,0,7
0,DeathDescription.DECKING,65,40.73381423950195,0,0,7,0,0,7
0,DeathDescription.DECKING,65,49.6218204498291,0,0,7,0,0,7
0,DeathDescription.DECKING,65,63.07387351989746,0,0,7,0,0,7
0,DeathDescription.DECKING,65,40.445566177368164,0,0,7,0,0,7
0,DeathDescription.DECKING,65,59.29756164550781,0,0,7,0,0,7
0,DeathDescription.DECKING,65,63.76791000366211,0,0,7,0,0,7
0,DeathDescription.DECKING,65,70.12677192687988,0,0,7,0,0,7
0,DeathDescription.DECKING,65,47.99175262451172,0,0,7,0,0,7
0,DeathDescription.DECKING,65,53.45797538757324,0,0,7,0,0,7
0,DeathDescription.DECKING,65,44.88706588745117,0,0,7,0,0,7
0,DeathDescription.DECKING,65,59.01360511779785,0,0,7,0,0,7
0,DeathDescription.DECKING,65,58.31003189086914,0,0,7,0,0,7
0,DeathDescription.DECKING,65,49.99589920043945,0,0,7,0,0,7
0,DeathDescription.DECKING,65,51.984548568725586,0,0,7,0,0,7
0,DeathDescription.DECKING,65,47.82605171203613,0,0,7,0,0,7
0,DeathDescription.DECKING,65,42.133331298828125,0,0,7,0,0,7
0,DeathDescription.DECKING,65,56.8690299987793,0,0,7,0,0,7
0,DeathDescription.DECKING,65,46.758174896240234,0,0,7,0,0,7
0,DeathDescription.DECKING,65,46.11039161682129,0,0,7,0,0,7
0,DeathDescription.DECKING,65,41.46695137023926,0,0,7,0,0,7
0,DeathDescription.DECKING,65,38.07568550109863,0,0,7,0,0,7
0,DeathDescription.DECKING,65,61.20896339416504,0,0,7,0,0,7
0,DeathDescription.DECKING,65,55.1607608795166,0,0,7,0,0,7
0,DeathDescription.DECKING,65,40.154457092285156,0,0,7,0,0,7
0,DeathDescription.DECKING,65,62.83283233642578,0,0,7,0,0,7
0,DeathDescription.DECKING,65,42.008399963378906,0,0,7,0,0,7
0,DeathDescription.DECKING,65,56.80966377258301,0,0,7,0,0,7
0,DeathDescription.DECKING,65,65.20342826843262,0,0,7,0,0,7
0,DeathDescription.DECKING,65,57.67536163330078,0,0,7,0,0,7
0,DeathDescription.DECKING,65,56.9915771484375,0,0,7,0,0,7
0,DeathDescription.DECKING,65,41.356801986694336,0,0,7,0,0,7
0,DeathDescription.DECKING,65,50.984859466552734,0,0,7,0,0,7
0,DeathDescription.DECKING,65,54.3060302734375,0,0,7,0,0,7
0,DeathDescription.DECKING,65,54.99720573425293,0,0,7,0,0,7
0,DeathDescription.DECKING,65,44.40593719482422,0,0,7,0,0,7
0,DeathDescription.DECKING,65,40.908098220825195,0,0,7,0,0,7
0,DeathDescription.DECKING,65,67.22831726074219,0,0,7,0,0,7
0,DeathDescription.DECKING,65,55.32383918762207,0,0,7,0,0,7
0,DeathDescription.DECKING,65,50.40740966796875,0,0,7,0,0,7
0,DeathDescription.DECKING,65,66.00522994995117,0,0,7,0,0,7
0,DeathDescription.DECKING,65,43.334245681762695,0,0,7,0,0,7
0,DeathDescription.DECKING,65,50.23336410522461,0,0,7,0,0,7
0,DeathDescription.DECKING,65,40.21334648132324,0,0,7,0,0,7
0,DeathDescription.DECKING,65,40.967464447021484,0,0,7,0,0,7
0,DeathDescription.DECKING,65,58.820486068725586,0,0,7,0,0,7
0,DeathDescription.DECKING,65,59.841156005859375,0,0,7,0,0,7
0,DeathDescription.DECKING,65,56.10179901123047,0,0,7,0,0,7
0,DeathDescription.DECKING,65,42.93513298034668,0,0,7,0,0,7
0,DeathDescription.DECKING,65,62.50572204589844,0,0,7,0,0,7
0,DeathDescription.DECKING,65,52.59084701538086,0,0,7,0,0,7
0,DeathDescription.DECKING,65,53.626060485839844,0,0,7,0,0,7
0,DeathDescription.DECKING,65,81.48670196533203,0,0,7,0,0,7
0,DeathDescription.DECKING,65,43.71786117553711,0,0,7,0,0,7
0,DeathDescription.DECKING,65,71.48408889770508,0,0,7,0,0,7
0,DeathDescription.DECKING,65,53.35354804992676,0,0,7,0,0,7
0,DeathDescription.DECKING,65,63.15755844116211,0,0,7,0,0,7
0,DeathDescription.DECKING,65,51.74088478088379,0,0,7,0,0,7
0,DeathDescription.DECKING,65,47.501325607299805,0,0,7,0,0,7
0,DeathDescription.DECKING,65,55.5872917175293,0,0,7,0,0,7
0,DeathDescription.DECKING,65,55.94468116760254,0,0,7,0,0,7
0,DeathDescription.DECKING,65,40.42243957519531,0,0,7,0,0,7
0,DeathDescription.DECKING,65,58.691978454589844,0,0,7,0,0,7
0,DeathDescription.DECKING,65,50.51112174987793,0,0,7,0,0,7
0,DeathDescription.DECKING,65,57.932138442993164,0,0,7,0,0,7
0,DeathDescription.DECKING,65,53.702592849731445,0,0,7,0,0,7
0,DeathDescription.DECKING,65,71.17581367492676,0,0,7,0,0,7
0,DeathDescription.DECKING,65,58.800458908081055,0,0,7,0,0,7
0,DeathDescription.DECKING,65,41.23067855834961,0,0,7,0,0,7
0,DeathDescription.DECKING,65,60.76502799987793,0,0,7,0,0,7
0,DeathDescription.DECKING,65,45.47572135925293,0,0,7,0,0,7
0,DeathDescription.DECKING,65,58.075904846191406,0,0,7,0,0,7
0,DeathDescription.DECKING,65,41.31603240966797,0,0,7,0,0,7
0,DeathDescription.DECKING,65,56.35881423950195,0,0,7,0,0,7
0,DeathDescription.DECKING,65,57.49940872192383,0,0,7,0,0,7
0,DeathDescription.DECKING,65,43.93649101257324,0,0,7,0,0,7
0,DeathDescription.DECKING,65,54.7482967376709,0,0,7,0,0,7
0,DeathDescription.DECKING,65,39.725303649902344,0,0,7,0,0,7
0,DeathDescription.DECKING,65,51.506996154785156,0,0,7,0,0,7
0,DeathDescription.DECKING,65,60.17351150512695,0,0,7,0,0,7
0,DeathDescription.DECKING,65,41.0618782043457,0,0,7,0,0,7
0,DeathDescription.DECKING,65,50.849199295043945,0,0,7,0,0,7
0,DeathDescription.DECKING,65,49.62635040283203,0,0,7,0,0,7
0,DeathDescription.DECKING,65,50.307273864746094,0,0,7,0,0,7
0,DeathDescription.DECKING,65,42.121171951293945,0,0,7,0,0,7
0,DeathDescription.DECKING,65,56.43177032470703,0,0,7,0,0,7
0,DeathDescription.DECKING,65,56.67924880981445,0,0,7,0,0,7
0,DeathDescription.DECKING,65,40.13204574584961,0,0,7,0,0,7
0,DeathDescription.DECKING,65,45.183658599853516,0,0,7,0,0,7
0,DeathDescription.DECKING,65,61.53988838195801,0,0,7,0,0,7
0,DeathDescription.DECKING,65,56.375741958618164,0,0,7,0,0,7
0,DeathDescription.DECKING,65,40.67230224609375,0,0,7,0,0,7
0,DeathDescription.DECKING,65,62.27517127990723,0,0,7,0,0,7
0,DeathDescription.DECKING,65,41.69416427612305,0,0,7,0,0,7
0,DeathDescription.DECKING,65,55.0839900970459,0,0,7,0,0,7
0,DeathDescription.DECKING,65,52.12235450744629,0,0,7,0,0,7
0,DeathDescription.DECKING,65,64.06831741333008,0,0,7,0,0,7
0,DeathDescription.DECKING,65,49.675703048706055,0,0,7,0,0,7
0,DeathDescription.DECKING,65,60.17947196960449,0,0,7,0,0,7
0,DeathDescription.DECKING,65,50.0485897064209,0,0,7,0,0,7
0,DeathDescription.DECKING,65,62.6835823059082,0,0,7,0,0,7
0,DeathDescription.DECKING,65,57.48867988586426,0,0,7,0,0,7
0,DeathDescription.DECKING,65,63.05861473083496,0,0,7,0,0,7
0,DeathDescription.DECKING,65,59.50784683227539,0,0,7,0,0,7
0,DeathDescription.DECKING,65,70.97983360290527,0,0,7,0,0,7
0,DeathDescription.DECKING,65,50.89569091796875,0,0,7,0,0,7
0,DeathDescription.DECKING,65,78.55653762817383,0,0,7,0,0,7
0,DeathDescription.DECKING,65,45.11880874633789,0,0,7,0,0,7
0,DeathDescription.DECKING,65,68.59207153320312,0,0,7,0,0,7
0,DeathDescription.DECKING,65,57.92593955993652,0,0,7,0,0,7
0,DeathDescription.DECKING,65,58.00485610961914,0,0,7,0,0,7
0,DeathDescription.DECKING,65,49.112796783447266,0,0,7,0,0,7
0,DeathDescription.DECKING,65,46.67806625366211,0,0,7,0,0,7
0,DeathDescription.DECKING,65,53.511857986450195,0,0,7,0,0,7
0,DeathDescription.DECKING,65,58.73465538024902,0,0,7,0,0,7
0,DeathDescription.DECKING,65,41.48364067077637,0,0,7,0,0,7
0,DeathDescription.DECKING,65,66.26415252685547,0,0,7,0,0,7
0,DeathDescription.DECKING,65,51.04398727416992,0,0,7,0,0,7
0,DeathDescription.DECKING,65,58.51173400878906,0,0,7,0,0,7
0,DeathDescription.DECKING,65,40.259361267089844,0,0,7,0,0,7
0,DeathDescription.DECKING,65,39.978742599487305,0,0,7,0,0,7
0,DeathDescription.DECKING,65,49.6673583984375,0,0,7,0,0,7
0,DeathDescription.DECKING,65,39.958953857421875,0,0,7,0,0,7
0,DeathDescription.DECKING,65,41.365861892700195,0,0,7,0,0,7
0,DeathDescription.DECKING,65,67.96455383300781,0,0,7,0,0,7
0,DeathDescription.DECKING,65,47.489166259765625,0,0,7,0,0,7
0,DeathDescription.DECKING,65,53.5430908203125,0,0,7,0,0,7
0,DeathDescription.DECKING,65,51.377296447753906,0,0,7,0,0,7
0,DeathDescription.DECKING,65,45.56894302368164,0,0,7,0,0,7
0,DeathDescription.DECKING,65,58.4409236907959,0,0,7,0,0,7
0,DeathDescription.DECKING,65,52.21199989318848,0,0,7,0,0,7
0,DeathDescription.DECKING,65,51.438331604003906,0,0,7,0,0,7
0,DeathDescription.DECKING,65,53.36618423461914,0,0,7,0,0,7
0,DeathDescription.DECKING,65,41.91732406616211,0,0,7,0,0,7
0,DeathDescription.DECKING,65,39.2458438873291,0,0,7,0,0,7
0,DeathDescription.DECKING,65,46.66543006896973,0,0,7,0,0,7
0,DeathDescription.DECKING,65,41.29195213317871,0,0,7,0,0,7
0,DeathDescription.DECKING,65,64.63766098022461,0,0,7,0,0,7
0,DeathDescription.DECKING,65,66.35260581970215,0,0,7,0,0,7
0,DeathDescription.DECKING,65,44.63076591491699,0,0,7,0,0,7
0,DeathDescription.DECKING,65,55.695295333862305,0,0,7,0,0,7
0,DeathDescription.DECKING,65,73.486328125,0,0,7,0,0,7
0,DeathDescription.DECKING,65,42.38557815551758,0,0,7,0,0,7
0,DeathDescription.DECKING,65,48.83599281311035,0,0,7,0,0,7
0,DeathDescription.DECKING,65,52.178382873535156,0,0,7,0,0,7
0,DeathDescription.DECKING,65,46.65851593017578,0,0,7,0,0,7
0,DeathDescription.DECKING,65,56.2739372253418,0,0,7,0,0,7
0,DeathDescription.DECKING,65,64.81194496154785,0,0,7,0,0,7
0,DeathDescription.DECKING,65,54.12697792053223,0,0,7,0,0,7
0,DeathDescription.DECKING,65,47.231197357177734,0,0,7,0,0,7
0,DeathDescription.DECKING,65,50.78554153442383,0,0,7,0,0,7
0,DeathDescription.DECKING,65,65.99569320678711,0,0,7,0,0,7
0,DeathDescription.DECKING,65,53.07173728942871,0,0,7,0,0,7
0,DeathDescription.DECKING,65,46.141862869262695,0,0,7,0,0,7
0,DeathDescription.DECKING,65,44.74449157714844,0,0,7,0,0,7
0,DeathDescription.DECKING,65,58.43997001647949,0,0,7,0,0,7
0,DeathDescription.DECKING,65,45.16005516052246,0,0,7,0,0,7
0,DeathDescription.DECKING,65,54.94403839111328,0,0,7,0,0,7
0,DeathDescription.DECKING,65,41.40949249267578,0,0,7,0,0,7
0,DeathDescription.DECKING,65,40.6496524810791,0,0,7,0,0,7
0,DeathDescription.DECKING,65,46.09870910644531,0,0,7,0,0,7
0,DeathDescription.DECKING,65,56.43320083618164,0,0,7,0,0,7
0,DeathDescription.DECKING,65,62.85667419433594,0,0,7,0,0,7
0,DeathDescription.DECKING,65,60.604095458984375,0,0,7,0,0,7
0,DeathDescription.DECKING,65,82.50737190246582,0,0,7,0,0,7
0,DeathDescription.DECKING,65,55.470943450927734,0,0,7,0,0,7
0,DeathDescription.DECKING,65,51.308393478393555,0,0,7,0,0,7
0,DeathDescription.DECKING,65,40.656089782714844,0,0,7,0,0,7
0,DeathDescription.DECKING,65,60.17255783081055,0,0,7,0,0,7
0,DeathDescription.DECKING,65,51.2547492980957,0,0,7,0,0,7
0,DeathDescription.DECKING,65,40.47036170959473,0,0,7,0,0,7
0,DeathDescription.DECKING,65,46.18573188781738,0,0,7,0,0,7
0,DeathDescription.DECKING,65,51.80168151855469,0,0,7,0,0,7
0,DeathDescription.DECKING,65,39.91556167602539,0,0,7,0,0,7
0,DeathDescription.DECKING,65,44.12961006164551,0,0,7,0,0,7
0,DeathDescription.DECKING,65,65.88387489318848,0,0,7,0,0,7
0,DeathDescription.DECKING,65,48.570871353149414,0,0,7,0,0,7
0,DeathDescription.DECKING,65,40.85397720336914,0,0,7,0,0,7
0,DeathDescription.DECKING,65,41.642189025878906,0,0,7,0,0,7
0,DeathDescription.DECKING,65,62.23344802856445,0,0,7,0,0,7
0,DeathDescription.DECKING,65,46.05841636657715,0,0,7,0,0,7
0,DeathDescription.DECKING,65,41.901588439941406,0,0,7,0,0,7
0,DeathDescription.DECKING,65,42.04201698303223,0,0,7,0,0,7
0,DeathDescription.DECKING,65,58.98642539978027,0,0,7,0,0,7
0,DeathDescription.DECKING,65,51.8190860748291,0,0,7,0,0,7
0,DeathDescription.DECKING,65,42.12808609008789,0,0,7,0,0,7
0,DeathDescription.DECKING,65,60.55927276611328,0,0,7,0,0,7
0,DeathDescription.DECKING,65,49.24154281616211,0,0,7,0,0,7
0,DeathDescription.DECKING,65,54.01921272277832,0,0,7,0,0,7
0,DeathDescription.DECKING,65,54.8405647277832,0,0,7,0,0,7
0,DeathDescription.DECKING,65,39.459943771362305,0,0,7,0,0,7
0,DeathDescription.DECKING,65,40.136098861694336,0,0,7,0,0,7
0,DeathDescription.DECKING,65,46.40054702758789,0,0,7,0,0,7
0,DeathDescription.DECKING,65,52.314043045043945,0,0,7,0,0,7
0,DeathDescription.DECKING,65,45.644521713256836,0,0,7,0,0,7
0,DeathDescription.DECKING,65,60.7914924621582,0,0,7,0,0,7
0,DeathDescription.DECKING,65,59.98563766479492,0,0,7,0,0,7
0,DeathDescription.DECKING,65,42.258501052856445,0,0,7,0,0,7
0,DeathDescription.DECKING,65,85.07513999938965,0,0,7,0,0,7
0,DeathDescription.DECKING,65,54.60691452026367,0,0,7,0,0,7
0,DeathDescription.DECKING,65,73.70209693908691,0,0,7,0,0,7
0,DeathDescription.DECKING,65,40.990591049194336,0,0,7,0,0,7
0,DeathDescription.DECKING,65,52.066802978515625,0,0,7,0,0,7
0,DeathDescription.DECKING,65,39.05439376831055,0,0,7,0,0,7
0,DeathDescription.DECKING,65,39.79611396789551,0,0,7,0,0,7
0,DeathDescription.DECKING,65,63.19880485534668,0,0,7,0,0,7
0,DeathDescription.DECKING,65,41.61334037780762,0,0,7,0,0,7
0,DeathDescription.DECKING,65,49.72124099731445,0,0,7,0,0,7
0,DeathDescription.DECKING,65,44.27194595336914,0,0,7,0,0,7
0,DeathDescription.DECKING,65,40.053367614746094,0,0,7,0,0,7
0,DeathDescription.DECKING,65,67.50249862670898,0,0,7,0,0,7
0,DeathDescription.DECKING,65,66.57838821411133,0,0,7,0,0,7
0,DeathDescription.DECKING,65,39.53123092651367,0,0,7,0,0,7
0,DeathDescription.DECKING,65,61.81621551513672,0,0,7,0,0,7
0,DeathDescription.DECKING,65,51.41854286193848,0,0,7,0,0,7
0,DeathDescription.DECKING,65,75.91390609741211,0,0,7,0,0,7
0,DeathDescription.DECKING,65,57.02662467956543,0,0,7,0,0,7
0,DeathDescription.DECKING,65,48.5072135925293,0,0,7,0,0,7
0,DeathDescription.DECKING,65,40.23933410644531,0,0,7,0,0,7
0,DeathDescription.DECKING,65,46.68855667114258,0,0,7,0,0,7
0,DeathDescription.DECKING,65,51.505088806152344,0,0,7,0,0,7
0,DeathDescription.DECKING,65,67.38448143005371,0,0,7,0,0,7
0,DeathDescription.DECKING,65,63.81821632385254,0,0,7,0,0,7
0,DeathDescription.DECKING,65,48.53034019470215,0,0,7,0,0,7
0,DeathDescription.DECKING,65,58.927297592163086,0,0,7,0,0,7
0,DeathDescription.DECKING,65,42.636871337890625,0,0,7,0,0,7
0,DeathDescription.DECKING,65,55.055856704711914,0,0,7,0,0,7
0,DeathDescription.DECKING,65,58.25328826904297,0,0,7,0,0,7
0,DeathDescription.DECKING,65,65.14167785644531,0,0,7,0,0,7
0,DeathDescription.DECKING,65,52.96063423156738,0,0,7,0,0,7
0,DeathDescription.DECKING,65,61.21397018432617,0,0,7,0,0,7
0,DeathDescription.DECKING,65,43.10035705566406,0,0,7,0,0,7
0,DeathDescription.DECKING,65,73.9133358001709,0,0,7,0,0,7
0,DeathDescription.DECKING,65,74.5229721069336,0,0,7,0,0,7
0,DeathDescription.DECKING,65,63.332557678222656,0,0,7,0,0,7
0,DeathDescription.DECKING,65,77.38018035888672,0,0,7,0,0,7
0,DeathDescription.DECKING,65,67.22712516784668,0,0,7,0,0,7
0,DeathDescription.DECKING,65,54.92520332336426,0,0,7,0,0,7
0,DeathDescription.DECKING,65,73.74334335327148,0,0,7,0,0,7
0,DeathDescription.DECKING,65,47.689199447631836,0,0,7,0,0,7
0,DeathDescription.DECKING,65,66.69449806213379,0,0,7,0,0,7
0,DeathDescription.DECKING,65,74.36609268188477,0,0,7,0,0,7
0,DeathDescription.DECKING,65,65.81878662109375,0,0,7,0,0,7
0,DeathDescription.DECKING,65,43.57004165649414,0,0,7,0,0,7
0,DeathDescription.DECKING,65,55.77397346496582,0,0,7,0,0,7
0,DeathDescription.DECKING,65,45.189619064331055,0,0,7,0,0,7
0,DeathDescription.DECKING,65,62.032222747802734,0,0,7,0,0,7
0,DeathDescription.DECKING,65,40.31205177307129,0,0,7,0,0,7
0,DeathDescription.DECKING,65,55.56774139404297,0,0,7,0,0,7
0,DeathDescription.DECKING,65,50.64535140991211,0,0,7,0,0,7
0,DeathDescription.DECKING,65,63.36045265197754,0,0,7,0,0,7
0,DeathDescription.DECKING,65,42.15645790100098,0,0,7,0,0,7
0,DeathDescription.DECKING,65,68.36581230163574,0,0,7,0,0,7
0,DeathDescription.DECKING,65,63.642024993896484,0,0,7,0,0,7
0,DeathDescription.DECKING,65,46.31805419921875,0,0,7,0,0,7
0,DeathDescription.DECKING,65,41.84269905090332,0,0,7,0,0,7
0,DeathDescription.DECKING,65,54.836273193359375,0,0,7,0,0,7
0,DeathDescription.DECKING,65,48.13718795776367,0,0,7,0,0,7
0,DeathDescription.DECKING,65,46.66709899902344,0,0,7,0,0,7
0,DeathDescription.DECKING,65,40.53044319152832,0,0,7,0,0,7
0,DeathDescription.DECKING,65,66.2832260131836,0,0,7,0,0,7
0,DeathDescription.DECKING,65,66.1473274230957,0,0,7,0,0,7
0,DeathDescription.DECKING,65,54.039716720581055,0,0,7,0,0,7
0,DeathDescription.DECKING,65,43.49875450134277,0,0,7,0,0,7
0,DeathDescription.DECKING,65,57.54709243774414,0,0,7,0,0,7
0,DeathDescription.DECKING,65,52.81257629394531,0,0,7,0,0,7
0,DeathDescription.DECKING,65,52.01077461242676,0,0,7,0,0,7
0,DeathDescription.DECKING,65,53.16162109375,0,0,7,0,0,7
0,DeathDescription.DECKING,65,58.84242057800293,0,0,7,0,0,7
0,DeathDescription.DECKING,65,50.103187561035156,0,0,7,0,0,7
0,DeathDescription.DECKING,65,54.43286895751953,0,0,7,0,0,7
0,DeathDescription.DECKING,65,52.93869972229004,0,0,7,0,0,7
0,DeathDescription.DECKING,65,40.924787521362305,0,0,7,0,0,7
0,DeathDescription.DECKING,65,50.37498474121094,0,0,7,0,0,7
0,DeathDescription.DECKING,65,67.41786003112793,0,0,7,0,0,7
0,DeathDescription.DECKING,65,51.59640312194824,0,0,7,0,0,7
0,DeathDescription.DECKING,65,55.54962158203125,0,0,7,0,0,7
0,DeathDescription.DECKING,65,57.814836502075195,0,0,7,0,0,7
0,DeathDescription.DECKING,65,54.97550964355469,0,0,7,0,0,7
0,DeathDescription.DECKING,65,51.32937431335449,0,0,7,0,0,7
0,DeathDescription.DECKING,65,58.57229232788086,0,0,7,0,0,7
0,DeathDescription.DECKING,65,42.48046875,0,0,7,0,0,7
0,DeathDescription.DECKING,65,51.3300895690918,0,0,7,0,0,7
0,DeathDescription.DECKING,65,39.7183895111084,0,0,7,0,0,7
0,DeathDescription.DECKING,65,41.46218299865723,0,0,7,0,0,7
0,DeathDescription.DECKING,65,45.29094696044922,0,0,7,0,0,7
0,DeathDescription.DECKING,65,62.508344650268555,0,0,7,0,0,7
0,DeathDescription.DECKING,65,62.06178665161133,0,0,7,0,0,7
0,DeathDescription.DECKING,65,39.28518295288086,0,0,7,0,0,7
0,DeathDescription.DECKING,65,56.82086944580078,0,0,7,0,0,7
0,DeathDescription.DECKING,65,49.768686294555664,0,0,7,0,0,7
0,DeathDescription.DECKING,65,60.27793884277344,0,0,7,0,0,7
0,DeathDescription.DECKING,65,53.68542671203613,0,0,7,0,0,7
0,DeathDescription.DECKING,65,53.95674705505371,0,0,7,0,0,7
0,DeathDescription.DECKING,65,46.91338539123535,0,0,7,0,0,7
0,DeathDescription.DECKING,65,51.558732986450195,0,0,7,0,0,7
0,DeathDescription.DECKING,65,46.10705375671387,0,0,7,0,0,7
0,DeathDescription.DECKING,65,38.45548629760742,0,0,7,0,0,7
0,DeathDescription.DECKING,65,68.82929801940918,0,0,7,0,0,7
0,DeathDescription.DECKING,65,51.80191993713379,0,0,7,0,0,7
0,DeathDescription.DECKING,65,49.47090148925781,0,0,7,0,0,7
0,DeathDescription.DECKING,65,45.50933837890625,0,0,7,0,0,7
0,DeathDescription.DECKING,65,39.79682922363281,0,0,7,0,0,7
0,DeathDescription.DECKING,65,59.55982208251953,0,0,7,0,0,7
0,DeathDescription.DECKING,65,40.92764854431152,0,0,7,0,0,7
0,DeathDescription.DECKING,65,60.96196174621582,0,0,7,0,0,7
0,DeathDescription.DECKING,65,39.71982002258301,0,0,7,0,0,7
0,DeathDescription.DECKING,65,59.78131294250488,0,0,7,0,0,7
0,DeathDescription.DECKING,65,57.22332000732422,0,0,7,0,0,7
0,DeathDescription.DECKING,65,56.76126480102539,0,0,7,0,0,7
0,DeathDescription.DECKING,65,53.08842658996582,0,0,7,0,0,7
0,DeathDescription.DECKING,65,73.66108894348145,0,0,7,0,0,7
0,DeathDescription.DECKING,65,46.17667198181152,0,0,7,0,0,7
0,DeathDescription.DECKING,65,50.63438415527344,0,0,7,0,0,7
0,DeathDescription.DECKING,65,45.675039291381836,0,0,7,0,0,7
0,DeathDescription.DECKING,65,50.908803939819336,0,0,7,0,0,7
0,DeathDescription.DECKING,65,61.666011810302734,0,0,7,0,0,7
0,DeathDescription.DECKING,65,41.00775718688965,0,0,7,0,0,7
0,DeathDescription.DECKING,65,50.30989646911621,0,0,7,0,0,7
0,DeathDescription.DECKING,65,55.65929412841797,0,0,7,0,0,7
0,DeathDescription.DECKING,65,60.620784759521484,0,0,7,0,0,7
0,DeathDescription.DECKING,65,61.45167350769043,0,0,7,0,0,7
0,DeathDescription.DECKING,65,59.827566146850586,0,0,7,0,0,7
0,DeathDescription.DECKING,65,40.06385803222656,0,0,7,0,0,7
0,DeathDescription.DECKING,65,69.88215446472168,0,0,7,0,0,7
0,DeathDescription.DECKING,65,62.35194206237793,0,0,7,0,0,7
0,DeathDescription.DECKING,65,57.1897029876709,0,0,7,0,0,7
0,DeathDescription.DECKING,65,46.750783920288086,0,0,7,0,0,7
0,DeathDescription.DECKING,65,56.964874267578125,0,0,7,0,0,7
0,DeathDescription.DECKING,65,42.664289474487305,0,0,7,0,0,7
0,DeathDescription.DECKING,65,63.84849548339844,0,0,7,0,0,7
0,DeathDescription.DECKING,65,48.08926582336426,0,0,7,0,0,7
0,DeathDescription.DECKING,65,50.46796798706055,0,0,7,0,0,7
0,DeathDescription.DECKING,65,66.0240650177002,0,0,7,0,0,7
0,DeathDescription.DECKING,65,62.19792366027832,0,0,7,0,0,7
0,DeathDescription.DECKING,65,50.72355270385742,0,0,7,0,0,7
0,DeathDescription.DECKING,65,63.446760177612305,0,0,7,0,0,7
0,DeathDescription.DECKING,65,44.501304626464844,0,0,7,0,0,7
0,DeathDescription.DECKING,65,53.96389961242676,0,0,7,0,0,7
0,DeathDescription.DECKING,65,42.284488677978516,0,0,7,0,0,7
0,DeathDescription.DECKING,65,44.35467720031738,0,0,7,0,0,7
0,DeathDescription.DECKING,65,57.297706604003906,0,0,7,0,0,7
0,DeathDescription.DECKING,65,50.97079277038574,0,0,7,0,0,7
0,DeathDescription.DECKING,65,54.418325424194336,0,0,7,0,0,7
0,DeathDescription.DECKING,65,49.05438423156738,0,0,7,0,0,7
0,DeathDescription.DECKING,65,56.468963623046875,0,0,7,0,0,7
0,DeathDescription.DECKING,65,67.74425506591797,0,0,7,0,0,7
0,DeathDescription.DECKING,65,57.46865272521973,0,0,7,0,0,7
0,DeathDescription.DECKING,65,40.51542282104492,0,0,7,0,0,7
0,DeathDescription.DECKING,65,62.93797492980957,0,0,7,0,0,7
0,DeathDescription.DECKING,65,73.90379905700684,0,0,7,0,0,7
0,DeathDescription.DECKING,65,58.35771560668945,0,0,7,0,0,7
0,DeathDescription.DECKING,65,51.07617378234863,0,0,7,0,0,7
0,DeathDescription.DECKING,65,52.65402793884277,0,0,7,0,0,7
0,DeathDescription.DECKING,65,72.50547409057617,0,0,7,0,0,7
0,DeathDescription.DECKING,65,54.11362648010254,0,0,7,0,0,7
0,DeathDescription.DECKING,65,58.33292007446289,0,0,7,0,0,7
0,DeathDescription.DECKING,65,66.22958183288574,0,0,7,0,0,7
0,DeathDescription.DECKING,65,50.872087478637695,0,0,7,0,0,7
0,DeathDescription.DECKING,65,40.114641189575195,0,0,7,0,0,7
0,DeathDescription.DECKING,65,50.09913444519043,0,0,7,0,0,7
0,DeathDescription.DECKING,65,51.43380165100098,0,0,7,0,0,7
0,DeathDescription.DECKING,65,47.116994857788086,0,0,7,0,0,7
0,DeathDescription.DECKING,65,71.44761085510254,0,0,7,0,0,7
0,DeathDescription.DECKING,65,57.6932430267334,0,0,7,0,0,7
0,DeathDescription.DECKING,65,43.00999641418457,0,0,7,0,0,7
0,DeathDescription.DECKING,65,58.734893798828125,0,0,7,0,0,7
0,DeathDescription.DECKING,65,52.02317237854004,0,0,7,0,0,7
0,DeathDescription.DECKING,65,57.626962661743164,0,0,7,0,0,7
0,DeathDescription.DECKING,65,50.237417221069336,0,0,7,0,0,7
0,DeathDescription.DECKING,65,55.405378341674805,0,0,7,0,0,7
0,DeathDescription.DECKING,65,47.710418701171875,0,0,7,0,0,7
0,DeathDescription.DECKING,65,54.75306510925293,0,0,7,0,0,7
0,DeathDescription.DECKING,65,63.16637992858887,0,0,7,0,0,7
0,DeathDescription.DECKING,65,54.666996002197266,0,0,7,0,0,7
0,DeathDescription.DECKING,65,59.22365188598633,0,0,7,0,0,7
0,DeathDescription.DECKING,65,73.70758056640625,0,0,7,0,0,7
0,DeathDescription.DECKING,65,40.245771408081055,0,0,7,0,0,7
0,DeathDescription.DECKING,65,70.6019401550293,0,0,7,0,0,7
0,DeathDescription.DECKING,65,61.70535087585449,0,0,7,0,0,7
0,DeathDescription.DECKING,65,56.36239051818848,0,0,7,0,0,7
0,DeathDescription.DECKING,65,48.32148551940918,0,0,7,0,0,7
0,DeathDescription.DECKING,65,82.4427604675293,0,0,7,0,0,7
0,DeathDescription.DECKING,65,43.630361557006836,0,0,7,0,0,7
0,DeathDescription.DECKING,65,61.80596351623535,0,0,7,0,0,7
0,DeathDescription.DECKING,65,47.342538833618164,0,0,7,0,0,7
0,DeathDescription.DECKING,65,52.69956588745117,0,0,7,0,0,7
0,DeathDescription.DECKING,65,42.77372360229492,0,0,7,0,0,7
0,DeathDescription.DECKING,65,124.33958053588867,0,0,7,0,0,7
0,DeathDescription.DECKING,65,56.67924880981445,0,0,7,0,0,7
0,DeathDescription.DECKING,65,44.6321964263916,0,0,7,0,0,7
0,DeathDescription.DECKING,65,62.11066246032715,0,0,7,0,0,7
0,DeathDescription.DECKING,65,55.64260482788086,0,0,7,0,0,7
0,DeathDescription.DECKING,65,46.98467254638672,0,0,7,0,0,7
0,DeathDescription.DECKING,65,60.14680862426758,0,0,7,0,0,7
0,DeathDescription.DECKING,65,55.8314323425293,0,0,7,0,0,7
0,DeathDescription.DECKING,65,53.72333526611328,0,0,7,0,0,7
0,DeathDescription.DECKING,65,52.43563652038574,0,0,7,0,0,7
0,DeathDescription.DECKING,65,40.99297523498535,0,0,7,0,0,7
0,DeathDescription.DECKING,65,40.66729545593262,0,0,7,0,0,7
0,DeathDescription.DECKING,65,52.033424377441406,0,0,7,0,0,7
0,DeathDescription.DECKING,65,59.7987174987793,0,0,7,0,0,7
0,DeathDescription.DECKING,65,69.1840648651123,0,0,7,0,0,7
0,DeathDescription.DECKING,65,40.968894958496094,0,0,7,0,0,7
0,DeathDescription.DECKING,65,59.29875373840332,0,0,7,0,0,7
0,DeathDescription.DECKING,65,45.2885627746582,0,0,7,0,0,7
0,DeathDescription.DECKING,65,55.640220642089844,0,0,7,0,0,7
0,DeathDescription.DECKING,65,48.046112060546875,0,0,7,0,0,7
0,DeathDescription.DECKING,65,68.71747970581055,0,0,7,0,0,7
0,DeathDescription.DECKING,65,41.08929634094238,0,0,7,0,0,7
0,DeathDescription.DECKING,65,59.7689151763916,0,0,7,0,0,7
0,DeathDescription.DECKING,65,62.12186813354492,0,0,7,0,0,7
0,DeathDescription.DECKING,65,57.775020599365234,0,0,7,0,0,7
0,DeathDescription.DECKING,65,51.339149475097656,0,0,7,0,0,7
0,DeathDescription.DECKING,65,58.77995491027832,0,0,7,0,0,7
0,DeathDescription.DECKING,65,41.10836982727051,0,0,7,0,0,7
0,DeathDescription.DECKING,65,63.225746154785156,0,0,7,0,0,7
0,DeathDescription.DECKING,65,47.315120697021484,0,0,7,0,0,7
0,DeathDescription.DECKING,65,66.76006317138672,0,0,7,0,0,7
0,DeathDescription.DECKING,65,61.213016510009766,0,0,7,0,0,7
0,DeathDescription.DECKING,65,56.33139610290527,0,0,7,0,0,7
0,DeathDescription.DECKING,65,40.44175148010254,0,0,7,0,0,7
0,DeathDescription.DECKING,65,62.02077865600586,0,0,7,0,0,7
0,DeathDescription.DECKING,65,55.19700050354004,0,0,7,0,0,7
0,DeathDescription.DECKING,65,43.34449768066406,0,0,7,0,0,7
0,DeathDescription.DECKING,65,68.35317611694336,0,0,7,0,0,7
0,DeathDescription.DECKING,65,57.09505081176758,0,0,7,0,0,7
0,DeathDescription.DECKING,65,40.80629348754883,0,0,7,0,0,7
0,DeathDescription.DECKING,65,44.977426528930664,0,0,7,0,0,7
0,DeathDescription.DECKING,65,60.32276153564453,0,0,7,0,0,7
0,DeathDescription.DECKING,65,40.49801826477051,0,0,7,0,0,7
0,DeathDescription.DECKING,65,54.30865287780762,0,0,7,0,0,7
0,DeathDescription.DECKING,65,51.087379455566406,0,0,7,0,0,7
0,DeathDescription.DECKING,65,67.86537170410156,0,0,7,0,0,7
0,DeathDescription.DECKING,65,49.568891525268555,0,0,7,0,0,7
0,DeathDescription.DECKING,65,60.0743293762207,0,0,7,0,0,7
0,DeathDescription.DECKING,65,41.779518127441406,0,0,7,0,0,7
0,DeathDescription.DECKING,65,57.58500099182129,0,0,7,0,0,7
0,DeathDescription.DECKING,65,44.76451873779297,0,0,7,0,0,7
0,DeathDescription.DECKING,65,53.45487594604492,0,0,7,0,0,7
0,DeathDescription.DECKING,65,69.10371780395508,0,0,7,0,0,7
0,DeathDescription.DECKING,65,73.15468788146973,0,0,7,0,0,7
0,DeathDescription.DECKING,65,44.57902908325195,0,0,7,0,0,7
0,DeathDescription.DECKING,65,57.22188949584961,0,0,7,0,0,7
0,DeathDescription.DECKING,65,51.99003219604492,0,0,7,0,0,7
0,DeathDescription.DECKING,65,57.706356048583984,0,0,7,0,0,7
0,DeathDescription.DECKING,65,50.512075424194336,0,0,7,0,0,7
0,DeathDescription.DECKING,65,50.963401794433594,0,0,7,0,0,7
0,DeathDescription.DECKING,65,72.44014739990234,0,0,7,0,0,7
0,DeathDescription.DECKING,65,53.74336242675781,0,0,7,0,0,7
0,DeathDescription.DECKING,65,66.97630882263184,0,0,7,0,0,7
0,DeathDescription.DECKING,65,51.58543586730957,0,0,7,0,0,7
0,DeathDescription.DECKING,65,61.406850814819336,0,0,7,0,0,7
0,DeathDescription.DECKING,65,49.89981651306152,0,0,7,0,0,7
0,DeathDescription.DECKING,65,55.950164794921875,0,0,7,0,0,7
0,DeathDescription.DECKING,65,59.78584289550781,0,0,7,0,0,7
0,DeathDescription.DECKING,65,41.16010665893555,0,0,7,0,0,7
0,DeathDescription.DECKING,65,59.917449951171875,0,0,7,0,0,7
0,DeathDescription.DECKING,65,64.1164779663086,0,0,7,0,0,7
0,DeathDescription.DECKING,65,55.05251884460449,0,0,7,0,0,7
0,DeathDescription.DECKING,65,60.764312744140625,0,0,7,0,0,7
0,DeathDescription.DECKING,65,59.82708930969238,0,0,7,0,0,7
0,DeathDescription.DECKING,65,46.12421989440918,0,0,7,0,0,7
0,DeathDescription.DECKING,65,69.4270133972168,0,0,7,0,0,7
0,DeathDescription.DECKING,65,59.4325065612793,0,0,7,0,0,7
0,DeathDescription.DECKING,65,70.85418701171875,0,0,7,0,0,7
0,DeathDescription.DECKING,65,46.61989212036133,0,0,7,0,0,7
0,DeathDescription.DECKING,65,69.2436695098877,0,0,7,0,0,7
0,DeathDescription.DECKING,65,58.728694915771484,0,0,7,0,0,7
0,DeathDescription.DECKING,65,62.36767768859863,0,0,7,0,0,7
0,DeathDescription.DECKING,65,46.08035087585449,0,0,7,0,0,7
0,DeathDescription.DECKING,65,62.26801872253418,0,0,7,0,0,7
0,DeathDescription.DECKING,65,40.49873352050781,0,0,7,0,0,7
0,DeathDescription.DECKING,65,52.14428901672363,0,0,7,0,0,7
0,DeathDescription.DECKING,65,57.41524696350098,0,0,7,0,0,7
0,DeathDescription.DECKING,65,78.20606231689453,0,0,7,0,0,7
0,DeathDescription.DECKING,65,44.25311088562012,0,0,7,0,0,7
0,DeathDescription.DECKING,65,65.51980972290039,0,0,7,0,0,7
0,DeathDescription.DECKING,65,44.562578201293945,0,0,7,0,0,7
0,DeathDescription.DECKING,65,57.760000228881836,0,0,7,0,0,7
0,DeathDescription.DECKING,65,48.853397369384766,0,0,7,0,0,7
0,DeathDescription.DECKING,65,60.811758041381836,0,0,7,0,0,7
0,DeathDescription.DECKING,65,61.93971633911133,0,0,7,0,0,7
0,DeathDescription.DECKING,65,67.23189353942871,0,0,7,0,0,7
0,DeathDescription.DECKING,65,67.36016273498535,0,0,7,0,0,7
0,DeathDescription.DECKING,65,63.88688087463379,0,0,7,0,0,7
0,DeathDescription.DECKING,65,61.45787239074707,0,0,7,0,0,7
0,DeathDescription.DECKING,65,54.69202995300293,0,0,7,0,0,7
0,DeathDescription.DECKING,65,42.40131378173828,0,0,7,0,0,7
0,DeathDescription.DECKING,65,56.746482849121094,0,0,7,0,0,7
0,DeathDescription.DECKING,65,57.2359561920166,0,0,7,0,0,7
0,DeathDescription.DECKING,65,47.65129089355469,0,0,7,0,0,7
0,DeathDescription.DECKING,65,60.02473831176758,0,0,7,0,0,7
0,DeathDescription.DECKING,65,40.06171226501465,0,0,7,0,0,7
0,DeathDescription.DECKING,65,69.90885734558105,0,0,7,0,0,7
0,DeathDescription.DECKING,65,45.64094543457031,0,0,7,0,0,7
0,DeathDescription.DECKING,65,52.716970443725586,0,0,7,0,0,7
0,DeathDescription.DECKING,65,64.1474723815918,0,0,7,0,0,7
0,DeathDescription.DECKING,65,63.28749656677246,0,0,7,0,0,7
0,DeathDescription.DECKING,65,48.928260803222656,0,0,7,0,0,7
0,DeathDescription.DECKING,65,64.6657943725586,0,0,7,0,0,7
0,DeathDescription.DECKING,65,64.39399719238281,0,0,7,0,0,7
0,DeathDescription.DECKING,65,50.90451240539551,0,0,7,0,0,7
0,DeathDescription.DECKING,65,54.18753623962402,0,0,7,0,0,7
0,DeathDescription.DECKING,65,56.27179145812988,0,0,7,0,0,7
0,DeathDescription.DECKING,65,45.8221435546875,0,0,7,0,0,7
0,DeathDescription.DECKING,65,51.69868469238281,0,0,7,0,0,7
0,DeathDescription.DECKING,65,43.992042541503906,0,0,7,0,0,7
0,DeathDescription.DECKING,65,62.163352966308594,0,0,7,0,0,7
0,DeathDescription.DECKING,65,64.36014175415039,0,0,7,0,0,7
0,DeathDescription.DECKING,65,50.8885383605957,0,0,7,0,0,7
0,DeathDescription.DECKING,65,69.64612007141113,0,0,7,0,0,7
0,DeathDescription.DECKING,65,51.35154724121094,0,0,7,0,0,7
0,DeathDescription.DECKING,65,54.62026596069336,0,0,7,0,0,7
0,DeathDescription.DECKING,65,44.8460578918457,0,0,7,0,0,7
0,DeathDescription.DECKING,65,45.39942741394043,0,0,7,0,0,7
0,DeathDescription.DECKING,65,57.14821815490723,0,0,7,0,0,7
0,DeathDescription.DECKING,65,43.20263862609863,0,0,7,0,0,7
0,DeathDescription.DECKING,65,52.231550216674805,0,0,7,0,0,7
0,DeathDescription.DECKING,65,49.25727844238281,0,0,7,0,0,7
0,DeathDescription.DECKING,65,63.028573989868164,0,0,7,0,0,7
0,DeathDescription.DECKING,65,39.42298889160156,0,0,7,0,0,7
0,DeathDescription.DECKING,65,56.749582290649414,0,0,7,0,0,7
0,DeathDescription.DECKING,65,42.8614616394043,0,0,7,0,0,7
0,DeathDescription.DECKING,65,45.6995964050293,0,0,7,0,0,7
0,DeathDescription.DECKING,65,62.154531478881836,0,0,7,0,0,7
0,DeathDescription.DECKING,65,62.117576599121094,0,0,7,0,0,7
0,DeathDescription.DECKING,65,58.586835861206055,0,0,7,0,0,7
0,DeathDescription.DECKING,65,48.90727996826172,0,0,7,0,0,7
0,DeathDescription.DECKING,65,47.042131423950195,0,0,7,0,0,7
0,DeathDescription.DECKING,65,50.00758171081543,0,0,7,0,0,7
0,DeathDescription.DECKING,65,40.36355018615723,0,0,7,0,0,7
0,DeathDescription.DECKING,65,61.42163276672363,0,0,7,0,0,7
0,DeathDescription.DECKING,65,59.638261795043945,0,0,7,0,0,7
0,DeathDescription.DECKING,65,61.54823303222656,0,0,7,0,0,7
0,DeathDescription.DECKING,65,49.30758476257324,0,0,7,0,0,7
0,DeathDescription.DECKING,65,61.03682518005371,0,0,7,0,0,7
0,DeathDescription.DECKING,65,47.46222496032715,0,0,7,0,0,7
0,DeathDescription.DECKING,65,73.38881492614746,0,0,7,0,0,7
0,DeathDescription.DECKING,65,47.318458557128906,0,0,7,0,0,7
0,DeathDescription.DECKING,65,54.868221282958984,0,0,7,0,0,7
0,DeathDescription.DECKING,65,51.47528648376465,0,0,7,0,0,7
0,DeathDescription.DECKING,65,54.31652069091797,0,0,7,0,0,7
0,DeathDescription.DECKING,65,42.505741119384766,0,0,7,0,0,7
0,DeathDescription.DECKING,65,41.08881950378418,0,0,7,0,0,7
0,DeathDescription.DECKING,65,64.65864181518555,0,0,7,0,0,7
0,DeathDescription.DECKING,65,45.42422294616699,0,0,7,0,0,7
0,DeathDescription.DECKING,65,52.71339416503906,0,0,7,0,0,7
0,DeathDescription.DECKING,65,43.61724853515625,0,0,7,0,0,7
0,DeathDescription.DECKING,65,41.35489463806152,0,0,7,0,0,7
0,DeathDescription.DECKING,65,60.58454513549805,0,0,7,0,0,7
0,DeathDescription.DECKING,65,53.70759963989258,0,0,7,0,0,7
0,DeathDescription.DECKING,65,55.53102493286133,0,0,7,0,0,7
0,DeathDescription.DECKING,65,45.35245895385742,0,0,7,0,0,7
0,DeathDescription.DECKING,65,48.75826835632324,0,0,7,0,0,7
0,DeathDescription.DECKING,65,48.195838928222656,0,0,7,0,0,7
0,DeathDescription.DECKING,65,40.83371162414551,0,0,7,0,0,7
0,DeathDescription.DECKING,65,51.305532455444336,0,0,7,0,0,7
0,DeathDescription.DECKING,65,45.41301727294922,0,0,7,0,0,7
0,DeathDescription.DECKING,65,64.4068717956543,0,0,7,0,0,7
0,DeathDescription.DECKING,65,79.58054542541504,0,0,7,0,0,7
0,DeathDescription.DECKING,65,47.32251167297363,0,0,7,0,0,7
0,DeathDescription.DECKING,65,86.70592308044434,0,0,7,0,0,7
0,DeathDescription.DECKING,65,61.12861633300781,0,0,7,0,0,7
0,DeathDescription.DECKING,65,61.646223068237305,0,0,7,0,0,7
0,DeathDescription.DECKING,65,46.529531478881836,0,0,7,0,0,7
0,DeathDescription.DECKING,65,66.1780834197998,0,0,7,0,0,7
0,DeathDescription.DECKING,65,50.72164535522461,0,0,7,0,0,7
0,DeathDescription.DECKING,65,60.65034866333008,0,0,7,0,0,7
0,DeathDescription.DECKING,65,40.08007049560547,0,0,7,0,0,7
0,DeathDescription.DECKING,65,57.04903602600098,0,0,7,0,0,7
0,DeathDescription.DECKING,65,42.894601821899414,0,0,7,0,0,7
0,DeathDescription.DECKING,65,57.96957015991211,0,0,7,0,0,7
0,DeathDescription.DECKING,65,59.697628021240234,0,0,7,0,0,7
0,DeathDescription.DECKING,65,53.70211601257324,0,0,7,0,0,7
0,DeathDescription.DECKING,65,53.414106369018555,0,0,7,0,0,7
0,DeathDescription.DECKING,65,52.77562141418457,0,0,7,0,0,7
0,DeathDescription.DECKING,65,57.49702453613281,0,0,7,0,0,7
0,DeathDescription.DECKING,65,66.14518165588379,0,0,7,0,0,7
0,DeathDescription.DECKING,65,47.69444465637207,0,0,7,0,0,7
0,DeathDescription.DECKING,65,57.88230895996094,0,0,7,0,0,7
0,DeathDescription.DECKING,65,62.06703186035156,0,0,7,0,0,7
0,DeathDescription.DECKING,65,58.118581771850586,0,0,7,0,0,7
0,DeathDescription.DECKING,65,62.69693374633789,0,0,7,0,0,7
0,DeathDescription.DECKING,65,64.71109390258789,0,0,7,0,0,7
0,DeathDescription.DECKING,65,40.73977470397949,0,0,7,0,0,7
0,DeathDescription.DECKING,65,64.26239013671875,0,0,7,0,0,7
0,DeathDescription.DECKING,65,42.530059814453125,0,0,7,0,0,7
0,DeathDescription.DECKING,65,69.59176063537598,0,0,7,0,0,7
0,DeathDescription.DECKING,65,52.63400077819824,0,0,7,0,0,7
0,DeathDescription.DECKING,65,51.19609832763672,0,0,7,0,0,7
0,DeathDescription.DECKING,65,47.036170959472656,0,0,7,0,0,7
0,DeathDescription.DECKING,65,41.95117950439453,0,0,7,0,0,7
0,DeathDescription.DECKING,65,70.80221176147461,0,0,7,0,0,7
0,DeathDescription.DECKING,65,60.67776679992676,0,0,7,0,0,7
0,DeathDescription.DECKING,65,66.9257640838623,0,0,7,0,0,7
0,DeathDescription.DECKING,65,43.207406997680664,0,0,7,0,0,7
0,DeathDescription.DECKING,65,64.19062614440918,0,0,7,0,0,7
0,DeathDescription.DECKING,65,54.273128509521484,0,0,7,0,0,7
0,DeathDescription.DECKING,65,54.75449562072754,0,0,7,0,0,7
0,DeathDescription.DECKING,65,56.9918155670166,0,0,7,0,0,7
0,DeathDescription.DECKING,65,60.77718734741211,0,0,7,0,0,7
0,DeathDescription.DECKING,65,54.16607856750488,0,0,7,0,0,7
0,DeathDescription.DECKING,65,62.024593353271484,0,0,7,0,0,7
0,DeathDescription.DECKING,65,44.173240661621094,0,0,7,0,0,7
0,DeathDescription.DECKING,65,56.891679763793945,0,0,7,0,0,7
0,DeathDescription.DECKING,65,48.64907264709473,0,0,7,0,0,7
0,DeathDescription.DECKING,65,56.694746017456055,0,0,7,0,0,7
0,DeathDescription.DECKING,65,48.30479621887207,0,0,7,0,0,7
0,DeathDescription.DECKING,65,64.06617164611816,0,0,7,0,0,7
0,DeathDescription.DECKING,65,39.504289627075195,0,0,7,0,0,7
0,DeathDescription.DECKING,65,62.042951583862305,0,0,7,0,0,7
0,DeathDescription.DECKING,65,41.605472564697266,0,0,7,0,0,7
0,DeathDescription.DECKING,65,54.31795120239258,0,0,7,0,0,7
0,DeathDescription.DECKING,65,51.18751525878906,0,0,7,0,0,7
0,DeathDescription.DECKING,65,51.85055732727051,0,0,7,0,0,7
0,DeathDescription.DECKING,65,68.99690628051758,0,0,7,0,0,7
0,DeathDescription.DECKING,65,72.73340225219727,0,0,7,0,0,7
0,DeathDescription.DECKING,65,40.79174995422363,0,0,7,0,0,7
0,DeathDescription.DECKING,65,52.81853675842285,0,0,7,0,0,7
0,DeathDescription.DECKING,65,42.67597198486328,0,0,7,0,0,7
0,DeathDescription.DECKING,65,45.0434684753418,0,0,7,0,0,7
0,DeathDescription.DECKING,65,67.77501106262207,0,0,7,0,0,7
0,DeathDescription.DECKING,65,50.6136417388916,0,0,7,0,0,7
0,DeathDescription.DECKING,65,65.5066967010498,0,0,7,0,0,7
0,DeathDescription.DECKING,65,40.65656661987305,0,0,7,0,0,7
0,DeathDescription.DECKING,65,53.08938026428223,0,0,7,0,0,7
0,DeathDescription.DECKING,65,55.75299263000488,0,0,7,0,0,7
0,DeathDescription.DECKING,65,52.34169960021973,0,0,7,0,0,7
0,DeathDescription.DECKING,65,45.28093338012695,0,0,7,0,0,7
0,DeathDescription.DECKING,65,49.25036430358887,0,0,7,0,0,7
0,DeathDescription.DECKING,65,49.89027976989746,0,0,7,0,0,7
0,DeathDescription.DECKING,65,47.6679801940918,0,0,7,0,0,7
0,DeathDescription.DECKING,65,39.940595626831055,0,0,7,0,0,7
0,DeathDescription.DECKING,65,59.42654609680176,0,0,7,0,0,7
0,DeathDescription.DECKING,65,49.49688911437988,0,0,7,0,0,7
0,DeathDescription.DECKING,65,57.87801742553711,0,0,7,0,0,7
0,DeathDescription.DECKING,65,53.51591110229492,0,0,7,0,0,7
0,DeathDescription.DECKING,65,64.1181468963623,0,0,7,0,0,7
0,DeathDescription.DECKING,65,41.03994369506836,0,0,7,0,0,7
0,DeathDescription.DECKING,65,63.445329666137695,0,0,7,0,0,7
0,DeathDescription.DECKING,65,40.89856147766113,0,0,7,0,0,7
0,DeathDescription.DECKING,65,53.870439529418945,0,0,7,0,0,7
0,DeathDescription.DECKING,65,41.88275337219238,0,0,7,0,0,7
0,DeathDescription.DECKING,65,71.61808013916016,0,0,7,0,0,7
0,DeathDescription.DECKING,65,62.44540214538574,0,0,7,0,0,7
0,DeathDescription.DECKING,65,53.609371185302734,0,0,7,0,0,7
0,DeathDescription.DECKING,65,47.139883041381836,0,0,7,0,0,7
0,DeathDescription.DECKING,65,41.506052017211914,0,0,7,0,0,7
0,DeathDescription.DECKING,65,41.17846488952637,0,0,7,0,0,7
0,DeathDescription.DECKING,65,68.63760948181152,0,0,7,0,0,7
0,DeathDescription.DECKING,65,42.20771789550781,0,0,7,0,0,7
0,DeathDescription.DECKING,65,64.96977806091309,0,0,7,0,0,7
0,DeathDescription.DECKING,65,40.65728187561035,0,0,7,0,0,7
0,DeathDescription.DECKING,65,49.78489875793457,0,0,7,0,0,7
0,DeathDescription.DECKING,65,51.27263069152832,0,0,7,0,0,7
0,DeathDescription.DECKING,65,43.03908348083496,0,0,7,0,0,7
0,DeathDescription.DECKING,65,47.54757881164551,0,0,7,0,0,7
0,DeathDescription.DECKING,65,44.6314811706543,0,0,7,0,0,7
0,DeathDescription.DECKING,65,61.27047538757324,0,0,7,0,0,7
0,DeathDescription.DECKING,65,40.54880142211914,0,0,7,0,0,7
0,DeathDescription.DECKING,65,57.29222297668457,0,0,7,0,0,7
0,DeathDescription.DECKING,65,51.369428634643555,0,0,7,0,0,7
0,DeathDescription.DECKING,65,52.59823799133301,0,0,7,0,0,7
0,DeathDescription.DECKING,65,48.63882064819336,0,0,7,0,0,7
0,DeathDescription.DECKING,65,51.23281478881836,0,0,7,0,0,7
0,DeathDescription.DECKING,65,60.22477149963379,0,0,7,0,0,7
0,DeathDescription.DECKING,65,46.64039611816406,0,0,7,0,0,7
0,DeathDescription.DECKING,65,52.64472961425781,0,0,7,0,0,7
0,DeathDescription.DECKING,65,39.876699447631836,0,0,7,0,0,7
0,DeathDescription.DECKING,65,50.745487213134766,0,0,7,0,0,7
0,DeathDescription.DECKING,65,43.845176696777344,0,0,7,0,0,7
0,DeathDescription.DECKING,65,51.62167549133301,0,0,7,0,0,7
0,DeathDescription.DECKING,65,48.51555824279785,0,0,7,0,0,7
0,DeathDescription.DECKING,65,56.40268325805664,0,0,7,0,0,7
0,DeathDescription.DECKING,65,50.98986625671387,0,0,7,0,0,7
0,DeathDescription.DECKING,65,39.53266143798828,0,0,7,0,0,7
0,DeathDescription.DECKING,65,51.094770431518555,0,0,7,0,0,7
0,DeathDescription.DECKING,65,43.78843307495117,0,0,7,0,0,7
0,DeathDescription.DECKING,65,55.36794662475586,0,0,7,0,0,7
0,DeathDescription.DECKING,65,53.73811721801758,0,0,7,0,0,7
0,DeathDescription.DECKING,65,46.03886604309082,0,0,7,0,0,7
0,DeathDescription.DECKING,65,40.37308692932129,0,0,7,0,0,7
0,DeathDescription.DECKING,65,64.87154960632324,0,0,7,0,0,7
0,DeathDescription.DECKING,65,44.81816291809082,0,0,7,0,0,7
0,DeathDescription.DECKING,65,46.9212532043457,0,0,7,0,0,7
0,DeathDescription.DECKING,65,68.56942176818848,0,0,7,0,0,7
0,DeathDescription.DECKING,65,45.647621154785156,0,0,7,0,0,7
0,DeathDescription.DECKING,65,73.32158088684082,0,0,7,0,0,7
0,DeathDescription.DECKING,65,50.01258850097656,0,0,7,0,0,7
0,DeathDescription.DECKING,65,42.21057891845703,0,0,7,0,0,7
0,DeathDescription.DECKING,65,39.37864303588867,0,0,7,0,0,7
0,DeathDescription.DECKING,65,54.0318489074707,0,0,7,0,0,7
0,DeathDescription.DECKING,65,42.456626892089844,0,0,7,0,0,7
0,DeathDescription.DECKING,65,41.9011116027832,0,0,7,0,0,7
0,DeathDescription.DECKING,65,61.14602088928223,0,0,7,0,0,7
0,DeathDescription.DECKING,65,47.585248947143555,0,0,7,0,0,7
0,DeathDescription.DECKING,65,61.31911277770996,0,0,7,0,0,7
0,DeathDescription.DECKING,65,60.231685638427734,0,0,7,0,0,7
0,DeathDescription.DECKING,65,42.51742362976074,0,0,7,0,0,7
0,DeathDescription.DECKING,65,60.46581268310547,0,0,7,0,0,7
0,DeathDescription.DECKING,65,50.92573165893555,0,0,7,0,0,7
0,DeathDescription.DECKING,65,61.058759689331055,0,0,7,0,0,7
0,DeathDescription.DECKING,65,50.27174949645996,0,0,7,0,0,7
0,DeathDescription.DECKING,65,50.230979919433594,0,0,7,0,0,7
0,DeathDescription.DECKING,65,42.40584373474121,0,0,7,0,0,7
0,DeathDescription.DECKING,65,39.441585540771484,0,0,7,0,0,7
0,DeathDescription.DECKING,65,76.28417015075684,0,0,7,0,0,7
0,DeathDescription.DECKING,65,45.330047607421875,0,0,7,0,0,7
0,DeathDescription.DECKING,65,64.05138969421387,0,0,7,0,0,7
0,DeathDescription.DECKING,65,50.525665283203125,0,0,7,0,0,7
0,DeathDescription.DECKING,65,50.147056579589844,0,0,7,0,0,7
0,DeathDescription.DECKING,65,45.73512077331543,0,0,7,0,0,7
0,DeathDescription.DECKING,65,40.14468193054199,0,0,7,0,0,7
0,DeathDescription.DECKING,65,64.66341018676758,0,0,7,0,0,7
0,DeathDescription.DECKING,65,49.89886283874512,0,0,7,0,0,7
0,DeathDescription.DECKING,65,53.05600166320801,0,0,7,0,0,7
0,DeathDescription.DECKING,65,50.45032501220703,0,0,7,0,0,7
0,DeathDescription.DECKING,65,48.24113845825195,0,0,7,0,0,7
0,DeathDescription.DECKING,65,72.19862937927246,0,0,7,0,0,7
0,DeathDescription.DECKING,65,53.51376533508301,0,0,7,0,0,7
0,DeathDescription.DECKING,65,53.873538970947266,0,0,7,0,0,7
0,DeathDescription.DECKING,65,60.466766357421875,0,0,7,0,0,7
0,DeathDescription.DECKING,65,39.568424224853516,0,0,7,0,0,7
0,DeathDescription.DECKING,65,48.429012298583984,0,0,7,0,0,7
0,DeathDescription.DECKING,65,49.275875091552734,0,0,7,0,0,7
0,DeathDescription.DECKING,65,44.654130935668945,0,0,7,0,0,7
0,DeathDescription.DECKING,65,72.44634628295898,0,0,7,0,0,7
0,DeathDescription.DECKING,65,45.94302177429199,0,0,7,0,0,7
0,DeathDescription.DECKING,65,53.11894416809082,0,0,7,0,0,7
0,DeathDescription.DECKING,65,42.7248477935791,0,0,7,0,0,7
0,DeathDescription.DECKING,65,45.14193534851074,0,0,7,0,0,7
0,DeathDescription.DECKING,65,50.2619743347168,0,0,7,0,0,7
0,DeathDescription.DECKING,65,77.35180854797363,0,0,7,0,0,7
0,DeathDescription.DECKING,65,56.41674995422363,0,0,7,0,0,7
0,DeathDescription.DECKING,65,51.66816711425781,0,0,7,0,0,7
0,DeathDescription.DECKING,65,62.70742416381836,0,0,7,0,0,7
0,DeathDescription.DECKING,65,45.89247703552246,0,0,7,0,0,7
0,DeathDescription.DECKING,65,59.12637710571289,0,0,7,0,0,7
0,DeathDescription.DECKING,65,46.46492004394531,0,0,7,0,0,7
0,DeathDescription.DECKING,65,47.119140625,0,0,7,0,0,7
0,DeathDescription.DECKING,65,45.3953742980957,0,0,7,0,0,7
0,DeathDescription.DECKING,65,40.47203063964844,0,0,7,0,0,7
0,DeathDescription.DECKING,65,60.26291847229004,0,0,7,0,0,7
0,DeathDescription.DECKING,65,47.242164611816406,0,0,7,0,0,7
0,DeathDescription.DECKING,65,56.93936347961426,0,0,7,0,0,7
0,DeathDescription.DECKING,65,39.97802734375,0,0,7,0,0,7
0,DeathDescription.DECKING,65,41.93687438964844,0,0,7,0,0,7
0,DeathDescription.DECKING,65,67.65055656433105,0,0,7,0,0,7
0,DeathDescription.DECKING,65,60.35161018371582,0,0,7,0,0,7
0,DeathDescription.DECKING,65,39.6878719329834,0,0,7,0,0,7
0,DeathDescription.DECKING,65,68.63236427307129,0,0,7,0,0,7
0,DeathDescription.DECKING,65,44.913530349731445,0,0,7,0,0,7
0,DeathDescription.DECKING,65,53.96699905395508,0,0,7,0,0,7
0,DeathDescription.DECKING,65,58.52556228637695,0,0,7,0,0,7
0,DeathDescription.DECKING,65,81.98189735412598,0,0,7,0,0,7
0,DeathDescription.DECKING,65,39.86787796020508,0,0,7,0,0,7
0,DeathDescription.DECKING,65,61.734676361083984,0,0,7,0,0,7
0,DeathDescription.DECKING,65,47.438621520996094,0,0,7,0,0,7
0,DeathDescription.DECKING,65,72.95775413513184,0,0,7,0,0,7
0,DeathDescription.DECKING,65,38.59424591064453,0,0,7,0,0,7
0,DeathDescription.DECKING,65,53.92289161682129,0,0,7,0,0,7
0,DeathDescription.DECKING,65,44.501543045043945,0,0,7,0,0,7
0,DeathDescription.DECKING,65,47.93190956115723,0,0,7,0,0,7
0,DeathDescription.DECKING,65,64.44716453552246,0,0,7,0,0,7
0,DeathDescription.DECKING,65,41.240692138671875,0,0,7,0,0,7
0,DeathDescription.DECKING,65,61.11598014831543,0,0,7,0,0,7
0,DeathDescription.DECKING,65,42.80543327331543,0,0,7,0,0,7
0,DeathDescription.DECKING,65,79.4367790222168,0,0,7,0,0,7
0,DeathDescription.DECKING,65,44.13914680480957,0,0,7,0,0,7
0,DeathDescription.DECKING,65,54.21948432922363,0,0,7,0,0,7
0,DeathDescription.DECKING,65,51.48792266845703,0,0,7,0,0,7
0,DeathDescription.DECKING,65,60.112953186035156,0,0,7,0,0,7
0,DeathDescription.DECKING,65,55.3438663482666,0,0,7,0,0,7
0,DeathDescription.DECKING,65,64.92996215820312,0,0,7,0,0,7
0,DeathDescription.DECKING,65,45.088768005371094,0,0,7,0,0,7
0,DeathDescription.DECKING,65,50.125837326049805,0,0,7,0,0,7
0,DeathDescription.DECKING,65,60.361385345458984,0,0,7,0,0,7
0,DeathDescription.DECKING,65,79.62727546691895,0,0,7,0,0,7
0,DeathDescription.DECKING,65,55.76491355895996,0,0,7,0,0,7
0,DeathDescription.DECKING,65,50.165414810180664,0,0,7,0,0,7
0,DeathDescription.DECKING,65,50.80413818359375,0,0,7,0,0,7
0,DeathDescription.DECKING,65,54.82316017150879,0,0,7,0,0,7
0,DeathDescription.DECKING,65,40.56262969970703,0,0,7,0,0,7
0,DeathDescription.DECKING,65,43.90573501586914,0,0,7,0,0,7
0,DeathDescription.DECKING,65,59.74006652832031,0,0,7,0,0,7
0,DeathDescription.DECKING,65,40.741920471191406,0,0,7,0,0,7
0,DeathDescription.DECKING,65,49.326181411743164,0,0,7,0,0,7
0,DeathDescription.DECKING,65,46.27799987792969,0,0,7,0,0,7
0,DeathDescription.DECKING,65,40.67373275756836,0,0,7,0,0,7
0,DeathDescription.DECKING,65,57.1904182434082,0,0,7,0,0,7
0,DeathDescription.DECKING,65,43.47085952758789,0,0,7,0,0,7
0,DeathDescription.DECKING,65,60.35566329956055,0,0,7,0,0,7
0,DeathDescription.DECKING,65,46.356201171875,0,0,7,0,0,7
0,DeathDescription.DECKING,65,39.925336837768555,0,0,7,0,0,7
0,DeathDescription.DECKING,65,39.698123931884766,0,0,7,0,0,7
0,DeathDescription.DECKING,65,56.288719177246094,0,0,7,0,0,7
0,DeathDescription.DECKING,65,46.75126075744629,0,0,7,0,0,7
0,DeathDescription.DECKING,65,42.105913162231445,0,0,7,0,0,7
0,DeathDescription.DECKING,65,57.48558044433594,0,0,7,0,0,7
0,DeathDescription.DECKING,65,41.982173919677734,0,0,7,0,0,7
0,DeathDescription.DECKING,65,56.764841079711914,0,0,7,0,0,7
0,DeathDescription.DECKING,65,53.43508720397949,0,0,7,0,0,7
0,DeathDescription.DECKING,65,52.465200424194336,0,0,7,0,0,7
0,DeathDescription.DECKING,65,38.94829750061035,0,0,7,0,0,7
0,DeathDescription.DECKING,65,60.430049896240234,0,0,7,0,0,7
0,DeathDescription.DECKING,65,54.633378982543945,0,0,7,0,0,7
0,DeathDescription.DECKING,65,44.57259178161621,0,0,7,0,0,7
0,DeathDescription.DECKING,65,63.7211799621582,0,0,7,0,0,7
0,DeathDescription.DECKING,65,42.597055435180664,0,0,7,0,0,7
0,DeathDescription.DECKING,65,65.34862518310547,0,0,7,0,0,7
0,DeathDescription.DECKING,65,66.90168380737305,0,0,7,0,0,7
0,DeathDescription.DECKING,65,59.609174728393555,0,0,7,0,0,7
0,DeathDescription.DECKING,65,45.139312744140625,0,0,7,0,0,7
0,DeathDescription.DECKING,65,53.128957748413086,0,0,7,0,0,7
0,DeathDescription.DECKING,65,39.638519287109375,0,0,7,0,0,7
0,DeathDescription.DECKING,65,41.29672050476074,0,0,7,0,0,7
0,DeathDescription.DECKING,65,59.61203575134277,0,0,7,0,0,7
0,DeathDescription.DECKING,65,77.72541046142578,0,0,7,0,0,7
0,DeathDescription.DECKING,65,52.50859260559082,0,0,7,0,0,7
0,DeathDescription.DECKING,65,44.6627140045166,0,0,7,0,0,7
0,DeathDescription.DECKING,65,44.614315032958984,0,0,7,0,0,7
0,DeathDescription.DECKING,65,59.796810150146484,0,0,7,0,0,7
0,DeathDescription.DECKING,65,58.0449104309082,0,0,7,0,0,7
0,DeathDescription.DECKING,65,53.29442024230957,0,0,7,0,0,7
0,DeathDescription.DECKING,65,59.0362548828125,0,0,7,0,0,7
0,DeathDescription.DECKING,65,63.68422508239746,0,0,7,0,0,7
0,DeathDescription.DECKING,65,51.04422569274902,0,0,7,0,0,7
0,DeathDescription.DECKING,65,51.65266990661621,0,0,7,0,0,7
0,DeathDescription.DECKING,65,45.29118537902832,0,0,7,0,0,7
0,DeathDescription.DECKING,65,46.90980911254883,0,0,7,0,0,7
0,DeathDescription.DECKING,65,55.20439147949219,0,0,7,0,0,7
0,DeathDescription.DECKING,65,52.112579345703125,0,0,7,0,0,7
0,DeathDescription.DECKING,65,58.3493709564209,0,0,7,0,0,7
0,DeathDescription.DECKING,65,40.67635536193848,0,0,7,0,0,7
0,DeathDescription.DECKING,65,41.46313667297363,0,0,7,0,0,7
0,DeathDescription.DECKING,65,60.67705154418945,0,0,7,0,0,7
0,DeathDescription.DECKING,65,51.06067657470703,0,0,7,0,0,7
0,DeathDescription.DECKING,65,63.23838233947754,0,0,7,0,0,7
0,DeathDescription.DECKING,65,52.59084701538086,0,0,7,0,0,7
0,DeathDescription.DECKING,65,72.3264217376709,0,0,7,0,0,7
0,DeathDescription.DECKING,65,39.92891311645508,0,0,7,0,0,7
0,DeathDescription.DECKING,65,51.51772499084473,0,0,7,0,0,7
0,DeathDescription.DECKING,65,52.5975227355957,0,0,7,0,0,7
0,DeathDescription.DECKING,65,53.490400314331055,0,0,7,0,0,7
0,DeathDescription.DECKING,65,51.305532455444336,0,0,7,0,0,7
0,DeathDescription.DECKING,65,55.982351303100586,0,0,7,0,0,7
0,DeathDescription.DECKING,65,61.68556213378906,0,0,7,0,0,7
0,DeathDescription.DECKING,65,72.8464126586914,0,0,7,0,0,7
0,DeathDescription.DECKING,65,43.137311935424805,0,0,7,0,0,7
0,DeathDescription.DECKING,65,64.51749801635742,0,0,7,0,0,7
0,DeathDescription.DECKING,65,52.72483825683594,0,0,7,0,0,7
0,DeathDescription.DECKING,65,68.66645812988281,0,0,7,0,0,7
0,DeathDescription.DECKING,65,56.7479133605957,0,0,7,0,0,7
0,DeathDescription.DECKING,65,67.79885292053223,0,0,7,0,0,7
0,DeathDescription.DECKING,65,50.99129676818848,0,0,7,0,0,7
0,DeathDescription.DECKING,65,45.02391815185547,0,0,7,0,0,7
0,DeathDescription.DECKING,65,62.84832954406738,0,0,7,0,0,7
0,DeathDescription.DECKING,65,65.74654579162598,0,0,7,0,0,7
0,DeathDescription.DECKING,65,45.20249366760254,0,0,7,0,0,7
0,DeathDescription.DECKING,65,56.40816688537598,0,0,7,0,0,7
0,DeathDescription.DECKING,65,55.75847625732422,0,0,7,0,0,7
0,DeathDescription.DECKING,65,66.64681434631348,0,0,7,0,0,7
0,DeathDescription.DECKING,65,47.66345024108887,0,0,7,0,0,7
0,DeathDescription.DECKING,65,58.667659759521484,0,0,7,0,0,7
0,DeathDescription.DECKING,65,51.26810073852539,0,0,7,0,0,7
0,DeathDescription.DECKING,65,52.999019622802734,0,0,7,0,0,7
0,DeathDescription.DECKING,65,42.05489158630371,0,0,7,0,0,7
0,DeathDescription.DECKING,65,44.849395751953125,0,0,7,0,0,7
0,DeathDescription.DECKING,65,70.47843933105469,0,0,7,0,0,7
0,DeathDescription.DECKING,65,55.23180961608887,0,0,7,0,0,7
0,DeathDescription.DECKING,65,73.71640205383301,0,0,7,0,0,7
0,DeathDescription.DECKING,65,45.32599449157715,0,0,7,0,0,7
0,DeathDescription.DECKING,65,48.87580871582031,0,0,7,0,0,7
0,DeathDescription.DECKING,65,39.86859321594238,0,0,7,0,0,7
0,DeathDescription.DECKING,65,53.93362045288086,0,0,7,0,0,7
0,DeathDescription.DECKING,65,57.67059326171875,0,0,7,0,0,7
0,DeathDescription.DECKING,65,66.2844181060791,0,0,7,0,0,7
0,DeathDescription.DECKING,65,49.425601959228516,0,0,7,0,0,7
0,DeathDescription.DECKING,65,64.15891647338867,0,0,7,0,0,7
0,DeathDescription.DECKING,65,50.91977119445801,0,0,7,0,0,7
0,DeathDescription.DECKING,65,46.919822692871094,0,0,7,0,0,7
0,DeathDescription.DECKING,65,56.89120292663574,0,0,7,0,0,7
0,DeathDescription.DECKING,65,57.187795639038086,0,0,7,0,0,7
0,DeathDescription.DECKING,65,40.88902473449707,0,0,7,0,0,7
0,DeathDescription.DECKING,65,41.910648345947266,0,0,7,0,0,7
0,DeathDescription.DECKING,65,51.630496978759766,0,0,7,0,0,7
0,DeathDescription.DECKING,65,65.0932788848877,0,0,7,0,0,7
0,DeathDescription.DECKING,65,56.63919448852539,0,0,7,0,0,7
0,DeathDescription.DECKING,65,67.69299507141113,0,0,7,0,0,7
0,DeathDescription.DECKING,65,50.9035587310791,0,0,7,0,0,7
0,DeathDescription.DECKING,65,63.7059211730957,0,0,7,0,0,7
0,DeathDescription.DECKING,65,47.81675338745117,0,0,7,0,0,7
0,DeathDescription.DECKING,65,40.15159606933594,0,0,7,0,0,7
0,DeathDescription.DECKING,65,40.02046585083008,0,0,7,0,0,7
0,DeathDescription.DECKING,65,56.59127235412598,0,0,7,0,0,7
0,DeathDescription.DECKING,65,47.81961441040039,0,0,7,0,0,7
0,DeathDescription.DECKING,65,64.15939331054688,0,0,7,0,0,7
0,DeathDescription.DECKING,65,43.381690979003906,0,0,7,0,0,7
0,DeathDescription.DECKING,65,57.68418312072754,0,0,7,0,0,7
0,DeathDescription.DECKING,65,52.03819274902344,0,0,7,0,0,7
0,DeathDescription.DECKING,65,83.82630348205566,0,0,7,0,0,7
0,DeathDescription.DECKING,65,62.95514106750488,0,0,7,0,0,7
0,DeathDescription.DECKING,65,51.79548263549805,0,0,7,0,0,7
0,DeathDescription.DECKING,65,56.43868446350098,0,0,7,0,0,7
0,DeathDescription.DECKING,65,60.970306396484375,0,0,7,0,0,7
0,DeathDescription.DECKING,65,40.53092002868652,0,0,7,0,0,7
0,DeathDescription.DECKING,65,61.81955337524414,0,0,7,0,0,7
0,DeathDescription.DECKING,65,41.33272171020508,0,0,7,0,0,7
0,DeathDescription.DECKING,65,60.379743576049805,0,0,7,0,0,7
0,DeathDescription.DECKING,65,54.506778717041016,0,0,7,0,0,7
0,DeathDescription.DECKING,65,46.94819450378418,0,0,7,0,0,7
0,DeathDescription.DECKING,65,57.13629722595215,0,0,7,0,0,7
0,DeathDescription.DECKING,65,50.841331481933594,0,0,7,0,0,7
0,DeathDescription.DECKING,65,48.52461814880371,0,0,7,0,0,7
0,DeathDescription.DECKING,65,40.657758712768555,0,0,7,0,0,7
0,DeathDescription.DECKING,65,65.34457206726074,0,0,7,0,0,7
0,DeathDescription.DECKING,65,39.513349533081055,0,0,7,0,0,7
0,DeathDescription.DECKING,65,61.884403228759766,0,0,7,0,0,7
0,DeathDescription.DECKING,65,59.20529365539551,0,0,7,0,0,7
0,DeathDescription.DECKING,65,69.94962692260742,0,0,7,0,0,7
0,DeathDescription.DECKING,65,58.91275405883789,0,0,7,0,0,7
0,DeathDescription.DECKING,65,64.63050842285156,0,0,7,0,0,7
0,DeathDescription.DECKING,65,45.5470085144043,0,0,7,0,0,7
0,DeathDescription.DECKING,65,64.7127628326416,0,0,7,0,0,7
0,DeathDescription.DECKING,65,41.37921333312988,0,0,7,0,0,7
0,DeathDescription.DECKING,65,55.815696716308594,0,0,7,0,0,7
0,DeathDescription.DECKING,65,58.228492736816406,0,0,7,0,0,7
0,DeathDescription.DECKING,65,60.45985221862793,0,0,7,0,0,7
0,DeathDescription.DECKING,65,47.14798927307129,0,0,7,0,0,7
0,DeathDescription.DECKING,65,52.33025550842285,0,0,7,0,0,7
0,DeathDescription.DECKING,65,40.42220115661621,0,0,7,0,0,7
0,DeathDescription.DECKING,65,39.57843780517578,0,0,7,0,0,7
0,DeathDescription.DECKING,65,65.26398658752441,0,0,7,0,0,7
0,DeathDescription.DECKING,65,42.440176010131836,0,0,7,0,0,7
0,DeathDescription.DECKING,65,51.738739013671875,0,0,7,0,0,7
0,DeathDescription.DECKING,65,42.63496398925781,0,0,7,0,0,7
0,DeathDescription.DECKING,65,54.27408218383789,0,0,7,0,0,7
0,DeathDescription.DECKING,65,49.176931381225586,0,0,7,0,0,7
0,DeathDescription.DECKING,65,47.844886779785156,0,0,7,0,0,7
0,DeathDescription.DECKING,65,46.40626907348633,0,0,7,0,0,7
0,DeathDescription.DECKING,65,59.63468551635742,0,0,7,0,0,7
0,DeathDescription.DECKING,65,54.20279502868652,0,0,7,0,0,7
0,DeathDescription.DECKING,65,55.58037757873535,0,0,7,0,0,7
0,DeathDescription.DECKING,65,40.85874557495117,0,0,7,0,0,7
0,DeathDescription.DECKING,65,50.09198188781738,0,0,7,0,0,7
0,DeathDescription.DECKING,65,52.57296562194824,0,0,7,0,0,7
0,DeathDescription.DECKING,65,56.319236755371094,0,0,7,0,0,7
0,DeathDescription.DECKING,65,59.89503860473633,0,0,7,0,0,7
0,DeathDescription.DECKING,65,41.214704513549805,0,0,7,0,0,7
0,DeathDescription.DECKING,65,49.096107482910156,0,0,7,0,0,7
0,DeathDescription.DECKING,65,42.40012168884277,0,0,7,0,0,7
0,DeathDescription.DECKING,65,53.44033241271973,0,0,7,0,0,7
0,DeathDescription.DECKING,65,56.98680877685547,0,0,7,0,0,7
0,DeathDescription.DECKING,65,48.599958419799805,0,0,7,0,0,7
0,DeathDescription.DECKING,65,45.10855674743652,0,0,7,0,0,7
0,DeathDescription.DECKING,65,43.55216026306152,0,0,7,0,0,7
0,DeathDescription.DECKING,65,58.556556701660156,0,0,7,0,0,7
0,DeathDescription.DECKING,65,53.29108238220215,0,0,7,0,0,7
0,DeathDescription.DECKING,65,46.45943641662598,0,0,7,0,0,7
0,DeathDescription.DECKING,65,56.951284408569336,0,0,7,0,0,7
0,DeathDescription.DECKING,65,53.290367126464844,0,0,7,0,0,7
0,DeathDescription.DECKING,65,43.343305587768555,0,0,7,0,0,7
0,DeathDescription.DECKING,65,41.543006896972656,0,0,7,0,0,7
0,DeathDescription.DECKING,65,49.93891716003418,0,0,7,0,0,7
0,DeathDescription.DECKING,65,46.82636260986328,0,0,7,0,0,7
0,DeathDescription.DECKING,65,48.4158992767334,0,0,7,0,0,7
0,DeathDescription.DECKING,65,95.0469970703125,0,0,7,0,0,7
0,DeathDescription.DECKING,65,82.32426643371582,0,0,7,0,0,7
0,DeathDescription.DECKING,65,40.05885124206543,0,0,7,0,0,7
0,DeathDescription.DECKING,65,59.52620506286621,0,0,7,0,0,7
0,DeathDescription.DECKING,65,47.60098457336426,0,0,7,0,0,7
0,DeathDescription.DECKING,65,69.24986839294434,0,0,7,0,0,7
0,DeathDescription.DECKING,65,49.68571662902832,0,0,7,0,0,7
0,DeathDescription.DECKING,65,87.15629577636719,0,0,7,0,0,7
0,DeathDescription.DECKING,65,88.34671974182129,0,0,7,0,0,7
0,DeathDescription.DECKING,65,63.12251091003418,0,0,7,0,0,7
0,DeathDescription.DECKING,65,56.09869956970215,0,0,7,0,0,7
0,DeathDescription.DECKING,65,76.62749290466309,0,0,7,0,0,7
0,DeathDescription.DECKING,65,43.34521293640137,0,0,7,0,0,7
0,DeathDescription.DECKING,65,67.78740882873535,0,0,7,0,0,7
0,DeathDescription.DECKING,65,99.99752044677734,0,0,7,0,0,7
0,DeathDescription.DECKING,65,97.99432754516602,0,0,7,0,0,7
0,DeathDescription.DECKING,65,63.802242279052734,0,0,7,0,0,7
0,DeathDescription.DECKING,65,84.73396301269531,0,0,7,0,0,7
0,DeathDescription.DECKING,65,47.109127044677734,0,0,7,0,0,7
0,DeathDescription.DECKING,65,57.39164352416992,0,0,7,0,0,7
0,DeathDescription.DECKING,65,58.62116813659668,0,0,7,0,0,7
0,DeathDescription.DECKING,65,53.30085754394531,0,0,7,0,0,7
0,DeathDescription.DECKING,65,60.582637786865234,0,0,7,0,0,7
0,DeathDescription.DECKING,65,65.30404090881348,0,0,7,0,0,7
0,DeathDescription.DECKING,65,51.46074295043945,0,0,7,0,0,7
0,DeathDescription.DECKING,65,50.55856704711914,0,0,7,0,0,7
0,DeathDescription.DECKING,65,75.26969909667969,0,0,7,0,0,7
0,DeathDescription.DECKING,65,43.01619529724121,0,0,7,0,0,7
0,DeathDescription.DECKING,65,63.71164321899414,0,0,7,0,0,7
0,DeathDescription.DECKING,65,61.156272888183594,0,0,7,0,0,7
0,DeathDescription.DECKING,65,46.21148109436035,0,0,7,0,0,7
0,DeathDescription.DECKING,65,61.05208396911621,0,0,7,0,0,7
0,DeathDescription.DECKING,65,40.3895378112793,0,0,7,0,0,7
0,DeathDescription.DECKING,65,47.499656677246094,0,0,7,0,0,7
0,DeathDescription.DECKING,65,47.89543151855469,0,0,7,0,0,7
0,DeathDescription.DECKING,65,43.35427284240723,0,0,7,0,0,7
0,DeathDescription.DECKING,65,54.88777160644531,0,0,7,0,0,7
0,DeathDescription.DECKING,65,56.15544319152832,0,0,7,0,0,7
0,DeathDescription.DECKING,65,62.96062469482422,0,0,7,0,0,7
0,DeathDescription.DECKING,65,50.299882888793945,0,0,7,0,0,7
0,DeathDescription.DECKING,65,56.16426467895508,0,0,7,0,0,7
0,DeathDescription.DECKING,65,45.182228088378906,0,0,7,0,0,7
0,DeathDescription.DECKING,65,59.67903137207031,0,0,7,0,0,7
0,DeathDescription.DECKING,65,62.91484832763672,0,0,7,0,0,7
0,DeathDescription.DECKING,65,60.3327751159668,0,0,7,0,0,7
0,DeathDescription.DECKING,65,54.320573806762695,0,0,7,0,0,7
0,DeathDescription.DECKING,65,50.8730411529541,0,0,7,0,0,7
0,DeathDescription.DECKING,65,47.05619812011719,0,0,7,0,0,7
0,DeathDescription.DECKING,65,41.28718376159668,0,0,7,0,0,7
0,DeathDescription.DECKING,65,61.226844787597656,0,0,7,0,0,7
0,DeathDescription.DECKING,65,46.500444412231445,0,0,7,0,0,7
0,DeathDescription.DECKING,65,65.33551216125488,0,0,7,0,0,7
0,DeathDescription.DECKING,65,42.450904846191406,0,0,7,0,0,7
0,DeathDescription.DECKING,65,48.25139045715332,0,0,7,0,0,7
0,DeathDescription.DECKING,65,51.6054630279541,0,0,7,0,0,7
0,DeathDescription.DECKING,65,52.78420448303223,0,0,7,0,0,7
0,DeathDescription.DECKING,65,47.814369201660156,0,0,7,0,0,7
0,DeathDescription.DECKING,65,61.84196472167969,0,0,7,0,0,7
0,DeathDescription.DECKING,65,57.41310119628906,0,0,7,0,0,7
0,DeathDescription.DECKING,65,44.226884841918945,0,0,7,0,0,7
0,DeathDescription.DECKING,65,49.98493194580078,0,0,7,0,0,7
0,DeathDescription.DECKING,65,52.22964286804199,0,0,7,0,0,7
0,DeathDescription.DECKING,65,83.70804786682129,0,0,7,0,0,7
0,DeathDescription.DECKING,65,82.45658874511719,0,0,7,0,0,7
0,DeathDescription.DECKING,65,77.84175872802734,0,0,7,0,0,7
0,DeathDescription.DECKING,65,74.9976634979248,0,0,7,0,0,7
0,DeathDescription.DECKING,65,62.12735176086426,0,0,7,0,0,7
0,DeathDescription.DECKING,65,56.287527084350586,0,0,7,0,0,7
0,DeathDescription.DECKING,65,71.03967666625977,0,0,7,0,0,7
0,DeathDescription.DECKING,65,66.42961502075195,0,0,7,0,0,7
0,DeathDescription.DECKING,65,89.38360214233398,0,0,7,0,0,7
0,DeathDescription.DECKING,65,48.92706871032715,0,0,7,0,0,7
0,DeathDescription.DECKING,65,53.01356315612793,0,0,7,0,0,7
0,DeathDescription.DECKING,65,56.71811103820801,0,0,7,0,0,7
0,DeathDescription.DECKING,65,55.19533157348633,0,0,7,0,0,7
0,DeathDescription.DECKING,65,67.05951690673828,0,0,7,0,0,7
0,DeathDescription.DECKING,65,74.84126091003418,0,0,7,0,0,7
0,DeathDescription.DECKING,65,60.746192932128906,0,0,7,0,0,7
0,DeathDescription.DECKING,65,61.688899993896484,0,0,7,0,0,7
0,DeathDescription.DECKING,65,43.8227653503418,0,0,7,0,0,7
0,DeathDescription.DECKING,65,76.18594169616699,0,0,7,0,0,7
0,DeathDescription.DECKING,65,73.93598556518555,0,0,7,0,0,7
0,DeathDescription.DECKING,65,65.77324867248535,0,0,7,0,0,7
0,DeathDescription.DECKING,65,58.13884735107422,0,0,7,0,0,7
0,DeathDescription.DECKING,65,54.00395393371582,0,0,7,0,0,7
0,DeathDescription.DECKING,65,42.02914237976074,0,0,7,0,0,7
0,DeathDescription.DECKING,65,49.076080322265625,0,0,7,0,0,7
0,DeathDescription.DECKING,65,73.34327697753906,0,0,7,0,0,7
0,DeathDescription.DECKING,65,54.373979568481445,0,0,7,0,0,7
0,DeathDescription.DECKING,65,71.12240791320801,0,0,7,0,0,7
0,DeathDescription.DECKING,65,58.49480628967285,0,0,7,0,0,7
0,DeathDescription.DECKING,65,57.87539482116699,0,0,7,0,0,7
0,DeathDescription.DECKING,65,42.42658615112305,0,0,7,0,0,7
0,DeathDescription.DECKING,65,55.41372299194336,0,0,7,0,0,7
0,DeathDescription.DECKING,65,56.73503875732422,0,0,7,0,0,7
0,DeathDescription.DECKING,65,48.12955856323242,0,0,7,0,0,7
0,DeathDescription.DECKING,65,54.865360260009766,0,0,7,0,0,7
0,DeathDescription.DECKING,65,68.46141815185547,0,0,7,0,0,7
0,DeathDescription.DECKING,65,50.23956298828125,0,0,7,0,0,7
0,DeathDescription.DECKING,65,69.79751586914062,0,0,7,0,0,7
0,DeathDescription.DECKING,65,51.36919021606445,0,0,7,0,0,7
0,DeathDescription.DECKING,65,61.0806941986084,0,0,7,0,0,7
0,DeathDescription.DECKING,65,56.617021560668945,0,0,7,0,0,7
0,DeathDescription.DECKING,65,60.17279624938965,0,0,7,0,0,7
0,DeathDescription.DECKING,65,39.69740867614746,0,0,7,0,0,7
0,DeathDescription.DECKING,65,43.7014102935791,0,0,7,0,0,7
0,DeathDescription.DECKING,65,60.289621353149414,0,0,7,0,0,7
0,DeathDescription.DECKING,65,64.45908546447754,0,0,7,0,0,7
0,DeathDescription.DECKING,65,53.23219299316406,0,0,7,0,0,7
0,DeathDescription.DECKING,65,68.20440292358398,0,0,7,0,0,7
0,DeathDescription.DECKING,65,47.638654708862305,0,0,7,0,0,7
0,DeathDescription.DECKING,65,57.25836753845215,0,0,7,0,0,7
0,DeathDescription.DECKING,65,46.50688171386719,0,0,7,0,0,7
0,DeathDescription.DECKING,65,49.529075622558594,0,0,7,0,0,7
0,DeathDescription.DECKING,65,40.28773307800293,0,0,7,0,0,7
0,DeathDescription.DECKING,65,39.78252410888672,0,0,7,0,0,7
0,DeathDescription.DECKING,65,67.9938793182373,0,0,7,0,0,7
0,DeathDescription.DECKING,65,45.961618423461914,0,0,7,0,0,7
0,DeathDescription.DECKING,65,111.46092414855957,0,0,7,0,0,7
0,DeathDescription.DECKING,65,47.93977737426758,0,0,7,0,0,7
0,DeathDescription.DECKING,65,55.66549301147461,0,0,7,0,0,7
0,DeathDescription.DECKING,65,52.826642990112305,0,0,7,0,0,7
0,DeathDescription.DECKING,65,83.92000198364258,0,0,7,0,0,7
0,DeathDescription.DECKING,65,38.14196586608887,0,0,7,0,0,7
0,DeathDescription.DECKING,65,65.51432609558105,0,0,7,0,0,7
0,DeathDescription.DECKING,65,43.45417022705078,0,0,7,0,0,7
0,DeathDescription.DECKING,65,57.5718879699707,0,0,7,0,0,7
0,DeathDescription.DECKING,65,43.67971420288086,0,0,7,0,0,7
0,DeathDescription.DECKING,65,49.9727725982666,0,0,7,0,0,7
0,DeathDescription.DECKING,65,44.515132904052734,0,0,7,0,0,7
0,DeathDescription.DECKING,65,49.276113510131836,0,0,7,0,0,7
0,DeathDescription.DECKING,65,62.763214111328125,0,0,7,0,0,7
0,DeathDescription.DECKING,65,72.75247573852539,0,0,7,0,0,7
0,DeathDescription.DECKING,65,65.96565246582031,0,0,7,0,0,7
0,DeathDescription.DECKING,65,68.54557991027832,0,0,7,0,0,7
0,DeathDescription.DECKING,65,64.2247200012207,0,0,7,0,0,7
0,DeathDescription.DECKING,65,65.27590751647949,0,0,7,0,0,7
0,DeathDescription.DECKING,65,55.6178092956543,0,0,7,0,0,7
0,DeathDescription.DECKING,65,50.301313400268555,0,0,7,0,0,7
0,DeathDescription.DECKING,65,54.90756034851074,0,0,7,0,0,7
0,DeathDescription.DECKING,65,42.772531509399414,0,0,7,0,0,7
0,DeathDescription.DECKING,65,42.27614402770996,0,0,7,0,0,7
0,DeathDescription.DECKING,65,80.31201362609863,0,0,7,0,0,7
0,DeathDescription.DECKING,65,41.02826118469238,0,0,7,0,0,7
0,DeathDescription.DECKING,65,63.68851661682129,0,0,7,0,0,7
0,DeathDescription.DECKING,65,63.28725814819336,0,0,7,0,0,7
0,DeathDescription.DECKING,65,51.4988899230957,0,0,7,0,0,7
0,DeathDescription.DECKING,65,44.15440559387207,0,0,7,0,0,7
0,DeathDescription.DECKING,65,44.62575912475586,0,0,7,0,0,7
0,DeathDescription.DECKING,65,61.31768226623535,0,0,7,0,0,7
0,DeathDescription.DECKING,65,46.211957931518555,0,0,7,0,0,7
0,DeathDescription.DECKING,65,71.84362411499023,0,0,7,0,0,7
0,DeathDescription.DECKING,65,48.169612884521484,0,0,7,0,0,7
0,DeathDescription.DECKING,65,56.960344314575195,0,0,7,0,0,7
0,DeathDescription.DECKING,65,40.78531265258789,0,0,7,0,0,7
0,DeathDescription.DECKING,65,41.54801368713379,0,0,7,0,0,7
0,DeathDescription.DECKING,65,48.955440521240234,0,0,7,0,0,7
0,DeathDescription.DECKING,65,50.71687698364258,0,0,7,0,0,7
0,DeathDescription.DECKING,65,42.07158088684082,0,0,7,0,0,7
0,DeathDescription.DECKING,65,92.97966957092285,0,0,7,0,0,7
0,DeathDescription.DECKING,65,42.91510581970215,0,0,7,0,0,7
0,DeathDescription.DECKING,65,71.48575782775879,0,0,7,0,0,7
0,DeathDescription.DECKING,65,43.456315994262695,0,0,7,0,0,7
0,DeathDescription.DECKING,65,65.15240669250488,0,0,7,0,0,7
0,DeathDescription.DECKING,65,57.824134826660156,0,0,7,0,0,7
0,DeathDescription.DECKING,65,58.150291442871094,0,0,7,0,0,7
0,DeathDescription.DECKING,65,40.2522087097168,0,0,7,0,0,7
0,DeathDescription.DECKING,65,44.544219970703125,0,0,7,0,0,7
0,DeathDescription.DECKING,65,50.4450798034668,0,0,7,0,0,7
0,DeathDescription.DECKING,65,41.00298881530762,0,0,7,0,0,7
0,DeathDescription.DECKING,65,52.02460289001465,0,0,7,0,0,7
0,DeathDescription.DECKING,65,54.41689491271973,0,0,7,0,0,7
0,DeathDescription.DECKING,65,40.21859169006348,0,0,7,0,0,7
0,DeathDescription.DECKING,65,39.5047664642334,0,0,7,0,0,7
0,DeathDescription.DECKING,65,60.88900566101074,0,0,7,0,0,7
0,DeathDescription.DECKING,65,45.5021858215332,0,0,7,0,0,7
0,DeathDescription.DECKING,65,56.57005310058594,0,0,7,0,0,7
0,DeathDescription.DECKING,65,63.80963325500488,0,0,7,0,0,7
0,DeathDescription.DECKING,65,50.902366638183594,0,0,7,0,0,7
0,DeathDescription.DECKING,65,63.793182373046875,0,0,7,0,0,7
0,DeathDescription.DECKING,65,51.97572708129883,0,0,7,0,0,7
0,DeathDescription.DECKING,65,62.29448318481445,0,0,7,0,0,7
0,DeathDescription.DECKING,65,41.36037826538086,0,0,7,0,0,7
0,DeathDescription.DECKING,65,58.60447883605957,0,0,7,0,0,7
0,DeathDescription.DECKING,65,52.208662033081055,0,0,7,0,0,7
0,DeathDescription.DECKING,65,59.85450744628906,0,0,7,0,0,7
0,DeathDescription.DECKING,65,50.946950912475586,0,0,7,0,0,7
0,DeathDescription.DECKING,65,66.15018844604492,0,0,7,0,0,7
0,DeathDescription.DECKING,65,49.657344818115234,0,0,7,0,0,7
0,DeathDescription.DECKING,65,58.6092472076416,0,0,7,0,0,7
0,DeathDescription.DECKING,65,48.63691329956055,0,0,7,0,0,7
0,DeathDescription.DECKING,65,61.351776123046875,0,0,7,0,0,7
0,DeathDescription.DECKING,65,42.04535484313965,0,0,7,0,0,7
0,DeathDescription.DECKING,65,51.80621147155762,0,0,7,0,0,7
0,DeathDescription.DECKING,65,43.23601722717285,0,0,7,0,0,7
0,DeathDescription.DECKING,65,50.653696060180664,0,0,7,0,0,7
0,DeathDescription.DECKING,65,59.43131446838379,0,0,7,0,0,7
0,DeathDescription.DECKING,65,46.062469482421875,0,0,7,0,0,7
0,DeathDescription.DECKING,65,61.13266944885254,0,0,7,0,0,7
0,DeathDescription.DECKING,65,47.79529571533203,0,0,7,0,0,7
0,DeathDescription.DECKING,65,65.37461280822754,0,0,7,0,0,7
0,DeathDescription.DECKING,65,41.109323501586914,0,0,7,0,0,7
0,DeathDescription.DECKING,65,49.68667030334473,0,0,7,0,0,7
0,DeathDescription.DECKING,65,42.11711883544922,0,0,7,0,0,7
0,DeathDescription.DECKING,65,43.012142181396484,0,0,7,0,0,7
0,DeathDescription.DECKING,65,66.87045097351074,0,0,7,0,0,7
0,DeathDescription.DECKING,65,62.03150749206543,0,0,7,0,0,7
0,DeathDescription.DECKING,65,52.80876159667969,0,0,7,0,0,7
0,DeathDescription.DECKING,65,66.64085388183594,0,0,7,0,0,7
0,DeathDescription.DECKING,65,57.5413703918457,0,0,7,0,0,7
0,DeathDescription.DECKING,65,50.985097885131836,0,0,7,0,0,7
0,DeathDescription.DECKING,65,56.818246841430664,0,0,7,0,0,7
0,DeathDescription.DECKING,65,43.2896614074707,0,0,7,0,0,7
0,DeathDescription.DECKING,65,52.115440368652344,0,0,7,0,0,7
0,DeathDescription.DECKING,65,42.61016845703125,0,0,7,0,0,7
0,DeathDescription.DECKING,65,52.20365524291992,0,0,7,0,0,7
0,DeathDescription.DECKING,65,47.25217819213867,0,0,7,0,0,7
0,DeathDescription.DECKING,65,53.200721740722656,0,0,7,0,0,7
0,DeathDescription.DECKING,65,52.34217643737793,0,0,7,0,0,7
0,DeathDescription.DECKING,65,47.45602607727051,0,0,7,0,0,7
0,DeathDescription.DECKING,65,39.7951602935791,0,0,7,0,0,7
0,DeathDescription.DECKING,65,74.22780990600586,0,0,7,0,0,7
0,DeathDescription.DECKING,65,51.370859146118164,0,0,7,0,0,7
0,DeathDescription.DECKING,65,39.78776931762695,0,0,7,0,0,7
0,DeathDescription.DECKING,65,49.021005630493164,0,0,7,0,0,7
0,DeathDescription.DECKING,65,45.75371742248535,0,0,7,0,0,7
0,DeathDescription.DECKING,65,51.38111114501953,0,0,7,0,0,7
0,DeathDescription.DECKING,65,63.51900100708008,0,0,7,0,0,7
0,DeathDescription.DECKING,65,50.95410346984863,0,0,7,0,0,7
0,DeathDescription.DECKING,65,51.062822341918945,0,0,7,0,0,7
0,DeathDescription.DECKING,65,48.699140548706055,0,0,7,0,0,7
0,DeathDescription.DECKING,65,50.962209701538086,0,0,7,0,0,7
0,DeathDescription.DECKING,65,68.06302070617676,0,0,7,0,0,7
0,DeathDescription.DECKING,65,52.58488655090332,0,0,7,0,0,7
0,DeathDescription.DECKING,65,46.354055404663086,0,0,7,0,0,7
0,DeathDescription.DECKING,65,51.21159553527832,0,0,7,0,0,7
0,DeathDescription.DECKING,65,42.27805137634277,0,0,7,0,0,7
0,DeathDescription.DECKING,65,71.9461441040039,0,0,7,0,0,7
0,DeathDescription.DECKING,65,40.00568389892578,0,0,7,0,0,7
0,DeathDescription.DECKING,65,62.332868576049805,0,0,7,0,0,7
0,DeathDescription.DECKING,65,45.83621025085449,0,0,7,0,0,7
0,DeathDescription.DECKING,65,47.14465141296387,0,0,7,0,0,7
0,DeathDescription.DECKING,65,40.37165641784668,0,0,7,0,0,7
0,DeathDescription.DECKING,65,59.49234962463379,0,0,7,0,0,7
0,DeathDescription.DECKING,65,66.76864624023438,0,0,7,0,0,7
0,DeathDescription.DECKING,65,51.01203918457031,0,0,7,0,0,7
0,DeathDescription.DECKING,65,45.333147048950195,0,0,7,0,0,7
0,DeathDescription.DECKING,65,57.799577713012695,0,0,7,0,0,7
0,DeathDescription.DECKING,65,60.532569885253906,0,0,7,0,0,7
0,DeathDescription.DECKING,65,49.13949966430664,0,0,7,0,0,7
0,DeathDescription.DECKING,65,58.45832824707031,0,0,7,0,0,7
0,DeathDescription.DECKING,65,52.877187728881836,0,0,7,0,0,7
0,DeathDescription.DECKING,65,59.52572822570801,0,0,7,0,0,7
0,DeathDescription.DECKING,65,55.637359619140625,0,0,7,0,0,7
0,DeathDescription.DECKING,65,56.62941932678223,0,0,7,0,0,7
0,DeathDescription.DECKING,65,72.94440269470215,0,0,7,0,0,7
0,DeathDescription.DECKING,65,57.18708038330078,0,0,7,0,0,7
0,DeathDescription.DECKING,65,69.06008720397949,0,0,7,0,0,7
0,DeathDescription.DECKING,65,66.77842140197754,0,0,7,0,0,7
0,DeathDescription.DECKING,65,44.73304748535156,0,0,7,0,0,7
0,DeathDescription.DECKING,65,55.28378486633301,0,0,7,0,0,7
0,DeathDescription.DECKING,65,43.38526725769043,0,0,7,0,0,7
0,DeathDescription.DECKING,65,56.14924430847168,0,0,7,0,0,7
0,DeathDescription.DECKING,65,61.771392822265625,0,0,7,0,0,7
0,DeathDescription.DECKING,65,46.898841857910156,0,0,7,0,0,7
0,DeathDescription.DECKING,65,75.76918601989746,0,0,7,0,0,7
0,DeathDescription.DECKING,65,53.1923770904541,0,0,7,0,0,7
0,DeathDescription.DECKING,65,57.8610897064209,0,0,7,0,0,7
0,DeathDescription.DECKING,65,53.25460433959961,0,0,7,0,0,7
0,DeathDescription.DECKING,65,61.814308166503906,0,0,7,0,0,7
0,DeathDescription.DECKING,65,61.904191970825195,0,0,7,0,0,7
0,DeathDescription.DECKING,65,45.36938667297363,0,0,7,0,0,7
0,DeathDescription.DECKING,65,49.34358596801758,0,0,7,0,0,7
0,DeathDescription.DECKING,65,44.914960861206055,0,0,7,0,0,7
0,DeathDescription.DECKING,65,58.52508544921875,0,0,7,0,0,7
0,DeathDescription.DECKING,65,45.961618423461914,0,0,7,0,0,7
0,DeathDescription.DECKING,65,60.09173393249512,0,0,7,0,0,7
0,DeathDescription.DECKING,65,45.972585678100586,0,0,7,0,0,7
0,DeathDescription.DECKING,65,72.46088981628418,0,0,7,0,0,7
0,DeathDescription.DECKING,65,42.6793098449707,0,0,7,0,0,7
0,DeathDescription.DECKING,65,67.33226776123047,0,0,7,0,0,7
0,DeathDescription.DECKING,65,55.153608322143555,0,0,7,0,0,7
0,DeathDescription.DECKING,65,71.18058204650879,0,0,7,0,0,7
0,DeathDescription.DECKING,65,42.183637619018555,0,0,7,0,0,7
0,DeathDescription.DECKING,65,72.07679748535156,0,0,7,0,0,7
0,DeathDescription.DECKING,65,59.51714515686035,0,0,7,0,0,7
0,DeathDescription.DECKING,65,65.03796577453613,0,0,7,0,0,7
0,DeathDescription.DECKING,65,57.71803855895996,0,0,7,0,0,7
0,DeathDescription.DECKING,65,64.3162727355957,0,0,7,0,0,7
0,DeathDescription.DECKING,65,41.67580604553223,0,0,7,0,0,7
0,DeathDescription.DECKING,65,65.45805931091309,0,0,7,0,0,7
0,DeathDescription.DECKING,65,47.40309715270996,0,0,7,0,0,7
0,DeathDescription.DECKING,65,59.98063087463379,0,0,7,0,0,7
0,DeathDescription.DECKING,65,71.17056846618652,0,0,7,0,0,7
0,DeathDescription.DECKING,65,84.78021621704102,0,0,7,0,0,7
0,DeathDescription.DECKING,65,69.01741027832031,0,0,7,0,0,7
0,DeathDescription.DECKING,65,57.91616439819336,0,0,7,0,0,7
0,DeathDescription.DECKING,65,47.41263389587402,0,0,7,0,0,7
0,DeathDescription.DECKING,65,52.95205116271973,0,0,7,0,0,7
0,DeathDescription.DECKING,65,45.22705078125,0,0,7,0,0,7
0,DeathDescription.DECKING,65,56.59008026123047,0,0,7,0,0,7
0,DeathDescription.DECKING,65,54.05759811401367,0,0,7,0,0,7
0,DeathDescription.DECKING,65,70.9381103515625,0,0,7,0,0,7
0,DeathDescription.DECKING,65,73.41742515563965,0,0,7,0,0,7
0,DeathDescription.DECKING,65,102.52714157104492,0,0,7,0,0,7
0,DeathDescription.DECKING,65,84.94353294372559,0,0,7,0,0,7
0,DeathDescription.DECKING,65,59.01193618774414,0,0,7,0,0,7
0,DeathDescription.DECKING,65,86.80582046508789,0,0,7,0,0,7
0,DeathDescription.DECKING,65,42.871713638305664,0,0,7,0,0,7
0,DeathDescription.DECKING,65,42.085886001586914,0,0,7,0,0,7
0,DeathDescription.DECKING,65,58.20345878601074,0,0,7,0,0,7
0,DeathDescription.DECKING,65,52.040815353393555,0,0,7,0,0,7
0,DeathDescription.DECKING,65,74.13673400878906,0,0,7,0,0,7
0,DeathDescription.DECKING,65,66.11371040344238,0,0,7,0,0,7
0,DeathDescription.DECKING,65,44.30222511291504,0,0,7,0,0,7
0,DeathDescription.DECKING,65,75.45924186706543,0,0,7,0,0,7
0,DeathDescription.DECKING,65,42.69576072692871,0,0,7,0,0,7
0,DeathDescription.DECKING,65,58.81547927856445,0,0,7,0,0,7
0,DeathDescription.DECKING,65,41.14675521850586,0,0,7,0,0,7
0,DeathDescription.DECKING,65,49.97706413269043,0,0,7,0,0,7
0,DeathDescription.DECKING,65,52.83713340759277,0,0,7,0,0,7
0,DeathDescription.DECKING,65,48.26092720031738,0,0,7,0,0,7
0,DeathDescription.DECKING,65,53.960323333740234,0,0,7,0,0,7
0,DeathDescription.DECKING,65,54.54087257385254,0,0,7,0,0,7
0,DeathDescription.DECKING,65,39.70193862915039,0,0,7,0,0,7
0,DeathDescription.DECKING,65,39.97659683227539,0,0,7,0,0,7
0,DeathDescription.DECKING,65,61.20657920837402,0,0,7,0,0,7
0,DeathDescription.DECKING,65,46.256303787231445,0,0,7,0,0,7
0,DeathDescription.DECKING,65,48.415184020996094,0,0,7,0,0,7
0,DeathDescription.DECKING,65,50.46510696411133,0,0,7,0,0,7
0,DeathDescription.DECKING,65,40.407657623291016,0,0,7,0,0,7
0,DeathDescription.DECKING,65,49.15499687194824,0,0,7,0,0,7
0,DeathDescription.DECKING,65,41.411399841308594,0,0,7,0,0,7
0,DeathDescription.DECKING,65,55.73558807373047,0,0,7,0,0,7
0,DeathDescription.DECKING,65,71.18821144104004,0,0,7,0,0,7
0,DeathDescription.DECKING,65,41.664838790893555,0,0,7,0,0,7
0,DeathDescription.DECKING,65,45.29976844787598,0,0,7,0,0,7
0,DeathDescription.DECKING,65,47.493934631347656,0,0,7,0,0,7
0,DeathDescription.DECKING,65,47.55282402038574,0,0,7,0,0,7
0,DeathDescription.DECKING,65,43.146610260009766,0,0,7,0,0,7
0,DeathDescription.DECKING,65,51.90777778625488,0,0,7,0,0,7
0,DeathDescription.DECKING,65,47.034263610839844,0,0,7,0,0,7
0,DeathDescription.DECKING,65,45.73774337768555,0,0,7,0,0,7
0,DeathDescription.DECKING,65,57.2512149810791,0,0,7,0,0,7
0,DeathDescription.DECKING,65,68.80736351013184,0,0,7,0,0,7
0,DeathDescription.DECKING,65,60.17494201660156,0,0,7,0,0,7
0,DeathDescription.DECKING,65,67.61932373046875,0,0,7,0,0,7
0,DeathDescription.DECKING,65,55.93729019165039,0,0,7,0,0,7
0,DeathDescription.DECKING,65,72.79086112976074,0,0,7,0,0,7
0,DeathDescription.DECKING,65,85.5703353881836,0,0,7,0,0,7
0,DeathDescription.DECKING,65,44.14558410644531,0,0,7,0,0,7
0,DeathDescription.DECKING,65,60.9891414642334,0,0,7,0,0,7
0,DeathDescription.DECKING,65,45.03464698791504,0,0,7,0,0,7
0,DeathDescription.DECKING,65,51.97644233703613,0,0,7,0,0,7
0,DeathDescription.DECKING,65,86.14253997802734,0,0,7,0,0,7
0,DeathDescription.DECKING,65,78.80973815917969,0,0,7,0,0,7
0,DeathDescription.DECKING,65,82.41486549377441,0,0,7,0,0,7
0,DeathDescription.DECKING,65,63.43960762023926,0,0,7,0,0,7
0,DeathDescription.DECKING,65,86.56954765319824,0,0,7,0,0,7
0,DeathDescription.DECKING,65,59.62705612182617,0,0,7,0,0,7
0,DeathDescription.DECKING,65,58.11738967895508,0,0,7,0,0,7
0,DeathDescription.DECKING,65,85.20674705505371,0,0,7,0,0,7
0,DeathDescription.DECKING,65,85.73460578918457,0,0,7,0,0,7
0,DeathDescription.DECKING,65,53.77626419067383,0,0,7,0,0,7
0,DeathDescription.DECKING,65,68.01414489746094,0,0,7,0,0,7
0,DeathDescription.DECKING,65,76.6749382019043,0,0,7,0,0,7
0,DeathDescription.DECKING,65,80.1243782043457,0,0,7,0,0,7
0,DeathDescription.DECKING,65,80.60741424560547,0,0,7,0,0,7
0,DeathDescription.DECKING,65,63.40646743774414,0,0,7,0,0,7
0,DeathDescription.DECKING,65,70.37830352783203,0,0,7,0,0,7
0,DeathDescription.DECKING,65,64.34917449951172,0,0,7,0,0,7
0,DeathDescription.DECKING,65,64.73636627197266,0,0,7,0,0,7
0,DeathDescription.DECKING,65,64.12148475646973,0,0,7,0,0,7
0,DeathDescription.DECKING,65,80.94048500061035,0,0,7,0,0,7
0,DeathDescription.DECKING,65,72.43585586547852,0,0,7,0,0,7
0,DeathDescription.DECKING,65,58.42304229736328,0,0,7,0,0,7
0,DeathDescription.DECKING,65,52.161216735839844,0,0,7,0,0,7
0,DeathDescription.DECKING,65,51.069021224975586,0,0,7,0,0,7
0,DeathDescription.DECKING,65,46.86856269836426,0,0,7,0,0,7
0,DeathDescription.DECKING,65,45.02987861633301,0,0,7,0,0,7
0,DeathDescription.DECKING,65,60.260772705078125,0,0,7,0,0,7
0,DeathDescription.DECKING,65,59.603214263916016,0,0,7,0,0,7
0,DeathDescription.DECKING,65,58.0134391784668,0,0,7,0,0,7
0,DeathDescription.DECKING,65,55.09543418884277,0,0,7,0,0,7
0,DeathDescription.DECKING,65,58.522939682006836,0,0,7,0,0,7
0,DeathDescription.DECKING,65,55.856943130493164,0,0,7,0,0,7
0,DeathDescription.DECKING,65,66.27249717712402,0,0,7,0,0,7
0,DeathDescription.DECKING,65,46.36335372924805,0,0,7,0,0,7
0,DeathDescription.DECKING,65,63.6594295501709,0,0,7,0,0,7
0,DeathDescription.DECKING,65,48.43020439147949,0,0,7,0,0,7
0,DeathDescription.DECKING,65,66.44678115844727,0,0,7,0,0,7
0,DeathDescription.DECKING,65,48.070669174194336,0,0,7,0,0,7
0,DeathDescription.DECKING,65,59.168338775634766,0,0,7,0,0,7
0,DeathDescription.DECKING,65,59.57460403442383,0,0,7,0,0,7
0,DeathDescription.DECKING,65,67.46053695678711,0,0,7,0,0,7
0,DeathDescription.DECKING,65,40.5726432800293,0,0,7,0,0,7
0,DeathDescription.DECKING,65,67.45529174804688,0,0,7,0,0,7
0,DeathDescription.DECKING,65,60.94956398010254,0,0,7,0,0,7
0,DeathDescription.DECKING,65,57.967424392700195,0,0,7,0,0,7
0,DeathDescription.DECKING,65,65.96994400024414,0,0,7,0,0,7
0,DeathDescription.DECKING,65,53.67136001586914,0,0,7,0,0,7
0,DeathDescription.DECKING,65,41.426897048950195,0,0,7,0,0,7
0,DeathDescription.DECKING,65,60.28103828430176,0,0,7,0,0,7
0,DeathDescription.DECKING,65,78.63450050354004,0,0,7,0,0,7
0,DeathDescription.DECKING,65,59.3717098236084,0,0,7,0,0,7
0,DeathDescription.DECKING,65,57.290077209472656,0,0,7,0,0,7
0,DeathDescription.DECKING,65,52.16217041015625,0,0,7,0,0,7
0,DeathDescription.DECKING,65,52.59132385253906,0,0,7,0,0,7
0,DeathDescription.DECKING,65,60.12725830078125,0,0,7,0,0,7
0,DeathDescription.DECKING,65,54.46743965148926,0,0,7,0,0,7
0,DeathDescription.DECKING,65,42.67692565917969,0,0,7,0,0,7
0,DeathDescription.DECKING,65,38.97571563720703,0,0,7,0,0,7
0,DeathDescription.DECKING,65,63.14873695373535,0,0,7,0,0,7
0,DeathDescription.DECKING,65,55.855512619018555,0,0,7,0,0,7
0,DeathDescription.DECKING,65,49.11971092224121,0,0,7,0,0,7
0,DeathDescription.DECKING,65,40.78412055969238,0,0,7,0,0,7
0,DeathDescription.DECKING,65,38.67650032043457,0,0,7,0,0,7
0,DeathDescription.DECKING,65,44.16847229003906,0,0,7,0,0,7
0,DeathDescription.DECKING,65,42.281150817871094,0,0,7,0,0,7
0,DeathDescription.DECKING,65,45.565128326416016,0,0,7,0,0,7
0,DeathDescription.DECKING,65,60.70303916931152,0,0,7,0,0,7
0,DeathDescription.DECKING,65,47.91402816772461,0,0,7,0,0,7
0,DeathDescription.DECKING,65,53.87711524963379,0,0,7,0,0,7
0,DeathDescription.DECKING,65,80.05023002624512,0,0,7,0,0,7
0,DeathDescription.DECKING,65,61.53702735900879,0,0,7,0,0,7
0,DeathDescription.DECKING,65,69.32258605957031,0,0,7,0,0,7
0,DeathDescription.DECKING,65,59.35835838317871,0,0,7,0,0,7
0,DeathDescription.DECKING,65,55.04345893859863,0,0,7,0,0,7
0,DeathDescription.DECKING,65,39.92414474487305,0,0,7,0,0,7
0,DeathDescription.DECKING,65,64.6357536315918,0,0,7,0,0,7
0,DeathDescription.DECKING,65,78.35149765014648,0,0,7,0,0,7
0,DeathDescription.DECKING,65,40.32707214355469,0,0,7,0,0,7
0,DeathDescription.DECKING,65,68.28784942626953,0,0,7,0,0,7
0,DeathDescription.DECKING,65,42.91200637817383,0,0,7,0,0,7
0,DeathDescription.DECKING,65,77.37874984741211,0,0,7,0,0,7
0,DeathDescription.DECKING,65,79.83231544494629,0,0,7,0,0,7
0,DeathDescription.DECKING,65,59.77892875671387,0,0,7,0,0,7
0,DeathDescription.DECKING,65,68.37987899780273,0,0,7,0,0,7
0,DeathDescription.DECKING,65,61.11335754394531,0,0,7,0,0,7
0,DeathDescription.DECKING,65,53.08699607849121,0,0,7,0,0,7
0,DeathDescription.DECKING,65,54.467201232910156,0,0,7,0,0,7
0,DeathDescription.DECKING,65,53.21955680847168,0,0,7,0,0,7
0,DeathDescription.DECKING,65,70.98269462585449,0,0,7,0,0,7
0,DeathDescription.DECKING,65,53.18760871887207,0,0,7,0,0,7
0,DeathDescription.DECKING,65,62.781333923339844,0,0,7,0,0,7
0,DeathDescription.DECKING,65,57.027339935302734,0,0,7,0,0,7
0,DeathDescription.DECKING,65,54.6720027923584,0,0,7,0,0,7
0,DeathDescription.DECKING,65,44.107675552368164,0,0,7,0,0,7
0,DeathDescription.DECKING,65,39.53361511230469,0,0,7,0,0,7
0,DeathDescription.DECKING,65,63.70711326599121,0,0,7,0,0,7
0,DeathDescription.DECKING,65,51.583290100097656,0,0,7,0,0,7
0,DeathDescription.DECKING,65,67.34347343444824,0,0,7,0,0,7
0,DeathDescription.DECKING,65,61.34295463562012,0,0,7,0,0,7
0,DeathDescription.DECKING,65,60.051918029785156,0,0,7,0,0,7
0,DeathDescription.DECKING,65,59.82828140258789,0,0,7,0,0,7
0,DeathDescription.DECKING,65,60.51898002624512,0,0,7,0,0,7
0,DeathDescription.DECKING,65,62.996864318847656,0,0,7,0,0,7
0,DeathDescription.DECKING,65,58.35580825805664,0,0,7,0,0,7
0,DeathDescription.DECKING,65,57.706594467163086,0,0,7,0,0,7
0,DeathDescription.DECKING,65,50.01115798950195,0,0,7,0,0,7
0,DeathDescription.DECKING,65,51.65386199951172,0,0,7,0,0,7
0,DeathDescription.DECKING,65,78.88031005859375,0,0,7,0,0,7
0,DeathDescription.DECKING,65,71.51293754577637,0,0,7,0,0,7
0,DeathDescription.DECKING,65,66.52951240539551,0,0,7,0,0,7
0,DeathDescription.DECKING,65,57.77740478515625,0,0,7,0,0,7
0,DeathDescription.DECKING,65,58.11262130737305,0,0,7,0,0,7
0,DeathDescription.DECKING,65,58.59541893005371,0,0,7,0,0,7
0,DeathDescription.DECKING,65,64.32580947875977,0,0,7,0,0,7
0,DeathDescription.DECKING,65,52.64782905578613,0,0,7,0,0,7
0,DeathDescription.DECKING,65,66.25938415527344,0,0,7,0,0,7
0,DeathDescription.DECKING,65,44.87729072570801,0,0,7,0,0,7
0,DeathDescription.DECKING,65,61.850786209106445,0,0,7,0,0,7
0,DeathDescription.DECKING,65,40.77959060668945,0,0,7,0,0,7
0,DeathDescription.DECKING,65,72.0822811126709,0,0,7,0,0,7
0,DeathDescription.DECKING,65,41.527509689331055,0,0,7,0,0,7
0,DeathDescription.DECKING,65,64.96644020080566,0,0,7,0,0,7
0,DeathDescription.DECKING,65,55.92703819274902,0,0,7,0,0,7
0,DeathDescription.DECKING,65,73.98748397827148,0,0,7,0,0,7
0,DeathDescription.DECKING,65,69.78535652160645,0,0,7,0,0,7
0,DeathDescription.DECKING,65,75.51431655883789,0,0,7,0,0,7
0,DeathDescription.DECKING,65,65.16003608703613,0,0,7,0,0,7
0,DeathDescription.DECKING,65,52.01911926269531,0,0,7,0,0,7
0,DeathDescription.DECKING,65,67.42572784423828,0,0,7,0,0,7
0,DeathDescription.DECKING,65,71.76470756530762,0,0,7,0,0,7
0,DeathDescription.DECKING,65,43.1368350982666,0,0,7,0,0,7
0,DeathDescription.DECKING,65,50.58574676513672,0,0,7,0,0,7
0,DeathDescription.DECKING,65,65.46616554260254,0,0,7,0,0,7
0,DeathDescription.DECKING,65,60.622453689575195,0,0,7,0,0,7
0,DeathDescription.DECKING,65,56.416988372802734,0,0,7,0,0,7
0,DeathDescription.DECKING,65,72.44992256164551,0,0,7,0,0,7
0,DeathDescription.DECKING,65,71.23923301696777,0,0,7,0,0,7
0,DeathDescription.DECKING,65,64.44478034973145,0,0,7,0,0,7
0,DeathDescription.DECKING,65,51.230430603027344,0,0,7,0,0,7
0,DeathDescription.DECKING,65,77.86107063293457,0,0,7,0,0,7
0,DeathDescription.DECKING,65,44.56686973571777,0,0,7,0,0,7
0,DeathDescription.DECKING,65,50.85587501525879,0,0,7,0,0,7
0,DeathDescription.DECKING,65,55.10520935058594,0,0,7,0,0,7
0,DeathDescription.DECKING,65,64.33510780334473,0,0,7,0,0,7
0,DeathDescription.DECKING,65,40.41242599487305,0,0,7,0,0,7
0,DeathDescription.DECKING,65,69.94915008544922,0,0,7,0,0,7
0,DeathDescription.DECKING,65,93.7964916229248,0,0,7,0,0,7
0,DeathDescription.DECKING,65,82.9305648803711,0,0,7,0,0,7
0,DeathDescription.DECKING,65,90.07906913757324,0,0,7,0,0,7
0,DeathDescription.DECKING,65,70.89447975158691,0,0,7,0,0,7
0,DeathDescription.DECKING,65,77.7285099029541,0,0,7,0,0,7
0,DeathDescription.DECKING,65,86.3196849822998,0,0,7,0,0,7
0,DeathDescription.DECKING,65,57.57260322570801,0,0,7,0,0,7
0,DeathDescription.DECKING,65,52.562713623046875,0,0,7,0,0,7
0,DeathDescription.DECKING,65,54.33917045593262,0,0,7,0,0,7
0,DeathDescription.DECKING,65,62.42704391479492,0,0,7,0,0,7
0,DeathDescription.DECKING,65,56.19049072265625,0,0,7,0,0,7
0,DeathDescription.DECKING,65,71.92730903625488,0,0,7,0,0,7
0,DeathDescription.DECKING,65,51.95140838623047,0,0,7,0,0,7
0,DeathDescription.DECKING,65,68.9249038696289,0,0,7,0,0,7
0,DeathDescription.DECKING,65,57.732582092285156,0,0,7,0,0,7
0,DeathDescription.DECKING,65,65.5679702758789,0,0,7,0,0,7
0,DeathDescription.DECKING,65,53.3747673034668,0,0,7,0,0,7
0,DeathDescription.DECKING,65,52.324533462524414,0,0,7,0,0,7
0,DeathDescription.DECKING,65,44.51727867126465,0,0,7,0,0,7
0,DeathDescription.DECKING,65,49.11065101623535,0,0,7,0,0,7
0,DeathDescription.DECKING,65,67.99149513244629,0,0,7,0,0,7
0,DeathDescription.DECKING,65,46.64015769958496,0,0,7,0,0,7
0,DeathDescription.DECKING,65,68.93682479858398,0,0,7,0,0,7
0,DeathDescription.DECKING,65,42.40298271179199,0,0,7,0,0,7
0,DeathDescription.DECKING,65,67.66843795776367,0,0,7,0,0,7
0,DeathDescription.DECKING,65,58.0751895904541,0,0,7,0,0,7
0,DeathDescription.DECKING,65,45.39084434509277,0,0,7,0,0,7
0,DeathDescription.DECKING,65,60.41121482849121,0,0,7,0,0,7
0,DeathDescription.DECKING,65,59.93390083312988,0,0,7,0,0,7
0,DeathDescription.DECKING,65,39.01815414428711,0,0,7,0,0,7
0,DeathDescription.DECKING,65,40.305137634277344,0,0,7,0,0,7
0,DeathDescription.DECKING,65,53.20405960083008,0,0,7,0,0,7
0,DeathDescription.DECKING,65,47.063350677490234,0,0,7,0,0,7
0,DeathDescription.DECKING,65,48.793792724609375,0,0,7,0,0,7
0,DeathDescription.DECKING,65,56.50496482849121,0,0,7,0,0,7
0,DeathDescription.DECKING,65,45.096397399902344,0,0,7,0,0,7
0,DeathDescription.DECKING,65,51.13339424133301,0,0,7,0,0,7
0,DeathDescription.DECKING,65,41.5959358215332,0,0,7,0,0,7
0,DeathDescription.DECKING,65,55.83500862121582,0,0,7,0,0,7
0,DeathDescription.DECKING,65,40.613412857055664,0,0,7,0,0,7
0,DeathDescription.DECKING,65,39.225101470947266,0,0,7,0,0,7
0,DeathDescription.DECKING,65,62.58845329284668,0,0,7,0,0,7
0,DeathDescription.DECKING,65,63.21835517883301,0,0,7,0,0,7
0,DeathDescription.DECKING,65,47.609567642211914,0,0,7,0,0,7
0,DeathDescription.DECKING,65,55.49907684326172,0,0,7,0,0,7
0,DeathDescription.DECKING,65,63.87448310852051,0,0,7,0,0,7
0,DeathDescription.DECKING,65,61.45286560058594,0,0,7,0,0,7
0,DeathDescription.DECKING,65,41.905879974365234,0,0,7,0,0,7
0,DeathDescription.DECKING,65,60.6076717376709,0,0,7,0,0,7
0,DeathDescription.DECKING,65,39.827585220336914,0,0,7,0,0,7
0,DeathDescription.DECKING,65,61.62405014038086,0,0,7,0,0,7
0,DeathDescription.DECKING,65,56.20527267456055,0,0,7,0,0,7
0,DeathDescription.DECKING,65,62.86334991455078,0,0,7,0,0,7
0,DeathDescription.DECKING,65,48.232316970825195,0,0,7,0,0,7
0,DeathDescription.DECKING,65,69.46444511413574,0,0,7,0,0,7
0,DeathDescription.DECKING,65,47.99675941467285,0,0,7,0,0,7
0,DeathDescription.DECKING,65,82.9153060913086,0,0,7,0,0,7
0,DeathDescription.DECKING,65,40.106773376464844,0,0,7,0,0,7
0,DeathDescription.DECKING,65,58.693885803222656,0,0,7,0,0,7
0,DeathDescription.DECKING,65,50.96721649169922,0,0,7,0,0,7
0,DeathDescription.DECKING,65,58.7465763092041,0,0,7,0,0,7
0,DeathDescription.DECKING,65,56.83112144470215,0,0,7,0,0,7
0,DeathDescription.DECKING,65,66.65444374084473,0,0,7,0,0,7
0,DeathDescription.DECKING,65,42.9379940032959,0,0,7,0,0,7
0,DeathDescription.DECKING,65,67.94428825378418,0,0,7,0,0,7
0,DeathDescription.DECKING,65,83.50729942321777,0,0,7,0,0,7
0,DeathDescription.DECKING,65,80.73711395263672,0,0,7,0,0,7
0,DeathDescription.DECKING,65,45.70817947387695,0,0,7,0,0,7
0,DeathDescription.DECKING,65,68.16267967224121,0,0,7,0,0,7
0,DeathDescription.DECKING,65,74.67508316040039,0,0,7,0,0,7
0,DeathDescription.DECKING,65,63.38930130004883,0,0,7,0,0,7
0,DeathDescription.DECKING,65,75.62088966369629,0,0,7,0,0,7
0,DeathDescription.DECKING,65,95.43943405151367,0,0,7,0,0,7
0,DeathDescription.DECKING,65,78.38273048400879,0,0,7,0,0,7
0,DeathDescription.DECKING,65,81.00414276123047,0,0,7,0,0,7
0,DeathDescription.DECKING,65,90.89064598083496,0,0,7,0,0,7
0,DeathDescription.DECKING,65,77.67224311828613,0,0,7,0,0,7
0,DeathDescription.DECKING,65,74.493408203125,0,0,7,0,0,7
0,DeathDescription.DECKING,65,87.37373352050781,0,0,7,0,0,7
0,DeathDescription.DECKING,65,46.58365249633789,0,0,7,0,0,7
0,DeathDescription.DECKING,65,49.118757247924805,0,0,7,0,0,7
0,DeathDescription.DECKING,65,54.98814582824707,0,0,7,0,0,7
0,DeathDescription.DECKING,65,52.72817611694336,0,0,7,0,0,7
0,DeathDescription.DECKING,65,50.74954032897949,0,0,7,0,0,7
0,DeathDescription.DECKING,65,63.39550018310547,0,0,7,0,0,7
0,DeathDescription.DECKING,65,43.0145263671875,0,0,7,0,0,7
0,DeathDescription.DECKING,65,50.09031295776367,0,0,7,0,0,7
0,DeathDescription.DECKING,65,53.12943458557129,0,0,7,0,0,7
0,DeathDescription.DECKING,65,71.02584838867188,0,0,7,0,0,7
0,DeathDescription.DECKING,65,41.892051696777344,0,0,7,0,0,7
0,DeathDescription.DECKING,65,65.97566604614258,0,0,7,0,0,7
0,DeathDescription.DECKING,65,47.28817939758301,0,0,7,0,0,7
0,DeathDescription.DECKING,65,60.55307388305664,0,0,7,0,0,7
0,DeathDescription.DECKING,65,62.86048889160156,0,0,7,0,0,7
0,DeathDescription.DECKING,65,81.50911331176758,0,0,7,0,0,7
0,DeathDescription.DECKING,65,63.30299377441406,0,0,7,0,0,7
0,DeathDescription.DECKING,65,53.60531806945801,0,0,7,0,0,7
0,DeathDescription.DECKING,65,46.39768600463867,0,0,7,0,0,7
0,DeathDescription.DECKING,65,62.98255920410156,0,0,7,0,0,7
0,DeathDescription.DECKING,65,42.68646240234375,0,0,7,0,0,7
0,DeathDescription.DECKING,65,71.77066802978516,0,0,7,0,0,7
0,DeathDescription.DECKING,65,45.76301574707031,0,0,7,0,0,7
0,DeathDescription.DECKING,65,53.497314453125,0,0,7,0,0,7
0,DeathDescription.DECKING,65,51.4986515045166,0,0,7,0,0,7
0,DeathDescription.DECKING,65,60.89186668395996,0,0,7,0,0,7
0,DeathDescription.DECKING,65,56.41937255859375,0,0,7,0,0,7
0,DeathDescription.DECKING,65,54.227352142333984,0,0,7,0,0,7
0,DeathDescription.DECKING,65,39.810895919799805,0,0,7,0,0,7
0,DeathDescription.DECKING,65,54.6877384185791,0,0,7,0,0,7
0,DeathDescription.DECKING,65,57.61456489562988,0,0,7,0,0,7
0,DeathDescription.DECKING,65,57.31034278869629,0,0,7,0,0,7
0,DeathDescription.DECKING,65,57.56044387817383,0,0,7,0,0,7
0,DeathDescription.DECKING,65,47.93953895568848,0,0,7,0,0,7
0,DeathDescription.DECKING,65,57.35492706298828,0,0,7,0,0,7
0,DeathDescription.DECKING,65,57.84320831298828,0,0,7,0,0,7
0,DeathDescription.DECKING,65,61.248064041137695,0,0,7,0,0,7
0,DeathDescription.DECKING,65,54.076194763183594,0,0,7,0,0,7
0,DeathDescription.DECKING,65,70.64247131347656,0,0,7,0,0,7
0,DeathDescription.DECKING,65,47.883033752441406,0,0,7,0,0,7
0,DeathDescription.DECKING,65,68.66025924682617,0,0,7,0,0,7
0,DeathDescription.DECKING,65,41.59903526306152,0,0,7,0,0,7
0,DeathDescription.DECKING,65,52.965641021728516,0,0,7,0,0,7
0,DeathDescription.DECKING,65,41.851043701171875,0,0,7,0,0,7
0,DeathDescription.DECKING,65,45.58372497558594,0,0,7,0,0,7
0,DeathDescription.DECKING,65,60.860633850097656,0,0,7,0,0,7
0,DeathDescription.DECKING,65,64.54229354858398,0,0,7,0,0,7
0,DeathDescription.DECKING,65,48.076629638671875,0,0,7,0,0,7
0,DeathDescription.DECKING,65,52.106380462646484,0,0,7,0,0,7
0,DeathDescription.DECKING,65,53.386688232421875,0,0,7,0,0,7
0,DeathDescription.DECKING,65,66.72072410583496,0,0,7,0,0,7
0,DeathDescription.DECKING,65,87.58091926574707,0,0,7,0,0,7
0,DeathDescription.DECKING,65,57.57427215576172,0,0,7,0,0,7
0,DeathDescription.DECKING,65,56.79440498352051,0,0,7,0,0,7
0,DeathDescription.DECKING,65,42.81497001647949,0,0,7,0,0,7
0,DeathDescription.DECKING,65,61.36465072631836,0,0,7,0,0,7
0,DeathDescription.DECKING,65,60.26649475097656,0,0,7,0,0,7
0,DeathDescription.DECKING,65,56.12373352050781,0,0,7,0,0,7
0,DeathDescription.DECKING,65,50.34780502319336,0,0,7,0,0,7
0,DeathDescription.DECKING,65,46.39434814453125,0,0,7,0,0,7
0,DeathDescription.DECKING,65,39.97659683227539,0,0,7,0,0,7
0,DeathDescription.DECKING,65,55.39250373840332,0,0,7,0,0,7
0,DeathDescription.DECKING,65,40.926218032836914,0,0,7,0,0,7
0,DeathDescription.DECKING,65,39.13617134094238,0,0,7,0,0,7
0,DeathDescription.DECKING,65,53.832292556762695,0,0,7,0,0,7
0,DeathDescription.DECKING,65,51.599740982055664,0,0,7,0,0,7
0,DeathDescription.DECKING,65,60.669660568237305,0,0,7,0,0,7
0,DeathDescription.DECKING,65,78.1710147857666,0,0,7,0,0,7
0,DeathDescription.DECKING,65,68.9859390258789,0,0,7,0,0,7
0,DeathDescription.DECKING,65,76.06863975524902,0,0,7,0,0,7
0,DeathDescription.DECKING,65,95.39484977722168,0,0,7,0,0,7
0,DeathDescription.DECKING,65,95.93772888183594,0,0,7,0,0,7
0,DeathDescription.DECKING,65,68.10593605041504,0,0,7,0,0,7
0,DeathDescription.DECKING,65,82.4124813079834,0,0,7,0,0,7
0,DeathDescription.DECKING,65,80.73687553405762,0,0,7,0,0,7
0,DeathDescription.DECKING,65,68.29714775085449,0,0,7,0,0,7
0,DeathDescription.DECKING,65,87.41474151611328,0,0,7,0,0,7
0,DeathDescription.DECKING,65,56.40697479248047,0,0,7,0,0,7
0,DeathDescription.DECKING,65,76.28011703491211,0,0,7,0,0,7
0,DeathDescription.DECKING,65,65.01150131225586,0,0,7,0,0,7
0,DeathDescription.DECKING,65,59.058427810668945,0,0,7,0,0,7
0,DeathDescription.DECKING,65,63.474178314208984,0,0,7,0,0,7
0,DeathDescription.DECKING,65,76.83706283569336,0,0,7,0,0,7
0,DeathDescription.DECKING,65,40.917158126831055,0,0,7,0,0,7
0,DeathDescription.DECKING,65,66.65444374084473,0,0,7,0,0,7
0,DeathDescription.DECKING,65,51.10001564025879,0,0,7,0,0,7
0,DeathDescription.DECKING,65,52.0174503326416,0,0,7,0,0,7
0,DeathDescription.DECKING,65,40.85183143615723,0,0,7,0,0,7
0,DeathDescription.DECKING,65,54.88443374633789,0,0,7,0,0,7
0,DeathDescription.DECKING,65,59.50331687927246,0,0,7,0,0,7
0,DeathDescription.DECKING,65,47.365427017211914,0,0,7,0,0,7
0,DeathDescription.DECKING,65,60.178279876708984,0,0,7,0,0,7
0,DeathDescription.DECKING,65,49.887895584106445,0,0,7,0,0,7
0,DeathDescription.DECKING,65,57.27028846740723,0,0,7,0,0,7
0,DeathDescription.DECKING,65,67.19613075256348,0,0,7,0,0,7
0,DeathDescription.DECKING,65,84.86557006835938,0,0,7,0,0,7
0,DeathDescription.DECKING,65,46.591997146606445,0,0,7,0,0,7
0,DeathDescription.DECKING,65,60.93025207519531,0,0,7,0,0,7
0,DeathDescription.DECKING,65,55.94491958618164,0,0,7,0,0,7
0,DeathDescription.DECKING,65,56.534528732299805,0,0,7,0,0,7
0,DeathDescription.DECKING,65,49.88217353820801,0,0,7,0,0,7
0,DeathDescription.DECKING,65,73.98867607116699,0,0,7,0,0,7
0,DeathDescription.DECKING,65,66.05887413024902,0,0,7,0,0,7
0,DeathDescription.DECKING,65,47.75834083557129,0,0,7,0,0,7
0,DeathDescription.DECKING,65,47.41787910461426,0,0,7,0,0,7
0,DeathDescription.DECKING,65,50.684213638305664,0,0,7,0,0,7
0,DeathDescription.DECKING,65,67.2457218170166,0,0,7,0,0,7
0,DeathDescription.DECKING,65,62.2103214263916,0,0,7,0,0,7
0,DeathDescription.DECKING,65,64.64529037475586,0,0,7,0,0,7
0,DeathDescription.DECKING,65,56.372880935668945,0,0,7,0,0,7
0,DeathDescription.DECKING,65,61.975717544555664,0,0,7,0,0,7
0,DeathDescription.DECKING,65,79.81109619140625,0,0,7,0,0,7
0,DeathDescription.DECKING,65,103.9116382598877,0,0,7,0,0,7
0,DeathDescription.DECKING,65,83.69255065917969,0,0,7,0,0,7
0,DeathDescription.DECKING,65,92.3008918762207,0,0,7,0,0,7
0,DeathDescription.DECKING,65,53.95317077636719,0,0,7,0,0,7
0,DeathDescription.DECKING,65,52.86264419555664,0,0,7,0,0,7
0,DeathDescription.DECKING,65,45.88031768798828,0,0,7,0,0,7
0,DeathDescription.DECKING,65,44.245004653930664,0,0,7,0,0,7
0,DeathDescription.DECKING,65,53.7569522857666,0,0,7,0,0,7
0,DeathDescription.DECKING,65,52.50144004821777,0,0,7,0,0,7
0,DeathDescription.DECKING,65,48.12455177307129,0,0,7,0,0,7
0,DeathDescription.DECKING,65,58.18676948547363,0,0,7,0,0,7
0,DeathDescription.DECKING,65,52.68526077270508,0,0,7,0,0,7
0,DeathDescription.DECKING,65,55.635929107666016,0,0,7,0,0,7
0,DeathDescription.DECKING,65,49.1635799407959,0,0,7,0,0,7
0,DeathDescription.DECKING,65,49.17478561401367,0,0,7,0,0,7
0,DeathDescription.DECKING,65,38.96045684814453,0,0,7,0,0,7
0,DeathDescription.DECKING,65,56.72168731689453,0,0,7,0,0,7
0,DeathDescription.DECKING,65,47.90663719177246,0,0,7,0,0,7
0,DeathDescription.DECKING,65,62.46066093444824,0,0,7,0,0,7
0,DeathDescription.DECKING,65,59.87882614135742,0,0,7,0,0,7
0,DeathDescription.DECKING,65,48.39920997619629,0,0,7,0,0,7
0,DeathDescription.DECKING,65,43.5488224029541,0,0,7,0,0,7
0,DeathDescription.DECKING,65,78.9039134979248,0,0,7,0,0,7
0,DeathDescription.DECKING,65,48.34914207458496,0,0,7,0,0,7
0,DeathDescription.DECKING,65,51.6047477722168,0,0,7,0,0,7
0,DeathDescription.DECKING,65,68.62926483154297,0,0,7,0,0,7
0,DeathDescription.DECKING,65,53.28989028930664,0,0,7,0,0,7
0,DeathDescription.DECKING,65,59.65876579284668,0,0,7,0,0,7
0,DeathDescription.DECKING,65,40.59600830078125,0,0,7,0,0,7
0,DeathDescription.DECKING,65,58.31146240234375,0,0,7,0,0,7
0,DeathDescription.DECKING,65,46.6763973236084,0,0,7,0,0,7
0,DeathDescription.DECKING,65,54.93807792663574,0,0,7,0,0,7
0,DeathDescription.DECKING,65,44.80338096618652,0,0,7,0,0,7
0,DeathDescription.DECKING,65,57.494401931762695,0,0,7,0,0,7
0,DeathDescription.DECKING,65,90.40331840515137,0,0,7,0,0,7
0,DeathDescription.DECKING,65,78.29785346984863,0,0,7,0,0,7
0,DeathDescription.DECKING,65,88.13714981079102,0,0,7,0,0,7
0,DeathDescription.DECKING,65,56.247711181640625,0,0,7,0,0,7
0,DeathDescription.DECKING,65,80.12008666992188,0,0,7,0,0,7
0,DeathDescription.DECKING,65,81.98356628417969,0,0,7,0,0,7
0,DeathDescription.DECKING,65,82.23724365234375,0,0,7,0,0,7
0,DeathDescription.DECKING,65,70.30892372131348,0,0,7,0,0,7
0,DeathDescription.DECKING,65,72.1135139465332,0,0,7,0,0,7
0,DeathDescription.DECKING,65,42.28806495666504,0,0,7,0,0,7
0,DeathDescription.DECKING,65,60.22214889526367,0,0,7,0,0,7
0,DeathDescription.DECKING,65,47.6527214050293,0,0,7,0,0,7
0,DeathDescription.DECKING,65,54.64911460876465,0,0,7,0,0,7
0,DeathDescription.DECKING,65,40.986061096191406,0,0,7,0,0,7
0,DeathDescription.DECKING,65,58.913469314575195,0,0,7,0,0,7
0,DeathDescription.DECKING,65,48.71726036071777,0,0,7,0,0,7
0,DeathDescription.DECKING,65,41.001081466674805,0,0,7,0,0,7
0,DeathDescription.DECKING,65,43.802499771118164,0,0,7,0,0,7
0,DeathDescription.DECKING,65,63.27056884765625,0,0,7,0,0,7
0,DeathDescription.DECKING,65,45.11404037475586,0,0,7,0,0,7
0,DeathDescription.DECKING,65,53.61223220825195,0,0,7,0,0,7
0,DeathDescription.DECKING,65,48.5835075378418,0,0,7,0,0,7
0,DeathDescription.DECKING,65,57.57546424865723,0,0,7,0,0,7
0,DeathDescription.DECKING,65,41.09621047973633,0,0,7,0,0,7
0,DeathDescription.DECKING,65,42.082786560058594,0,0,7,0,0,7
0,DeathDescription.DECKING,65,60.55259704589844,0,0,7,0,0,7
0,DeathDescription.DECKING,65,54.34703826904297,0,0,7,0,0,7
0,DeathDescription.DECKING,65,71.15864753723145,0,0,7,0,0,7
0,DeathDescription.DECKING,65,54.37421798706055,0,0,7,0,0,7
0,DeathDescription.DECKING,65,66.45059585571289,0,0,7,0,0,7
0,DeathDescription.DECKING,65,73.32658767700195,0,0,7,0,0,7
0,DeathDescription.DECKING,65,86.68947219848633,0,0,7,0,0,7
0,DeathDescription.DECKING,65,52.744388580322266,0,0,7,0,0,7
0,DeathDescription.DECKING,65,82.05556869506836,0,0,7,0,0,7
0,DeathDescription.DECKING,65,61.55657768249512,0,0,7,0,0,7
0,DeathDescription.DECKING,65,76.20382308959961,0,0,7,0,0,7
0,DeathDescription.DECKING,65,56.63561820983887,0,0,7,0,0,7
0,DeathDescription.DECKING,65,63.61889839172363,0,0,7,0,0,7
0,DeathDescription.DECKING,65,53.075313568115234,0,0,7,0,0,7
0,DeathDescription.DECKING,65,47.61958122253418,0,0,7,0,0,7
0,DeathDescription.DECKING,65,73.68969917297363,0,0,7,0,0,7
0,DeathDescription.DECKING,65,49.775123596191406,0,0,7,0,0,7
0,DeathDescription.DECKING,65,49.788475036621094,0,0,7,0,0,7
0,DeathDescription.DECKING,65,46.247243881225586,0,0,7,0,0,7
0,DeathDescription.DECKING,65,55.704355239868164,0,0,7,0,0,7
0,DeathDescription.DECKING,65,44.64006423950195,0,0,7,0,0,7
0,DeathDescription.DECKING,65,73.33016395568848,0,0,7,0,0,7
0,DeathDescription.DECKING,65,40.94123840332031,0,0,7,0,0,7
0,DeathDescription.DECKING,65,53.3447265625,0,0,7,0,0,7
0,DeathDescription.DECKING,65,42.851924896240234,0,0,7,0,0,7
0,DeathDescription.DECKING,65,45.03202438354492,0,0,7,0,0,7
0,DeathDescription.DECKING,65,58.50028991699219,0,0,7,0,0,7
0,DeathDescription.DECKING,65,46.36955261230469,0,0,7,0,0,7
0,DeathDescription.DECKING,65,64.99695777893066,0,0,7,0,0,7
0,DeathDescription.DECKING,65,51.412343978881836,0,0,7,0,0,7
0,DeathDescription.DECKING,65,62.15095520019531,0,0,7,0,0,7
0,DeathDescription.DECKING,65,41.785478591918945,0,0,7,0,0,7
0,DeathDescription.DECKING,65,57.24143981933594,0,0,7,0,0,7
0,DeathDescription.DECKING,65,58.17055702209473,0,0,7,0,0,7
0,DeathDescription.DECKING,65,48.97761344909668,0,0,7,0,0,7
0,DeathDescription.DECKING,65,74.00059700012207,0,0,7,0,0,7
0,DeathDescription.DECKING,65,69.10109519958496,0,0,7,0,0,7
0,DeathDescription.DECKING,65,45.02296447753906,0,0,7,0,0,7
0,DeathDescription.DECKING,65,59.957265853881836,0,0,7,0,0,7
0,DeathDescription.DECKING,65,39.893150329589844,0,0,7,0,0,7
0,DeathDescription.DECKING,65,67.39258766174316,0,0,7,0,0,7
0,DeathDescription.DECKING,65,51.20563507080078,0,0,7,0,0,7
0,DeathDescription.DECKING,65,70.59311866760254,0,0,7,0,0,7
0,DeathDescription.DECKING,65,46.762704849243164,0,0,7,0,0,7
0,DeathDescription.DECKING,65,54.541826248168945,0,0,7,0,0,7
0,DeathDescription.DECKING,65,51.962852478027344,0,0,7,0,0,7
0,DeathDescription.DECKING,65,61.464548110961914,0,0,7,0,0,7
0,DeathDescription.DECKING,65,52.48570442199707,0,0,7,0,0,7
0,DeathDescription.DECKING,65,69.98205184936523,0,0,7,0,0,7
0,DeathDescription.DECKING,65,66.90359115600586,0,0,7,0,0,7
0,DeathDescription.DECKING,65,53.86543273925781,0,0,7,0,0,7
0,DeathDescription.DECKING,65,46.97895050048828,0,0,7,0,0,7
0,DeathDescription.DECKING,65,59.24248695373535,0,0,7,0,0,7
0,DeathDescription.DECKING,65,52.89816856384277,0,0,7,0,0,7
0,DeathDescription.DECKING,65,54.785966873168945,0,0,7,0,0,7
0,DeathDescription.DECKING,65,51.24473571777344,0,0,7,0,0,7
0,DeathDescription.DECKING,65,54.90732192993164,0,0,7,0,0,7
0,DeathDescription.DECKING,65,43.767690658569336,0,0,7,0,0,7
0,DeathDescription.DECKING,65,46.73361778259277,0,0,7,0,0,7
0,DeathDescription.DECKING,65,49.860477447509766,0,0,7,0,0,7
0,DeathDescription.DECKING,65,53.82084846496582,0,0,7,0,0,7
0,DeathDescription.DECKING,65,60.89663505554199,0,0,7,0,0,7
0,DeathDescription.DECKING,65,46.38838768005371,0,0,7,0,0,7
0,DeathDescription.DECKING,65,51.66769027709961,0,0,7,0,0,7
0,DeathDescription.DECKING,65,44.152021408081055,0,0,7,0,0,7
0,DeathDescription.DECKING,65,49.89790916442871,0,0,7,0,0,7
0,DeathDescription.DECKING,65,55.35006523132324,0,0,7,0,0,7
0,DeathDescription.DECKING,65,63.942909240722656,0,0,7,0,0,7
0,DeathDescription.DECKING,65,53.93624305725098,0,0,7,0,0,7
0,DeathDescription.DECKING,65,43.01714897155762,0,0,7,0,0,7
0,DeathDescription.DECKING,65,51.039934158325195,0,0,7,0,0,7
0,DeathDescription.DECKING,65,59.99612808227539,0,0,7,0,0,7
0,DeathDescription.DECKING,65,42.2968864440918,0,0,7,0,0,7
0,DeathDescription.DECKING,65,63.28320503234863,0,0,7,0,0,7
0,DeathDescription.DECKING,65,43.10965538024902,0,0,7,0,0,7
0,DeathDescription.DECKING,65,63.407182693481445,0,0,7,0,0,7
0,DeathDescription.DECKING,65,42.91725158691406,0,0,7,0,0,7
0,DeathDescription.DECKING,65,55.38487434387207,0,0,7,0,0,7
0,DeathDescription.DECKING,65,45.346975326538086,0,0,7,0,0,7
0,DeathDescription.DECKING,65,49.259185791015625,0,0,7,0,0,7
0,DeathDescription.DECKING,65,52.41584777832031,0,0,7,0,0,7
0,DeathDescription.DECKING,65,49.81708526611328,0,0,7,0,0,7
0,DeathDescription.DECKING,65,50.79150199890137,0,0,7,0,0,7
0,DeathDescription.DECKING,65,43.24197769165039,0,0,7,0,0,7
0,DeathDescription.DECKING,65,46.01597785949707,0,0,7,0,0,7
0,DeathDescription.DECKING,65,50.32682418823242,0,0,7,0,0,7
0,DeathDescription.DECKING,65,70.87278366088867,0,0,7,0,0,7
0,DeathDescription.DECKING,65,91.98760986328125,0,0,7,0,0,7
0,DeathDescription.DECKING,65,74.77974891662598,0,0,7,0,0,7
0,DeathDescription.DECKING,65,85.01768112182617,0,0,7,0,0,7
0,DeathDescription.DECKING,65,58.68387222290039,0,0,7,0,0,7
0,DeathDescription.DECKING,65,66.91145896911621,0,0,7,0,0,7
0,DeathDescription.DECKING,65,51.60379409790039,0,0,7,0,0,7
0,DeathDescription.DECKING,65,71.8393325805664,0,0,7,0,0,7
0,DeathDescription.DECKING,65,46.64182662963867,0,0,7,0,0,7
0,DeathDescription.DECKING,65,68.79544258117676,0,0,7,0,0,7
0,DeathDescription.DECKING,65,63.625335693359375,0,0,7,0,0,7
0,DeathDescription.DECKING,65,113.08431625366211,0,0,7,0,0,7
0,DeathDescription.DECKING,65,71.12574577331543,0,0,7,0,0,7
0,DeathDescription.DECKING,65,60.118913650512695,0,0,7,0,0,7
0,DeathDescription.DECKING,65,53.56788635253906,0,0,7,0,0,7
0,DeathDescription.DECKING,65,156.10933303833008,0,0,7,0,0,7
0,DeathDescription.DECKING,65,70.24192810058594,0,0,7,0,0,7
0,DeathDescription.DECKING,65,56.765079498291016,0,0,7,0,0,7
0,DeathDescription.DECKING,65,98.47021102905273,0,0,7,0,0,7
0,DeathDescription.DECKING,65,70.08671760559082,0,0,7,0,0,7
0,DeathDescription.DECKING,65,57.17968940734863,0,0,7,0,0,7
0,DeathDescription.DECKING,65,59.65542793273926,0,0,7,0,0,7
0,DeathDescription.DECKING,65,49.50094223022461,0,0,7,0,0,7
0,DeathDescription.DECKING,65,69.42367553710938,0,0,7,0,0,7
0,DeathDescription.DECKING,65,44.30961608886719,0,0,7,0,0,7
0,DeathDescription.DECKING,65,70.24312019348145,0,0,7,0,0,7
0,DeathDescription.DECKING,65,51.117897033691406,0,0,7,0,0,7
0,DeathDescription.DECKING,65,105.97014427185059,0,0,7,0,0,7
0,DeathDescription.DECKING,65,83.52184295654297,0,0,7,0,0,7
0,DeathDescription.DECKING,65,57.79004096984863,0,0,7,0,0,7
0,DeathDescription.DECKING,65,48.304080963134766,0,0,7,0,0,7
0,DeathDescription.DECKING,65,51.46646499633789,0,0,7,0,0,7
0,DeathDescription.DECKING,65,46.903133392333984,0,0,7,0,0,7
0,DeathDescription.DECKING,65,60.47201156616211,0,0,7,0,0,7
0,DeathDescription.DECKING,65,71.81859016418457,0,0,7,0,0,7
0,DeathDescription.DECKING,65,47.49727249145508,0,0,7,0,0,7
0,DeathDescription.DECKING,65,64.70251083374023,0,0,7,0,0,7
0,DeathDescription.DECKING,65,41.80574417114258,0,0,7,0,0,7
0,DeathDescription.DECKING,65,71.84362411499023,0,0,7,0,0,7
0,DeathDescription.DECKING,65,58.75253677368164,0,0,7,0,0,7
0,DeathDescription.DECKING,65,54.03614044189453,0,0,7,0,0,7
0,DeathDescription.DECKING,65,41.02730751037598,0,0,7,0,0,7
0,DeathDescription.DECKING,65,42.969465255737305,0,0,7,0,0,7
0,DeathDescription.DECKING,65,45.732975006103516,0,0,7,0,0,7
0,DeathDescription.DECKING,65,47.35088348388672,0,0,7,0,0,7
0,DeathDescription.DECKING,65,41.00799560546875,0,0,7,0,0,7
0,DeathDescription.DECKING,65,66.40815734863281,0,0,7,0,0,7
0,DeathDescription.DECKING,65,40.28010368347168,0,0,7,0,0,7
0,DeathDescription.DECKING,65,56.06245994567871,0,0,7,0,0,7
0,DeathDescription.DECKING,65,52.422523498535156,0,0,7,0,0,7
0,DeathDescription.DECKING,65,68.6807632446289,0,0,7,0,0,7
0,DeathDescription.DECKING,65,64.1169548034668,0,0,7,0,0,7
0,DeathDescription.DECKING,65,58.91275405883789,0,0,7,0,0,7
0,DeathDescription.DECKING,65,47.59788513183594,0,0,7,0,0,7
0,DeathDescription.DECKING,65,77.80742645263672,0,0,7,0,0,7
0,DeathDescription.DECKING,65,51.10621452331543,0,0,7,0,0,7
0,DeathDescription.DECKING,65,54.83436584472656,0,0,7,0,0,7
0,DeathDescription.DECKING,65,50.379037857055664,0,0,7,0,0,7
0,DeathDescription.DECKING,65,53.137779235839844,0,0,7,0,0,7
0,DeathDescription.DECKING,65,39.62278366088867,0,0,7,0,0,7
0,DeathDescription.DECKING,65,43.45202445983887,0,0,7,0,0,7
0,DeathDescription.DECKING,65,53.97748947143555,0,0,7,0,0,7
0,DeathDescription.DECKING,65,50.81915855407715,0,0,7,0,0,7
0,DeathDescription.DECKING,65,59.69071388244629,0,0,7,0,0,7
0,DeathDescription.DECKING,65,45.96567153930664,0,0,7,0,0,7
0,DeathDescription.DECKING,65,59.66544151306152,0,0,7,0,0,7
0,DeathDescription.DECKING,65,68.4511661529541,0,0,7,0,0,7
0,DeathDescription.DECKING,65,53.733110427856445,0,0,7,0,0,7
0,DeathDescription.DECKING,65,50.15921592712402,0,0,7,0,0,7
0,DeathDescription.DECKING,65,53.687095642089844,0,0,7,0,0,7
0,DeathDescription.DECKING,65,40.37904739379883,0,0,7,0,0,7
0,DeathDescription.DECKING,65,42.31977462768555,0,0,7,0,0,7
0,DeathDescription.DECKING,65,61.50627136230469,0,0,7,0,0,7
0,DeathDescription.DECKING,65,59.03959274291992,0,0,7,0,0,7
0,DeathDescription.DECKING,65,60.78457832336426,0,0,7,0,0,7
0,DeathDescription.DECKING,65,42.0680046081543,0,0,7,0,0,7
0,DeathDescription.DECKING,65,57.92951583862305,0,0,7,0,0,7
0,DeathDescription.DECKING,65,49.82733726501465,0,0,7,0,0,7
0,DeathDescription.DECKING,65,48.6598014831543,0,0,7,0,0,7
0,DeathDescription.DECKING,65,51.74565315246582,0,0,7,0,0,7
0,DeathDescription.DECKING,65,70.07741928100586,0,0,7,0,0,7
0,DeathDescription.DECKING,65,47.9884147644043,0,0,7,0,0,7
0,DeathDescription.DECKING,65,54.711103439331055,0,0,7,0,0,7
0,DeathDescription.DECKING,65,64.27860260009766,0,0,7,0,0,7
0,DeathDescription.DECKING,65,50.12345314025879,0,0,7,0,0,7
0,DeathDescription.DECKING,65,60.898780822753906,0,0,7,0,0,7
0,DeathDescription.DECKING,65,68.1452751159668,0,0,7,0,0,7
0,DeathDescription.DECKING,65,40.82679748535156,0,0,7,0,0,7
0,DeathDescription.DECKING,65,65.77658653259277,0,0,7,0,0,7
0,DeathDescription.DECKING,65,46.73361778259277,0,0,7,0,0,7
0,DeathDescription.DECKING,65,62.00265884399414,0,0,7,0,0,7
0,DeathDescription.DECKING,65,42.33717918395996,0,0,7,0,0,7
0,DeathDescription.DECKING,65,55.47618865966797,0,0,7,0,0,7
0,DeathDescription.DECKING,65,41.27192497253418,0,0,7,0,0,7
0,DeathDescription.DECKING,65,73.07791709899902,0,0,7,0,0,7
0,DeathDescription.DECKING,65,48.1419563293457,0,0,7,0,0,7
0,DeathDescription.DECKING,65,50.27484893798828,0,0,7,0,0,7
0,DeathDescription.DECKING,65,46.29087448120117,0,0,7,0,0,7
0,DeathDescription.DECKING,65,62.207698822021484,0,0,7,0,0,7
0,DeathDescription.DECKING,65,41.10097885131836,0,0,7,0,0,7
0,DeathDescription.DECKING,65,57.996511459350586,0,0,7,0,0,7
0,DeathDescription.DECKING,65,53.263187408447266,0,0,7,0,0,7
0,DeathDescription.DECKING,65,51.26476287841797,0,0,7,0,0,7
0,DeathDescription.DECKING,65,44.80862617492676,0,0,7,0,0,7
0,DeathDescription.DECKING,65,49.52192306518555,0,0,7,0,0,7
0,DeathDescription.DECKING,65,60.59408187866211,0,0,7,0,0,7
0,DeathDescription.DECKING,65,47.46723175048828,0,0,7,0,0,7
0,DeathDescription.DECKING,65,63.54331970214844,0,0,7,0,0,7
0,DeathDescription.DECKING,65,46.18048667907715,0,0,7,0,0,7
0,DeathDescription.DECKING,65,51.40542984008789,0,0,7,0,0,7
0,DeathDescription.DECKING,65,41.32390022277832,0,0,7,0,0,7
0,DeathDescription.DECKING,65,40.239810943603516,0,0,7,0,0,7
0,DeathDescription.DECKING,65,62.70289421081543,0,0,7,0,0,7
0,DeathDescription.DECKING,65,42.844295501708984,0,0,7,0,0,7
0,DeathDescription.DECKING,65,66.56527519226074,0,0,7,0,0,7
0,DeathDescription.DECKING,65,42.209625244140625,0,0,7,0,0,7
0,DeathDescription.DECKING,65,49.16858673095703,0,0,7,0,0,7
0,DeathDescription.DECKING,65,49.36957359313965,0,0,7,0,0,7
0,DeathDescription.DECKING,65,42.92798042297363,0,0,7,0,0,7
0,DeathDescription.DECKING,65,72.17741012573242,0,0,7,0,0,7
0,DeathDescription.DECKING,65,41.10598564147949,0,0,7,0,0,7
0,DeathDescription.DECKING,65,67.03472137451172,0,0,7,0,0,7
0,DeathDescription.DECKING,65,47.52016067504883,0,0,7,0,0,7
0,DeathDescription.DECKING,65,56.333303451538086,0,0,7,0,0,7
0,DeathDescription.DECKING,65,40.35186767578125,0,0,7,0,0,7
0,DeathDescription.DECKING,65,49.38220977783203,0,0,7,0,0,7
0,DeathDescription.DECKING,65,56.13374710083008,0,0,7,0,0,7
0,DeathDescription.DECKING,65,61.0198974609375,0,0,7,0,0,7
0,DeathDescription.DECKING,65,86.08889579772949,0,0,7,0,0,7
0,DeathDescription.DECKING,65,52.44183540344238,0,0,7,0,0,7
0,DeathDescription.DECKING,65,61.68770790100098,0,0,7,0,0,7
0,DeathDescription.DECKING,65,56.17022514343262,0,0,7,0,0,7
0,DeathDescription.DECKING,65,50.4305362701416,0,0,7,0,0,7
0,DeathDescription.DECKING,65,40.16256332397461,0,0,7,0,0,7
0,DeathDescription.DECKING,65,39.232492446899414,0,0,7,0,0,7
0,DeathDescription.DECKING,65,56.60557746887207,0,0,7,0,0,7
0,DeathDescription.DECKING,65,46.38266563415527,0,0,7,0,0,7
0,DeathDescription.DECKING,65,46.88835144042969,0,0,7,0,0,7
0,DeathDescription.DECKING,65,45.89366912841797,0,0,7,0,0,7
0,DeathDescription.DECKING,65,57.12294578552246,0,0,7,0,0,7
0,DeathDescription.DECKING,65,64.95499610900879,0,0,7,0,0,7
0,DeathDescription.DECKING,65,45.339107513427734,0,0,7,0,0,7
0,DeathDescription.DECKING,65,52.69885063171387,0,0,7,0,0,7
0,DeathDescription.DECKING,65,39.9632453918457,0,0,7,0,0,7
0,DeathDescription.DECKING,65,68.87245178222656,0,0,7,0,0,7
0,DeathDescription.DECKING,65,60.26053428649902,0,0,7,0,0,7
0,DeathDescription.DECKING,65,45.363426208496094,0,0,7,0,0,7
0,DeathDescription.DECKING,65,64.18013572692871,0,0,7,0,0,7
0,DeathDescription.DECKING,65,60.41312217712402,0,0,7,0,0,7
0,DeathDescription.DECKING,65,61.922550201416016,0,0,7,0,0,7
0,DeathDescription.DECKING,65,53.458452224731445,0,0,7,0,0,7
0,DeathDescription.DECKING,65,69.9765682220459,0,0,7,0,0,7
0,DeathDescription.DECKING,65,65.40465354919434,0,0,7,0,0,7
0,DeathDescription.DECKING,65,94.53201293945312,0,0,7,0,0,7
0,DeathDescription.DECKING,65,68.71652603149414,0,0,7,0,0,7
0,DeathDescription.DECKING,65,58.0291748046875,0,0,7,0,0,7
0,DeathDescription.DECKING,65,63.23671340942383,0,0,7,0,0,7
0,DeathDescription.DECKING,65,60.85085868835449,0,0,7,0,0,7
0,DeathDescription.DECKING,65,41.033029556274414,0,0,7,0,0,7
0,DeathDescription.DECKING,65,69.55671310424805,0,0,7,0,0,7
0,DeathDescription.DECKING,65,50.252437591552734,0,0,7,0,0,7
0,DeathDescription.DECKING,65,44.916391372680664,0,0,7,0,0,7
0,DeathDescription.DECKING,65,63.529253005981445,0,0,7,0,0,7
0,DeathDescription.DECKING,65,74.48720932006836,0,0,7,0,0,7
0,DeathDescription.DECKING,65,60.72640419006348,0,0,7,0,0,7
0,DeathDescription.DECKING,65,71.40398025512695,0,0,7,0,0,7
0,DeathDescription.DECKING,65,47.35732078552246,0,0,7,0,0,7
0,DeathDescription.DECKING,65,58.58302116394043,0,0,7,0,0,7
0,DeathDescription.DECKING,65,46.33927345275879,0,0,7,0,0,7
0,DeathDescription.DECKING,65,60.45198440551758,0,0,7,0,0,7
0,DeathDescription.DECKING,65,54.70871925354004,0,0,7,0,0,7
0,DeathDescription.DECKING,65,74.76639747619629,0,0,7,0,0,7
0,DeathDescription.DECKING,65,70.38569450378418,0,0,7,0,0,7
0,DeathDescription.DECKING,65,75.08277893066406,0,0,7,0,0,7
0,DeathDescription.DECKING,65,41.712045669555664,0,0,7,0,0,7
0,DeathDescription.DECKING,65,54.18539047241211,0,0,7,0,0,7
0,DeathDescription.DECKING,65,52.913665771484375,0,0,7,0,0,7
0,DeathDescription.DECKING,65,57.159423828125,0,0,7,0,0,7
0,DeathDescription.DECKING,65,40.830373764038086,0,0,7,0,0,7
0,DeathDescription.DECKING,65,62.23249435424805,0,0,7,0,0,7
0,DeathDescription.DECKING,65,78.96876335144043,0,0,7,0,0,7
0,DeathDescription.DECKING,65,56.89406394958496,0,0,7,0,0,7
0,DeathDescription.DECKING,65,57.932138442993164,0,0,7,0,0,7
0,DeathDescription.DECKING,65,65.21010398864746,0,0,7,0,0,7
0,DeathDescription.DECKING,65,72.01099395751953,0,0,7,0,0,7
0,DeathDescription.DECKING,65,66.23220443725586,0,0,7,0,0,7
0,DeathDescription.DECKING,65,60.39166450500488,0,0,7,0,0,7
0,DeathDescription.DECKING,65,44.91066932678223,0,0,7,0,0,7
0,DeathDescription.DECKING,65,53.931474685668945,0,0,7,0,0,7
0,DeathDescription.DECKING,65,44.86536979675293,0,0,7,0,0,7
0,DeathDescription.DECKING,65,54.616451263427734,0,0,7,0,0,7
0,DeathDescription.DECKING,65,65.43397903442383,0,0,7,0,0,7
0,DeathDescription.DECKING,65,42.68503189086914,0,0,7,0,0,7
0,DeathDescription.DECKING,65,65.26422500610352,0,0,7,0,0,7
0,DeathDescription.DECKING,65,70.56260108947754,0,0,7,0,0,7
0,DeathDescription.DECKING,65,67.22736358642578,0,0,7,0,0,7
0,DeathDescription.DECKING,65,98.97780418395996,0,0,7,0,0,7
0,DeathDescription.DECKING,65,68.99237632751465,0,0,7,0,0,7
0,DeathDescription.DECKING,65,48.738718032836914,0,0,7,0,0,7
0,DeathDescription.DECKING,65,54.99577522277832,0,0,7,0,0,7
0,DeathDescription.DECKING,65,58.03537368774414,0,0,7,0,0,7
0,DeathDescription.DECKING,65,65.43421745300293,0,0,7,0,0,7
0,DeathDescription.DECKING,65,44.23379898071289,0,0,7,0,0,7
0,DeathDescription.DECKING,65,53.368330001831055,0,0,7,0,0,7
0,DeathDescription.DECKING,65,60.736894607543945,0,0,7,0,0,7
0,DeathDescription.DECKING,65,78.32574844360352,0,0,7,0,0,7
0,DeathDescription.DECKING,65,47.492265701293945,0,0,7,0,0,7
0,DeathDescription.DECKING,65,92.0712947845459,0,0,7,0,0,7
0,DeathDescription.DECKING,65,64.2085075378418,0,0,7,0,0,7
0,DeathDescription.DECKING,65,54.39186096191406,0,0,7,0,0,7
0,DeathDescription.DECKING,65,73.50420951843262,0,0,7,0,0,7
0,DeathDescription.DECKING,65,53.878068923950195,0,0,7,0,0,7
0,DeathDescription.DECKING,65,70.3434944152832,0,0,7,0,0,7
0,DeathDescription.DECKING,65,56.62989616394043,0,0,7,0,0,7
0,DeathDescription.DECKING,65,56.59604072570801,0,0,7,0,0,7
0,DeathDescription.DECKING,65,65.92345237731934,0,0,7,0,0,7
0,DeathDescription.DECKING,65,63.535451889038086,0,0,7,0,0,7
0,DeathDescription.DECKING,65,92.38076210021973,0,0,7,0,0,7
0,DeathDescription.DECKING,65,49.8652458190918,0,0,7,0,0,7
0,DeathDescription.DECKING,65,63.46845626831055,0,0,7,0,0,7
0,DeathDescription.DECKING,65,56.73718452453613,0,0,7,0,0,7
0,DeathDescription.DECKING,65,60.5776309967041,0,0,7,0,0,7
0,DeathDescription.DECKING,65,48.86579513549805,0,0,7,0,0,7
0,DeathDescription.DECKING,65,55.2668571472168,0,0,7,0,0,7
0,DeathDescription.DECKING,65,56.4267635345459,0,0,7,0,0,7
0,DeathDescription.DECKING,65,71.40326499938965,0,0,7,0,0,7
0,DeathDescription.DECKING,65,57.30295181274414,0,0,7,0,0,7
0,DeathDescription.DECKING,65,59.31377410888672,0,0,7,0,0,7
0,DeathDescription.DECKING,65,50.74048042297363,0,0,7,0,0,7
0,DeathDescription.DECKING,65,50.364017486572266,0,0,7,0,0,7
0,DeathDescription.DECKING,65,59.12160873413086,0,0,7,0,0,7
0,DeathDescription.DECKING,65,48.07639122009277,0,0,7,0,0,7
0,DeathDescription.DECKING,65,56.71954154968262,0,0,7,0,0,7
0,DeathDescription.DECKING,65,69.2148208618164,0,0,7,0,0,7
0,DeathDescription.DECKING,65,52.03557014465332,0,0,7,0,0,7
0,DeathDescription.DECKING,65,59.888601303100586,0,0,7,0,0,7
0,DeathDescription.DECKING,65,55.4652214050293,0,0,7,0,0,7
0,DeathDescription.DECKING,65,75.12259483337402,0,0,7,0,0,7
0,DeathDescription.DECKING,65,58.39228630065918,0,0,7,0,0,7
0,DeathDescription.DECKING,65,69.87619400024414,0,0,7,0,0,7
0,DeathDescription.DECKING,65,57.70111083984375,0,0,7,0,0,7
0,DeathDescription.DECKING,65,67.40713119506836,0,0,7,0,0,7
0,DeathDescription.DECKING,65,50.354957580566406,0,0,7,0,0,7
0,DeathDescription.DECKING,65,75.2558708190918,0,0,7,0,0,7
0,DeathDescription.DECKING,65,57.630062103271484,0,0,7,0,0,7
0,DeathDescription.DECKING,65,62.183380126953125,0,0,7,0,0,7
0,DeathDescription.DECKING,65,59.99922752380371,0,0,7,0,0,7
0,DeathDescription.DECKING,65,63.010215759277344,0,0,7,0,0,7
0,DeathDescription.DECKING,65,43.326377868652344,0,0,7,0,0,7
0,DeathDescription.DECKING,65,69.45443153381348,0,0,7,0,0,7
0,DeathDescription.DECKING,65,81.78877830505371,0,0,7,0,0,7
0,DeathDescription.DECKING,65,69.21720504760742,0,0,7,0,0,7
0,DeathDescription.DECKING,65,60.94026565551758,0,0,7,0,0,7
0,DeathDescription.DECKING,65,75.53672790527344,0,0,7,0,0,7
0,DeathDescription.DECKING,65,63.25030326843262,0,0,7,0,0,7
0,DeathDescription.DECKING,65,91.75586700439453,0,0,7,0,0,7
0,DeathDescription.DECKING,65,59.709787368774414,0,0,7,0,0,7
0,DeathDescription.DECKING,65,66.63656234741211,0,0,7,0,0,7
0,DeathDescription.DECKING,65,46.729087829589844,0,0,7,0,0,7
0,DeathDescription.DECKING,65,62.06536293029785,0,0,7,0,0,7
0,DeathDescription.DECKING,65,52.34122276306152,0,0,7,0,0,7
0,DeathDescription.DECKING,65,77.0425796508789,0,0,7,0,0,7
0,DeathDescription.DECKING,65,52.0169734954834,0,0,7,0,0,7
0,DeathDescription.DECKING,65,62.41345405578613,0,0,7,0,0,7
0,DeathDescription.DECKING,65,70.58858871459961,0,0,7,0,0,7
0,DeathDescription.DECKING,65,64.82100486755371,0,0,7,0,0,7
0,DeathDescription.DECKING,65,42.62351989746094,0,0,7,0,0,7
0,DeathDescription.DECKING,65,49.01599884033203,0,0,7,0,0,7
0,DeathDescription.DECKING,65,53.931236267089844,0,0,7,0,0,7
0,DeathDescription.DECKING,65,52.61540412902832,0,0,7,0,0,7
0,DeathDescription.DECKING,65,47.05810546875,0,0,7,0,0,7
0,DeathDescription.DECKING,65,45.34316062927246,0,0,7,0,0,7
0,DeathDescription.DECKING,65,77.85367965698242,0,0,7,0,0,7
0,DeathDescription.DECKING,65,45.77445983886719,0,0,7,0,0,7
0,DeathDescription.DECKING,65,56.17928504943848,0,0,7,0,0,7
0,DeathDescription.DECKING,65,42.901039123535156,0,0,7,0,0,7
0,DeathDescription.DECKING,65,52.247047424316406,0,0,7,0,0,7
0,DeathDescription.DECKING,65,52.53410339355469,0,0,7,0,0,7
0,DeathDescription.DECKING,65,54.65197563171387,0,0,7,0,0,7
0,DeathDescription.DECKING,65,48.569440841674805,0,0,7,0,0,7
0,DeathDescription.DECKING,65,41.129350662231445,0,0,7,0,0,7
0,DeathDescription.DECKING,65,53.45273017883301,0,0,7,0,0,7
0,DeathDescription.DECKING,65,56.71977996826172,0,0,7,0,0,7
0,DeathDescription.DECKING,65,47.35612869262695,0,0,7,0,0,7
0,DeathDescription.DECKING,65,69.42129135131836,0,0,7,0,0,7
0,DeathDescription.DECKING,65,58.16793441772461,0,0,7,0,0,7
0,DeathDescription.DECKING,65,71.10810279846191,0,0,7,0,0,7
0,DeathDescription.DECKING,65,58.88676643371582,0,0,7,0,0,7
0,DeathDescription.DECKING,65,62.06488609313965,0,0,7,0,0,7
0,DeathDescription.DECKING,65,45.71700096130371,0,0,7,0,0,7
0,DeathDescription.DECKING,65,52.987098693847656,0,0,7,0,0,7
0,DeathDescription.DECKING,65,51.984310150146484,0,0,7,0,0,7
0,DeathDescription.DECKING,65,68.03250312805176,0,0,7,0,0,7
0,DeathDescription.DECKING,65,49.959421157836914,0,0,7,0,0,7
0,DeathDescription.DECKING,65,71.40564918518066,0,0,7,0,0,7
0,DeathDescription.DECKING,65,46.25248908996582,0,0,7,0,0,7
0,DeathDescription.DECKING,65,63.88545036315918,0,0,7,0,0,7
0,DeathDescription.DECKING,65,72.13497161865234,0,0,7,0,0,7
0,DeathDescription.DECKING,65,62.532901763916016,0,0,7,0,0,7
0,DeathDescription.DECKING,65,47.82915115356445,0,0,7,0,0,7
0,DeathDescription.DECKING,65,45.86195945739746,0,0,7,0,0,7
0,DeathDescription.DECKING,65,56.23316764831543,0,0,7,0,0,7
0,DeathDescription.DECKING,65,64.45622444152832,0,0,7,0,0,7
0,DeathDescription.DECKING,65,67.77071952819824,0,0,7,0,0,7
0,DeathDescription.DECKING,65,68.4347152709961,0,0,7,0,0,7
0,DeathDescription.DECKING,65,45.3343391418457,0,0,7,0,0,7
0,DeathDescription.DECKING,65,75.08563995361328,0,0,7,0,0,7
0,DeathDescription.DECKING,65,44.93427276611328,0,0,7,0,0,7
0,DeathDescription.DECKING,65,56.555747985839844,0,0,7,0,0,7
0,DeathDescription.DECKING,65,46.16093635559082,0,0,7,0,0,7
0,DeathDescription.DECKING,65,61.692237854003906,0,0,7,0,0,7
0,DeathDescription.DECKING,65,89.80679512023926,0,0,7,0,0,7
0,DeathDescription.DECKING,65,81.01677894592285,0,0,7,0,0,7
0,DeathDescription.DECKING,65,47.856807708740234,0,0,7,0,0,7
0,DeathDescription.DECKING,65,64.56518173217773,0,0,7,0,0,7
0,DeathDescription.DECKING,65,55.96137046813965,0,0,7,0,0,7
0,DeathDescription.DECKING,65,73.20713996887207,0,0,7,0,0,7
0,DeathDescription.DECKING,65,55.25541305541992,0,0,7,0,0,7
0,DeathDescription.DECKING,65,69.10991668701172,0,0,7,0,0,7
0,DeathDescription.DECKING,65,51.92923545837402,0,0,7,0,0,7
0,DeathDescription.DECKING,65,68.13263893127441,0,0,7,0,0,7
0,DeathDescription.DECKING,65,65.25325775146484,0,0,7,0,0,7
0,DeathDescription.DECKING,65,77.99792289733887,0,0,7,0,0,7
0,DeathDescription.DECKING,65,49.94773864746094,0,0,7,0,0,7
0,DeathDescription.DECKING,65,59.81755256652832,0,0,7,0,0,7
0,DeathDescription.DECKING,65,64.44692611694336,0,0,7,0,0,7
0,DeathDescription.DECKING,65,59.107303619384766,0,0,7,0,0,7
0,DeathDescription.DECKING,65,46.645402908325195,0,0,7,0,0,7
0,DeathDescription.DECKING,65,84.65981483459473,0,0,7,0,0,7
0,DeathDescription.DECKING,65,73.69565963745117,0,0,7,0,0,7
0,DeathDescription.DECKING,65,59.9217414855957,0,0,7,0,0,7
0,DeathDescription.DECKING,65,42.3433780670166,0,0,7,0,0,7
0,DeathDescription.DECKING,65,68.38440895080566,0,0,7,0,0,7
0,DeathDescription.DECKING,65,77.43263244628906,0,0,7,0,0,7
0,DeathDescription.DECKING,65,57.984352111816406,0,0,7,0,0,7
0,DeathDescription.DECKING,65,55.88698387145996,0,0,7,0,0,7
0,DeathDescription.DECKING,65,63.31801414489746,0,0,7,0,0,7
0,DeathDescription.DECKING,65,47.16682434082031,0,0,7,0,0,7
0,DeathDescription.DECKING,65,67.30818748474121,0,0,7,0,0,7
0,DeathDescription.DECKING,65,52.50191688537598,0,0,7,0,0,7
0,DeathDescription.DECKING,65,81.39848709106445,0,0,7,0,0,7
0,DeathDescription.DECKING,65,54.55374717712402,0,0,7,0,0,7
0,DeathDescription.DECKING,65,63.25793266296387,0,0,7,0,0,7
0,DeathDescription.DECKING,65,59.206485748291016,0,0,7,0,0,7
0,DeathDescription.DECKING,65,67.75856018066406,0,0,7,0,0,7
0,DeathDescription.DECKING,65,73.08554649353027,0,0,7,0,0,7
0,DeathDescription.DECKING,65,67.34704971313477,0,0,7,0,0,7
0,DeathDescription.DECKING,65,48.19631576538086,0,0,7,0,0,7
0,DeathDescription.DECKING,65,72.36671447753906,0,0,7,0,0,7
0,DeathDescription.DECKING,65,52.813053131103516,0,0,7,0,0,7
0,DeathDescription.DECKING,65,56.25557899475098,0,0,7,0,0,7
0,DeathDescription.DECKING,65,47.09744453430176,0,0,7,0,0,7
0,DeathDescription.DECKING,65,56.95176124572754,0,0,7,0,0,7
0,DeathDescription.DECKING,65,48.08235168457031,0,0,7,0,0,7
0,DeathDescription.DECKING,65,75.80184936523438,0,0,7,0,0,7
0,DeathDescription.DECKING,65,58.655738830566406,0,0,7,0,0,7
0,DeathDescription.DECKING,65,61.79952621459961,0,0,7,0,0,7
0,DeathDescription.DECKING,65,45.14169692993164,0,0,7,0,0,7
0,DeathDescription.DECKING,65,64.00609016418457,0,0,7,0,0,7
0,DeathDescription.DECKING,65,64.11480903625488,0,0,7,0,0,7
0,DeathDescription.DECKING,65,51.569461822509766,0,0,7,0,0,7
0,DeathDescription.DECKING,65,66.59960746765137,0,0,7,0,0,7
0,DeathDescription.DECKING,65,62.34097480773926,0,0,7,0,0,7
0,DeathDescription.DECKING,65,50.61841011047363,0,0,7,0,0,7
0,DeathDescription.DECKING,65,61.48338317871094,0,0,7,0,0,7
0,DeathDescription.DECKING,65,47.560930252075195,0,0,7,0,0,7
0,DeathDescription.DECKING,65,67.23189353942871,0,0,7,0,0,7
0,DeathDescription.DECKING,65,67.69967079162598,0,0,7,0,0,7
0,DeathDescription.DECKING,65,54.46004867553711,0,0,7,0,0,7
0,DeathDescription.DECKING,65,63.16375732421875,0,0,7,0,0,7
0,DeathDescription.DECKING,65,73.58145713806152,0,0,7,0,0,7
0,DeathDescription.DECKING,65,50.763607025146484,0,0,7,0,0,7
0,DeathDescription.DECKING,65,72.00407981872559,0,0,7,0,0,7
0,DeathDescription.DECKING,65,61.91849708557129,0,0,7,0,0,7
0,DeathDescription.DECKING,65,70.25909423828125,0,0,7,0,0,7
0,DeathDescription.DECKING,65,44.74496841430664,0,0,7,0,0,7
0,DeathDescription.DECKING,65,80.11293411254883,0,0,7,0,0,7
0,DeathDescription.DECKING,65,66.45536422729492,0,0,7,0,0,7
0,DeathDescription.DECKING,65,68.79425048828125,0,0,7,0,0,7
0,DeathDescription.DECKING,65,51.964521408081055,0,0,7,0,0,7
0,DeathDescription.DECKING,65,74.90348815917969,0,0,7,0,0,7
0,DeathDescription.DECKING,65,67.0924186706543,0,0,7,0,0,7
0,DeathDescription.DECKING,65,59.98659133911133,0,0,7,0,0,7
0,DeathDescription.DECKING,65,78.28640937805176,0,0,7,0,0,7
0,DeathDescription.DECKING,65,65.51337242126465,0,0,7,0,0,7
0,DeathDescription.DECKING,65,56.28800392150879,0,0,7,0,0,7
0,DeathDescription.DECKING,65,54.44622039794922,0,0,7,0,0,7
0,DeathDescription.DECKING,65,64.67843055725098,0,0,7,0,0,7
0,DeathDescription.DECKING,65,74.42116737365723,0,0,7,0,0,7
0,DeathDescription.DECKING,65,46.71835899353027,0,0,7,0,0,7
0,DeathDescription.DECKING,65,65.08588790893555,0,0,7,0,0,7
0,DeathDescription.DECKING,65,50.496578216552734,0,0,7,0,0,7
0,DeathDescription.DECKING,65,60.49346923828125,0,0,7,0,0,7
0,DeathDescription.DECKING,65,59.044599533081055,0,0,7,0,0,7
0,DeathDescription.DECKING,65,83.14776420593262,0,0,7,0,0,7
0,DeathDescription.DECKING,65,48.68125915527344,0,0,7,0,0,7
0,DeathDescription.DECKING,65,62.02983856201172,0,0,7,0,0,7
0,DeathDescription.DECKING,65,47.57833480834961,0,0,7,0,0,7
0,DeathDescription.DECKING,65,49.568891525268555,0,0,7,0,0,7
0,DeathDescription.DECKING,65,44.27814483642578,0,0,7,0,0,7
0,DeathDescription.DECKING,65,50.748586654663086,0,0,7,0,0,7
0,DeathDescription.DECKING,65,68.4957504272461,0,0,7,0,0,7
0,DeathDescription.DECKING,65,54.30746078491211,0,0,7,0,0,7
0,DeathDescription.DECKING,65,62.69025802612305,0,0,7,0,0,7
0,DeathDescription.DECKING,65,70.30057907104492,0,0,7,0,0,7
0,DeathDescription.DECKING,65,64.12935256958008,0,0,7,0,0,7
0,DeathDescription.DECKING,65,47.307729721069336,0,0,7,0,0,7
0,DeathDescription.DECKING,65,79.96654510498047,0,0,7,0,0,7
0,DeathDescription.DECKING,65,56.71429634094238,0,0,7,0,0,7
0,DeathDescription.DECKING,65,63.85970115661621,0,0,7,0,0,7
0,DeathDescription.DECKING,65,43.511152267456055,0,0,7,0,0,7
0,DeathDescription.DECKING,65,58.554649353027344,0,0,7,0,0,7
0,DeathDescription.DECKING,65,49.87382888793945,0,0,7,0,0,7
0,DeathDescription.DECKING,65,49.55315589904785,0,0,7,0,0,7
0,DeathDescription.DECKING,65,56.9765567779541,0,0,7,0,0,7
0,DeathDescription.DECKING,65,64.96000289916992,0,0,7,0,0,7
0,DeathDescription.DECKING,65,49.646854400634766,0,0,7,0,0,7
0,DeathDescription.DECKING,65,71.31409645080566,0,0,7,0,0,7
0,DeathDescription.DECKING,65,53.71403694152832,0,0,7,0,0,7
0,DeathDescription.DECKING,65,69.36168670654297,0,0,7,0,0,7
0,DeathDescription.DECKING,65,56.22148513793945,0,0,7,0,0,7
0,DeathDescription.DECKING,65,72.91364669799805,0,0,7,0,0,7
0,DeathDescription.DECKING,65,69.31614875793457,0,0,7,0,0,7
0,DeathDescription.DECKING,65,58.85648727416992,0,0,7,0,0,7
0,DeathDescription.DECKING,65,69.56672668457031,0,0,7,0,0,7
0,DeathDescription.DECKING,65,69.36907768249512,0,0,7,0,0,7
0,DeathDescription.DECKING,65,59.134483337402344,0,0,7,0,0,7
0,DeathDescription.DECKING,65,69.72122192382812,0,0,7,0,0,7
0,DeathDescription.DECKING,65,86.58313751220703,0,0,7,0,0,7
0,DeathDescription.DECKING,65,74.81670379638672,0,0,7,0,0,7
0,DeathDescription.DECKING,65,44.99101638793945,0,0,7,0,0,7
0,DeathDescription.DECKING,65,56.31828308105469,0,0,7,0,0,7
0,DeathDescription.DECKING,65,76.5986442565918,0,0,7,0,0,7
0,DeathDescription.DECKING,65,57.9218864440918,0,0,7,0,0,7
0,DeathDescription.DECKING,65,58.94184112548828,0,0,7,0,0,7
0,DeathDescription.DECKING,65,51.070451736450195,0,0,7,0,0,7
0,DeathDescription.DECKING,65,46.236276626586914,0,0,7,0,0,7
0,DeathDescription.DECKING,65,66.97392463684082,0,0,7,0,0,7
0,DeathDescription.DECKING,65,60.24622917175293,0,0,7,0,0,7
0,DeathDescription.DECKING,65,74.66888427734375,0,0,7,0,0,7
0,DeathDescription.DECKING,65,72.07608222961426,0,0,7,0,0,7
0,DeathDescription.DECKING,65,42.938947677612305,0,0,7,0,0,7
0,DeathDescription.DECKING,65,66.11847877502441,0,0,7,0,0,7
0,DeathDescription.DECKING,65,52.91604995727539,0,0,7,0,0,7
0,DeathDescription.DECKING,65,51.31721496582031,0,0,7,0,0,7
0,DeathDescription.DECKING,65,56.6556453704834,0,0,7,0,0,7
0,DeathDescription.DECKING,65,55.00674247741699,0,0,7,0,0,7
0,DeathDescription.DECKING,65,49.84092712402344,0,0,7,0,0,7
0,DeathDescription.DECKING,65,54.3367862701416,0,0,7,0,0,7
0,DeathDescription.DECKING,65,59.24391746520996,0,0,7,0,0,7
0,DeathDescription.DECKING,65,54.62980270385742,0,0,7,0,0,7
0,DeathDescription.DECKING,65,67.20328330993652,0,0,7,0,0,7
0,DeathDescription.DECKING,65,85.99972724914551,0,0,7,0,0,7
0,DeathDescription.DECKING,65,52.345991134643555,0,0,7,0,0,7
0,DeathDescription.DECKING,65,73.68898391723633,0,0,7,0,0,7
0,DeathDescription.DECKING,65,54.95738983154297,0,0,7,0,0,7
0,DeathDescription.DECKING,65,64.9566650390625,0,0,7,0,0,7
0,DeathDescription.DECKING,65,49.99041557312012,0,0,7,0,0,7
0,DeathDescription.DECKING,65,66.18213653564453,0,0,7,0,0,7
0,DeathDescription.DECKING,65,49.276113510131836,0,0,7,0,0,7
0,DeathDescription.DECKING,65,71.37012481689453,0,0,7,0,0,7
0,DeathDescription.DECKING,65,56.111812591552734,0,0,7,0,0,7
0,DeathDescription.DECKING,65,100.14533996582031,0,0,7,0,0,7
0,DeathDescription.DECKING,65,54.169654846191406,0,0,7,0,0,7
0,DeathDescription.DECKING,65,59.61894989013672,0,0,7,0,0,7
0,DeathDescription.DECKING,65,53.632497787475586,0,0,7,0,0,7
0,DeathDescription.DECKING,65,58.03942680358887,0,0,7,0,0,7
0,DeathDescription.DECKING,65,75.72793960571289,0,0,7,0,0,7
0,DeathDescription.DECKING,65,104.83074188232422,0,0,7,0,0,7
0,DeathDescription.DECKING,65,57.929277420043945,0,0,7,0,0,7
0,DeathDescription.DECKING,65,49.36647415161133,0,0,7,0,0,7
0,DeathDescription.DECKING,65,65.59538841247559,0,0,7,0,0,7
0,DeathDescription.DECKING,65,67.56353378295898,0,0,7,0,0,7
0,DeathDescription.DECKING,65,47.87755012512207,0,0,7,0,0,7
0,DeathDescription.DECKING,65,69.76675987243652,0,0,7,0,0,7
0,DeathDescription.DECKING,65,64.55659866333008,0,0,7,0,0,7
0,DeathDescription.DECKING,65,78.31072807312012,0,0,7,0,0,7
0,DeathDescription.DECKING,65,63.54236602783203,0,0,7,0,0,7
0,DeathDescription.DECKING,65,71.04349136352539,0,0,7,0,0,7
0,DeathDescription.DECKING,65,52.78348922729492,0,0,7,0,0,7
0,DeathDescription.DECKING,65,66.41530990600586,0,0,7,0,0,7
0,DeathDescription.DECKING,65,52.977800369262695,0,0,7,0,0,7
0,DeathDescription.DECKING,65,56.13207817077637,0,0,7,0,0,7
0,DeathDescription.DECKING,65,41.628122329711914,0,0,7,0,0,7
0,DeathDescription.DECKING,65,40.69018363952637,0,0,7,0,0,7
0,DeathDescription.DECKING,65,65.38558006286621,0,0,7,0,0,7
0,DeathDescription.DECKING,65,52.3529052734375,0,0,7,0,0,7
0,DeathDescription.DECKING,65,59.927940368652344,0,0,7,0,0,7
0,DeathDescription.DECKING,65,43.82586479187012,0,0,7,0,0,7
0,DeathDescription.DECKING,65,78.7198543548584,0,0,7,0,0,7
0,DeathDescription.DECKING,65,80.9929370880127,0,0,7,0,0,7
0,DeathDescription.DECKING,65,95.65091133117676,0,0,7,0,0,7
0,DeathDescription.DECKING,65,84.91992950439453,0,0,7,0,0,7
0,DeathDescription.DECKING,65,70.25742530822754,0,0,7,0,0,7
0,DeathDescription.DECKING,65,70.21641731262207,0,0,7,0,0,7
0,DeathDescription.DECKING,65,65.93465805053711,0,0,7,0,0,7
0,DeathDescription.DECKING,65,45.19319534301758,0,0,7,0,0,7
0,DeathDescription.DECKING,65,61.11502647399902,0,0,7,0,0,7
0,DeathDescription.DECKING,65,43.59841346740723,0,0,7,0,0,7
0,DeathDescription.DECKING,65,54.906606674194336,0,0,7,0,0,7
0,DeathDescription.DECKING,65,40.93217849731445,0,0,7,0,0,7
0,DeathDescription.DECKING,65,58.72678756713867,0,0,7,0,0,7
0,DeathDescription.DECKING,65,60.6074333190918,0,0,7,0,0,7
0,DeathDescription.DECKING,65,49.74484443664551,0,0,7,0,0,7
0,DeathDescription.DECKING,65,52.22511291503906,0,0,7,0,0,7
0,DeathDescription.DECKING,65,56.76102638244629,0,0,7,0,0,7
0,DeathDescription.DECKING,65,66.19071960449219,0,0,7,0,0,7
0,DeathDescription.DECKING,65,40.45295715332031,0,0,7,0,0,7
0,DeathDescription.DECKING,65,57.4336051940918,0,0,7,0,0,7
0,DeathDescription.DECKING,65,52.13737487792969,0,0,7,0,0,7
0,DeathDescription.DECKING,65,54.97264862060547,0,0,7,0,0,7
0,DeathDescription.DECKING,65,51.84149742126465,0,0,7,0,0,7
0,DeathDescription.DECKING,65,41.8701171875,0,0,7,0,0,7
0,DeathDescription.DECKING,65,44.82078552246094,0,0,7,0,0,7
0,DeathDescription.DECKING,65,44.24619674682617,0,0,7,0,0,7
0,DeathDescription.DECKING,65,55.19914627075195,0,0,7,0,0,7
0,DeathDescription.DECKING,65,64.48149681091309,0,0,7,0,0,7
0,DeathDescription.DECKING,65,73.03166389465332,0,0,7,0,0,7
0,DeathDescription.DECKING,65,61.25307083129883,0,0,7,0,0,7
0,DeathDescription.DECKING,65,92.80562400817871,0,0,7,0,0,7
0,DeathDescription.DECKING,65,44.26741600036621,0,0,7,0,0,7
0,DeathDescription.DECKING,65,52.40273475646973,0,0,7,0,0,7
0,DeathDescription.DECKING,65,91.8569564819336,0,0,7,0,0,7
0,DeathDescription.DECKING,65,65.75155258178711,0,0,7,0,0,7
0,DeathDescription.DECKING,65,93.49417686462402,0,0,7,0,0,7
0,DeathDescription.DECKING,65,79.4229507446289,0,0,7,0,0,7
0,DeathDescription.DECKING,65,114.30954933166504,0,0,7,0,0,7
0,DeathDescription.DECKING,65,115.21267890930176,0,0,7,0,0,7
0,DeathDescription.DECKING,65,73.25863838195801,0,0,7,0,0,7
0,DeathDescription.DECKING,65,87.87369728088379,0,0,7,0,0,7
0,DeathDescription.DECKING,65,81.33316040039062,0,0,7,0,0,7
0,DeathDescription.DECKING,65,71.3338851928711,0,0,7,0,0,7
0,DeathDescription.DECKING,65,100.15177726745605,0,0,7,0,0,7
0,DeathDescription.DECKING,65,66.2240982055664,0,0,7,0,0,7
0,DeathDescription.DECKING,65,56.7471981048584,0,0,7,0,0,7
0,DeathDescription.DECKING,65,53.319692611694336,0,0,7,0,0,7
0,DeathDescription.DECKING,65,62.38412857055664,0,0,7,0,0,7
0,DeathDescription.DECKING,65,72.97754287719727,0,0,7,0,0,7
0,DeathDescription.DECKING,65,52.8559684753418,0,0,7,0,0,7
0,DeathDescription.DECKING,65,56.43343925476074,0,0,7,0,0,7
0,DeathDescription.DECKING,65,55.55224418640137,0,0,7,0,0,7
0,DeathDescription.DECKING,65,58.44712257385254,0,0,7,0,0,7
0,DeathDescription.DECKING,65,50.3995418548584,0,0,7,0,0,7
0,DeathDescription.DECKING,65,55.44686317443848,0,0,7,0,0,7
0,DeathDescription.DECKING,65,42.859554290771484,0,0,7,0,0,7
0,DeathDescription.DECKING,65,49.30901527404785,0,0,7,0,0,7
0,DeathDescription.DECKING,65,84.08761024475098,0,0,7,0,0,7
0,DeathDescription.DECKING,65,70.27554512023926,0,0,7,0,0,7
0,DeathDescription.DECKING,65,59.828996658325195,0,0,7,0,0,7
0,DeathDescription.DECKING,65,65.17744064331055,0,0,7,0,0,7
0,DeathDescription.DECKING,65,68.30620765686035,0,0,7,0,0,7
0,DeathDescription.DECKING,65,52.34384536743164,0,0,7,0,0,7
0,DeathDescription.DECKING,65,63.82346153259277,0,0,7,0,0,7
0,DeathDescription.DECKING,65,46.30398750305176,0,0,7,0,0,7
0,DeathDescription.DECKING,65,60.50872802734375,0,0,7,0,0,7
0,DeathDescription.DECKING,65,50.32610893249512,0,0,7,0,0,7
0,DeathDescription.DECKING,65,57.277679443359375,0,0,7,0,0,7
0,DeathDescription.DECKING,65,58.765411376953125,0,0,7,0,0,7
0,DeathDescription.DECKING,65,51.68867111206055,0,0,7,0,0,7
0,DeathDescription.DECKING,65,55.327415466308594,0,0,7,0,0,7
0,DeathDescription.DECKING,65,59.0815544128418,0,0,7,0,0,7
0,DeathDescription.DECKING,65,43.2276725769043,0,0,7,0,0,7
0,DeathDescription.DECKING,65,74.51629638671875,0,0,7,0,0,7
0,DeathDescription.DECKING,65,54.19158935546875,0,0,7,0,0,7
0,DeathDescription.DECKING,65,52.31189727783203,0,0,7,0,0,7
0,DeathDescription.DECKING,65,56.32615089416504,0,0,7,0,0,7
0,DeathDescription.DECKING,65,49.98922348022461,0,0,7,0,0,7
0,DeathDescription.DECKING,65,56.821346282958984,0,0,7,0,0,7
0,DeathDescription.DECKING,65,55.368900299072266,0,0,7,0,0,7
0,DeathDescription.DECKING,65,62.432050704956055,0,0,7,0,0,7
0,DeathDescription.DECKING,65,86.66348457336426,0,0,7,0,0,7
0,DeathDescription.DECKING,65,61.75351142883301,0,0,7,0,0,7
0,DeathDescription.DECKING,65,76.30300521850586,0,0,7,0,0,7
0,DeathDescription.DECKING,65,66.35022163391113,0,0,7,0,0,7
0,DeathDescription.DECKING,65,75.04940032958984,0,0,7,0,0,7
0,DeathDescription.DECKING,65,45.00842094421387,0,0,7,0,0,7
0,DeathDescription.DECKING,65,64.52298164367676,0,0,7,0,0,7
0,DeathDescription.DECKING,65,57.75260925292969,0,0,7,0,0,7
0,DeathDescription.DECKING,65,66.31088256835938,0,0,7,0,0,7
0,DeathDescription.DECKING,65,66.16759300231934,0,0,7,0,0,7
0,DeathDescription.DECKING,65,85.93010902404785,0,0,7,0,0,7
0,DeathDescription.DECKING,65,60.53662300109863,0,0,7,0,0,7
0,DeathDescription.DECKING,65,98.22249412536621,0,0,7,0,0,7
0,DeathDescription.DECKING,65,50.14610290527344,0,0,7,0,0,7
0,DeathDescription.DECKING,65,85.66832542419434,0,0,7,0,0,7
0,DeathDescription.DECKING,65,50.681114196777344,0,0,7,0,0,7
0,DeathDescription.DECKING,65,65.60873985290527,0,0,7,0,0,7
0,DeathDescription.DECKING,65,74.43428039550781,0,0,7,0,0,7
0,DeathDescription.DECKING,65,66.13636016845703,0,0,7,0,0,7
0,DeathDescription.DECKING,65,45.98116874694824,0,0,7,0,0,7
0,DeathDescription.DECKING,65,60.61744689941406,0,0,7,0,0,7
0,DeathDescription.DECKING,65,48.8588809967041,0,0,7,0,0,7
0,DeathDescription.DECKING,65,63.31634521484375,0,0,7,0,0,7
0,DeathDescription.DECKING,65,42.4036979675293,0,0,7,0,0,7
0,DeathDescription.DECKING,65,64.22662734985352,0,0,7,0,0,7
0,DeathDescription.DECKING,65,42.80376434326172,0,0,7,0,0,7
0,DeathDescription.DECKING,65,70.14966011047363,0,0,7,0,0,7
0,DeathDescription.DECKING,65,42.64044761657715,0,0,7,0,0,7
0,DeathDescription.DECKING,65,49.09682273864746,0,0,7,0,0,7
0,DeathDescription.DECKING,65,56.298017501831055,0,0,7,0,0,7
0,DeathDescription.DECKING,65,61.31482124328613,0,0,7,0,0,7
0,DeathDescription.DECKING,65,49.69215393066406,0,0,7,0,0,7
0,DeathDescription.DECKING,65,63.840627670288086,0,0,7,0,0,7
0,DeathDescription.DECKING,65,48.425912857055664,0,0,7,0,0,7
0,DeathDescription.DECKING,65,72.21078872680664,0,0,7,0,0,7
0,DeathDescription.DECKING,65,74.07712936401367,0,0,7,0,0,7
0,DeathDescription.DECKING,65,71.82478904724121,0,0,7,0,0,7
0,DeathDescription.DECKING,65,42.78278350830078,0,0,7,0,0,7
0,DeathDescription.DECKING,65,62.357425689697266,0,0,7,0,0,7
0,DeathDescription.DECKING,65,49.32117462158203,0,0,7,0,0,7
0,DeathDescription.DECKING,65,59.46469306945801,0,0,7,0,0,7
0,DeathDescription.DECKING,65,60.355424880981445,0,0,7,0,0,7
0,DeathDescription.DECKING,65,67.4903392791748,0,0,7,0,0,7
0,DeathDescription.DECKING,65,54.89397048950195,0,0,7,0,0,7
0,DeathDescription.DECKING,65,65.0181770324707,0,0,7,0,0,7
0,DeathDescription.DECKING,65,55.31954765319824,0,0,7,0,0,7
0,DeathDescription.DECKING,65,52.57916450500488,0,0,7,0,0,7
0,DeathDescription.DECKING,65,41.27049446105957,0,0,7,0,0,7
0,DeathDescription.DECKING,65,48.386335372924805,0,0,7,0,0,7
0,DeathDescription.DECKING,65,68.72391700744629,0,0,7,0,0,7
0,DeathDescription.DECKING,65,51.42498016357422,0,0,7,0,0,7
0,DeathDescription.DECKING,65,60.408592224121094,0,0,7,0,0,7
0,DeathDescription.DECKING,65,59.674739837646484,0,0,7,0,0,7
0,DeathDescription.DECKING,65,67.3532485961914,0,0,7,0,0,7
0,DeathDescription.DECKING,65,59.49592590332031,0,0,7,0,0,7
0,DeathDescription.DECKING,65,58.67648124694824,0,0,7,0,0,7
0,DeathDescription.DECKING,65,40.4057502746582,0,0,7,0,0,7
0,DeathDescription.DECKING,65,39.55554962158203,0,0,7,0,0,7
0,DeathDescription.DECKING,65,55.36985397338867,0,0,7,0,0,7
0,DeathDescription.DECKING,65,46.53024673461914,0,0,7,0,0,7
0,DeathDescription.DECKING,65,53.130149841308594,0,0,7,0,0,7
0,DeathDescription.DECKING,65,56.63275718688965,0,0,7,0,0,7
0,DeathDescription.DECKING,65,61.13934516906738,0,0,7,0,0,7
0,DeathDescription.DECKING,65,62.365055084228516,0,0,7,0,0,7
0,DeathDescription.DECKING,65,50.163984298706055,0,0,7,0,0,7
0,DeathDescription.DECKING,65,47.91522026062012,0,0,7,0,0,7
0,DeathDescription.DECKING,65,49.5142936706543,0,0,7,0,0,7
0,DeathDescription.DECKING,65,57.55734443664551,0,0,7,0,0,7
0,DeathDescription.DECKING,65,40.415287017822266,0,0,7,0,0,7
0,DeathDescription.DECKING,65,55.81998825073242,0,0,7,0,0,7
0,DeathDescription.DECKING,65,55.814266204833984,0,0,7,0,0,7
0,DeathDescription.DECKING,65,61.84720993041992,0,0,7,0,0,7
0,DeathDescription.DECKING,65,68.66812705993652,0,0,7,0,0,7
0,DeathDescription.DECKING,65,68.15433502197266,0,0,7,0,0,7
0,DeathDescription.DECKING,65,72.34549522399902,0,0,7,0,0,7
0,DeathDescription.DECKING,65,58.271169662475586,0,0,7,0,0,7
0,DeathDescription.DECKING,65,70.91951370239258,0,0,7,0,0,7
0,DeathDescription.DECKING,65,48.023223876953125,0,0,7,0,0,7
0,DeathDescription.DECKING,65,76.58505439758301,0,0,7,0,0,7
0,DeathDescription.DECKING,65,52.457571029663086,0,0,7,0,0,7
0,DeathDescription.DECKING,65,66.99109077453613,0,0,7,0,0,7
0,DeathDescription.DECKING,65,49.253225326538086,0,0,7,0,0,7
0,DeathDescription.DECKING,65,58.81047248840332,0,0,7,0,0,7
0,DeathDescription.DECKING,65,67.11816787719727,0,0,7,0,0,7
0,DeathDescription.DECKING,65,56.772470474243164,0,0,7,0,0,7
0,DeathDescription.DECKING,65,45.93539237976074,0,0,7,0,0,7
0,DeathDescription.DECKING,65,64.53704833984375,0,0,7,0,0,7
0,DeathDescription.DECKING,65,52.457332611083984,0,0,7,0,0,7
0,DeathDescription.DECKING,65,53.93695831298828,0,0,7,0,0,7
0,DeathDescription.DECKING,65,59.01074409484863,0,0,7,0,0,7
0,DeathDescription.DECKING,65,77.73613929748535,0,0,7,0,0,7
0,DeathDescription.DECKING,65,51.94807052612305,0,0,7,0,0,7
0,DeathDescription.DECKING,65,63.249826431274414,0,0,7,0,0,7
0,DeathDescription.DECKING,65,46.31185531616211,0,0,7,0,0,7
0,DeathDescription.DECKING,65,57.679176330566406,0,0,7,0,0,7
0,DeathDescription.DECKING,65,41.32270812988281,0,0,7,0,0,7
0,DeathDescription.DECKING,65,59.06414985656738,0,0,7,0,0,7
0,DeathDescription.DECKING,65,57.535409927368164,0,0,7,0,0,7
0,DeathDescription.DECKING,65,42.0529842376709,0,0,7,0,0,7
0,DeathDescription.DECKING,65,50.97627639770508,0,0,7,0,0,7
0,DeathDescription.DECKING,65,53.529977798461914,0,0,7,0,0,7
0,DeathDescription.DECKING,65,51.203012466430664,0,0,7,0,0,7
0,DeathDescription.DECKING,65,61.307668685913086,0,0,7,0,0,7
0,DeathDescription.DECKING,65,62.78538703918457,0,0,7,0,0,7
0,DeathDescription.DECKING,65,63.46726417541504,0,0,7,0,0,7
0,DeathDescription.DECKING,65,57.38496780395508,0,0,7,0,0,7
0,DeathDescription.DECKING,65,59.958696365356445,0,0,7,0,0,7
0,DeathDescription.DECKING,65,50.502777099609375,0,0,7,0,0,7
0,DeathDescription.DECKING,65,55.76634407043457,0,0,7,0,0,7
0,DeathDescription.DECKING,65,44.1281795501709,0,0,7,0,0,7
0,DeathDescription.DECKING,65,51.78070068359375,0,0,7,0,0,7
0,DeathDescription.DECKING,65,43.427467346191406,0,0,7,0,0,7
0,DeathDescription.DECKING,65,52.05893516540527,0,0,7,0,0,7
0,DeathDescription.DECKING,65,43.40720176696777,0,0,7,0,0,7
0,DeathDescription.DECKING,65,70.52397727966309,0,0,7,0,0,7
0,DeathDescription.DECKING,65,59.37385559082031,0,0,7,0,0,7
0,DeathDescription.DECKING,65,53.16472053527832,0,0,7,0,0,7
0,DeathDescription.DECKING,65,55.76944351196289,0,0,7,0,0,7
0,DeathDescription.DECKING,65,67.08908081054688,0,0,7,0,0,7
0,DeathDescription.DECKING,65,57.54375457763672,0,0,7,0,0,7
0,DeathDescription.DECKING,65,40.36855697631836,0,0,7,0,0,7
0,DeathDescription.DECKING,65,40.534019470214844,0,0,7,0,0,7
0,DeathDescription.DECKING,65,54.94999885559082,0,0,7,0,0,7
0,DeathDescription.DECKING,65,46.74482345581055,0,0,7,0,0,7
0,DeathDescription.DECKING,65,70.56021690368652,0,0,7,0,0,7
0,DeathDescription.DECKING,65,55.90558052062988,0,0,7,0,0,7
0,DeathDescription.DECKING,65,71.11954689025879,0,0,7,0,0,7
0,DeathDescription.DECKING,65,56.006669998168945,0,0,7,0,0,7
0,DeathDescription.DECKING,65,59.54599380493164,0,0,7,0,0,7
0,DeathDescription.DECKING,65,51.920175552368164,0,0,7,0,0,7
0,DeathDescription.DECKING,65,71.15840911865234,0,0,7,0,0,7
0,DeathDescription.DECKING,65,45.6240177154541,0,0,7,0,0,7
0,DeathDescription.DECKING,65,56.67471885681152,0,0,7,0,0,7
0,DeathDescription.DECKING,65,50.101518630981445,0,0,7,0,0,7
0,DeathDescription.DECKING,65,54.17370796203613,0,0,7,0,0,7
0,DeathDescription.DECKING,65,49.08561706542969,0,0,7,0,0,7
0,DeathDescription.DECKING,65,55.037498474121094,0,0,7,0,0,7
0,DeathDescription.DECKING,65,56.722164154052734,0,0,7,0,0,7
0,DeathDescription.DECKING,65,64.52775001525879,0,0,7,0,0,7
0,DeathDescription.DECKING,65,47.40738868713379,0,0,7,0,0,7
0,DeathDescription.DECKING,65,71.16007804870605,0,0,7,0,0,7
0,DeathDescription.DECKING,65,43.51186752319336,0,0,7,0,0,7
0,DeathDescription.DECKING,65,55.15241622924805,0,0,7,0,0,7
0,DeathDescription.DECKING,65,42.72150993347168,0,0,7,0,0,7
0,DeathDescription.DECKING,65,48.68888854980469,0,0,7,0,0,7
0,DeathDescription.DECKING,65,52.063703536987305,0,0,7,0,0,7
0,DeathDescription.DECKING,65,41.69201850891113,0,0,7,0,0,7
0,DeathDescription.DECKING,65,53.267717361450195,0,0,7,0,0,7
0,DeathDescription.DECKING,65,75.79612731933594,0,0,7,0,0,7
0,DeathDescription.DECKING,65,44.1739559173584,0,0,7,0,0,7
0,DeathDescription.DECKING,65,84.34033393859863,0,0,7,0,0,7
0,DeathDescription.DECKING,65,42.6177978515625,0,0,7,0,0,7
0,DeathDescription.DECKING,65,67.72875785827637,0,0,7,0,0,7
0,DeathDescription.DECKING,65,50.65727233886719,0,0,7,0,0,7
0,DeathDescription.DECKING,65,51.81074142456055,0,0,7,0,0,7
0,DeathDescription.DECKING,65,54.78072166442871,0,0,7,0,0,7
0,DeathDescription.DECKING,65,80.23405075073242,0,0,7,0,0,7
0,DeathDescription.DECKING,65,71.07043266296387,0,0,7,0,0,7
0,DeathDescription.DECKING,65,53.061723709106445,0,0,7,0,0,7
0,DeathDescription.DECKING,65,63.34853172302246,0,0,7,0,0,7
0,DeathDescription.DECKING,65,71.72822952270508,0,0,7,0,0,7
0,DeathDescription.DECKING,65,72.88908958435059,0,0,7,0,0,7
0,DeathDescription.DECKING,65,81.05015754699707,0,0,7,0,0,7
0,DeathDescription.DECKING,65,72.60894775390625,0,0,7,0,0,7
0,DeathDescription.DECKING,65,79.36835289001465,0,0,7,0,0,7
0,DeathDescription.DECKING,65,52.024126052856445,0,0,7,0,0,7
0,DeathDescription.DECKING,65,73.36306571960449,0,0,7,0,0,7
0,DeathDescription.DECKING,65,76.1258602142334,0,0,7,0,0,7
0,DeathDescription.DECKING,65,68.47262382507324,0,0,7,0,0,7
0,DeathDescription.DECKING,65,41.79048538208008,0,0,7,0,0,7
0,DeathDescription.DECKING,65,66.35046005249023,0,0,7,0,0,7
0,DeathDescription.DECKING,65,55.13262748718262,0,0,7,0,0,7
0,DeathDescription.DECKING,65,59.320926666259766,0,0,7,0,0,7
0,DeathDescription.DECKING,65,58.34650993347168,0,0,7,0,0,7
0,DeathDescription.DECKING,65,67.10386276245117,0,0,7,0,0,7
0,DeathDescription.DECKING,65,45.340776443481445,0,0,7,0,0,7
0,DeathDescription.DECKING,65,59.71193313598633,0,0,7,0,0,7
0,DeathDescription.DECKING,65,43.14923286437988,0,0,7,0,0,7
0,DeathDescription.DECKING,65,61.55276298522949,0,0,7,0,0,7
0,DeathDescription.DECKING,65,73.8973617553711,0,0,7,0,0,7
0,DeathDescription.DECKING,65,42.389631271362305,0,0,7,0,0,7
0,DeathDescription.DECKING,65,65.2611255645752,0,0,7,0,0,7
0,DeathDescription.DECKING,65,60.49752235412598,0,0,7,0,0,7
0,DeathDescription.DECKING,65,60.883283615112305,0,0,7,0,0,7
0,DeathDescription.DECKING,65,76.51162147521973,0,0,7,0,0,7
0,DeathDescription.DECKING,65,57.87777900695801,0,0,7,0,0,7
0,DeathDescription.DECKING,65,87.97311782836914,0,0,7,0,0,7
0,DeathDescription.DECKING,65,63.14969062805176,0,0,7,0,0,7
0,DeathDescription.DECKING,65,76.15208625793457,0,0,7,0,0,7
0,DeathDescription.DECKING,65,65.16432762145996,0,0,7,0,0,7
0,DeathDescription.DECKING,65,68.70079040527344,0,0,7,0,0,7
0,DeathDescription.DECKING,65,45.766353607177734,0,0,7,0,0,7
0,DeathDescription.DECKING,65,65.97471237182617,0,0,7,0,0,7
0,DeathDescription.DECKING,65,48.15959930419922,0,0,7,0,0,7
0,DeathDescription.DECKING,65,68.22586059570312,0,0,7,0,0,7
0,DeathDescription.DECKING,65,48.665523529052734,0,0,7,0,0,7
0,DeathDescription.DECKING,65,72.2811222076416,0,0,7,0,0,7
0,DeathDescription.DECKING,65,73.60291481018066,0,0,7,0,0,7
0,DeathDescription.DECKING,65,81.84671401977539,0,0,7,0,0,7
0,DeathDescription.DECKING,65,54.45456504821777,0,0,7,0,0,7
0,DeathDescription.DECKING,65,75.43706893920898,0,0,7,0,0,7
0,DeathDescription.DECKING,65,65.25874137878418,0,0,7,0,0,7
0,DeathDescription.DECKING,65,78.18460464477539,0,0,7,0,0,7
0,DeathDescription.DECKING,65,52.939653396606445,0,0,7,0,0,7
0,DeathDescription.DECKING,65,56.815385818481445,0,0,7,0,0,7
0,DeathDescription.DECKING,65,42.119741439819336,0,0,7,0,0,7
0,DeathDescription.DECKING,65,64.09406661987305,0,0,7,0,0,7
0,DeathDescription.DECKING,65,58.92324447631836,0,0,7,0,0,7
0,DeathDescription.DECKING,65,46.892642974853516,0,0,7,0,0,7
0,DeathDescription.DECKING,65,56.01072311401367,0,0,7,0,0,7
0,DeathDescription.DECKING,65,63.19069862365723,0,0,7,0,0,7
0,DeathDescription.DECKING,65,52.8566837310791,0,0,7,0,0,7
0,DeathDescription.DECKING,65,44.79479789733887,0,0,7,0,0,7
0,DeathDescription.DECKING,65,57.000160217285156,0,0,7,0,0,7
0,DeathDescription.DECKING,65,71.81692123413086,0,0,7,0,0,7
0,DeathDescription.DECKING,65,80.36637306213379,0,0,7,0,0,7
0,DeathDescription.DECKING,65,94.68221664428711,0,0,7,0,0,7
0,DeathDescription.DECKING,65,85.51359176635742,0,0,7,0,0,7
0,DeathDescription.DECKING,65,66.51568412780762,0,0,7,0,0,7
0,DeathDescription.DECKING,65,52.14405059814453,0,0,7,0,0,7
0,DeathDescription.DECKING,65,76.4765739440918,0,0,7,0,0,7
0,DeathDescription.DECKING,65,59.926748275756836,0,0,7,0,0,7
0,DeathDescription.DECKING,65,59.70001220703125,0,0,7,0,0,7
0,DeathDescription.DECKING,65,43.6711311340332,0,0,7,0,0,7
0,DeathDescription.DECKING,65,65.74821472167969,0,0,7,0,0,7
0,DeathDescription.DECKING,65,45.799970626831055,0,0,7,0,0,7
0,DeathDescription.DECKING,65,149.19018745422363,0,0,7,0,0,7
0,DeathDescription.DECKING,65,59.04984474182129,0,0,7,0,0,7
0,DeathDescription.DECKING,65,84.29956436157227,0,0,7,0,0,7
0,DeathDescription.DECKING,65,45.180559158325195,0,0,7,0,0,7
0,DeathDescription.DECKING,65,62.04628944396973,0,0,7,0,0,7
0,DeathDescription.DECKING,65,44.34776306152344,0,0,7,0,0,7
0,DeathDescription.DECKING,65,79.05745506286621,0,0,7,0,0,7
0,DeathDescription.DECKING,65,68.19963455200195,0,0,7,0,0,7
0,DeathDescription.DECKING,65,81.22038841247559,0,0,7,0,0,7
0,DeathDescription.DECKING,65,58.65907669067383,0,0,7,0,0,7
0,DeathDescription.DECKING,65,44.23403739929199,0,0,7,0,0,7
0,DeathDescription.DECKING,65,57.87014961242676,0,0,7,0,0,7
0,DeathDescription.DECKING,65,67.48795509338379,0,0,7,0,0,7
0,DeathDescription.DECKING,65,58.503150939941406,0,0,7,0,0,7
0,DeathDescription.DECKING,65,65.05084037780762,0,0,7,0,0,7
0,DeathDescription.DECKING,65,52.22916603088379,0,0,7,0,0,7
0,DeathDescription.DECKING,65,52.22058296203613,0,0,7,0,0,7
0,DeathDescription.DECKING,65,57.10744857788086,0,0,7,0,0,7
0,DeathDescription.DECKING,65,77.15415954589844,0,0,7,0,0,7
0,DeathDescription.DECKING,65,49.88861083984375,0,0,7,0,0,7
0,DeathDescription.DECKING,65,51.20134353637695,0,0,7,0,0,7
0,DeathDescription.DECKING,65,80.82342147827148,0,0,7,0,0,7
0,DeathDescription.DECKING,65,57.07693099975586,0,0,7,0,0,7
0,DeathDescription.DECKING,65,61.687469482421875,0,0,7,0,0,7
0,DeathDescription.DECKING,65,52.66690254211426,0,0,7,0,0,7
0,DeathDescription.DECKING,65,54.8703670501709,0,0,7,0,0,7
0,DeathDescription.DECKING,65,63.4768009185791,0,0,7,0,0,7
0,DeathDescription.DECKING,65,42.45924949645996,0,0,7,0,0,7
0,DeathDescription.DECKING,65,62.03317642211914,0,0,7,0,0,7
0,DeathDescription.DECKING,65,43.91074180603027,0,0,7,0,0,7
0,DeathDescription.DECKING,65,55.82904815673828,0,0,7,0,0,7
0,DeathDescription.DECKING,65,46.60367965698242,0,0,7,0,0,7
0,DeathDescription.DECKING,65,50.0025749206543,0,0,7,0,0,7
0,DeathDescription.DECKING,65,47.4398136138916,0,0,7,0,0,7
0,DeathDescription.DECKING,65,41.820526123046875,0,0,7,0,0,7
0,DeathDescription.DECKING,65,70.16277313232422,0,0,7,0,0,7
0,DeathDescription.DECKING,65,50.065040588378906,0,0,7,0,0,7
0,DeathDescription.DECKING,65,54.54587936401367,0,0,7,0,0,7
0,DeathDescription.DECKING,65,52.787065505981445,0,0,7,0,0,7
0,DeathDescription.DECKING,65,47.65033721923828,0,0,7,0,0,7
0,DeathDescription.DECKING,65,43.40624809265137,0,0,7,0,0,7
0,DeathDescription.DECKING,65,66.20311737060547,0,0,7,0,0,7
0,DeathDescription.DECKING,65,83.94789695739746,0,0,7,0,0,7
0,DeathDescription.DECKING,65,42.96875,0,0,7,0,0,7
0,DeathDescription.DECKING,65,62.4697208404541,0,0,7,0,0,7
0,DeathDescription.DECKING,65,40.73834419250488,0,0,7,0,0,7
0,DeathDescription.DECKING,65,50.12106895446777,0,0,7,0,0,7
0,DeathDescription.DECKING,65,63.753366470336914,0,0,7,0,0,7
0,DeathDescription.DECKING,65,60.99963188171387,0,0,7,0,0,7
0,DeathDescription.DECKING,65,63.90190124511719,0,0,7,0,0,7
0,DeathDescription.DECKING,65,65.41728973388672,0,0,7,0,0,7
0,DeathDescription.DECKING,65,46.78177833557129,0,0,7,0,0,7
0,DeathDescription.DECKING,65,48.68340492248535,0,0,7,0,0,7
0,DeathDescription.DECKING,65,41.887521743774414,0,0,7,0,0,7
0,DeathDescription.DECKING,65,47.30582237243652,0,0,7,0,0,7
0,DeathDescription.DECKING,65,54.93283271789551,0,0,7,0,0,7
0,DeathDescription.DECKING,65,47.219038009643555,0,0,7,0,0,7
0,DeathDescription.DECKING,65,51.38421058654785,0,0,7,0,0,7
0,DeathDescription.DECKING,65,51.708221435546875,0,0,7,0,0,7
0,DeathDescription.DECKING,65,52.149057388305664,0,0,7,0,0,7
0,DeathDescription.DECKING,65,45.34101486206055,0,0,7,0,0,7
0,DeathDescription.DECKING,65,46.486616134643555,0,0,7,0,0,7
0,DeathDescription.DECKING,65,58.15410614013672,0,0,7,0,0,7
0,DeathDescription.DECKING,65,40.10486602783203,0,0,7,0,0,7
0,DeathDescription.DECKING,65,40.61436653137207,0,0,7,0,0,7
0,DeathDescription.DECKING,65,56.578636169433594,0,0,7,0,0,7
0,DeathDescription.DECKING,65,52.25324630737305,0,0,7,0,0,7
0,DeathDescription.DECKING,65,42.578697204589844,0,0,7,0,0,7
0,DeathDescription.DECKING,65,59.68642234802246,0,0,7,0,0,7
0,DeathDescription.DECKING,65,62.93201446533203,0,0,7,0,0,7
0,DeathDescription.DECKING,65,45.8836555480957,0,0,7,0,0,7
0,DeathDescription.DECKING,65,65.6592845916748,0,0,7,0,0,7
0,DeathDescription.DECKING,65,51.11551284790039,0,0,7,0,0,7
0,DeathDescription.DECKING,65,54.06594276428223,0,0,7,0,0,7
0,DeathDescription.DECKING,65,41.765451431274414,0,0,7,0,0,7
0,DeathDescription.DECKING,65,40.332794189453125,0,0,7,0,0,7
0,DeathDescription.DECKING,65,62.84976005554199,0,0,7,0,0,7
0,DeathDescription.DECKING,65,48.36273193359375,0,0,7,0,0,7
0,DeathDescription.DECKING,65,60.997962951660156,0,0,7,0,0,7
0,DeathDescription.DECKING,65,42.365312576293945,0,0,7,0,0,7
0,DeathDescription.DECKING,65,55.68647384643555,0,0,7,0,0,7
0,DeathDescription.DECKING,65,61.09428405761719,0,0,7,0,0,7
0,DeathDescription.DECKING,65,65.85288047790527,0,0,7,0,0,7
0,DeathDescription.DECKING,65,42.00553894042969,0,0,7,0,0,7
0,DeathDescription.DECKING,65,69.3511962890625,0,0,7,0,0,7
0,DeathDescription.DECKING,65,66.78080558776855,0,0,7,0,0,7
0,DeathDescription.DECKING,65,73.29463958740234,0,0,7,0,0,7
0,DeathDescription.DECKING,65,69.72432136535645,0,0,7,0,0,7
0,DeathDescription.DECKING,65,58.21871757507324,0,0,7,0,0,7
0,DeathDescription.DECKING,65,47.81389236450195,0,0,7,0,0,7
0,DeathDescription.DECKING,65,54.63814735412598,0,0,7,0,0,7
0,DeathDescription.DECKING,65,39.812564849853516,0,0,7,0,0,7
0,DeathDescription.DECKING,65,49.9119758605957,0,0,7,0,0,7
0,DeathDescription.DECKING,65,70.25861740112305,0,0,7,0,0,7
0,DeathDescription.DECKING,65,42.90485382080078,0,0,7,0,0,7
0,DeathDescription.DECKING,65,66.68710708618164,0,0,7,0,0,7
0,DeathDescription.DECKING,65,40.10176658630371,0,0,7,0,0,7
0,DeathDescription.DECKING,65,58.16340446472168,0,0,7,0,0,7
0,DeathDescription.DECKING,65,49.59869384765625,0,0,7,0,0,7
0,DeathDescription.DECKING,65,48.69532585144043,0,0,7,0,0,7
0,DeathDescription.DECKING,65,46.42796516418457,0,0,7,0,0,7
0,DeathDescription.DECKING,65,39.060115814208984,0,0,7,0,0,7
0,DeathDescription.DECKING,65,62.40677833557129,0,0,7,0,0,7
0,DeathDescription.DECKING,65,49.479007720947266,0,0,7,0,0,7
0,DeathDescription.DECKING,65,47.95336723327637,0,0,7,0,0,7
0,DeathDescription.DECKING,65,54.735660552978516,0,0,7,0,0,7
0,DeathDescription.DECKING,65,52.535057067871094,0,0,7,0,0,7
0,DeathDescription.DECKING,65,71.36130332946777,0,0,7,0,0,7
0,DeathDescription.DECKING,65,78.9344310760498,0,0,7,0,0,7
0,DeathDescription.DECKING,65,47.40738868713379,0,0,7,0,0,7
0,DeathDescription.DECKING,65,58.0134391784668,0,0,7,0,0,7
0,DeathDescription.DECKING,65,52.21676826477051,0,0,7,0,0,7
0,DeathDescription.DECKING,65,55.0692081451416,0,0,7,0,0,7
0,DeathDescription.DECKING,65,42.14167594909668,0,0,7,0,0,7
0,DeathDescription.DECKING,65,42.754173278808594,0,0,7,0,0,7
0,DeathDescription.DECKING,65,63.3392333984375,0,0,7,0,0,7
0,DeathDescription.DECKING,65,55.98855018615723,0,0,7,0,0,7
0,DeathDescription.DECKING,65,59.195518493652344,0,0,7,0,0,7
0,DeathDescription.DECKING,65,40.90237617492676,0,0,7,0,0,7
0,DeathDescription.DECKING,65,58.97188186645508,0,0,7,0,0,7
0,DeathDescription.DECKING,65,40.734291076660156,0,0,7,0,0,7
0,DeathDescription.DECKING,65,44.85678672790527,0,0,7,0,0,7
0,DeathDescription.DECKING,65,66.12896919250488,0,0,7,0,0,7
0,DeathDescription.DECKING,65,46.08750343322754,0,0,7,0,0,7
0,DeathDescription.DECKING,65,55.025339126586914,0,0,7,0,0,7
0,DeathDescription.DECKING,65,47.45054244995117,0,0,7,0,0,7
0,DeathDescription.DECKING,65,47.936201095581055,0,0,7,0,0,7
0,DeathDescription.DECKING,65,49.70192909240723,0,0,7,0,0,7
0,DeathDescription.DECKING,65,50.02427101135254,0,0,7,0,0,7
0,DeathDescription.DECKING,65,72.53265380859375,0,0,7,0,0,7
0,DeathDescription.DECKING,65,57.55329132080078,0,0,7,0,0,7
0,DeathDescription.DECKING,65,74.27358627319336,0,0,7,0,0,7
0,DeathDescription.DECKING,65,51.64933204650879,0,0,7,0,0,7
0,DeathDescription.DECKING,65,50.99844932556152,0,0,7,0,0,7
0,DeathDescription.DECKING,65,46.439409255981445,0,0,7,0,0,7
0,DeathDescription.DECKING,65,45.60112953186035,0,0,7,0,0,7
0,DeathDescription.DECKING,65,52.30545997619629,0,0,7,0,0,7
0,DeathDescription.DECKING,65,48.02823066711426,0,0,7,0,0,7
0,DeathDescription.DECKING,65,59.92269515991211,0,0,7,0,0,7
0,DeathDescription.DECKING,65,41.29934310913086,0,0,7,0,0,7
0,DeathDescription.DECKING,65,49.44133758544922,0,0,7,0,0,7
0,DeathDescription.DECKING,65,50.058603286743164,0,0,7,0,0,7
0,DeathDescription.DECKING,65,39.9012565612793,0,0,7,0,0,7
0,DeathDescription.DECKING,65,55.474042892456055,0,0,7,0,0,7
0,DeathDescription.DECKING,65,54.83055114746094,0,0,7,0,0,7
0,DeathDescription.DECKING,65,70.3742504119873,0,0,7,0,0,7
0,DeathDescription.DECKING,65,47.582387924194336,0,0,7,0,0,7
0,DeathDescription.DECKING,65,56.19955062866211,0,0,7,0,0,7
0,DeathDescription.DECKING,65,52.40964889526367,0,0,7,0,0,7
0,DeathDescription.DECKING,65,60.32109260559082,0,0,7,0,0,7
0,DeathDescription.DECKING,65,50.24600028991699,0,0,7,0,0,7
0,DeathDescription.DECKING,65,56.711435317993164,0,0,7,0,0,7
0,DeathDescription.DECKING,65,51.40995979309082,0,0,7,0,0,7
0,DeathDescription.DECKING,65,62.86811828613281,0,0,7,0,0,7
0,DeathDescription.DECKING,65,50.13394355773926,0,0,7,0,0,7
0,DeathDescription.DECKING,65,59.55052375793457,0,0,7,0,0,7
0,DeathDescription.DECKING,65,58.91871452331543,0,0,7,0,0,7
0,DeathDescription.DECKING,65,57.29079246520996,0,0,7,0,0,7
0,DeathDescription.DECKING,65,44.00825500488281,0,0,7,0,0,7
0,DeathDescription.DECKING,65,49.517154693603516,0,0,7,0,0,7
0,DeathDescription.DECKING,65,59.99612808227539,0,0,7,0,0,7
0,DeathDescription.DECKING,65,56.61129951477051,0,0,7,0,0,7
0,DeathDescription.DECKING,65,43.53809356689453,0,0,7,0,0,7
0,DeathDescription.DECKING,65,69.00882720947266,0,0,7,0,0,7
0,DeathDescription.DECKING,65,41.5654182434082,0,0,7,0,0,7
0,DeathDescription.DECKING,65,49.78537559509277,0,0,7,0,0,7
0,DeathDescription.DECKING,65,45.79329490661621,0,0,7,0,0,7
0,DeathDescription.DECKING,65,56.65707588195801,0,0,7,0,0,7
0,DeathDescription.DECKING,65,47.49608039855957,0,0,7,0,0,7
0,DeathDescription.DECKING,65,55.3739070892334,0,0,7,0,0,7
0,DeathDescription.DECKING,65,83.59885215759277,0,0,7,0,0,7
0,DeathDescription.DECKING,65,58.10093879699707,0,0,7,0,0,7
0,DeathDescription.DECKING,65,56.600332260131836,0,0,7,0,0,7
0,DeathDescription.DECKING,65,48.035383224487305,0,0,7,0,0,7
0,DeathDescription.DECKING,65,65.85311889648438,0,0,7,0,0,7
0,DeathDescription.DECKING,65,40.024757385253906,0,0,7,0,0,7
0,DeathDescription.DECKING,65,51.946163177490234,0,0,7,0,0,7
0,DeathDescription.DECKING,65,47.45650291442871,0,0,7,0,0,7
0,DeathDescription.DECKING,65,69.60868835449219,0,0,7,0,0,7
0,DeathDescription.DECKING,65,64.5904541015625,0,0,7,0,0,7
0,DeathDescription.DECKING,65,43.09868812561035,0,0,7,0,0,7
0,DeathDescription.DECKING,65,63.446760177612305,0,0,7,0,0,7
0,DeathDescription.DECKING,65,60.91189384460449,0,0,7,0,0,7
0,DeathDescription.DECKING,65,60.85038185119629,0,0,7,0,0,7
0,DeathDescription.DECKING,65,44.3117618560791,0,0,7,0,0,7
0,DeathDescription.DECKING,65,85.65044403076172,0,0,7,0,0,7
0,DeathDescription.DECKING,65,51.8035888671875,0,0,7,0,0,7
0,DeathDescription.DECKING,65,60.56571006774902,0,0,7,0,0,7
0,DeathDescription.DECKING,65,50.15206336975098,0,0,7,0,0,7
0,DeathDescription.DECKING,65,88.57965469360352,0,0,7,0,0,7
0,DeathDescription.DECKING,65,88.66739273071289,0,0,7,0,0,7
0,DeathDescription.DECKING,65,55.524349212646484,0,0,7,0,0,7
0,DeathDescription.DECKING,65,51.184654235839844,0,0,7,0,0,7
0,DeathDescription.DECKING,65,44.536590576171875,0,0,7,0,0,7
0,DeathDescription.DECKING,65,45.163869857788086,0,0,7,0,0,7
0,DeathDescription.DECKING,65,50.1554012298584,0,0,7,0,0,7
0,DeathDescription.DECKING,65,61.028480529785156,0,0,7,0,0,7
0,DeathDescription.DECKING,65,54.47840690612793,0,0,7,0,0,7
0,DeathDescription.DECKING,65,62.8201961517334,0,0,7,0,0,7
0,DeathDescription.DECKING,65,42.435407638549805,0,0,7,0,0,7
0,DeathDescription.DECKING,65,64.84341621398926,0,0,7,0,0,7
0,DeathDescription.DECKING,65,41.34202003479004,0,0,7,0,0,7
0,DeathDescription.DECKING,65,64.70727920532227,0,0,7,0,0,7
0,DeathDescription.DECKING,65,51.51176452636719,0,0,7,0,0,7
0,DeathDescription.DECKING,65,59.08465385437012,0,0,7,0,0,7
0,DeathDescription.DECKING,65,46.38171195983887,0,0,7,0,0,7
0,DeathDescription.DECKING,65,57.68728256225586,0,0,7,0,0,7
0,DeathDescription.DECKING,65,47.785043716430664,0,0,7,0,0,7
0,DeathDescription.DECKING,65,70.62268257141113,0,0,7,0,0,7
0,DeathDescription.DECKING,65,45.677900314331055,0,0,7,0,0,7
0,DeathDescription.DECKING,65,51.53536796569824,0,0,7,0,0,7
0,DeathDescription.DECKING,65,56.062936782836914,0,0,7,0,0,7
0,DeathDescription.DECKING,65,50.271034240722656,0,0,7,0,0,7
0,DeathDescription.DECKING,65,57.07597732543945,0,0,7,0,0,7
0,DeathDescription.DECKING,65,51.726341247558594,0,0,7,0,0,7
0,DeathDescription.DECKING,65,48.27284812927246,0,0,7,0,0,7
0,DeathDescription.DECKING,65,61.534881591796875,0,0,7,0,0,7
0,DeathDescription.DECKING,65,59.305429458618164,0,0,7,0,0,7
0,DeathDescription.DECKING,65,51.853179931640625,0,0,7,0,0,7
0,DeathDescription.DECKING,65,72.41535186767578,0,0,7,0,0,7
0,DeathDescription.DECKING,65,57.67369270324707,0,0,7,0,0,7
0,DeathDescription.DECKING,65,44.470787048339844,0,0,7,0,0,7
0,DeathDescription.DECKING,65,61.4168643951416,0,0,7,0,0,7
0,DeathDescription.DECKING,65,40.2827262878418,0,0,7,0,0,7
0,DeathDescription.DECKING,65,56.43606185913086,0,0,7,0,0,7
