2026-04-07 16:23:10,285 - engine - INFO - Setting up the new player Player1
2026-04-07 16:23:10,285 - engine - INFO - Setting up the new player Player2
2026-04-07 16:23:10,288 - engine - INFO - Handling intent 'Action.PASS' for priority event 'PlayerEvent.MAIN_PHASE_EMPTY_STACK' from Opp-Goldfish
2026-04-07 16:23:10,288 - engine - INFO - Handling intent 'Action.PASS' for priority event 'PlayerEvent.DECLARE_ATTACKS' from Opp-Goldfish
2026-04-07 16:23:10,288 - engine - INFO - External will draw a card for turn
2026-04-07 16:23:10,289 - engine - INFO - Handling intent 'Action.PASS' for priority event 'PlayerEvent.MAIN_PHASE_EMPTY_STACK' from External
2026-04-07 16:23:10,290 - engine - INFO - Handling intent 'Action.PASS' for priority event 'PlayerEvent.DECLARE_ATTACKS' from External
2026-04-07 16:23:10,290 - engine - INFO - Opp-Goldfish will draw a card for turn
2026-04-07 16:23:10,290 - engine - INFO - Handling intent 'Action.PASS' for priority event 'PlayerEvent.MAIN_PHASE_EMPTY_STACK' from Opp-Goldfish
2026-04-07 16:23:10,290 - engine - INFO - Handling intent 'Action.PASS' for priority event 'PlayerEvent.DECLARE_ATTACKS' from Opp-Goldfish
2026-04-07 16:23:10,290 - engine - INFO - External will draw a card for turn
2026-04-07 16:23:10,291 - engine - INFO - Handling intent 'Action.PASS' for priority event 'PlayerEvent.MAIN_PHASE_EMPTY_STACK' from External
2026-04-07 16:23:10,291 - engine - INFO - Handling intent 'Action.ATTACK' for priority event 'PlayerEvent.DECLARE_ATTACKS' from External
2026-04-07 16:23:10,291 - engine - WARNING - Turn 3/2: External is attacking!
2026-04-07 16:23:10,291 - engine - INFO - Opp-Goldfish will draw a card for turn
2026-04-07 16:23:10,292 - engine - INFO - Handling intent 'Action.PASS' for priority event 'PlayerEvent.MAIN_PHASE_EMPTY_STACK' from Opp-Goldfish
2026-04-07 16:23:10,292 - engine - INFO - Handling intent 'Action.PASS' for priority event 'PlayerEvent.DECLARE_ATTACKS' from Opp-Goldfish
2026-04-07 16:23:10,292 - engine - INFO - External will draw a card for turn
2026-04-07 16:23:10,292 - engine - INFO - Handling intent 'Action.PASS' for priority event 'PlayerEvent.MAIN_PHASE_EMPTY_STACK' from External
2026-04-07 16:23:10,293 - engine - INFO - Handling intent 'Action.ATTACK' for priority event 'PlayerEvent.DECLARE_ATTACKS' from External
2026-04-07 16:23:10,293 - engine - WARNING - Turn 5/2: External is attacking!
2026-04-07 16:23:10,293 - engine - INFO - Opp-Goldfish will draw a card for turn
2026-04-07 16:23:10,293 - engine - INFO - Handling intent 'Action.PASS' for priority event 'PlayerEvent.MAIN_PHASE_EMPTY_STACK' from Opp-Goldfish
2026-04-07 16:23:10,294 - engine - INFO - Handling intent 'Action.PASS' for priority event 'PlayerEvent.DECLARE_ATTACKS' from Opp-Goldfish
2026-04-07 16:23:10,294 - engine - INFO - External will draw a card for turn
2026-04-07 16:23:10,294 - engine - INFO - Handling intent 'Action.PASS' for priority event 'PlayerEvent.MAIN_PHASE_EMPTY_STACK' from External
2026-04-07 16:23:10,295 - engine - INFO - Handling intent 'Action.ATTACK' for priority event 'PlayerEvent.DECLARE_ATTACKS' from External
2026-04-07 16:23:10,295 - engine - WARNING - Turn 7/2: External is attacking!
2026-04-07 16:23:10,295 - engine - INFO - Opp-Goldfish will draw a card for turn
2026-04-07 16:23:10,295 - engine - INFO - Handling intent 'Action.PASS' for priority event 'PlayerEvent.MAIN_PHASE_EMPTY_STACK' from Opp-Goldfish
2026-04-07 16:23:10,296 - engine - INFO - Handling intent 'Action.PASS' for priority event 'PlayerEvent.DECLARE_ATTACKS' from Opp-Goldfish
2026-04-07 16:23:10,296 - engine - INFO - External will draw a card for turn
2026-04-07 16:23:10,296 - engine - INFO - Handling intent 'Action.PASS' for priority event 'PlayerEvent.MAIN_PHASE_EMPTY_STACK' from External
2026-04-07 16:23:10,297 - engine - INFO - Handling intent 'Action.PASS' for priority event 'PlayerEvent.DECLARE_ATTACKS' from External
2026-04-07 16:23:10,297 - engine - INFO - Opp-Goldfish will draw a card for turn
2026-04-07 16:23:10,297 - engine - INFO - Handling intent 'Action.PASS' for priority event 'PlayerEvent.MAIN_PHASE_EMPTY_STACK' from Opp-Goldfish
2026-04-07 16:23:10,297 - engine - INFO - Handling intent 'Action.PASS' for priority event 'PlayerEvent.DECLARE_ATTACKS' from Opp-Goldfish
2026-04-07 16:23:10,297 - engine - INFO - External will draw a card for turn
2026-04-07 16:23:10,298 - engine - INFO - Handling intent 'Action.PLAY_CARD' for priority event 'PlayerEvent.MAIN_PHASE_EMPTY_STACK' from External
2026-04-07 16:23:10,298 - engine - WARNING - Cards to play: Details are missing. NoOp instead!
2026-04-07 16:23:10,299 - engine - INFO - Handling intent 'Action.ATTACK' for priority event 'PlayerEvent.DECLARE_ATTACKS' from External
2026-04-07 16:23:10,299 - engine - WARNING - Turn 11/2: External is attacking!
2026-04-07 16:23:10,299 - engine - INFO - Opp-Goldfish will draw a card for turn
2026-04-07 16:23:10,300 - engine - INFO - Handling intent 'Action.PASS' for priority event 'PlayerEvent.MAIN_PHASE_EMPTY_STACK' from Opp-Goldfish
2026-04-07 16:23:10,300 - engine - INFO - Handling intent 'Action.PASS' for priority event 'PlayerEvent.DECLARE_ATTACKS' from Opp-Goldfish
2026-04-07 16:23:10,300 - engine - INFO - External will draw a card for turn
2026-04-07 16:23:10,301 - engine - INFO - Handling intent 'Action.PLAY_CARD' for priority event 'PlayerEvent.MAIN_PHASE_EMPTY_STACK' from External
2026-04-07 16:23:10,301 - engine - WARNING - Cards to play: Details are missing. NoOp instead!
2026-04-07 16:23:10,301 - engine - INFO - Handling intent 'Action.PASS' for priority event 'PlayerEvent.DECLARE_ATTACKS' from External
2026-04-07 16:23:10,301 - engine - INFO - Opp-Goldfish will draw a card for turn
2026-04-07 16:23:10,302 - engine - INFO - Handling intent 'Action.PASS' for priority event 'PlayerEvent.MAIN_PHASE_EMPTY_STACK' from Opp-Goldfish
2026-04-07 16:23:10,302 - engine - INFO - Handling intent 'Action.PASS' for priority event 'PlayerEvent.DECLARE_ATTACKS' from Opp-Goldfish
2026-04-07 16:23:10,302 - engine - INFO - External will draw a card for turn
2026-04-07 16:23:10,302 - engine - INFO - Handling intent 'Action.PASS' for priority event 'PlayerEvent.MAIN_PHASE_EMPTY_STACK' from External
2026-04-07 16:23:10,303 - engine - INFO - Handling intent 'Action.PASS' for priority event 'PlayerEvent.DECLARE_ATTACKS' from External
2026-04-07 16:23:10,303 - engine - INFO - Opp-Goldfish will draw a card for turn
2026-04-07 16:23:10,303 - engine - INFO - Handling intent 'Action.PASS' for priority event 'PlayerEvent.MAIN_PHASE_EMPTY_STACK' from Opp-Goldfish
2026-04-07 16:23:10,304 - engine - INFO - Handling intent 'Action.PASS' for priority event 'PlayerEvent.DECLARE_ATTACKS' from Opp-Goldfish
2026-04-07 16:23:10,304 - engine - INFO - External will draw a card for turn
2026-04-07 16:23:10,304 - engine - INFO - Handling intent 'Action.PLAY_CARD' for priority event 'PlayerEvent.MAIN_PHASE_EMPTY_STACK' from External
2026-04-07 16:23:10,304 - engine - WARNING - Cards to play: Details are missing. NoOp instead!
2026-04-07 16:23:10,305 - engine - INFO - Handling intent 'Action.PASS' for priority event 'PlayerEvent.DECLARE_ATTACKS' from External
2026-04-07 16:23:10,305 - engine - INFO - Opp-Goldfish will draw a card for turn
2026-04-07 16:23:10,305 - engine - INFO - Handling intent 'Action.PASS' for priority event 'PlayerEvent.MAIN_PHASE_EMPTY_STACK' from Opp-Goldfish
2026-04-07 16:23:10,306 - engine - INFO - Handling intent 'Action.PASS' for priority event 'PlayerEvent.DECLARE_ATTACKS' from Opp-Goldfish
2026-04-07 16:23:10,306 - engine - INFO - External will draw a card for turn
2026-04-07 16:23:10,307 - engine - INFO - Handling intent 'Action.PLAY_CARD' for priority event 'PlayerEvent.MAIN_PHASE_EMPTY_STACK' from External
2026-04-07 16:23:10,307 - engine - WARNING - Cards to play: Details are missing. NoOp instead!
2026-04-07 16:23:10,307 - engine - INFO - Handling intent 'Action.ATTACK' for priority event 'PlayerEvent.DECLARE_ATTACKS' from External
2026-04-07 16:23:10,307 - engine - WARNING - Turn 19/2: External is attacking!
2026-04-07 16:23:10,307 - engine - WARNING - Opp-Goldfish died by having 0 or less life.
2026-04-07 16:23:10,307 - engine - INFO - Game ended by death of player(s)
2026-04-07 16:23:10,307 - engine - INFO - External won by survival
2026-04-07 16:23:10,308 - engine - INFO - Setting up the new player Player1
2026-04-07 16:23:10,308 - engine - INFO - Setting up the new player Player2
2026-04-07 16:23:10,309 - engine - INFO - Handling intent 'Action.PASS' for priority event 'PlayerEvent.MAIN_PHASE_EMPTY_STACK' from Opp-Goldfish
2026-04-07 16:23:10,310 - engine - INFO - Handling intent 'Action.PASS' for priority event 'PlayerEvent.DECLARE_ATTACKS' from Opp-Goldfish
2026-04-07 16:23:10,310 - engine - INFO - External will draw a card for turn
2026-04-07 16:23:10,310 - engine - INFO - Handling intent 'Action.PASS' for priority event 'PlayerEvent.MAIN_PHASE_EMPTY_STACK' from External
2026-04-07 16:23:10,311 - engine - INFO - Handling intent 'Action.ATTACK' for priority event 'PlayerEvent.DECLARE_ATTACKS' from External
2026-04-07 16:23:10,311 - engine - WARNING - Turn 1/2: External is attacking!
2026-04-07 16:23:10,311 - engine - INFO - Opp-Goldfish will draw a card for turn
2026-04-07 16:23:10,311 - engine - INFO - Handling intent 'Action.PASS' for priority event 'PlayerEvent.MAIN_PHASE_EMPTY_STACK' from Opp-Goldfish
2026-04-07 16:23:10,311 - engine - INFO - Handling intent 'Action.PASS' for priority event 'PlayerEvent.DECLARE_ATTACKS' from Opp-Goldfish
2026-04-07 16:23:10,311 - engine - INFO - External will draw a card for turn
2026-04-07 16:23:10,312 - engine - INFO - Handling intent 'Action.PASS' for priority event 'PlayerEvent.MAIN_PHASE_EMPTY_STACK' from External
2026-04-07 16:23:10,312 - engine - INFO - Handling intent 'Action.PASS' for priority event 'PlayerEvent.DECLARE_ATTACKS' from External
2026-04-07 16:23:10,312 - engine - INFO - Opp-Goldfish will draw a card for turn
2026-04-07 16:23:10,313 - engine - INFO - Handling intent 'Action.PASS' for priority event 'PlayerEvent.MAIN_PHASE_EMPTY_STACK' from Opp-Goldfish
2026-04-07 16:23:10,313 - engine - INFO - Handling intent 'Action.PASS' for priority event 'PlayerEvent.DECLARE_ATTACKS' from Opp-Goldfish
2026-04-07 16:23:10,313 - engine - INFO - External will draw a card for turn
2026-04-07 16:23:10,313 - engine - INFO - Handling intent 'Action.PASS' for priority event 'PlayerEvent.MAIN_PHASE_EMPTY_STACK' from External
2026-04-07 16:23:10,314 - engine - INFO - Handling intent 'Action.PASS' for priority event 'PlayerEvent.DECLARE_ATTACKS' from External
2026-04-07 16:23:10,314 - engine - INFO - Opp-Goldfish will draw a card for turn
2026-04-07 16:23:10,314 - engine - INFO - Handling intent 'Action.PASS' for priority event 'PlayerEvent.MAIN_PHASE_EMPTY_STACK' from Opp-Goldfish
2026-04-07 16:23:10,315 - engine - INFO - Handling intent 'Action.PASS' for priority event 'PlayerEvent.DECLARE_ATTACKS' from Opp-Goldfish
2026-04-07 16:23:10,315 - engine - INFO - External will draw a card for turn
2026-04-07 16:23:10,315 - engine - INFO - Handling intent 'Action.PASS' for priority event 'PlayerEvent.MAIN_PHASE_EMPTY_STACK' from External
2026-04-07 16:23:10,315 - engine - INFO - Handling intent 'Action.PASS' for priority event 'PlayerEvent.DECLARE_ATTACKS' from External
2026-04-07 16:23:10,315 - engine - INFO - Opp-Goldfish will draw a card for turn
2026-04-07 16:23:10,316 - engine - INFO - Handling intent 'Action.PASS' for priority event 'PlayerEvent.MAIN_PHASE_EMPTY_STACK' from Opp-Goldfish
2026-04-07 16:23:10,316 - engine - INFO - Handling intent 'Action.PASS' for priority event 'PlayerEvent.DECLARE_ATTACKS' from Opp-Goldfish
2026-04-07 16:23:10,316 - engine - INFO - External will draw a card for turn
2026-04-07 16:23:10,317 - engine - INFO - Handling intent 'Action.PASS' for priority event 'PlayerEvent.MAIN_PHASE_EMPTY_STACK' from External
2026-04-07 16:23:10,317 - engine - INFO - Handling intent 'Action.ATTACK' for priority event 'PlayerEvent.DECLARE_ATTACKS' from External
2026-04-07 16:23:10,317 - engine - WARNING - Turn 9/2: External is attacking!
2026-04-07 16:23:10,317 - engine - INFO - Opp-Goldfish will draw a card for turn
2026-04-07 16:23:10,318 - engine - INFO - Handling intent 'Action.PASS' for priority event 'PlayerEvent.MAIN_PHASE_EMPTY_STACK' from Opp-Goldfish
2026-04-07 16:23:10,318 - engine - INFO - Handling intent 'Action.PASS' for priority event 'PlayerEvent.DECLARE_ATTACKS' from Opp-Goldfish
2026-04-07 16:23:10,318 - engine - INFO - External will draw a card for turn
2026-04-07 16:23:10,318 - engine - INFO - Handling intent 'Action.PLAY_CARD' for priority event 'PlayerEvent.MAIN_PHASE_EMPTY_STACK' from External
2026-04-07 16:23:10,318 - engine - WARNING - Cards to play: Details are missing. NoOp instead!
2026-04-07 16:23:10,319 - engine - INFO - Handling intent 'Action.PASS' for priority event 'PlayerEvent.DECLARE_ATTACKS' from External
2026-04-07 16:23:10,319 - engine - INFO - Opp-Goldfish will draw a card for turn
2026-04-07 16:23:10,319 - engine - INFO - Handling intent 'Action.PASS' for priority event 'PlayerEvent.MAIN_PHASE_EMPTY_STACK' from Opp-Goldfish
2026-04-07 16:23:10,319 - engine - INFO - Handling intent 'Action.PASS' for priority event 'PlayerEvent.DECLARE_ATTACKS' from Opp-Goldfish
2026-04-07 16:23:10,319 - engine - INFO - External will draw a card for turn
2026-04-07 16:23:10,320 - engine - INFO - Handling intent 'Action.PLAY_CARD' for priority event 'PlayerEvent.MAIN_PHASE_EMPTY_STACK' from External
2026-04-07 16:23:10,320 - engine - WARNING - Cards to play: Details are missing. NoOp instead!
2026-04-07 16:23:10,320 - engine - INFO - Handling intent 'Action.PASS' for priority event 'PlayerEvent.DECLARE_ATTACKS' from External
2026-04-07 16:23:10,320 - engine - INFO - Opp-Goldfish will draw a card for turn
2026-04-07 16:23:10,320 - engine - INFO - Handling intent 'Action.PASS' for priority event 'PlayerEvent.MAIN_PHASE_EMPTY_STACK' from Opp-Goldfish
2026-04-07 16:23:10,321 - engine - INFO - Handling intent 'Action.PASS' for priority event 'PlayerEvent.DECLARE_ATTACKS' from Opp-Goldfish
2026-04-07 16:23:10,321 - engine - INFO - External will draw a card for turn
2026-04-07 16:23:10,321 - engine - INFO - Handling intent 'Action.PASS' for priority event 'PlayerEvent.MAIN_PHASE_EMPTY_STACK' from External
2026-04-07 16:23:10,322 - engine - INFO - Handling intent 'Action.ATTACK' for priority event 'PlayerEvent.DECLARE_ATTACKS' from External
2026-04-07 16:23:10,322 - engine - WARNING - Turn 15/2: External is attacking!
2026-04-07 16:23:10,322 - engine - INFO - Opp-Goldfish will draw a card for turn
2026-04-07 16:23:10,322 - engine - INFO - Handling intent 'Action.PASS' for priority event 'PlayerEvent.MAIN_PHASE_EMPTY_STACK' from Opp-Goldfish
2026-04-07 16:23:10,322 - engine - INFO - Handling intent 'Action.PASS' for priority event 'PlayerEvent.DECLARE_ATTACKS' from Opp-Goldfish
2026-04-07 16:23:10,322 - engine - INFO - External will draw a card for turn
2026-04-07 16:23:10,323 - engine - INFO - Handling intent 'Action.PASS' for priority event 'PlayerEvent.MAIN_PHASE_EMPTY_STACK' from External
2026-04-07 16:23:10,323 - engine - INFO - Handling intent 'Action.ATTACK' for priority event 'PlayerEvent.DECLARE_ATTACKS' from External
2026-04-07 16:23:10,323 - engine - WARNING - Turn 17/2: External is attacking!
2026-04-07 16:23:10,323 - engine - INFO - Opp-Goldfish will draw a card for turn
2026-04-07 16:23:10,323 - engine - INFO - Handling intent 'Action.PASS' for priority event 'PlayerEvent.MAIN_PHASE_EMPTY_STACK' from Opp-Goldfish
2026-04-07 16:23:10,324 - engine - INFO - Handling intent 'Action.PASS' for priority event 'PlayerEvent.DECLARE_ATTACKS' from Opp-Goldfish
2026-04-07 16:23:10,324 - engine - INFO - External will draw a card for turn
2026-04-07 16:23:10,324 - engine - INFO - Handling intent 'Action.PASS' for priority event 'PlayerEvent.MAIN_PHASE_EMPTY_STACK' from External
2026-04-07 16:23:10,325 - engine - INFO - Handling intent 'Action.PASS' for priority event 'PlayerEvent.DECLARE_ATTACKS' from External
2026-04-07 16:23:10,325 - engine - INFO - Opp-Goldfish will draw a card for turn
2026-04-07 16:23:10,325 - engine - INFO - Handling intent 'Action.PASS' for priority event 'PlayerEvent.MAIN_PHASE_EMPTY_STACK' from Opp-Goldfish
2026-04-07 16:23:10,325 - engine - INFO - Handling intent 'Action.PASS' for priority event 'PlayerEvent.DECLARE_ATTACKS' from Opp-Goldfish
2026-04-07 16:23:10,325 - engine - INFO - External will draw a card for turn
2026-04-07 16:23:10,325 - engine - WARNING - External died by drawing from an empty library.
2026-04-07 16:23:10,325 - engine - INFO - Game ended by death of player(s)
2026-04-07 16:23:10,325 - engine - INFO - Opp-Goldfish won by survival
2026-04-07 16:23:10,326 - engine - INFO - Setting up the new player Player1
2026-04-07 16:23:10,326 - engine - INFO - Setting up the new player Player2
2026-04-07 16:23:10,328 - engine - INFO - Handling intent 'Action.PASS' for priority event 'PlayerEvent.MAIN_PHASE_EMPTY_STACK' from Opp-Goldfish
2026-04-07 16:23:10,328 - engine - INFO - Handling intent 'Action.PASS' for priority event 'PlayerEvent.DECLARE_ATTACKS' from Opp-Goldfish
2026-04-07 16:23:10,328 - engine - INFO - External will draw a card for turn
2026-04-07 16:23:10,328 - engine - INFO - Handling intent 'Action.PASS' for priority event 'PlayerEvent.MAIN_PHASE_EMPTY_STACK' from External
2026-04-07 16:23:10,329 - engine - INFO - Handling intent 'Action.ATTACK' for priority event 'PlayerEvent.DECLARE_ATTACKS' from External
2026-04-07 16:23:10,329 - engine - WARNING - Turn 1/2: External is attacking!
2026-04-07 16:23:10,329 - engine - INFO - Opp-Goldfish will draw a card for turn
2026-04-07 16:23:10,329 - engine - INFO - Handling intent 'Action.PASS' for priority event 'PlayerEvent.MAIN_PHASE_EMPTY_STACK' from Opp-Goldfish
2026-04-07 16:23:10,329 - engine - INFO - Handling intent 'Action.PASS' for priority event 'PlayerEvent.DECLARE_ATTACKS' from Opp-Goldfish
2026-04-07 16:23:10,330 - engine - INFO - External will draw a card for turn
2026-04-07 16:23:10,330 - engine - INFO - Handling intent 'Action.PLAY_CARD' for priority event 'PlayerEvent.MAIN_PHASE_EMPTY_STACK' from External
2026-04-07 16:23:10,330 - engine - WARNING - Cards to play: Details are missing. NoOp instead!
2026-04-07 16:23:10,330 - engine - INFO - Handling intent 'Action.ATTACK' for priority event 'PlayerEvent.DECLARE_ATTACKS' from External
2026-04-07 16:23:10,331 - engine - WARNING - Turn 3/2: External is attacking!
2026-04-07 16:23:10,331 - engine - INFO - Opp-Goldfish will draw a card for turn
2026-04-07 16:23:10,331 - engine - INFO - Handling intent 'Action.PASS' for priority event 'PlayerEvent.MAIN_PHASE_EMPTY_STACK' from Opp-Goldfish
2026-04-07 16:23:10,331 - engine - INFO - Handling intent 'Action.PASS' for priority event 'PlayerEvent.DECLARE_ATTACKS' from Opp-Goldfish
2026-04-07 16:23:10,331 - engine - INFO - External will draw a card for turn
2026-04-07 16:23:10,332 - engine - INFO - Handling intent 'Action.PASS' for priority event 'PlayerEvent.MAIN_PHASE_EMPTY_STACK' from External
2026-04-07 16:23:10,332 - engine - INFO - Handling intent 'Action.ATTACK' for priority event 'PlayerEvent.DECLARE_ATTACKS' from External
2026-04-07 16:23:10,332 - engine - WARNING - Turn 5/2: External is attacking!
2026-04-07 16:23:10,332 - engine - INFO - Opp-Goldfish will draw a card for turn
2026-04-07 16:23:10,332 - engine - INFO - Handling intent 'Action.PASS' for priority event 'PlayerEvent.MAIN_PHASE_EMPTY_STACK' from Opp-Goldfish
2026-04-07 16:23:10,332 - engine - INFO - Handling intent 'Action.PASS' for priority event 'PlayerEvent.DECLARE_ATTACKS' from Opp-Goldfish
2026-04-07 16:23:10,332 - engine - INFO - External will draw a card for turn
2026-04-07 16:23:10,333 - engine - INFO - Handling intent 'Action.PLAY_CARD' for priority event 'PlayerEvent.MAIN_PHASE_EMPTY_STACK' from External
2026-04-07 16:23:10,333 - engine - WARNING - Cards to play: Details are missing. NoOp instead!
2026-04-07 16:23:10,334 - engine - INFO - Handling intent 'Action.ATTACK' for priority event 'PlayerEvent.DECLARE_ATTACKS' from External
2026-04-07 16:23:10,334 - engine - WARNING - Turn 7/2: External is attacking!
2026-04-07 16:23:10,334 - engine - INFO - Opp-Goldfish will draw a card for turn
2026-04-07 16:23:10,334 - engine - INFO - Handling intent 'Action.PASS' for priority event 'PlayerEvent.MAIN_PHASE_EMPTY_STACK' from Opp-Goldfish
2026-04-07 16:23:10,334 - engine - INFO - Handling intent 'Action.PASS' for priority event 'PlayerEvent.DECLARE_ATTACKS' from Opp-Goldfish
2026-04-07 16:23:10,334 - engine - INFO - External will draw a card for turn
2026-04-07 16:23:10,334 - engine - INFO - Handling intent 'Action.PLAY_CARD' for priority event 'PlayerEvent.MAIN_PHASE_EMPTY_STACK' from External
2026-04-07 16:23:10,335 - engine - WARNING - Cards to play: Details are missing. NoOp instead!
2026-04-07 16:23:10,335 - engine - INFO - Handling intent 'Action.ATTACK' for priority event 'PlayerEvent.DECLARE_ATTACKS' from External
2026-04-07 16:23:10,335 - engine - WARNING - Turn 9/2: External is attacking!
2026-04-07 16:23:10,335 - engine - WARNING - Opp-Goldfish died by having 0 or less life.
2026-04-07 16:23:10,335 - engine - INFO - Game ended by death of player(s)
2026-04-07 16:23:10,335 - engine - INFO - External won by survival
2026-04-07 16:23:10,336 - engine - INFO - Setting up the new player Player1
2026-04-07 16:23:10,336 - engine - INFO - Setting up the new player Player2
2026-04-07 16:23:10,337 - engine - INFO - Handling intent 'Action.PASS' for priority event 'PlayerEvent.MAIN_PHASE_EMPTY_STACK' from Opp-Goldfish
2026-04-07 16:23:10,337 - engine - INFO - Handling intent 'Action.PASS' for priority event 'PlayerEvent.DECLARE_ATTACKS' from Opp-Goldfish
2026-04-07 16:23:10,337 - engine - INFO - External will draw a card for turn
2026-04-07 16:23:10,338 - engine - INFO - Handling intent 'Action.PASS' for priority event 'PlayerEvent.MAIN_PHASE_EMPTY_STACK' from External
2026-04-07 16:23:10,338 - engine - INFO - Handling intent 'Action.PASS' for priority event 'PlayerEvent.DECLARE_ATTACKS' from External
2026-04-07 16:23:10,338 - engine - INFO - Opp-Goldfish will draw a card for turn
2026-04-07 16:23:10,338 - engine - INFO - Handling intent 'Action.PASS' for priority event 'PlayerEvent.MAIN_PHASE_EMPTY_STACK' from Opp-Goldfish
2026-04-07 16:23:10,338 - engine - INFO - Handling intent 'Action.PASS' for priority event 'PlayerEvent.DECLARE_ATTACKS' from Opp-Goldfish
2026-04-07 16:23:10,339 - engine - INFO - External will draw a card for turn
2026-04-07 16:23:10,339 - engine - INFO - Handling intent 'Action.PLAY_CARD' for priority event 'PlayerEvent.MAIN_PHASE_EMPTY_STACK' from External
2026-04-07 16:23:10,339 - engine - WARNING - Cards to play: Details are missing. NoOp instead!
2026-04-07 16:23:10,339 - engine - INFO - Handling intent 'Action.ATTACK' for priority event 'PlayerEvent.DECLARE_ATTACKS' from External
2026-04-07 16:23:10,339 - engine - WARNING - Turn 3/2: External is attacking!
2026-04-07 16:23:10,339 - engine - INFO - Opp-Goldfish will draw a card for turn
2026-04-07 16:23:10,340 - engine - INFO - Handling intent 'Action.PASS' for priority event 'PlayerEvent.MAIN_PHASE_EMPTY_STACK' from Opp-Goldfish
2026-04-07 16:23:10,340 - engine - INFO - Handling intent 'Action.PASS' for priority event 'PlayerEvent.DECLARE_ATTACKS' from Opp-Goldfish
2026-04-07 16:23:10,340 - engine - INFO - External will draw a card for turn
2026-04-07 16:23:10,340 - engine - INFO - Handling intent 'Action.PASS' for priority event 'PlayerEvent.MAIN_PHASE_EMPTY_STACK' from External
2026-04-07 16:23:10,341 - engine - INFO - Handling intent 'Action.ATTACK' for priority event 'PlayerEvent.DECLARE_ATTACKS' from External
2026-04-07 16:23:10,341 - engine - WARNING - Turn 5/2: External is attacking!
2026-04-07 16:23:10,341 - engine - INFO - Opp-Goldfish will draw a card for turn
2026-04-07 16:23:10,341 - engine - INFO - Handling intent 'Action.PASS' for priority event 'PlayerEvent.MAIN_PHASE_EMPTY_STACK' from Opp-Goldfish
2026-04-07 16:23:10,342 - engine - INFO - Handling intent 'Action.PASS' for priority event 'PlayerEvent.DECLARE_ATTACKS' from Opp-Goldfish
2026-04-07 16:23:10,342 - engine - INFO - External will draw a card for turn
2026-04-07 16:23:10,342 - engine - INFO - Handling intent 'Action.PASS' for priority event 'PlayerEvent.MAIN_PHASE_EMPTY_STACK' from External
2026-04-07 16:23:10,342 - engine - INFO - Handling intent 'Action.ATTACK' for priority event 'PlayerEvent.DECLARE_ATTACKS' from External
2026-04-07 16:23:10,343 - engine - WARNING - Turn 7/2: External is attacking!
2026-04-07 16:23:10,343 - engine - INFO - Opp-Goldfish will draw a card for turn
2026-04-07 16:23:10,343 - engine - INFO - Handling intent 'Action.PASS' for priority event 'PlayerEvent.MAIN_PHASE_EMPTY_STACK' from Opp-Goldfish
2026-04-07 16:23:10,343 - engine - INFO - Handling intent 'Action.PASS' for priority event 'PlayerEvent.DECLARE_ATTACKS' from Opp-Goldfish
2026-04-07 16:23:10,343 - engine - INFO - External will draw a card for turn
2026-04-07 16:23:10,344 - engine - INFO - Handling intent 'Action.PASS' for priority event 'PlayerEvent.MAIN_PHASE_EMPTY_STACK' from External
2026-04-07 16:23:10,344 - engine - INFO - Handling intent 'Action.PASS' for priority event 'PlayerEvent.DECLARE_ATTACKS' from External
2026-04-07 16:23:10,344 - engine - INFO - Opp-Goldfish will draw a card for turn
2026-04-07 16:23:10,344 - engine - INFO - Handling intent 'Action.PASS' for priority event 'PlayerEvent.MAIN_PHASE_EMPTY_STACK' from Opp-Goldfish
2026-04-07 16:23:10,345 - engine - INFO - Handling intent 'Action.PASS' for priority event 'PlayerEvent.DECLARE_ATTACKS' from Opp-Goldfish
2026-04-07 16:23:10,345 - engine - INFO - External will draw a card for turn
2026-04-07 16:23:10,345 - engine - INFO - Handling intent 'Action.PASS' for priority event 'PlayerEvent.MAIN_PHASE_EMPTY_STACK' from External
2026-04-07 16:23:10,346 - engine - INFO - Handling intent 'Action.PASS' for priority event 'PlayerEvent.DECLARE_ATTACKS' from External
2026-04-07 16:23:10,346 - engine - INFO - Opp-Goldfish will draw a card for turn
2026-04-07 16:23:10,346 - engine - INFO - Handling intent 'Action.PASS' for priority event 'PlayerEvent.MAIN_PHASE_EMPTY_STACK' from Opp-Goldfish
2026-04-07 16:23:10,346 - engine - INFO - Handling intent 'Action.PASS' for priority event 'PlayerEvent.DECLARE_ATTACKS' from Opp-Goldfish
2026-04-07 16:23:10,346 - engine - INFO - External will draw a card for turn
2026-04-07 16:23:10,347 - engine - INFO - Handling intent 'Action.PASS' for priority event 'PlayerEvent.MAIN_PHASE_EMPTY_STACK' from External
2026-04-07 16:23:10,347 - engine - INFO - Handling intent 'Action.PASS' for priority event 'PlayerEvent.DECLARE_ATTACKS' from External
2026-04-07 16:23:10,347 - engine - INFO - Opp-Goldfish will draw a card for turn
2026-04-07 16:23:10,347 - engine - INFO - Handling intent 'Action.PASS' for priority event 'PlayerEvent.MAIN_PHASE_EMPTY_STACK' from Opp-Goldfish
2026-04-07 16:23:10,347 - engine - INFO - Handling intent 'Action.PASS' for priority event 'PlayerEvent.DECLARE_ATTACKS' from Opp-Goldfish
2026-04-07 16:23:10,347 - engine - INFO - External will draw a card for turn
2026-04-07 16:23:10,348 - engine - INFO - Handling intent 'Action.PASS' for priority event 'PlayerEvent.MAIN_PHASE_EMPTY_STACK' from External
2026-04-07 16:23:10,348 - engine - INFO - Handling intent 'Action.ATTACK' for priority event 'PlayerEvent.DECLARE_ATTACKS' from External
2026-04-07 16:23:10,348 - engine - WARNING - Turn 15/2: External is attacking!
2026-04-07 16:23:10,348 - engine - INFO - Opp-Goldfish will draw a card for turn
2026-04-07 16:23:10,348 - engine - INFO - Handling intent 'Action.PASS' for priority event 'PlayerEvent.MAIN_PHASE_EMPTY_STACK' from Opp-Goldfish
2026-04-07 16:23:10,349 - engine - INFO - Handling intent 'Action.PASS' for priority event 'PlayerEvent.DECLARE_ATTACKS' from Opp-Goldfish
2026-04-07 16:23:10,349 - engine - INFO - External will draw a card for turn
2026-04-07 16:23:10,350 - engine - INFO - Handling intent 'Action.PASS' for priority event 'PlayerEvent.MAIN_PHASE_EMPTY_STACK' from External
2026-04-07 16:23:10,350 - engine - INFO - Handling intent 'Action.ATTACK' for priority event 'PlayerEvent.DECLARE_ATTACKS' from External
2026-04-07 16:23:10,350 - engine - WARNING - Turn 17/2: External is attacking!
2026-04-07 16:23:10,350 - engine - WARNING - Opp-Goldfish died by having 0 or less life.
2026-04-07 16:23:10,350 - engine - INFO - Game ended by death of player(s)
2026-04-07 16:23:10,350 - engine - INFO - External won by survival
2026-04-07 16:23:10,350 - engine - INFO - Setting up the new player Player1
2026-04-07 16:23:10,351 - engine - INFO - Setting up the new player Player2
2026-04-07 16:23:10,351 - engine - INFO - Handling intent 'Action.PASS' for priority event 'PlayerEvent.MAIN_PHASE_EMPTY_STACK' from Opp-Goldfish
2026-04-07 16:23:10,352 - engine - INFO - Handling intent 'Action.PASS' for priority event 'PlayerEvent.DECLARE_ATTACKS' from Opp-Goldfish
2026-04-07 16:23:10,352 - engine - INFO - External will draw a card for turn
2026-04-07 16:23:10,352 - engine - INFO - Handling intent 'Action.PLAY_CARD' for priority event 'PlayerEvent.MAIN_PHASE_EMPTY_STACK' from External
2026-04-07 16:23:10,352 - engine - WARNING - Cards to play: Details are missing. NoOp instead!
2026-04-07 16:23:10,352 - engine - INFO - Handling intent 'Action.PASS' for priority event 'PlayerEvent.DECLARE_ATTACKS' from External
2026-04-07 16:23:10,352 - engine - INFO - Opp-Goldfish will draw a card for turn
2026-04-07 16:23:10,352 - engine - INFO - Handling intent 'Action.PASS' for priority event 'PlayerEvent.MAIN_PHASE_EMPTY_STACK' from Opp-Goldfish
2026-04-07 16:23:10,353 - engine - INFO - Handling intent 'Action.PASS' for priority event 'PlayerEvent.DECLARE_ATTACKS' from Opp-Goldfish
2026-04-07 16:23:10,353 - engine - INFO - External will draw a card for turn
2026-04-07 16:23:10,353 - engine - INFO - Handling intent 'Action.PLAY_CARD' for priority event 'PlayerEvent.MAIN_PHASE_EMPTY_STACK' from External
2026-04-07 16:23:10,353 - engine - WARNING - Cards to play: Details are missing. NoOp instead!
2026-04-07 16:23:10,353 - engine - INFO - Handling intent 'Action.PASS' for priority event 'PlayerEvent.DECLARE_ATTACKS' from External
2026-04-07 16:23:10,353 - engine - INFO - Opp-Goldfish will draw a card for turn
2026-04-07 16:23:10,353 - engine - INFO - Handling intent 'Action.PASS' for priority event 'PlayerEvent.MAIN_PHASE_EMPTY_STACK' from Opp-Goldfish
2026-04-07 16:23:10,353 - engine - INFO - Handling intent 'Action.PASS' for priority event 'PlayerEvent.DECLARE_ATTACKS' from Opp-Goldfish
2026-04-07 16:23:10,353 - engine - INFO - External will draw a card for turn
2026-04-07 16:23:10,354 - engine - INFO - Handling intent 'Action.PASS' for priority event 'PlayerEvent.MAIN_PHASE_EMPTY_STACK' from External
2026-04-07 16:23:10,354 - engine - INFO - Handling intent 'Action.ATTACK' for priority event 'PlayerEvent.DECLARE_ATTACKS' from External
2026-04-07 16:23:10,354 - engine - WARNING - Turn 5/2: External is attacking!
2026-04-07 16:23:10,354 - engine - INFO - Opp-Goldfish will draw a card for turn
2026-04-07 16:23:10,354 - engine - INFO - Handling intent 'Action.PASS' for priority event 'PlayerEvent.MAIN_PHASE_EMPTY_STACK' from Opp-Goldfish
2026-04-07 16:23:10,354 - engine - INFO - Handling intent 'Action.PASS' for priority event 'PlayerEvent.DECLARE_ATTACKS' from Opp-Goldfish
2026-04-07 16:23:10,354 - engine - INFO - External will draw a card for turn
2026-04-07 16:23:10,355 - engine - INFO - Handling intent 'Action.PASS' for priority event 'PlayerEvent.MAIN_PHASE_EMPTY_STACK' from External
2026-04-07 16:23:10,355 - engine - INFO - Handling intent 'Action.ATTACK' for priority event 'PlayerEvent.DECLARE_ATTACKS' from External
2026-04-07 16:23:10,355 - engine - WARNING - Turn 7/2: External is attacking!
2026-04-07 16:23:10,355 - engine - INFO - Opp-Goldfish will draw a card for turn
2026-04-07 16:23:10,355 - engine - INFO - Handling intent 'Action.PASS' for priority event 'PlayerEvent.MAIN_PHASE_EMPTY_STACK' from Opp-Goldfish
2026-04-07 16:23:10,355 - engine - INFO - Handling intent 'Action.PASS' for priority event 'PlayerEvent.DECLARE_ATTACKS' from Opp-Goldfish
2026-04-07 16:23:10,355 - engine - INFO - External will draw a card for turn
2026-04-07 16:23:10,356 - engine - INFO - Handling intent 'Action.PLAY_CARD' for priority event 'PlayerEvent.MAIN_PHASE_EMPTY_STACK' from External
2026-04-07 16:23:10,356 - engine - WARNING - Cards to play: Details are missing. NoOp instead!
2026-04-07 16:23:10,356 - engine - INFO - Handling intent 'Action.PASS' for priority event 'PlayerEvent.DECLARE_ATTACKS' from External
2026-04-07 16:23:10,356 - engine - INFO - Opp-Goldfish will draw a card for turn
2026-04-07 16:23:10,356 - engine - INFO - Handling intent 'Action.PASS' for priority event 'PlayerEvent.MAIN_PHASE_EMPTY_STACK' from Opp-Goldfish
2026-04-07 16:23:10,356 - engine - INFO - Handling intent 'Action.PASS' for priority event 'PlayerEvent.DECLARE_ATTACKS' from Opp-Goldfish
2026-04-07 16:23:10,356 - engine - INFO - External will draw a card for turn
2026-04-07 16:23:10,356 - engine - INFO - Handling intent 'Action.PASS' for priority event 'PlayerEvent.MAIN_PHASE_EMPTY_STACK' from External
2026-04-07 16:23:10,357 - engine - INFO - Handling intent 'Action.ATTACK' for priority event 'PlayerEvent.DECLARE_ATTACKS' from External
2026-04-07 16:23:10,357 - engine - WARNING - Turn 11/2: External is attacking!
2026-04-07 16:23:10,357 - engine - INFO - Opp-Goldfish will draw a card for turn
2026-04-07 16:23:10,357 - engine - INFO - Handling intent 'Action.PASS' for priority event 'PlayerEvent.MAIN_PHASE_EMPTY_STACK' from Opp-Goldfish
2026-04-07 16:23:10,357 - engine - INFO - Handling intent 'Action.PASS' for priority event 'PlayerEvent.DECLARE_ATTACKS' from Opp-Goldfish
2026-04-07 16:23:10,357 - engine - INFO - External will draw a card for turn
2026-04-07 16:23:10,357 - engine - INFO - Handling intent 'Action.PLAY_CARD' for priority event 'PlayerEvent.MAIN_PHASE_EMPTY_STACK' from External
2026-04-07 16:23:10,357 - engine - WARNING - Cards to play: Details are missing. NoOp instead!
2026-04-07 16:23:10,358 - engine - INFO - Handling intent 'Action.PASS' for priority event 'PlayerEvent.DECLARE_ATTACKS' from External
2026-04-07 16:23:10,358 - engine - INFO - Opp-Goldfish will draw a card for turn
2026-04-07 16:23:10,358 - engine - INFO - Handling intent 'Action.PASS' for priority event 'PlayerEvent.MAIN_PHASE_EMPTY_STACK' from Opp-Goldfish
2026-04-07 16:23:10,358 - engine - INFO - Handling intent 'Action.PASS' for priority event 'PlayerEvent.DECLARE_ATTACKS' from Opp-Goldfish
2026-04-07 16:23:10,358 - engine - INFO - External will draw a card for turn
2026-04-07 16:23:10,358 - engine - INFO - Handling intent 'Action.PLAY_CARD' for priority event 'PlayerEvent.MAIN_PHASE_EMPTY_STACK' from External
2026-04-07 16:23:10,358 - engine - WARNING - Cards to play: Details are missing. NoOp instead!
2026-04-07 16:23:10,359 - engine - INFO - Handling intent 'Action.PASS' for priority event 'PlayerEvent.DECLARE_ATTACKS' from External
2026-04-07 16:23:10,359 - engine - INFO - Opp-Goldfish will draw a card for turn
2026-04-07 16:23:10,359 - engine - INFO - Handling intent 'Action.PASS' for priority event 'PlayerEvent.MAIN_PHASE_EMPTY_STACK' from Opp-Goldfish
2026-04-07 16:23:10,359 - engine - INFO - Handling intent 'Action.PASS' for priority event 'PlayerEvent.DECLARE_ATTACKS' from Opp-Goldfish
2026-04-07 16:23:10,359 - engine - INFO - External will draw a card for turn
2026-04-07 16:23:10,359 - engine - INFO - Handling intent 'Action.PLAY_CARD' for priority event 'PlayerEvent.MAIN_PHASE_EMPTY_STACK' from External
2026-04-07 16:23:10,359 - engine - WARNING - Cards to play: Details are missing. NoOp instead!
2026-04-07 16:23:10,360 - engine - INFO - Handling intent 'Action.ATTACK' for priority event 'PlayerEvent.DECLARE_ATTACKS' from External
2026-04-07 16:23:10,360 - engine - WARNING - Turn 17/2: External is attacking!
2026-04-07 16:23:10,360 - engine - INFO - Opp-Goldfish will draw a card for turn
2026-04-07 16:23:10,360 - engine - INFO - Handling intent 'Action.PASS' for priority event 'PlayerEvent.MAIN_PHASE_EMPTY_STACK' from Opp-Goldfish
2026-04-07 16:23:10,360 - engine - INFO - Handling intent 'Action.PASS' for priority event 'PlayerEvent.DECLARE_ATTACKS' from Opp-Goldfish
2026-04-07 16:23:10,360 - engine - INFO - External will draw a card for turn
2026-04-07 16:23:10,361 - engine - INFO - Handling intent 'Action.PLAY_CARD' for priority event 'PlayerEvent.MAIN_PHASE_EMPTY_STACK' from External
2026-04-07 16:23:10,361 - engine - WARNING - Cards to play: Details are missing. NoOp instead!
2026-04-07 16:23:10,361 - engine - INFO - Handling intent 'Action.PASS' for priority event 'PlayerEvent.DECLARE_ATTACKS' from External
2026-04-07 16:23:10,361 - engine - INFO - Opp-Goldfish will draw a card for turn
2026-04-07 16:23:10,361 - engine - INFO - Handling intent 'Action.PASS' for priority event 'PlayerEvent.MAIN_PHASE_EMPTY_STACK' from Opp-Goldfish
2026-04-07 16:23:10,361 - engine - INFO - Handling intent 'Action.PASS' for priority event 'PlayerEvent.DECLARE_ATTACKS' from Opp-Goldfish
2026-04-07 16:23:10,361 - engine - INFO - External will draw a card for turn
2026-04-07 16:23:10,361 - engine - WARNING - External died by drawing from an empty library.
2026-04-07 16:23:10,361 - engine - INFO - Game ended by death of player(s)
2026-04-07 16:23:10,361 - engine - INFO - Opp-Goldfish won by survival
2026-04-07 16:23:10,362 - engine - INFO - Setting up the new player Player1
2026-04-07 16:23:10,362 - engine - INFO - Setting up the new player Player2
2026-04-07 16:23:10,363 - engine - INFO - Handling intent 'Action.PASS' for priority event 'PlayerEvent.MAIN_PHASE_EMPTY_STACK' from Opp-Goldfish
2026-04-07 16:23:10,363 - engine - INFO - Handling intent 'Action.PASS' for priority event 'PlayerEvent.DECLARE_ATTACKS' from Opp-Goldfish
2026-04-07 16:23:10,363 - engine - INFO - External will draw a card for turn
2026-04-07 16:23:10,363 - engine - INFO - Handling intent 'Action.PASS' for priority event 'PlayerEvent.MAIN_PHASE_EMPTY_STACK' from External
2026-04-07 16:23:10,364 - engine - INFO - Handling intent 'Action.ATTACK' for priority event 'PlayerEvent.DECLARE_ATTACKS' from External
2026-04-07 16:23:10,364 - engine - WARNING - Turn 1/2: External is attacking!
2026-04-07 16:23:10,364 - engine - INFO - Opp-Goldfish will draw a card for turn
2026-04-07 16:23:10,364 - engine - INFO - Handling intent 'Action.PASS' for priority event 'PlayerEvent.MAIN_PHASE_EMPTY_STACK' from Opp-Goldfish
2026-04-07 16:23:10,364 - engine - INFO - Handling intent 'Action.PASS' for priority event 'PlayerEvent.DECLARE_ATTACKS' from Opp-Goldfish
2026-04-07 16:23:10,364 - engine - INFO - External will draw a card for turn
2026-04-07 16:23:10,364 - engine - INFO - Handling intent 'Action.PLAY_CARD' for priority event 'PlayerEvent.MAIN_PHASE_EMPTY_STACK' from External
2026-04-07 16:23:10,365 - engine - WARNING - Cards to play: Details are missing. NoOp instead!
2026-04-07 16:23:10,365 - engine - INFO - Handling intent 'Action.ATTACK' for priority event 'PlayerEvent.DECLARE_ATTACKS' from External
2026-04-07 16:23:10,365 - engine - WARNING - Turn 3/2: External is attacking!
2026-04-07 16:23:10,365 - engine - INFO - Opp-Goldfish will draw a card for turn
2026-04-07 16:23:10,365 - engine - INFO - Handling intent 'Action.PASS' for priority event 'PlayerEvent.MAIN_PHASE_EMPTY_STACK' from Opp-Goldfish
2026-04-07 16:23:10,365 - engine - INFO - Handling intent 'Action.PASS' for priority event 'PlayerEvent.DECLARE_ATTACKS' from Opp-Goldfish
2026-04-07 16:23:10,365 - engine - INFO - External will draw a card for turn
2026-04-07 16:23:10,366 - engine - INFO - Handling intent 'Action.PASS' for priority event 'PlayerEvent.MAIN_PHASE_EMPTY_STACK' from External
2026-04-07 16:23:10,366 - engine - INFO - Handling intent 'Action.PASS' for priority event 'PlayerEvent.DECLARE_ATTACKS' from External
2026-04-07 16:23:10,366 - engine - INFO - Opp-Goldfish will draw a card for turn
2026-04-07 16:23:10,366 - engine - INFO - Handling intent 'Action.PASS' for priority event 'PlayerEvent.MAIN_PHASE_EMPTY_STACK' from Opp-Goldfish
2026-04-07 16:23:10,367 - engine - INFO - Handling intent 'Action.PASS' for priority event 'PlayerEvent.DECLARE_ATTACKS' from Opp-Goldfish
2026-04-07 16:23:10,367 - engine - INFO - External will draw a card for turn
2026-04-07 16:23:10,367 - engine - INFO - Handling intent 'Action.PLAY_CARD' for priority event 'PlayerEvent.MAIN_PHASE_EMPTY_STACK' from External
2026-04-07 16:23:10,367 - engine - WARNING - Cards to play: Details are missing. NoOp instead!
2026-04-07 16:23:10,367 - engine - INFO - Handling intent 'Action.ATTACK' for priority event 'PlayerEvent.DECLARE_ATTACKS' from External
2026-04-07 16:23:10,367 - engine - WARNING - Turn 7/2: External is attacking!
2026-04-07 16:23:10,367 - engine - INFO - Opp-Goldfish will draw a card for turn
2026-04-07 16:23:10,368 - engine - INFO - Handling intent 'Action.PASS' for priority event 'PlayerEvent.MAIN_PHASE_EMPTY_STACK' from Opp-Goldfish
2026-04-07 16:23:10,368 - engine - INFO - Handling intent 'Action.PASS' for priority event 'PlayerEvent.DECLARE_ATTACKS' from Opp-Goldfish
2026-04-07 16:23:10,368 - engine - INFO - External will draw a card for turn
2026-04-07 16:23:10,368 - engine - INFO - Handling intent 'Action.PLAY_CARD' for priority event 'PlayerEvent.MAIN_PHASE_EMPTY_STACK' from External
2026-04-07 16:23:10,368 - engine - WARNING - Cards to play: Details are missing. NoOp instead!
2026-04-07 16:23:10,368 - engine - INFO - Handling intent 'Action.ATTACK' for priority event 'PlayerEvent.DECLARE_ATTACKS' from External
2026-04-07 16:23:10,368 - engine - WARNING - Turn 9/2: External is attacking!
2026-04-07 16:23:10,368 - engine - INFO - Opp-Goldfish will draw a card for turn
2026-04-07 16:23:10,369 - engine - INFO - Handling intent 'Action.PASS' for priority event 'PlayerEvent.MAIN_PHASE_EMPTY_STACK' from Opp-Goldfish
2026-04-07 16:23:10,369 - engine - INFO - Handling intent 'Action.PASS' for priority event 'PlayerEvent.DECLARE_ATTACKS' from Opp-Goldfish
2026-04-07 16:23:10,369 - engine - INFO - External will draw a card for turn
2026-04-07 16:23:10,369 - engine - INFO - Handling intent 'Action.PLAY_CARD' for priority event 'PlayerEvent.MAIN_PHASE_EMPTY_STACK' from External
2026-04-07 16:23:10,369 - engine - WARNING - Cards to play: Details are missing. NoOp instead!
2026-04-07 16:23:10,369 - engine - INFO - Handling intent 'Action.ATTACK' for priority event 'PlayerEvent.DECLARE_ATTACKS' from External
2026-04-07 16:23:10,369 - engine - WARNING - Turn 11/2: External is attacking!
2026-04-07 16:23:10,369 - engine - WARNING - Opp-Goldfish died by having 0 or less life.
2026-04-07 16:23:10,369 - engine - INFO - Game ended by death of player(s)
2026-04-07 16:23:10,369 - engine - INFO - External won by survival
2026-04-07 16:23:10,370 - engine - INFO - Setting up the new player Player1
2026-04-07 16:23:10,370 - engine - INFO - Setting up the new player Player2
2026-04-07 16:23:10,371 - engine - INFO - Handling intent 'Action.PASS' for priority event 'PlayerEvent.MAIN_PHASE_EMPTY_STACK' from Opp-Goldfish
2026-04-07 16:23:10,371 - engine - INFO - Handling intent 'Action.PASS' for priority event 'PlayerEvent.DECLARE_ATTACKS' from Opp-Goldfish
2026-04-07 16:23:10,371 - engine - INFO - External will draw a card for turn
2026-04-07 16:23:10,371 - engine - INFO - Handling intent 'Action.PLAY_CARD' for priority event 'PlayerEvent.MAIN_PHASE_EMPTY_STACK' from External
2026-04-07 16:23:10,371 - engine - WARNING - Cards to play: Details are missing. NoOp instead!
2026-04-07 16:23:10,372 - engine - INFO - Handling intent 'Action.PASS' for priority event 'PlayerEvent.DECLARE_ATTACKS' from External
2026-04-07 16:23:10,372 - engine - INFO - Opp-Goldfish will draw a card for turn
2026-04-07 16:23:10,372 - engine - INFO - Handling intent 'Action.PASS' for priority event 'PlayerEvent.MAIN_PHASE_EMPTY_STACK' from Opp-Goldfish
2026-04-07 16:23:10,372 - engine - INFO - Handling intent 'Action.PASS' for priority event 'PlayerEvent.DECLARE_ATTACKS' from Opp-Goldfish
2026-04-07 16:23:10,372 - engine - INFO - External will draw a card for turn
2026-04-07 16:23:10,372 - engine - INFO - Handling intent 'Action.PLAY_CARD' for priority event 'PlayerEvent.MAIN_PHASE_EMPTY_STACK' from External
2026-04-07 16:23:10,372 - engine - WARNING - Cards to play: Details are missing. NoOp instead!
2026-04-07 16:23:10,372 - engine - INFO - Handling intent 'Action.PASS' for priority event 'PlayerEvent.DECLARE_ATTACKS' from External
2026-04-07 16:23:10,372 - engine - INFO - Opp-Goldfish will draw a card for turn
2026-04-07 16:23:10,373 - engine - INFO - Handling intent 'Action.PASS' for priority event 'PlayerEvent.MAIN_PHASE_EMPTY_STACK' from Opp-Goldfish
2026-04-07 16:23:10,373 - engine - INFO - Handling intent 'Action.PASS' for priority event 'PlayerEvent.DECLARE_ATTACKS' from Opp-Goldfish
2026-04-07 16:23:10,373 - engine - INFO - External will draw a card for turn
2026-04-07 16:23:10,373 - engine - INFO - Handling intent 'Action.PASS' for priority event 'PlayerEvent.MAIN_PHASE_EMPTY_STACK' from External
2026-04-07 16:23:10,373 - engine - INFO - Handling intent 'Action.PASS' for priority event 'PlayerEvent.DECLARE_ATTACKS' from External
2026-04-07 16:23:10,373 - engine - INFO - Opp-Goldfish will draw a card for turn
2026-04-07 16:23:10,373 - engine - INFO - Handling intent 'Action.PASS' for priority event 'PlayerEvent.MAIN_PHASE_EMPTY_STACK' from Opp-Goldfish
2026-04-07 16:23:10,373 - engine - INFO - Handling intent 'Action.PASS' for priority event 'PlayerEvent.DECLARE_ATTACKS' from Opp-Goldfish
2026-04-07 16:23:10,373 - engine - INFO - External will draw a card for turn
2026-04-07 16:23:10,374 - engine - INFO - Handling intent 'Action.PASS' for priority event 'PlayerEvent.MAIN_PHASE_EMPTY_STACK' from External
2026-04-07 16:23:10,374 - engine - INFO - Handling intent 'Action.PASS' for priority event 'PlayerEvent.DECLARE_ATTACKS' from External
2026-04-07 16:23:10,374 - engine - INFO - Opp-Goldfish will draw a card for turn
2026-04-07 16:23:10,374 - engine - INFO - Handling intent 'Action.PASS' for priority event 'PlayerEvent.MAIN_PHASE_EMPTY_STACK' from Opp-Goldfish
2026-04-07 16:23:10,374 - engine - INFO - Handling intent 'Action.PASS' for priority event 'PlayerEvent.DECLARE_ATTACKS' from Opp-Goldfish
2026-04-07 16:23:10,374 - engine - INFO - External will draw a card for turn
2026-04-07 16:23:10,374 - engine - INFO - Handling intent 'Action.PLAY_CARD' for priority event 'PlayerEvent.MAIN_PHASE_EMPTY_STACK' from External
2026-04-07 16:23:10,374 - engine - WARNING - Cards to play: Details are missing. NoOp instead!
2026-04-07 16:23:10,375 - engine - INFO - Handling intent 'Action.ATTACK' for priority event 'PlayerEvent.DECLARE_ATTACKS' from External
2026-04-07 16:23:10,375 - engine - WARNING - Turn 9/2: External is attacking!
2026-04-07 16:23:10,375 - engine - INFO - Opp-Goldfish will draw a card for turn
2026-04-07 16:23:10,375 - engine - INFO - Handling intent 'Action.PASS' for priority event 'PlayerEvent.MAIN_PHASE_EMPTY_STACK' from Opp-Goldfish
2026-04-07 16:23:10,375 - engine - INFO - Handling intent 'Action.PASS' for priority event 'PlayerEvent.DECLARE_ATTACKS' from Opp-Goldfish
2026-04-07 16:23:10,375 - engine - INFO - External will draw a card for turn
2026-04-07 16:23:10,375 - engine - INFO - Handling intent 'Action.PLAY_CARD' for priority event 'PlayerEvent.MAIN_PHASE_EMPTY_STACK' from External
2026-04-07 16:23:10,375 - engine - WARNING - Cards to play: Details are missing. NoOp instead!
2026-04-07 16:23:10,376 - engine - INFO - Handling intent 'Action.ATTACK' for priority event 'PlayerEvent.DECLARE_ATTACKS' from External
2026-04-07 16:23:10,376 - engine - WARNING - Turn 11/2: External is attacking!
2026-04-07 16:23:10,376 - engine - INFO - Opp-Goldfish will draw a card for turn
2026-04-07 16:23:10,376 - engine - INFO - Handling intent 'Action.PASS' for priority event 'PlayerEvent.MAIN_PHASE_EMPTY_STACK' from Opp-Goldfish
2026-04-07 16:23:10,376 - engine - INFO - Handling intent 'Action.PASS' for priority event 'PlayerEvent.DECLARE_ATTACKS' from Opp-Goldfish
2026-04-07 16:23:10,376 - engine - INFO - External will draw a card for turn
2026-04-07 16:23:10,376 - engine - INFO - Handling intent 'Action.PASS' for priority event 'PlayerEvent.MAIN_PHASE_EMPTY_STACK' from External
2026-04-07 16:23:10,377 - engine - INFO - Handling intent 'Action.PASS' for priority event 'PlayerEvent.DECLARE_ATTACKS' from External
2026-04-07 16:23:10,377 - engine - INFO - Opp-Goldfish will draw a card for turn
2026-04-07 16:23:10,377 - engine - INFO - Handling intent 'Action.PASS' for priority event 'PlayerEvent.MAIN_PHASE_EMPTY_STACK' from Opp-Goldfish
2026-04-07 16:23:10,377 - engine - INFO - Handling intent 'Action.PASS' for priority event 'PlayerEvent.DECLARE_ATTACKS' from Opp-Goldfish
2026-04-07 16:23:10,377 - engine - INFO - External will draw a card for turn
2026-04-07 16:23:10,377 - engine - INFO - Handling intent 'Action.PASS' for priority event 'PlayerEvent.MAIN_PHASE_EMPTY_STACK' from External
2026-04-07 16:23:10,378 - engine - INFO - Handling intent 'Action.PASS' for priority event 'PlayerEvent.DECLARE_ATTACKS' from External
2026-04-07 16:23:10,378 - engine - INFO - Opp-Goldfish will draw a card for turn
2026-04-07 16:23:10,378 - engine - INFO - Handling intent 'Action.PASS' for priority event 'PlayerEvent.MAIN_PHASE_EMPTY_STACK' from Opp-Goldfish
2026-04-07 16:23:10,378 - engine - INFO - Handling intent 'Action.PASS' for priority event 'PlayerEvent.DECLARE_ATTACKS' from Opp-Goldfish
2026-04-07 16:23:10,378 - engine - INFO - External will draw a card for turn
2026-04-07 16:23:10,378 - engine - INFO - Handling intent 'Action.PASS' for priority event 'PlayerEvent.MAIN_PHASE_EMPTY_STACK' from External
2026-04-07 16:23:10,378 - engine - INFO - Handling intent 'Action.ATTACK' for priority event 'PlayerEvent.DECLARE_ATTACKS' from External
2026-04-07 16:23:10,378 - engine - WARNING - Turn 17/2: External is attacking!
2026-04-07 16:23:10,378 - engine - INFO - Opp-Goldfish will draw a card for turn
2026-04-07 16:23:10,379 - engine - INFO - Handling intent 'Action.PASS' for priority event 'PlayerEvent.MAIN_PHASE_EMPTY_STACK' from Opp-Goldfish
2026-04-07 16:23:10,379 - engine - INFO - Handling intent 'Action.PASS' for priority event 'PlayerEvent.DECLARE_ATTACKS' from Opp-Goldfish
2026-04-07 16:23:10,379 - engine - INFO - External will draw a card for turn
2026-04-07 16:23:10,379 - engine - INFO - Handling intent 'Action.PASS' for priority event 'PlayerEvent.MAIN_PHASE_EMPTY_STACK' from External
2026-04-07 16:23:10,379 - engine - INFO - Handling intent 'Action.ATTACK' for priority event 'PlayerEvent.DECLARE_ATTACKS' from External
2026-04-07 16:23:10,380 - engine - WARNING - Turn 19/2: External is attacking!
2026-04-07 16:23:10,380 - engine - INFO - Opp-Goldfish will draw a card for turn
2026-04-07 16:23:10,380 - engine - INFO - Handling intent 'Action.PASS' for priority event 'PlayerEvent.MAIN_PHASE_EMPTY_STACK' from Opp-Goldfish
2026-04-07 16:23:10,380 - engine - INFO - Handling intent 'Action.PASS' for priority event 'PlayerEvent.DECLARE_ATTACKS' from Opp-Goldfish
2026-04-07 16:23:10,380 - engine - INFO - External will draw a card for turn
2026-04-07 16:23:10,380 - engine - WARNING - External died by drawing from an empty library.
2026-04-07 16:23:10,380 - engine - INFO - Game ended by death of player(s)
2026-04-07 16:23:10,380 - engine - INFO - Opp-Goldfish won by survival
2026-04-07 16:23:10,381 - engine - INFO - Setting up the new player Player1
2026-04-07 16:23:10,381 - engine - INFO - Setting up the new player Player2
2026-04-07 16:23:10,381 - engine - INFO - Handling intent 'Action.PASS' for priority event 'PlayerEvent.MAIN_PHASE_EMPTY_STACK' from Opp-Goldfish
2026-04-07 16:23:10,382 - engine - INFO - Handling intent 'Action.PASS' for priority event 'PlayerEvent.DECLARE_ATTACKS' from Opp-Goldfish
2026-04-07 16:23:10,382 - engine - INFO - External will draw a card for turn
2026-04-07 16:23:10,382 - engine - INFO - Handling intent 'Action.PASS' for priority event 'PlayerEvent.MAIN_PHASE_EMPTY_STACK' from External
2026-04-07 16:23:10,383 - engine - INFO - Handling intent 'Action.ATTACK' for priority event 'PlayerEvent.DECLARE_ATTACKS' from External
2026-04-07 16:23:10,383 - engine - WARNING - Turn 1/2: External is attacking!
2026-04-07 16:23:10,383 - engine - INFO - Opp-Goldfish will draw a card for turn
2026-04-07 16:23:10,383 - engine - INFO - Handling intent 'Action.PASS' for priority event 'PlayerEvent.MAIN_PHASE_EMPTY_STACK' from Opp-Goldfish
2026-04-07 16:23:10,383 - engine - INFO - Handling intent 'Action.PASS' for priority event 'PlayerEvent.DECLARE_ATTACKS' from Opp-Goldfish
2026-04-07 16:23:10,383 - engine - INFO - External will draw a card for turn
2026-04-07 16:23:10,383 - engine - INFO - Handling intent 'Action.PLAY_CARD' for priority event 'PlayerEvent.MAIN_PHASE_EMPTY_STACK' from External
2026-04-07 16:23:10,383 - engine - WARNING - Cards to play: Details are missing. NoOp instead!
2026-04-07 16:23:10,384 - engine - INFO - Handling intent 'Action.ATTACK' for priority event 'PlayerEvent.DECLARE_ATTACKS' from External
2026-04-07 16:23:10,384 - engine - WARNING - Turn 3/2: External is attacking!
2026-04-07 16:23:10,384 - engine - INFO - Opp-Goldfish will draw a card for turn
2026-04-07 16:23:10,384 - engine - INFO - Handling intent 'Action.PASS' for priority event 'PlayerEvent.MAIN_PHASE_EMPTY_STACK' from Opp-Goldfish
2026-04-07 16:23:10,384 - engine - INFO - Handling intent 'Action.PASS' for priority event 'PlayerEvent.DECLARE_ATTACKS' from Opp-Goldfish
2026-04-07 16:23:10,384 - engine - INFO - External will draw a card for turn
2026-04-07 16:23:10,384 - engine - INFO - Handling intent 'Action.PLAY_CARD' for priority event 'PlayerEvent.MAIN_PHASE_EMPTY_STACK' from External
2026-04-07 16:23:10,384 - engine - WARNING - Cards to play: Details are missing. NoOp instead!
2026-04-07 16:23:10,384 - engine - INFO - Handling intent 'Action.ATTACK' for priority event 'PlayerEvent.DECLARE_ATTACKS' from External
2026-04-07 16:23:10,385 - engine - WARNING - Turn 5/2: External is attacking!
2026-04-07 16:23:10,385 - engine - INFO - Opp-Goldfish will draw a card for turn
2026-04-07 16:23:10,385 - engine - INFO - Handling intent 'Action.PASS' for priority event 'PlayerEvent.MAIN_PHASE_EMPTY_STACK' from Opp-Goldfish
2026-04-07 16:23:10,385 - engine - INFO - Handling intent 'Action.PASS' for priority event 'PlayerEvent.DECLARE_ATTACKS' from Opp-Goldfish
2026-04-07 16:23:10,385 - engine - INFO - External will draw a card for turn
2026-04-07 16:23:10,385 - engine - INFO - Handling intent 'Action.PLAY_CARD' for priority event 'PlayerEvent.MAIN_PHASE_EMPTY_STACK' from External
2026-04-07 16:23:10,385 - engine - WARNING - Cards to play: Details are missing. NoOp instead!
2026-04-07 16:23:10,386 - engine - INFO - Handling intent 'Action.PASS' for priority event 'PlayerEvent.DECLARE_ATTACKS' from External
2026-04-07 16:23:10,386 - engine - INFO - Opp-Goldfish will draw a card for turn
2026-04-07 16:23:10,386 - engine - INFO - Handling intent 'Action.PASS' for priority event 'PlayerEvent.MAIN_PHASE_EMPTY_STACK' from Opp-Goldfish
2026-04-07 16:23:10,386 - engine - INFO - Handling intent 'Action.PASS' for priority event 'PlayerEvent.DECLARE_ATTACKS' from Opp-Goldfish
2026-04-07 16:23:10,386 - engine - INFO - External will draw a card for turn
2026-04-07 16:23:10,386 - engine - INFO - Handling intent 'Action.PASS' for priority event 'PlayerEvent.MAIN_PHASE_EMPTY_STACK' from External
2026-04-07 16:23:10,386 - engine - INFO - Handling intent 'Action.ATTACK' for priority event 'PlayerEvent.DECLARE_ATTACKS' from External
2026-04-07 16:23:10,386 - engine - WARNING - Turn 9/2: External is attacking!
2026-04-07 16:23:10,386 - engine - INFO - Opp-Goldfish will draw a card for turn
2026-04-07 16:23:10,387 - engine - INFO - Handling intent 'Action.PASS' for priority event 'PlayerEvent.MAIN_PHASE_EMPTY_STACK' from Opp-Goldfish
2026-04-07 16:23:10,387 - engine - INFO - Handling intent 'Action.PASS' for priority event 'PlayerEvent.DECLARE_ATTACKS' from Opp-Goldfish
2026-04-07 16:23:10,387 - engine - INFO - External will draw a card for turn
2026-04-07 16:23:10,387 - engine - INFO - Handling intent 'Action.PLAY_CARD' for priority event 'PlayerEvent.MAIN_PHASE_EMPTY_STACK' from External
2026-04-07 16:23:10,387 - engine - WARNING - Cards to play: Details are missing. NoOp instead!
2026-04-07 16:23:10,387 - engine - INFO - Handling intent 'Action.PASS' for priority event 'PlayerEvent.DECLARE_ATTACKS' from External
2026-04-07 16:23:10,387 - engine - INFO - Opp-Goldfish will draw a card for turn
2026-04-07 16:23:10,388 - engine - INFO - Handling intent 'Action.PASS' for priority event 'PlayerEvent.MAIN_PHASE_EMPTY_STACK' from Opp-Goldfish
2026-04-07 16:23:10,388 - engine - INFO - Handling intent 'Action.PASS' for priority event 'PlayerEvent.DECLARE_ATTACKS' from Opp-Goldfish
2026-04-07 16:23:10,388 - engine - INFO - External will draw a card for turn
2026-04-07 16:23:10,388 - engine - INFO - Handling intent 'Action.PASS' for priority event 'PlayerEvent.MAIN_PHASE_EMPTY_STACK' from External
2026-04-07 16:23:10,388 - engine - INFO - Handling intent 'Action.ATTACK' for priority event 'PlayerEvent.DECLARE_ATTACKS' from External
2026-04-07 16:23:10,388 - engine - WARNING - Turn 13/2: External is attacking!
2026-04-07 16:23:10,388 - engine - WARNING - Opp-Goldfish died by having 0 or less life.
2026-04-07 16:23:10,388 - engine - INFO - Game ended by death of player(s)
2026-04-07 16:23:10,388 - engine - INFO - External won by survival
2026-04-07 16:23:10,389 - engine - INFO - Setting up the new player Player1
2026-04-07 16:23:10,389 - engine - INFO - Setting up the new player Player2
2026-04-07 16:23:10,390 - engine - INFO - Handling intent 'Action.PASS' for priority event 'PlayerEvent.MAIN_PHASE_EMPTY_STACK' from Opp-Goldfish
2026-04-07 16:23:10,391 - engine - INFO - Handling intent 'Action.PASS' for priority event 'PlayerEvent.DECLARE_ATTACKS' from Opp-Goldfish
2026-04-07 16:23:10,391 - engine - INFO - External will draw a card for turn
2026-04-07 16:23:10,391 - engine - INFO - Handling intent 'Action.PLAY_CARD' for priority event 'PlayerEvent.MAIN_PHASE_EMPTY_STACK' from External
2026-04-07 16:23:10,391 - engine - WARNING - Cards to play: Details are missing. NoOp instead!
2026-04-07 16:23:10,391 - engine - INFO - Handling intent 'Action.ATTACK' for priority event 'PlayerEvent.DECLARE_ATTACKS' from External
2026-04-07 16:23:10,391 - engine - WARNING - Turn 1/2: External is attacking!
2026-04-07 16:23:10,391 - engine - INFO - Opp-Goldfish will draw a card for turn
2026-04-07 16:23:10,392 - engine - INFO - Handling intent 'Action.PASS' for priority event 'PlayerEvent.MAIN_PHASE_EMPTY_STACK' from Opp-Goldfish
2026-04-07 16:23:10,392 - engine - INFO - Handling intent 'Action.PASS' for priority event 'PlayerEvent.DECLARE_ATTACKS' from Opp-Goldfish
2026-04-07 16:23:10,392 - engine - INFO - External will draw a card for turn
2026-04-07 16:23:10,392 - engine - INFO - Handling intent 'Action.PLAY_CARD' for priority event 'PlayerEvent.MAIN_PHASE_EMPTY_STACK' from External
2026-04-07 16:23:10,392 - engine - WARNING - Cards to play: Details are missing. NoOp instead!
2026-04-07 16:23:10,392 - engine - INFO - Handling intent 'Action.PASS' for priority event 'PlayerEvent.DECLARE_ATTACKS' from External
2026-04-07 16:23:10,392 - engine - INFO - Opp-Goldfish will draw a card for turn
2026-04-07 16:23:10,393 - engine - INFO - Handling intent 'Action.PASS' for priority event 'PlayerEvent.MAIN_PHASE_EMPTY_STACK' from Opp-Goldfish
2026-04-07 16:23:10,393 - engine - INFO - Handling intent 'Action.PASS' for priority event 'PlayerEvent.DECLARE_ATTACKS' from Opp-Goldfish
2026-04-07 16:23:10,393 - engine - INFO - External will draw a card for turn
2026-04-07 16:23:10,393 - engine - INFO - Handling intent 'Action.PASS' for priority event 'PlayerEvent.MAIN_PHASE_EMPTY_STACK' from External
2026-04-07 16:23:10,393 - engine - INFO - Handling intent 'Action.PASS' for priority event 'PlayerEvent.DECLARE_ATTACKS' from External
2026-04-07 16:23:10,393 - engine - INFO - Opp-Goldfish will draw a card for turn
2026-04-07 16:23:10,394 - engine - INFO - Handling intent 'Action.PASS' for priority event 'PlayerEvent.MAIN_PHASE_EMPTY_STACK' from Opp-Goldfish
2026-04-07 16:23:10,394 - engine - INFO - Handling intent 'Action.PASS' for priority event 'PlayerEvent.DECLARE_ATTACKS' from Opp-Goldfish
2026-04-07 16:23:10,394 - engine - INFO - External will draw a card for turn
2026-04-07 16:23:10,394 - engine - INFO - Handling intent 'Action.PASS' for priority event 'PlayerEvent.MAIN_PHASE_EMPTY_STACK' from External
2026-04-07 16:23:10,394 - engine - INFO - Handling intent 'Action.PASS' for priority event 'PlayerEvent.DECLARE_ATTACKS' from External
2026-04-07 16:23:10,394 - engine - INFO - Opp-Goldfish will draw a card for turn
2026-04-07 16:23:10,395 - engine - INFO - Handling intent 'Action.PASS' for priority event 'PlayerEvent.MAIN_PHASE_EMPTY_STACK' from Opp-Goldfish
2026-04-07 16:23:10,395 - engine - INFO - Handling intent 'Action.PASS' for priority event 'PlayerEvent.DECLARE_ATTACKS' from Opp-Goldfish
2026-04-07 16:23:10,395 - engine - INFO - External will draw a card for turn
2026-04-07 16:23:10,396 - engine - INFO - Handling intent 'Action.PLAY_CARD' for priority event 'PlayerEvent.MAIN_PHASE_EMPTY_STACK' from External
2026-04-07 16:23:10,396 - engine - WARNING - Cards to play: Details are missing. NoOp instead!
2026-04-07 16:23:10,396 - engine - INFO - Handling intent 'Action.ATTACK' for priority event 'PlayerEvent.DECLARE_ATTACKS' from External
2026-04-07 16:23:10,396 - engine - WARNING - Turn 9/2: External is attacking!
2026-04-07 16:23:10,396 - engine - INFO - Opp-Goldfish will draw a card for turn
2026-04-07 16:23:10,397 - engine - INFO - Handling intent 'Action.PASS' for priority event 'PlayerEvent.MAIN_PHASE_EMPTY_STACK' from Opp-Goldfish
2026-04-07 16:23:10,397 - engine - INFO - Handling intent 'Action.PASS' for priority event 'PlayerEvent.DECLARE_ATTACKS' from Opp-Goldfish
2026-04-07 16:23:10,397 - engine - INFO - External will draw a card for turn
2026-04-07 16:23:10,397 - engine - INFO - Handling intent 'Action.PASS' for priority event 'PlayerEvent.MAIN_PHASE_EMPTY_STACK' from External
2026-04-07 16:23:10,398 - engine - INFO - Handling intent 'Action.ATTACK' for priority event 'PlayerEvent.DECLARE_ATTACKS' from External
2026-04-07 16:23:10,398 - engine - WARNING - Turn 11/2: External is attacking!
2026-04-07 16:23:10,398 - engine - INFO - Opp-Goldfish will draw a card for turn
2026-04-07 16:23:10,398 - engine - INFO - Handling intent 'Action.PASS' for priority event 'PlayerEvent.MAIN_PHASE_EMPTY_STACK' from Opp-Goldfish
2026-04-07 16:23:10,398 - engine - INFO - Handling intent 'Action.PASS' for priority event 'PlayerEvent.DECLARE_ATTACKS' from Opp-Goldfish
2026-04-07 16:23:10,398 - engine - INFO - External will draw a card for turn
2026-04-07 16:23:10,398 - engine - INFO - Handling intent 'Action.PLAY_CARD' for priority event 'PlayerEvent.MAIN_PHASE_EMPTY_STACK' from External
2026-04-07 16:23:10,398 - engine - WARNING - Cards to play: Details are missing. NoOp instead!
2026-04-07 16:23:10,399 - engine - INFO - Handling intent 'Action.ATTACK' for priority event 'PlayerEvent.DECLARE_ATTACKS' from External
2026-04-07 16:23:10,399 - engine - WARNING - Turn 13/2: External is attacking!
2026-04-07 16:23:10,399 - engine - INFO - Opp-Goldfish will draw a card for turn
2026-04-07 16:23:10,400 - engine - INFO - Handling intent 'Action.PASS' for priority event 'PlayerEvent.MAIN_PHASE_EMPTY_STACK' from Opp-Goldfish
2026-04-07 16:23:10,400 - engine - INFO - Handling intent 'Action.PASS' for priority event 'PlayerEvent.DECLARE_ATTACKS' from Opp-Goldfish
2026-04-07 16:23:10,400 - engine - INFO - External will draw a card for turn
2026-04-07 16:23:10,400 - engine - INFO - Handling intent 'Action.PASS' for priority event 'PlayerEvent.MAIN_PHASE_EMPTY_STACK' from External
2026-04-07 16:23:10,401 - engine - INFO - Handling intent 'Action.PASS' for priority event 'PlayerEvent.DECLARE_ATTACKS' from External
2026-04-07 16:23:10,401 - engine - INFO - Opp-Goldfish will draw a card for turn
2026-04-07 16:23:10,401 - engine - INFO - Handling intent 'Action.PASS' for priority event 'PlayerEvent.MAIN_PHASE_EMPTY_STACK' from Opp-Goldfish
2026-04-07 16:23:10,401 - engine - INFO - Handling intent 'Action.PASS' for priority event 'PlayerEvent.DECLARE_ATTACKS' from Opp-Goldfish
2026-04-07 16:23:10,401 - engine - INFO - External will draw a card for turn
2026-04-07 16:23:10,401 - engine - INFO - Handling intent 'Action.PASS' for priority event 'PlayerEvent.MAIN_PHASE_EMPTY_STACK' from External
2026-04-07 16:23:10,402 - engine - INFO - Handling intent 'Action.ATTACK' for priority event 'PlayerEvent.DECLARE_ATTACKS' from External
2026-04-07 16:23:10,402 - engine - WARNING - Turn 17/2: External is attacking!
2026-04-07 16:23:10,402 - engine - WARNING - Opp-Goldfish died by having 0 or less life.
2026-04-07 16:23:10,402 - engine - INFO - Game ended by death of player(s)
2026-04-07 16:23:10,402 - engine - INFO - External won by survival
2026-04-07 16:23:10,402 - engine - INFO - Setting up the new player Player1
2026-04-07 16:23:10,403 - engine - INFO - Setting up the new player Player2
2026-04-07 16:23:10,404 - engine - INFO - Handling intent 'Action.PASS' for priority event 'PlayerEvent.MAIN_PHASE_EMPTY_STACK' from Opp-Goldfish
2026-04-07 16:23:10,404 - engine - INFO - Handling intent 'Action.PASS' for priority event 'PlayerEvent.DECLARE_ATTACKS' from Opp-Goldfish
2026-04-07 16:23:10,404 - engine - INFO - External will draw a card for turn
2026-04-07 16:23:10,405 - engine - INFO - Handling intent 'Action.PLAY_CARD' for priority event 'PlayerEvent.MAIN_PHASE_EMPTY_STACK' from External
2026-04-07 16:23:10,405 - engine - WARNING - Cards to play: Details are missing. NoOp instead!
2026-04-07 16:23:10,405 - engine - INFO - Handling intent 'Action.ATTACK' for priority event 'PlayerEvent.DECLARE_ATTACKS' from External
2026-04-07 16:23:10,405 - engine - WARNING - Turn 1/2: External is attacking!
2026-04-07 16:23:10,405 - engine - INFO - Opp-Goldfish will draw a card for turn
2026-04-07 16:23:10,405 - engine - INFO - Handling intent 'Action.PASS' for priority event 'PlayerEvent.MAIN_PHASE_EMPTY_STACK' from Opp-Goldfish
2026-04-07 16:23:10,405 - engine - INFO - Handling intent 'Action.PASS' for priority event 'PlayerEvent.DECLARE_ATTACKS' from Opp-Goldfish
2026-04-07 16:23:10,405 - engine - INFO - External will draw a card for turn
2026-04-07 16:23:10,406 - engine - INFO - Handling intent 'Action.PASS' for priority event 'PlayerEvent.MAIN_PHASE_EMPTY_STACK' from External
2026-04-07 16:23:10,406 - engine - INFO - Handling intent 'Action.PASS' for priority event 'PlayerEvent.DECLARE_ATTACKS' from External
2026-04-07 16:23:10,406 - engine - INFO - Opp-Goldfish will draw a card for turn
2026-04-07 16:23:10,406 - engine - INFO - Handling intent 'Action.PASS' for priority event 'PlayerEvent.MAIN_PHASE_EMPTY_STACK' from Opp-Goldfish
2026-04-07 16:23:10,406 - engine - INFO - Handling intent 'Action.PASS' for priority event 'PlayerEvent.DECLARE_ATTACKS' from Opp-Goldfish
2026-04-07 16:23:10,406 - engine - INFO - External will draw a card for turn
2026-04-07 16:23:10,407 - engine - INFO - Handling intent 'Action.PASS' for priority event 'PlayerEvent.MAIN_PHASE_EMPTY_STACK' from External
2026-04-07 16:23:10,407 - engine - INFO - Handling intent 'Action.ATTACK' for priority event 'PlayerEvent.DECLARE_ATTACKS' from External
2026-04-07 16:23:10,407 - engine - WARNING - Turn 5/2: External is attacking!
2026-04-07 16:23:10,407 - engine - INFO - Opp-Goldfish will draw a card for turn
2026-04-07 16:23:10,407 - engine - INFO - Handling intent 'Action.PASS' for priority event 'PlayerEvent.MAIN_PHASE_EMPTY_STACK' from Opp-Goldfish
2026-04-07 16:23:10,407 - engine - INFO - Handling intent 'Action.PASS' for priority event 'PlayerEvent.DECLARE_ATTACKS' from Opp-Goldfish
2026-04-07 16:23:10,407 - engine - INFO - External will draw a card for turn
2026-04-07 16:23:10,408 - engine - INFO - Handling intent 'Action.PLAY_CARD' for priority event 'PlayerEvent.MAIN_PHASE_EMPTY_STACK' from External
2026-04-07 16:23:10,408 - engine - WARNING - Cards to play: Details are missing. NoOp instead!
2026-04-07 16:23:10,408 - engine - INFO - Handling intent 'Action.PASS' for priority event 'PlayerEvent.DECLARE_ATTACKS' from External
2026-04-07 16:23:10,408 - engine - INFO - Opp-Goldfish will draw a card for turn
2026-04-07 16:23:10,408 - engine - INFO - Handling intent 'Action.PASS' for priority event 'PlayerEvent.MAIN_PHASE_EMPTY_STACK' from Opp-Goldfish
2026-04-07 16:23:10,408 - engine - INFO - Handling intent 'Action.PASS' for priority event 'PlayerEvent.DECLARE_ATTACKS' from Opp-Goldfish
2026-04-07 16:23:10,408 - engine - INFO - External will draw a card for turn
2026-04-07 16:23:10,409 - engine - INFO - Handling intent 'Action.PASS' for priority event 'PlayerEvent.MAIN_PHASE_EMPTY_STACK' from External
2026-04-07 16:23:10,409 - engine - INFO - Handling intent 'Action.PASS' for priority event 'PlayerEvent.DECLARE_ATTACKS' from External
2026-04-07 16:23:10,409 - engine - INFO - Opp-Goldfish will draw a card for turn
2026-04-07 16:23:10,409 - engine - INFO - Handling intent 'Action.PASS' for priority event 'PlayerEvent.MAIN_PHASE_EMPTY_STACK' from Opp-Goldfish
2026-04-07 16:23:10,409 - engine - INFO - Handling intent 'Action.PASS' for priority event 'PlayerEvent.DECLARE_ATTACKS' from Opp-Goldfish
2026-04-07 16:23:10,409 - engine - INFO - External will draw a card for turn
2026-04-07 16:23:10,410 - engine - INFO - Handling intent 'Action.PASS' for priority event 'PlayerEvent.MAIN_PHASE_EMPTY_STACK' from External
2026-04-07 16:23:10,410 - engine - INFO - Handling intent 'Action.PASS' for priority event 'PlayerEvent.DECLARE_ATTACKS' from External
2026-04-07 16:23:10,410 - engine - INFO - Opp-Goldfish will draw a card for turn
2026-04-07 16:23:10,410 - engine - INFO - Handling intent 'Action.PASS' for priority event 'PlayerEvent.MAIN_PHASE_EMPTY_STACK' from Opp-Goldfish
2026-04-07 16:23:10,410 - engine - INFO - Handling intent 'Action.PASS' for priority event 'PlayerEvent.DECLARE_ATTACKS' from Opp-Goldfish
2026-04-07 16:23:10,410 - engine - INFO - External will draw a card for turn
2026-04-07 16:23:10,411 - engine - INFO - Handling intent 'Action.PLAY_CARD' for priority event 'PlayerEvent.MAIN_PHASE_EMPTY_STACK' from External
2026-04-07 16:23:10,411 - engine - WARNING - Cards to play: Details are missing. NoOp instead!
2026-04-07 16:23:10,411 - engine - INFO - Handling intent 'Action.PASS' for priority event 'PlayerEvent.DECLARE_ATTACKS' from External
2026-04-07 16:23:10,411 - engine - INFO - Opp-Goldfish will draw a card for turn
2026-04-07 16:23:10,411 - engine - INFO - Handling intent 'Action.PASS' for priority event 'PlayerEvent.MAIN_PHASE_EMPTY_STACK' from Opp-Goldfish
2026-04-07 16:23:10,411 - engine - INFO - Handling intent 'Action.PASS' for priority event 'PlayerEvent.DECLARE_ATTACKS' from Opp-Goldfish
2026-04-07 16:23:10,412 - engine - INFO - External will draw a card for turn
2026-04-07 16:23:10,412 - engine - INFO - Handling intent 'Action.PASS' for priority event 'PlayerEvent.MAIN_PHASE_EMPTY_STACK' from External
2026-04-07 16:23:10,412 - engine - INFO - Handling intent 'Action.PASS' for priority event 'PlayerEvent.DECLARE_ATTACKS' from External
2026-04-07 16:23:10,412 - engine - INFO - Opp-Goldfish will draw a card for turn
2026-04-07 16:23:10,413 - engine - INFO - Handling intent 'Action.PASS' for priority event 'PlayerEvent.MAIN_PHASE_EMPTY_STACK' from Opp-Goldfish
2026-04-07 16:23:10,413 - engine - INFO - Handling intent 'Action.PASS' for priority event 'PlayerEvent.DECLARE_ATTACKS' from Opp-Goldfish
2026-04-07 16:23:10,413 - engine - INFO - External will draw a card for turn
2026-04-07 16:23:10,413 - engine - INFO - Handling intent 'Action.PLAY_CARD' for priority event 'PlayerEvent.MAIN_PHASE_EMPTY_STACK' from External
2026-04-07 16:23:10,413 - engine - WARNING - Cards to play: Details are missing. NoOp instead!
2026-04-07 16:23:10,414 - engine - INFO - Handling intent 'Action.PASS' for priority event 'PlayerEvent.DECLARE_ATTACKS' from External
2026-04-07 16:23:10,414 - engine - INFO - Opp-Goldfish will draw a card for turn
2026-04-07 16:23:10,414 - engine - INFO - Handling intent 'Action.PASS' for priority event 'PlayerEvent.MAIN_PHASE_EMPTY_STACK' from Opp-Goldfish
2026-04-07 16:23:10,414 - engine - INFO - Handling intent 'Action.PASS' for priority event 'PlayerEvent.DECLARE_ATTACKS' from Opp-Goldfish
2026-04-07 16:23:10,414 - engine - INFO - External will draw a card for turn
2026-04-07 16:23:10,415 - engine - INFO - Handling intent 'Action.PASS' for priority event 'PlayerEvent.MAIN_PHASE_EMPTY_STACK' from External
2026-04-07 16:23:10,415 - engine - INFO - Handling intent 'Action.ATTACK' for priority event 'PlayerEvent.DECLARE_ATTACKS' from External
2026-04-07 16:23:10,415 - engine - WARNING - Turn 19/2: External is attacking!
2026-04-07 16:23:10,415 - engine - INFO - Opp-Goldfish will draw a card for turn
2026-04-07 16:23:10,415 - engine - INFO - Handling intent 'Action.PASS' for priority event 'PlayerEvent.MAIN_PHASE_EMPTY_STACK' from Opp-Goldfish
2026-04-07 16:23:10,416 - engine - INFO - Handling intent 'Action.PASS' for priority event 'PlayerEvent.DECLARE_ATTACKS' from Opp-Goldfish
2026-04-07 16:23:10,416 - engine - INFO - External will draw a card for turn
2026-04-07 16:23:10,416 - engine - WARNING - External died by drawing from an empty library.
2026-04-07 16:23:10,416 - engine - INFO - Game ended by death of player(s)
2026-04-07 16:23:10,416 - engine - INFO - Opp-Goldfish won by survival
2026-04-07 16:23:10,417 - engine - INFO - Setting up the new player Player1
2026-04-07 16:23:10,417 - engine - INFO - Setting up the new player Player2
2026-04-07 16:23:10,418 - engine - INFO - Handling intent 'Action.PASS' for priority event 'PlayerEvent.MAIN_PHASE_EMPTY_STACK' from Opp-Goldfish
2026-04-07 16:23:10,418 - engine - INFO - Handling intent 'Action.PASS' for priority event 'PlayerEvent.DECLARE_ATTACKS' from Opp-Goldfish
2026-04-07 16:23:10,418 - engine - INFO - External will draw a card for turn
2026-04-07 16:23:10,418 - engine - INFO - Handling intent 'Action.PLAY_CARD' for priority event 'PlayerEvent.MAIN_PHASE_EMPTY_STACK' from External
2026-04-07 16:23:10,418 - engine - WARNING - Cards to play: Details are missing. NoOp instead!
2026-04-07 16:23:10,419 - engine - INFO - Handling intent 'Action.ATTACK' for priority event 'PlayerEvent.DECLARE_ATTACKS' from External
2026-04-07 16:23:10,419 - engine - WARNING - Turn 1/2: External is attacking!
2026-04-07 16:23:10,419 - engine - INFO - Opp-Goldfish will draw a card for turn
2026-04-07 16:23:10,419 - engine - INFO - Handling intent 'Action.PASS' for priority event 'PlayerEvent.MAIN_PHASE_EMPTY_STACK' from Opp-Goldfish
2026-04-07 16:23:10,419 - engine - INFO - Handling intent 'Action.PASS' for priority event 'PlayerEvent.DECLARE_ATTACKS' from Opp-Goldfish
2026-04-07 16:23:10,419 - engine - INFO - External will draw a card for turn
2026-04-07 16:23:10,419 - engine - INFO - Handling intent 'Action.PASS' for priority event 'PlayerEvent.MAIN_PHASE_EMPTY_STACK' from External
2026-04-07 16:23:10,419 - engine - INFO - Handling intent 'Action.PASS' for priority event 'PlayerEvent.DECLARE_ATTACKS' from External
2026-04-07 16:23:10,420 - engine - INFO - Opp-Goldfish will draw a card for turn
2026-04-07 16:23:10,420 - engine - INFO - Handling intent 'Action.PASS' for priority event 'PlayerEvent.MAIN_PHASE_EMPTY_STACK' from Opp-Goldfish
2026-04-07 16:23:10,420 - engine - INFO - Handling intent 'Action.PASS' for priority event 'PlayerEvent.DECLARE_ATTACKS' from Opp-Goldfish
2026-04-07 16:23:10,420 - engine - INFO - External will draw a card for turn
2026-04-07 16:23:10,420 - engine - INFO - Handling intent 'Action.PLAY_CARD' for priority event 'PlayerEvent.MAIN_PHASE_EMPTY_STACK' from External
2026-04-07 16:23:10,420 - engine - WARNING - Cards to play: Details are missing. NoOp instead!
2026-04-07 16:23:10,420 - engine - INFO - Handling intent 'Action.PASS' for priority event 'PlayerEvent.DECLARE_ATTACKS' from External
2026-04-07 16:23:10,420 - engine - INFO - Opp-Goldfish will draw a card for turn
2026-04-07 16:23:10,420 - engine - INFO - Handling intent 'Action.PASS' for priority event 'PlayerEvent.MAIN_PHASE_EMPTY_STACK' from Opp-Goldfish
2026-04-07 16:23:10,421 - engine - INFO - Handling intent 'Action.PASS' for priority event 'PlayerEvent.DECLARE_ATTACKS' from Opp-Goldfish
2026-04-07 16:23:10,421 - engine - INFO - External will draw a card for turn
2026-04-07 16:23:10,421 - engine - INFO - Handling intent 'Action.PASS' for priority event 'PlayerEvent.MAIN_PHASE_EMPTY_STACK' from External
2026-04-07 16:23:10,421 - engine - INFO - Handling intent 'Action.PASS' for priority event 'PlayerEvent.DECLARE_ATTACKS' from External
2026-04-07 16:23:10,421 - engine - INFO - Opp-Goldfish will draw a card for turn
2026-04-07 16:23:10,421 - engine - INFO - Handling intent 'Action.PASS' for priority event 'PlayerEvent.MAIN_PHASE_EMPTY_STACK' from Opp-Goldfish
2026-04-07 16:23:10,421 - engine - INFO - Handling intent 'Action.PASS' for priority event 'PlayerEvent.DECLARE_ATTACKS' from Opp-Goldfish
2026-04-07 16:23:10,421 - engine - INFO - External will draw a card for turn
2026-04-07 16:23:10,422 - engine - INFO - Handling intent 'Action.PLAY_CARD' for priority event 'PlayerEvent.MAIN_PHASE_EMPTY_STACK' from External
2026-04-07 16:23:10,422 - engine - WARNING - Cards to play: Details are missing. NoOp instead!
2026-04-07 16:23:10,422 - engine - INFO - Handling intent 'Action.ATTACK' for priority event 'PlayerEvent.DECLARE_ATTACKS' from External
2026-04-07 16:23:10,422 - engine - WARNING - Turn 9/2: External is attacking!
2026-04-07 16:23:10,422 - engine - INFO - Opp-Goldfish will draw a card for turn
2026-04-07 16:23:10,422 - engine - INFO - Handling intent 'Action.PASS' for priority event 'PlayerEvent.MAIN_PHASE_EMPTY_STACK' from Opp-Goldfish
2026-04-07 16:23:10,422 - engine - INFO - Handling intent 'Action.PASS' for priority event 'PlayerEvent.DECLARE_ATTACKS' from Opp-Goldfish
2026-04-07 16:23:10,422 - engine - INFO - External will draw a card for turn
2026-04-07 16:23:10,422 - engine - INFO - Handling intent 'Action.PASS' for priority event 'PlayerEvent.MAIN_PHASE_EMPTY_STACK' from External
2026-04-07 16:23:10,423 - engine - INFO - Handling intent 'Action.ATTACK' for priority event 'PlayerEvent.DECLARE_ATTACKS' from External
2026-04-07 16:23:10,423 - engine - WARNING - Turn 11/2: External is attacking!
2026-04-07 16:23:10,423 - engine - INFO - Opp-Goldfish will draw a card for turn
2026-04-07 16:23:10,423 - engine - INFO - Handling intent 'Action.PASS' for priority event 'PlayerEvent.MAIN_PHASE_EMPTY_STACK' from Opp-Goldfish
2026-04-07 16:23:10,423 - engine - INFO - Handling intent 'Action.PASS' for priority event 'PlayerEvent.DECLARE_ATTACKS' from Opp-Goldfish
2026-04-07 16:23:10,423 - engine - INFO - External will draw a card for turn
2026-04-07 16:23:10,423 - engine - INFO - Handling intent 'Action.PASS' for priority event 'PlayerEvent.MAIN_PHASE_EMPTY_STACK' from External
2026-04-07 16:23:10,424 - engine - INFO - Handling intent 'Action.PASS' for priority event 'PlayerEvent.DECLARE_ATTACKS' from External
2026-04-07 16:23:10,424 - engine - INFO - Opp-Goldfish will draw a card for turn
2026-04-07 16:23:10,424 - engine - INFO - Handling intent 'Action.PASS' for priority event 'PlayerEvent.MAIN_PHASE_EMPTY_STACK' from Opp-Goldfish
2026-04-07 16:23:10,424 - engine - INFO - Handling intent 'Action.PASS' for priority event 'PlayerEvent.DECLARE_ATTACKS' from Opp-Goldfish
2026-04-07 16:23:10,424 - engine - INFO - External will draw a card for turn
2026-04-07 16:23:10,424 - engine - INFO - Handling intent 'Action.PASS' for priority event 'PlayerEvent.MAIN_PHASE_EMPTY_STACK' from External
2026-04-07 16:23:10,424 - engine - INFO - Handling intent 'Action.ATTACK' for priority event 'PlayerEvent.DECLARE_ATTACKS' from External
2026-04-07 16:23:10,424 - engine - WARNING - Turn 15/2: External is attacking!
2026-04-07 16:23:10,425 - engine - INFO - Opp-Goldfish will draw a card for turn
2026-04-07 16:23:10,425 - engine - INFO - Handling intent 'Action.PASS' for priority event 'PlayerEvent.MAIN_PHASE_EMPTY_STACK' from Opp-Goldfish
2026-04-07 16:23:10,425 - engine - INFO - Handling intent 'Action.PASS' for priority event 'PlayerEvent.DECLARE_ATTACKS' from Opp-Goldfish
2026-04-07 16:23:10,425 - engine - INFO - External will draw a card for turn
2026-04-07 16:23:10,425 - engine - INFO - Handling intent 'Action.PASS' for priority event 'PlayerEvent.MAIN_PHASE_EMPTY_STACK' from External
2026-04-07 16:23:10,425 - engine - INFO - Handling intent 'Action.PASS' for priority event 'PlayerEvent.DECLARE_ATTACKS' from External
2026-04-07 16:23:10,425 - engine - INFO - Opp-Goldfish will draw a card for turn
2026-04-07 16:23:10,425 - engine - INFO - Handling intent 'Action.PASS' for priority event 'PlayerEvent.MAIN_PHASE_EMPTY_STACK' from Opp-Goldfish
2026-04-07 16:23:10,426 - engine - INFO - Handling intent 'Action.PASS' for priority event 'PlayerEvent.DECLARE_ATTACKS' from Opp-Goldfish
2026-04-07 16:23:10,426 - engine - INFO - External will draw a card for turn
2026-04-07 16:23:10,426 - engine - INFO - Handling intent 'Action.PLAY_CARD' for priority event 'PlayerEvent.MAIN_PHASE_EMPTY_STACK' from External
2026-04-07 16:23:10,426 - engine - WARNING - Cards to play: Details are missing. NoOp instead!
2026-04-07 16:23:10,426 - engine - INFO - Handling intent 'Action.ATTACK' for priority event 'PlayerEvent.DECLARE_ATTACKS' from External
2026-04-07 16:23:10,426 - engine - WARNING - Turn 19/2: External is attacking!
2026-04-07 16:23:10,426 - engine - WARNING - Opp-Goldfish died by having 0 or less life.
2026-04-07 16:23:10,426 - engine - INFO - Game ended by death of player(s)
2026-04-07 16:23:10,426 - engine - INFO - External won by survival
2026-04-07 16:23:10,427 - engine - INFO - Setting up the new player Player1
2026-04-07 16:23:10,427 - engine - INFO - Setting up the new player Player2
2026-04-07 16:23:10,427 - engine - INFO - Handling intent 'Action.PASS' for priority event 'PlayerEvent.MAIN_PHASE_EMPTY_STACK' from Opp-Goldfish
2026-04-07 16:23:10,427 - engine - INFO - Handling intent 'Action.PASS' for priority event 'PlayerEvent.DECLARE_ATTACKS' from Opp-Goldfish
2026-04-07 16:23:10,427 - engine - INFO - External will draw a card for turn
2026-04-07 16:23:10,428 - engine - INFO - Handling intent 'Action.PASS' for priority event 'PlayerEvent.MAIN_PHASE_EMPTY_STACK' from External
2026-04-07 16:23:10,428 - engine - INFO - Handling intent 'Action.ATTACK' for priority event 'PlayerEvent.DECLARE_ATTACKS' from External
2026-04-07 16:23:10,428 - engine - WARNING - Turn 1/2: External is attacking!
2026-04-07 16:23:10,428 - engine - INFO - Opp-Goldfish will draw a card for turn
2026-04-07 16:23:10,428 - engine - INFO - Handling intent 'Action.PASS' for priority event 'PlayerEvent.MAIN_PHASE_EMPTY_STACK' from Opp-Goldfish
2026-04-07 16:23:10,428 - engine - INFO - Handling intent 'Action.PASS' for priority event 'PlayerEvent.DECLARE_ATTACKS' from Opp-Goldfish
2026-04-07 16:23:10,428 - engine - INFO - External will draw a card for turn
2026-04-07 16:23:10,429 - engine - INFO - Handling intent 'Action.PASS' for priority event 'PlayerEvent.MAIN_PHASE_EMPTY_STACK' from External
2026-04-07 16:23:10,429 - engine - INFO - Handling intent 'Action.PASS' for priority event 'PlayerEvent.DECLARE_ATTACKS' from External
2026-04-07 16:23:10,429 - engine - INFO - Opp-Goldfish will draw a card for turn
2026-04-07 16:23:10,429 - engine - INFO - Handling intent 'Action.PASS' for priority event 'PlayerEvent.MAIN_PHASE_EMPTY_STACK' from Opp-Goldfish
2026-04-07 16:23:10,429 - engine - INFO - Handling intent 'Action.PASS' for priority event 'PlayerEvent.DECLARE_ATTACKS' from Opp-Goldfish
2026-04-07 16:23:10,429 - engine - INFO - External will draw a card for turn
2026-04-07 16:23:10,430 - engine - INFO - Handling intent 'Action.PLAY_CARD' for priority event 'PlayerEvent.MAIN_PHASE_EMPTY_STACK' from External
2026-04-07 16:23:10,430 - engine - WARNING - Cards to play: Details are missing. NoOp instead!
2026-04-07 16:23:10,430 - engine - INFO - Handling intent 'Action.ATTACK' for priority event 'PlayerEvent.DECLARE_ATTACKS' from External
2026-04-07 16:23:10,430 - engine - WARNING - Turn 5/2: External is attacking!
2026-04-07 16:23:10,430 - engine - INFO - Opp-Goldfish will draw a card for turn
2026-04-07 16:23:10,431 - engine - INFO - Handling intent 'Action.PASS' for priority event 'PlayerEvent.MAIN_PHASE_EMPTY_STACK' from Opp-Goldfish
2026-04-07 16:23:10,431 - engine - INFO - Handling intent 'Action.PASS' for priority event 'PlayerEvent.DECLARE_ATTACKS' from Opp-Goldfish
2026-04-07 16:23:10,431 - engine - INFO - External will draw a card for turn
2026-04-07 16:23:10,431 - engine - INFO - Handling intent 'Action.PASS' for priority event 'PlayerEvent.MAIN_PHASE_EMPTY_STACK' from External
2026-04-07 16:23:10,431 - engine - INFO - Handling intent 'Action.ATTACK' for priority event 'PlayerEvent.DECLARE_ATTACKS' from External
2026-04-07 16:23:10,431 - engine - WARNING - Turn 7/2: External is attacking!
2026-04-07 16:23:10,431 - engine - INFO - Opp-Goldfish will draw a card for turn
2026-04-07 16:23:10,432 - engine - INFO - Handling intent 'Action.PASS' for priority event 'PlayerEvent.MAIN_PHASE_EMPTY_STACK' from Opp-Goldfish
2026-04-07 16:23:10,432 - engine - INFO - Handling intent 'Action.PASS' for priority event 'PlayerEvent.DECLARE_ATTACKS' from Opp-Goldfish
2026-04-07 16:23:10,432 - engine - INFO - External will draw a card for turn
2026-04-07 16:23:10,433 - engine - INFO - Handling intent 'Action.PASS' for priority event 'PlayerEvent.MAIN_PHASE_EMPTY_STACK' from External
2026-04-07 16:23:10,433 - engine - INFO - Handling intent 'Action.ATTACK' for priority event 'PlayerEvent.DECLARE_ATTACKS' from External
2026-04-07 16:23:10,433 - engine - WARNING - Turn 9/2: External is attacking!
2026-04-07 16:23:10,433 - engine - INFO - Opp-Goldfish will draw a card for turn
2026-04-07 16:23:10,434 - engine - INFO - Handling intent 'Action.PASS' for priority event 'PlayerEvent.MAIN_PHASE_EMPTY_STACK' from Opp-Goldfish
2026-04-07 16:23:10,434 - engine - INFO - Handling intent 'Action.PASS' for priority event 'PlayerEvent.DECLARE_ATTACKS' from Opp-Goldfish
2026-04-07 16:23:10,434 - engine - INFO - External will draw a card for turn
2026-04-07 16:23:10,434 - engine - INFO - Handling intent 'Action.PLAY_CARD' for priority event 'PlayerEvent.MAIN_PHASE_EMPTY_STACK' from External
2026-04-07 16:23:10,434 - engine - WARNING - Cards to play: Details are missing. NoOp instead!
2026-04-07 16:23:10,435 - engine - INFO - Handling intent 'Action.PASS' for priority event 'PlayerEvent.DECLARE_ATTACKS' from External
2026-04-07 16:23:10,435 - engine - INFO - Opp-Goldfish will draw a card for turn
2026-04-07 16:23:10,435 - engine - INFO - Handling intent 'Action.PASS' for priority event 'PlayerEvent.MAIN_PHASE_EMPTY_STACK' from Opp-Goldfish
2026-04-07 16:23:10,435 - engine - INFO - Handling intent 'Action.PASS' for priority event 'PlayerEvent.DECLARE_ATTACKS' from Opp-Goldfish
2026-04-07 16:23:10,435 - engine - INFO - External will draw a card for turn
2026-04-07 16:23:10,435 - engine - INFO - Handling intent 'Action.PASS' for priority event 'PlayerEvent.MAIN_PHASE_EMPTY_STACK' from External
2026-04-07 16:23:10,436 - engine - INFO - Handling intent 'Action.ATTACK' for priority event 'PlayerEvent.DECLARE_ATTACKS' from External
2026-04-07 16:23:10,436 - engine - WARNING - Turn 13/2: External is attacking!
2026-04-07 16:23:10,436 - engine - WARNING - Opp-Goldfish died by having 0 or less life.
2026-04-07 16:23:10,436 - engine - INFO - Game ended by death of player(s)
2026-04-07 16:23:10,436 - engine - INFO - External won by survival
2026-04-07 16:23:10,436 - engine - INFO - Setting up the new player Player1
2026-04-07 16:23:10,436 - engine - INFO - Setting up the new player Player2
2026-04-07 16:23:10,437 - engine - INFO - Handling intent 'Action.PASS' for priority event 'PlayerEvent.MAIN_PHASE_EMPTY_STACK' from Opp-Goldfish
2026-04-07 16:23:10,438 - engine - INFO - Handling intent 'Action.PASS' for priority event 'PlayerEvent.DECLARE_ATTACKS' from Opp-Goldfish
2026-04-07 16:23:10,438 - engine - INFO - External will draw a card for turn
2026-04-07 16:23:10,438 - engine - INFO - Handling intent 'Action.PLAY_CARD' for priority event 'PlayerEvent.MAIN_PHASE_EMPTY_STACK' from External
2026-04-07 16:23:10,438 - engine - WARNING - Cards to play: Details are missing. NoOp instead!
2026-04-07 16:23:10,438 - engine - INFO - Handling intent 'Action.PASS' for priority event 'PlayerEvent.DECLARE_ATTACKS' from External
2026-04-07 16:23:10,438 - engine - INFO - Opp-Goldfish will draw a card for turn
2026-04-07 16:23:10,438 - engine - INFO - Handling intent 'Action.PASS' for priority event 'PlayerEvent.MAIN_PHASE_EMPTY_STACK' from Opp-Goldfish
2026-04-07 16:23:10,439 - engine - INFO - Handling intent 'Action.PASS' for priority event 'PlayerEvent.DECLARE_ATTACKS' from Opp-Goldfish
2026-04-07 16:23:10,439 - engine - INFO - External will draw a card for turn
2026-04-07 16:23:10,439 - engine - INFO - Handling intent 'Action.PLAY_CARD' for priority event 'PlayerEvent.MAIN_PHASE_EMPTY_STACK' from External
2026-04-07 16:23:10,439 - engine - WARNING - Cards to play: Details are missing. NoOp instead!
2026-04-07 16:23:10,439 - engine - INFO - Handling intent 'Action.PASS' for priority event 'PlayerEvent.DECLARE_ATTACKS' from External
2026-04-07 16:23:10,439 - engine - INFO - Opp-Goldfish will draw a card for turn
2026-04-07 16:23:10,439 - engine - INFO - Handling intent 'Action.PASS' for priority event 'PlayerEvent.MAIN_PHASE_EMPTY_STACK' from Opp-Goldfish
2026-04-07 16:23:10,439 - engine - INFO - Handling intent 'Action.PASS' for priority event 'PlayerEvent.DECLARE_ATTACKS' from Opp-Goldfish
2026-04-07 16:23:10,439 - engine - INFO - External will draw a card for turn
2026-04-07 16:23:10,440 - engine - INFO - Handling intent 'Action.PLAY_CARD' for priority event 'PlayerEvent.MAIN_PHASE_EMPTY_STACK' from External
2026-04-07 16:23:10,440 - engine - WARNING - Cards to play: Details are missing. NoOp instead!
2026-04-07 16:23:10,440 - engine - INFO - Handling intent 'Action.ATTACK' for priority event 'PlayerEvent.DECLARE_ATTACKS' from External
2026-04-07 16:23:10,440 - engine - WARNING - Turn 5/2: External is attacking!
2026-04-07 16:23:10,440 - engine - INFO - Opp-Goldfish will draw a card for turn
2026-04-07 16:23:10,440 - engine - INFO - Handling intent 'Action.PASS' for priority event 'PlayerEvent.MAIN_PHASE_EMPTY_STACK' from Opp-Goldfish
2026-04-07 16:23:10,440 - engine - INFO - Handling intent 'Action.PASS' for priority event 'PlayerEvent.DECLARE_ATTACKS' from Opp-Goldfish
2026-04-07 16:23:10,440 - engine - INFO - External will draw a card for turn
2026-04-07 16:23:10,441 - engine - INFO - Handling intent 'Action.PLAY_CARD' for priority event 'PlayerEvent.MAIN_PHASE_EMPTY_STACK' from External
2026-04-07 16:23:10,441 - engine - WARNING - Cards to play: Details are missing. NoOp instead!
2026-04-07 16:23:10,441 - engine - INFO - Handling intent 'Action.PASS' for priority event 'PlayerEvent.DECLARE_ATTACKS' from External
2026-04-07 16:23:10,441 - engine - INFO - Opp-Goldfish will draw a card for turn
2026-04-07 16:23:10,441 - engine - INFO - Handling intent 'Action.PASS' for priority event 'PlayerEvent.MAIN_PHASE_EMPTY_STACK' from Opp-Goldfish
2026-04-07 16:23:10,441 - engine - INFO - Handling intent 'Action.PASS' for priority event 'PlayerEvent.DECLARE_ATTACKS' from Opp-Goldfish
2026-04-07 16:23:10,441 - engine - INFO - External will draw a card for turn
2026-04-07 16:23:10,441 - engine - INFO - Handling intent 'Action.PASS' for priority event 'PlayerEvent.MAIN_PHASE_EMPTY_STACK' from External
2026-04-07 16:23:10,442 - engine - INFO - Handling intent 'Action.PASS' for priority event 'PlayerEvent.DECLARE_ATTACKS' from External
2026-04-07 16:23:10,442 - engine - INFO - Opp-Goldfish will draw a card for turn
2026-04-07 16:23:10,442 - engine - INFO - Handling intent 'Action.PASS' for priority event 'PlayerEvent.MAIN_PHASE_EMPTY_STACK' from Opp-Goldfish
2026-04-07 16:23:10,442 - engine - INFO - Handling intent 'Action.PASS' for priority event 'PlayerEvent.DECLARE_ATTACKS' from Opp-Goldfish
2026-04-07 16:23:10,442 - engine - INFO - External will draw a card for turn
2026-04-07 16:23:10,442 - engine - INFO - Handling intent 'Action.PLAY_CARD' for priority event 'PlayerEvent.MAIN_PHASE_EMPTY_STACK' from External
2026-04-07 16:23:10,442 - engine - WARNING - Cards to play: Details are missing. NoOp instead!
2026-04-07 16:23:10,443 - engine - INFO - Handling intent 'Action.ATTACK' for priority event 'PlayerEvent.DECLARE_ATTACKS' from External
2026-04-07 16:23:10,443 - engine - WARNING - Turn 11/2: External is attacking!
2026-04-07 16:23:10,443 - engine - INFO - Opp-Goldfish will draw a card for turn
2026-04-07 16:23:10,443 - engine - INFO - Handling intent 'Action.PASS' for priority event 'PlayerEvent.MAIN_PHASE_EMPTY_STACK' from Opp-Goldfish
2026-04-07 16:23:10,443 - engine - INFO - Handling intent 'Action.PASS' for priority event 'PlayerEvent.DECLARE_ATTACKS' from Opp-Goldfish
2026-04-07 16:23:10,443 - engine - INFO - External will draw a card for turn
2026-04-07 16:23:10,443 - engine - INFO - Handling intent 'Action.PLAY_CARD' for priority event 'PlayerEvent.MAIN_PHASE_EMPTY_STACK' from External
2026-04-07 16:23:10,443 - engine - WARNING - Cards to play: Details are missing. NoOp instead!
2026-04-07 16:23:10,444 - engine - INFO - Handling intent 'Action.ATTACK' for priority event 'PlayerEvent.DECLARE_ATTACKS' from External
2026-04-07 16:23:10,444 - engine - WARNING - Turn 13/2: External is attacking!
2026-04-07 16:23:10,444 - engine - INFO - Opp-Goldfish will draw a card for turn
2026-04-07 16:23:10,444 - engine - INFO - Handling intent 'Action.PASS' for priority event 'PlayerEvent.MAIN_PHASE_EMPTY_STACK' from Opp-Goldfish
2026-04-07 16:23:10,444 - engine - INFO - Handling intent 'Action.PASS' for priority event 'PlayerEvent.DECLARE_ATTACKS' from Opp-Goldfish
2026-04-07 16:23:10,444 - engine - INFO - External will draw a card for turn
2026-04-07 16:23:10,445 - engine - INFO - Handling intent 'Action.PASS' for priority event 'PlayerEvent.MAIN_PHASE_EMPTY_STACK' from External
2026-04-07 16:23:10,445 - engine - INFO - Handling intent 'Action.ATTACK' for priority event 'PlayerEvent.DECLARE_ATTACKS' from External
2026-04-07 16:23:10,445 - engine - WARNING - Turn 15/2: External is attacking!
2026-04-07 16:23:10,445 - engine - INFO - Opp-Goldfish will draw a card for turn
2026-04-07 16:23:10,446 - engine - INFO - Handling intent 'Action.PASS' for priority event 'PlayerEvent.MAIN_PHASE_EMPTY_STACK' from Opp-Goldfish
2026-04-07 16:23:10,446 - engine - INFO - Handling intent 'Action.PASS' for priority event 'PlayerEvent.DECLARE_ATTACKS' from Opp-Goldfish
2026-04-07 16:23:10,446 - engine - INFO - External will draw a card for turn
2026-04-07 16:23:10,447 - engine - INFO - Handling intent 'Action.PLAY_CARD' for priority event 'PlayerEvent.MAIN_PHASE_EMPTY_STACK' from External
2026-04-07 16:23:10,447 - engine - WARNING - Cards to play: Details are missing. NoOp instead!
2026-04-07 16:23:10,447 - engine - INFO - Handling intent 'Action.ATTACK' for priority event 'PlayerEvent.DECLARE_ATTACKS' from External
2026-04-07 16:23:10,447 - engine - WARNING - Turn 17/2: External is attacking!
2026-04-07 16:23:10,447 - engine - WARNING - Opp-Goldfish died by having 0 or less life.
2026-04-07 16:23:10,447 - engine - INFO - Game ended by death of player(s)
2026-04-07 16:23:10,447 - engine - INFO - External won by survival
2026-04-07 16:23:10,448 - engine - INFO - Setting up the new player Player1
2026-04-07 16:23:10,448 - engine - INFO - Setting up the new player Player2
2026-04-07 16:23:10,450 - engine - INFO - Handling intent 'Action.PASS' for priority event 'PlayerEvent.MAIN_PHASE_EMPTY_STACK' from Opp-Goldfish
2026-04-07 16:23:10,450 - engine - INFO - Handling intent 'Action.PASS' for priority event 'PlayerEvent.DECLARE_ATTACKS' from Opp-Goldfish
2026-04-07 16:23:10,450 - engine - INFO - External will draw a card for turn
2026-04-07 16:23:10,451 - engine - INFO - Handling intent 'Action.PASS' for priority event 'PlayerEvent.MAIN_PHASE_EMPTY_STACK' from External
2026-04-07 16:23:10,451 - engine - INFO - Handling intent 'Action.ATTACK' for priority event 'PlayerEvent.DECLARE_ATTACKS' from External
2026-04-07 16:23:10,451 - engine - WARNING - Turn 1/2: External is attacking!
2026-04-07 16:23:10,451 - engine - INFO - Opp-Goldfish will draw a card for turn
2026-04-07 16:23:10,451 - engine - INFO - Handling intent 'Action.PASS' for priority event 'PlayerEvent.MAIN_PHASE_EMPTY_STACK' from Opp-Goldfish
2026-04-07 16:23:10,451 - engine - INFO - Handling intent 'Action.PASS' for priority event 'PlayerEvent.DECLARE_ATTACKS' from Opp-Goldfish
2026-04-07 16:23:10,452 - engine - INFO - External will draw a card for turn
2026-04-07 16:23:10,452 - engine - INFO - Handling intent 'Action.PASS' for priority event 'PlayerEvent.MAIN_PHASE_EMPTY_STACK' from External
2026-04-07 16:23:10,452 - engine - INFO - Handling intent 'Action.ATTACK' for priority event 'PlayerEvent.DECLARE_ATTACKS' from External
2026-04-07 16:23:10,452 - engine - WARNING - Turn 3/2: External is attacking!
2026-04-07 16:23:10,452 - engine - INFO - Opp-Goldfish will draw a card for turn
2026-04-07 16:23:10,452 - engine - INFO - Handling intent 'Action.PASS' for priority event 'PlayerEvent.MAIN_PHASE_EMPTY_STACK' from Opp-Goldfish
2026-04-07 16:23:10,453 - engine - INFO - Handling intent 'Action.PASS' for priority event 'PlayerEvent.DECLARE_ATTACKS' from Opp-Goldfish
2026-04-07 16:23:10,453 - engine - INFO - External will draw a card for turn
2026-04-07 16:23:10,453 - engine - INFO - Handling intent 'Action.PLAY_CARD' for priority event 'PlayerEvent.MAIN_PHASE_EMPTY_STACK' from External
2026-04-07 16:23:10,453 - engine - WARNING - Cards to play: Details are missing. NoOp instead!
2026-04-07 16:23:10,454 - engine - INFO - Handling intent 'Action.PASS' for priority event 'PlayerEvent.DECLARE_ATTACKS' from External
2026-04-07 16:23:10,454 - engine - INFO - Opp-Goldfish will draw a card for turn
2026-04-07 16:23:10,454 - engine - INFO - Handling intent 'Action.PASS' for priority event 'PlayerEvent.MAIN_PHASE_EMPTY_STACK' from Opp-Goldfish
2026-04-07 16:23:10,454 - engine - INFO - Handling intent 'Action.PASS' for priority event 'PlayerEvent.DECLARE_ATTACKS' from Opp-Goldfish
2026-04-07 16:23:10,454 - engine - INFO - External will draw a card for turn
2026-04-07 16:23:10,455 - engine - INFO - Handling intent 'Action.PASS' for priority event 'PlayerEvent.MAIN_PHASE_EMPTY_STACK' from External
2026-04-07 16:23:10,455 - engine - INFO - Handling intent 'Action.ATTACK' for priority event 'PlayerEvent.DECLARE_ATTACKS' from External
2026-04-07 16:23:10,455 - engine - WARNING - Turn 7/2: External is attacking!
2026-04-07 16:23:10,455 - engine - INFO - Opp-Goldfish will draw a card for turn
2026-04-07 16:23:10,455 - engine - INFO - Handling intent 'Action.PASS' for priority event 'PlayerEvent.MAIN_PHASE_EMPTY_STACK' from Opp-Goldfish
2026-04-07 16:23:10,455 - engine - INFO - Handling intent 'Action.PASS' for priority event 'PlayerEvent.DECLARE_ATTACKS' from Opp-Goldfish
2026-04-07 16:23:10,456 - engine - INFO - External will draw a card for turn
2026-04-07 16:23:10,456 - engine - INFO - Handling intent 'Action.PLAY_CARD' for priority event 'PlayerEvent.MAIN_PHASE_EMPTY_STACK' from External
2026-04-07 16:23:10,456 - engine - WARNING - Cards to play: Details are missing. NoOp instead!
2026-04-07 16:23:10,456 - engine - INFO - Handling intent 'Action.PASS' for priority event 'PlayerEvent.DECLARE_ATTACKS' from External
2026-04-07 16:23:10,456 - engine - INFO - Opp-Goldfish will draw a card for turn
2026-04-07 16:23:10,457 - engine - INFO - Handling intent 'Action.PASS' for priority event 'PlayerEvent.MAIN_PHASE_EMPTY_STACK' from Opp-Goldfish
2026-04-07 16:23:10,457 - engine - INFO - Handling intent 'Action.PASS' for priority event 'PlayerEvent.DECLARE_ATTACKS' from Opp-Goldfish
2026-04-07 16:23:10,457 - engine - INFO - External will draw a card for turn
2026-04-07 16:23:10,457 - engine - INFO - Handling intent 'Action.PASS' for priority event 'PlayerEvent.MAIN_PHASE_EMPTY_STACK' from External
2026-04-07 16:23:10,458 - engine - INFO - Handling intent 'Action.ATTACK' for priority event 'PlayerEvent.DECLARE_ATTACKS' from External
2026-04-07 16:23:10,458 - engine - WARNING - Turn 11/2: External is attacking!
2026-04-07 16:23:10,458 - engine - INFO - Opp-Goldfish will draw a card for turn
2026-04-07 16:23:10,458 - engine - INFO - Handling intent 'Action.PASS' for priority event 'PlayerEvent.MAIN_PHASE_EMPTY_STACK' from Opp-Goldfish
2026-04-07 16:23:10,458 - engine - INFO - Handling intent 'Action.PASS' for priority event 'PlayerEvent.DECLARE_ATTACKS' from Opp-Goldfish
2026-04-07 16:23:10,458 - engine - INFO - External will draw a card for turn
2026-04-07 16:23:10,459 - engine - INFO - Handling intent 'Action.PLAY_CARD' for priority event 'PlayerEvent.MAIN_PHASE_EMPTY_STACK' from External
2026-04-07 16:23:10,459 - engine - WARNING - Cards to play: Details are missing. NoOp instead!
2026-04-07 16:23:10,459 - engine - INFO - Handling intent 'Action.ATTACK' for priority event 'PlayerEvent.DECLARE_ATTACKS' from External
2026-04-07 16:23:10,459 - engine - WARNING - Turn 13/2: External is attacking!
2026-04-07 16:23:10,459 - engine - WARNING - Opp-Goldfish died by having 0 or less life.
2026-04-07 16:23:10,459 - engine - INFO - Game ended by death of player(s)
2026-04-07 16:23:10,459 - engine - INFO - External won by survival
2026-04-07 16:23:10,460 - engine - INFO - Setting up the new player Player1
2026-04-07 16:23:10,460 - engine - INFO - Setting up the new player Player2
2026-04-07 16:23:10,461 - engine - INFO - Handling intent 'Action.PASS' for priority event 'PlayerEvent.MAIN_PHASE_EMPTY_STACK' from Opp-Goldfish
2026-04-07 16:23:10,461 - engine - INFO - Handling intent 'Action.PASS' for priority event 'PlayerEvent.DECLARE_ATTACKS' from Opp-Goldfish
2026-04-07 16:23:10,461 - engine - INFO - External will draw a card for turn
2026-04-07 16:23:10,461 - engine - INFO - Handling intent 'Action.PASS' for priority event 'PlayerEvent.MAIN_PHASE_EMPTY_STACK' from External
2026-04-07 16:23:10,462 - engine - INFO - Handling intent 'Action.ATTACK' for priority event 'PlayerEvent.DECLARE_ATTACKS' from External
2026-04-07 16:23:10,462 - engine - WARNING - Turn 1/2: External is attacking!
2026-04-07 16:23:10,462 - engine - INFO - Opp-Goldfish will draw a card for turn
2026-04-07 16:23:10,462 - engine - INFO - Handling intent 'Action.PASS' for priority event 'PlayerEvent.MAIN_PHASE_EMPTY_STACK' from Opp-Goldfish
2026-04-07 16:23:10,462 - engine - INFO - Handling intent 'Action.PASS' for priority event 'PlayerEvent.DECLARE_ATTACKS' from Opp-Goldfish
2026-04-07 16:23:10,462 - engine - INFO - External will draw a card for turn
2026-04-07 16:23:10,463 - engine - INFO - Handling intent 'Action.PLAY_CARD' for priority event 'PlayerEvent.MAIN_PHASE_EMPTY_STACK' from External
2026-04-07 16:23:10,463 - engine - WARNING - Cards to play: Details are missing. NoOp instead!
2026-04-07 16:23:10,463 - engine - INFO - Handling intent 'Action.ATTACK' for priority event 'PlayerEvent.DECLARE_ATTACKS' from External
2026-04-07 16:23:10,463 - engine - WARNING - Turn 3/2: External is attacking!
2026-04-07 16:23:10,463 - engine - INFO - Opp-Goldfish will draw a card for turn
2026-04-07 16:23:10,463 - engine - INFO - Handling intent 'Action.PASS' for priority event 'PlayerEvent.MAIN_PHASE_EMPTY_STACK' from Opp-Goldfish
2026-04-07 16:23:10,463 - engine - INFO - Handling intent 'Action.PASS' for priority event 'PlayerEvent.DECLARE_ATTACKS' from Opp-Goldfish
2026-04-07 16:23:10,463 - engine - INFO - External will draw a card for turn
2026-04-07 16:23:10,464 - engine - INFO - Handling intent 'Action.PLAY_CARD' for priority event 'PlayerEvent.MAIN_PHASE_EMPTY_STACK' from External
2026-04-07 16:23:10,464 - engine - WARNING - Cards to play: Details are missing. NoOp instead!
2026-04-07 16:23:10,464 - engine - INFO - Handling intent 'Action.PASS' for priority event 'PlayerEvent.DECLARE_ATTACKS' from External
2026-04-07 16:23:10,464 - engine - INFO - Opp-Goldfish will draw a card for turn
2026-04-07 16:23:10,464 - engine - INFO - Handling intent 'Action.PASS' for priority event 'PlayerEvent.MAIN_PHASE_EMPTY_STACK' from Opp-Goldfish
2026-04-07 16:23:10,464 - engine - INFO - Handling intent 'Action.PASS' for priority event 'PlayerEvent.DECLARE_ATTACKS' from Opp-Goldfish
2026-04-07 16:23:10,464 - engine - INFO - External will draw a card for turn
2026-04-07 16:23:10,465 - engine - INFO - Handling intent 'Action.PLAY_CARD' for priority event 'PlayerEvent.MAIN_PHASE_EMPTY_STACK' from External
2026-04-07 16:23:10,465 - engine - WARNING - Cards to play: Details are missing. NoOp instead!
2026-04-07 16:23:10,465 - engine - INFO - Handling intent 'Action.PASS' for priority event 'PlayerEvent.DECLARE_ATTACKS' from External
2026-04-07 16:23:10,465 - engine - INFO - Opp-Goldfish will draw a card for turn
2026-04-07 16:23:10,465 - engine - INFO - Handling intent 'Action.PASS' for priority event 'PlayerEvent.MAIN_PHASE_EMPTY_STACK' from Opp-Goldfish
2026-04-07 16:23:10,465 - engine - INFO - Handling intent 'Action.PASS' for priority event 'PlayerEvent.DECLARE_ATTACKS' from Opp-Goldfish
2026-04-07 16:23:10,465 - engine - INFO - External will draw a card for turn
2026-04-07 16:23:10,466 - engine - INFO - Handling intent 'Action.PLAY_CARD' for priority event 'PlayerEvent.MAIN_PHASE_EMPTY_STACK' from External
2026-04-07 16:23:10,466 - engine - WARNING - Cards to play: Details are missing. NoOp instead!
2026-04-07 16:23:10,467 - engine - INFO - Handling intent 'Action.PASS' for priority event 'PlayerEvent.DECLARE_ATTACKS' from External
2026-04-07 16:23:10,467 - engine - INFO - Opp-Goldfish will draw a card for turn
2026-04-07 16:23:10,467 - engine - INFO - Handling intent 'Action.PASS' for priority event 'PlayerEvent.MAIN_PHASE_EMPTY_STACK' from Opp-Goldfish
2026-04-07 16:23:10,467 - engine - INFO - Handling intent 'Action.PASS' for priority event 'PlayerEvent.DECLARE_ATTACKS' from Opp-Goldfish
2026-04-07 16:23:10,467 - engine - INFO - External will draw a card for turn
2026-04-07 16:23:10,467 - engine - INFO - Handling intent 'Action.PASS' for priority event 'PlayerEvent.MAIN_PHASE_EMPTY_STACK' from External
2026-04-07 16:23:10,468 - engine - INFO - Handling intent 'Action.ATTACK' for priority event 'PlayerEvent.DECLARE_ATTACKS' from External
2026-04-07 16:23:10,468 - engine - WARNING - Turn 11/2: External is attacking!
2026-04-07 16:23:10,468 - engine - INFO - Opp-Goldfish will draw a card for turn
2026-04-07 16:23:10,468 - engine - INFO - Handling intent 'Action.PASS' for priority event 'PlayerEvent.MAIN_PHASE_EMPTY_STACK' from Opp-Goldfish
2026-04-07 16:23:10,468 - engine - INFO - Handling intent 'Action.PASS' for priority event 'PlayerEvent.DECLARE_ATTACKS' from Opp-Goldfish
2026-04-07 16:23:10,468 - engine - INFO - External will draw a card for turn
2026-04-07 16:23:10,469 - engine - INFO - Handling intent 'Action.PLAY_CARD' for priority event 'PlayerEvent.MAIN_PHASE_EMPTY_STACK' from External
2026-04-07 16:23:10,469 - engine - WARNING - Cards to play: Details are missing. NoOp instead!
2026-04-07 16:23:10,469 - engine - INFO - Handling intent 'Action.PASS' for priority event 'PlayerEvent.DECLARE_ATTACKS' from External
2026-04-07 16:23:10,469 - engine - INFO - Opp-Goldfish will draw a card for turn
2026-04-07 16:23:10,469 - engine - INFO - Handling intent 'Action.PASS' for priority event 'PlayerEvent.MAIN_PHASE_EMPTY_STACK' from Opp-Goldfish
2026-04-07 16:23:10,469 - engine - INFO - Handling intent 'Action.PASS' for priority event 'PlayerEvent.DECLARE_ATTACKS' from Opp-Goldfish
2026-04-07 16:23:10,469 - engine - INFO - External will draw a card for turn
2026-04-07 16:23:10,470 - engine - INFO - Handling intent 'Action.PLAY_CARD' for priority event 'PlayerEvent.MAIN_PHASE_EMPTY_STACK' from External
2026-04-07 16:23:10,470 - engine - WARNING - Cards to play: Details are missing. NoOp instead!
2026-04-07 16:23:10,470 - engine - INFO - Handling intent 'Action.PASS' for priority event 'PlayerEvent.DECLARE_ATTACKS' from External
2026-04-07 16:23:10,470 - engine - INFO - Opp-Goldfish will draw a card for turn
2026-04-07 16:23:10,470 - engine - INFO - Handling intent 'Action.PASS' for priority event 'PlayerEvent.MAIN_PHASE_EMPTY_STACK' from Opp-Goldfish
2026-04-07 16:23:10,471 - engine - INFO - Handling intent 'Action.PASS' for priority event 'PlayerEvent.DECLARE_ATTACKS' from Opp-Goldfish
2026-04-07 16:23:10,471 - engine - INFO - External will draw a card for turn
2026-04-07 16:23:10,471 - engine - INFO - Handling intent 'Action.PASS' for priority event 'PlayerEvent.MAIN_PHASE_EMPTY_STACK' from External
2026-04-07 16:23:10,471 - engine - INFO - Handling intent 'Action.ATTACK' for priority event 'PlayerEvent.DECLARE_ATTACKS' from External
2026-04-07 16:23:10,471 - engine - WARNING - Turn 17/2: External is attacking!
2026-04-07 16:23:10,471 - engine - INFO - Opp-Goldfish will draw a card for turn
2026-04-07 16:23:10,472 - engine - INFO - Handling intent 'Action.PASS' for priority event 'PlayerEvent.MAIN_PHASE_EMPTY_STACK' from Opp-Goldfish
2026-04-07 16:23:10,472 - engine - INFO - Handling intent 'Action.PASS' for priority event 'PlayerEvent.DECLARE_ATTACKS' from Opp-Goldfish
2026-04-07 16:23:10,472 - engine - INFO - External will draw a card for turn
2026-04-07 16:23:10,472 - engine - INFO - Handling intent 'Action.PLAY_CARD' for priority event 'PlayerEvent.MAIN_PHASE_EMPTY_STACK' from External
2026-04-07 16:23:10,472 - engine - WARNING - Cards to play: Details are missing. NoOp instead!
2026-04-07 16:23:10,473 - engine - INFO - Handling intent 'Action.ATTACK' for priority event 'PlayerEvent.DECLARE_ATTACKS' from External
2026-04-07 16:23:10,473 - engine - WARNING - Turn 19/2: External is attacking!
2026-04-07 16:23:10,473 - engine - WARNING - Opp-Goldfish died by having 0 or less life.
2026-04-07 16:23:10,473 - engine - INFO - Game ended by death of player(s)
2026-04-07 16:23:10,473 - engine - INFO - External won by survival
2026-04-07 16:23:10,473 - engine - INFO - Setting up the new player Player1
2026-04-07 16:23:10,473 - engine - INFO - Setting up the new player Player2
2026-04-07 16:23:10,474 - engine - INFO - Handling intent 'Action.PASS' for priority event 'PlayerEvent.MAIN_PHASE_EMPTY_STACK' from Opp-Goldfish
2026-04-07 16:23:10,474 - engine - INFO - Handling intent 'Action.PASS' for priority event 'PlayerEvent.DECLARE_ATTACKS' from Opp-Goldfish
2026-04-07 16:23:10,474 - engine - INFO - External will draw a card for turn
2026-04-07 16:23:10,475 - engine - INFO - Handling intent 'Action.PASS' for priority event 'PlayerEvent.MAIN_PHASE_EMPTY_STACK' from External
2026-04-07 16:23:10,475 - engine - INFO - Handling intent 'Action.PASS' for priority event 'PlayerEvent.DECLARE_ATTACKS' from External
2026-04-07 16:23:10,475 - engine - INFO - Opp-Goldfish will draw a card for turn
2026-04-07 16:23:10,475 - engine - INFO - Handling intent 'Action.PASS' for priority event 'PlayerEvent.MAIN_PHASE_EMPTY_STACK' from Opp-Goldfish
2026-04-07 16:23:10,475 - engine - INFO - Handling intent 'Action.PASS' for priority event 'PlayerEvent.DECLARE_ATTACKS' from Opp-Goldfish
2026-04-07 16:23:10,475 - engine - INFO - External will draw a card for turn
2026-04-07 16:23:10,476 - engine - INFO - Handling intent 'Action.PLAY_CARD' for priority event 'PlayerEvent.MAIN_PHASE_EMPTY_STACK' from External
2026-04-07 16:23:10,476 - engine - WARNING - Cards to play: Details are missing. NoOp instead!
2026-04-07 16:23:10,476 - engine - INFO - Handling intent 'Action.ATTACK' for priority event 'PlayerEvent.DECLARE_ATTACKS' from External
2026-04-07 16:23:10,476 - engine - WARNING - Turn 3/2: External is attacking!
2026-04-07 16:23:10,476 - engine - INFO - Opp-Goldfish will draw a card for turn
2026-04-07 16:23:10,476 - engine - INFO - Handling intent 'Action.PASS' for priority event 'PlayerEvent.MAIN_PHASE_EMPTY_STACK' from Opp-Goldfish
2026-04-07 16:23:10,476 - engine - INFO - Handling intent 'Action.PASS' for priority event 'PlayerEvent.DECLARE_ATTACKS' from Opp-Goldfish
2026-04-07 16:23:10,476 - engine - INFO - External will draw a card for turn
2026-04-07 16:23:10,477 - engine - INFO - Handling intent 'Action.PASS' for priority event 'PlayerEvent.MAIN_PHASE_EMPTY_STACK' from External
2026-04-07 16:23:10,477 - engine - INFO - Handling intent 'Action.ATTACK' for priority event 'PlayerEvent.DECLARE_ATTACKS' from External
2026-04-07 16:23:10,477 - engine - WARNING - Turn 5/2: External is attacking!
2026-04-07 16:23:10,477 - engine - INFO - Opp-Goldfish will draw a card for turn
2026-04-07 16:23:10,477 - engine - INFO - Handling intent 'Action.PASS' for priority event 'PlayerEvent.MAIN_PHASE_EMPTY_STACK' from Opp-Goldfish
2026-04-07 16:23:10,477 - engine - INFO - Handling intent 'Action.PASS' for priority event 'PlayerEvent.DECLARE_ATTACKS' from Opp-Goldfish
2026-04-07 16:23:10,477 - engine - INFO - External will draw a card for turn
2026-04-07 16:23:10,478 - engine - INFO - Handling intent 'Action.PLAY_CARD' for priority event 'PlayerEvent.MAIN_PHASE_EMPTY_STACK' from External
2026-04-07 16:23:10,478 - engine - WARNING - Cards to play: Details are missing. NoOp instead!
2026-04-07 16:23:10,478 - engine - INFO - Handling intent 'Action.PASS' for priority event 'PlayerEvent.DECLARE_ATTACKS' from External
2026-04-07 16:23:10,478 - engine - INFO - Opp-Goldfish will draw a card for turn
2026-04-07 16:23:10,478 - engine - INFO - Handling intent 'Action.PASS' for priority event 'PlayerEvent.MAIN_PHASE_EMPTY_STACK' from Opp-Goldfish
2026-04-07 16:23:10,478 - engine - INFO - Handling intent 'Action.PASS' for priority event 'PlayerEvent.DECLARE_ATTACKS' from Opp-Goldfish
2026-04-07 16:23:10,478 - engine - INFO - External will draw a card for turn
2026-04-07 16:23:10,479 - engine - INFO - Handling intent 'Action.PASS' for priority event 'PlayerEvent.MAIN_PHASE_EMPTY_STACK' from External
2026-04-07 16:23:10,479 - engine - INFO - Handling intent 'Action.PASS' for priority event 'PlayerEvent.DECLARE_ATTACKS' from External
2026-04-07 16:23:10,479 - engine - INFO - Opp-Goldfish will draw a card for turn
2026-04-07 16:23:10,479 - engine - INFO - Handling intent 'Action.PASS' for priority event 'PlayerEvent.MAIN_PHASE_EMPTY_STACK' from Opp-Goldfish
2026-04-07 16:23:10,479 - engine - INFO - Handling intent 'Action.PASS' for priority event 'PlayerEvent.DECLARE_ATTACKS' from Opp-Goldfish
2026-04-07 16:23:10,479 - engine - INFO - External will draw a card for turn
2026-04-07 16:23:10,480 - engine - INFO - Handling intent 'Action.PLAY_CARD' for priority event 'PlayerEvent.MAIN_PHASE_EMPTY_STACK' from External
2026-04-07 16:23:10,480 - engine - WARNING - Cards to play: Details are missing. NoOp instead!
2026-04-07 16:23:10,480 - engine - INFO - Handling intent 'Action.PASS' for priority event 'PlayerEvent.DECLARE_ATTACKS' from External
2026-04-07 16:23:10,480 - engine - INFO - Opp-Goldfish will draw a card for turn
2026-04-07 16:23:10,480 - engine - INFO - Handling intent 'Action.PASS' for priority event 'PlayerEvent.MAIN_PHASE_EMPTY_STACK' from Opp-Goldfish
2026-04-07 16:23:10,480 - engine - INFO - Handling intent 'Action.PASS' for priority event 'PlayerEvent.DECLARE_ATTACKS' from Opp-Goldfish
2026-04-07 16:23:10,480 - engine - INFO - External will draw a card for turn
2026-04-07 16:23:10,481 - engine - INFO - Handling intent 'Action.PASS' for priority event 'PlayerEvent.MAIN_PHASE_EMPTY_STACK' from External
2026-04-07 16:23:10,481 - engine - INFO - Handling intent 'Action.ATTACK' for priority event 'PlayerEvent.DECLARE_ATTACKS' from External
2026-04-07 16:23:10,481 - engine - WARNING - Turn 13/2: External is attacking!
2026-04-07 16:23:10,481 - engine - INFO - Opp-Goldfish will draw a card for turn
2026-04-07 16:23:10,481 - engine - INFO - Handling intent 'Action.PASS' for priority event 'PlayerEvent.MAIN_PHASE_EMPTY_STACK' from Opp-Goldfish
2026-04-07 16:23:10,481 - engine - INFO - Handling intent 'Action.PASS' for priority event 'PlayerEvent.DECLARE_ATTACKS' from Opp-Goldfish
2026-04-07 16:23:10,481 - engine - INFO - External will draw a card for turn
2026-04-07 16:23:10,481 - engine - INFO - Handling intent 'Action.PLAY_CARD' for priority event 'PlayerEvent.MAIN_PHASE_EMPTY_STACK' from External
2026-04-07 16:23:10,482 - engine - WARNING - Cards to play: Details are missing. NoOp instead!
2026-04-07 16:23:10,482 - engine - INFO - Handling intent 'Action.ATTACK' for priority event 'PlayerEvent.DECLARE_ATTACKS' from External
2026-04-07 16:23:10,482 - engine - WARNING - Turn 15/2: External is attacking!
2026-04-07 16:23:10,482 - engine - INFO - Opp-Goldfish will draw a card for turn
2026-04-07 16:23:10,482 - engine - INFO - Handling intent 'Action.PASS' for priority event 'PlayerEvent.MAIN_PHASE_EMPTY_STACK' from Opp-Goldfish
2026-04-07 16:23:10,482 - engine - INFO - Handling intent 'Action.PASS' for priority event 'PlayerEvent.DECLARE_ATTACKS' from Opp-Goldfish
2026-04-07 16:23:10,482 - engine - INFO - External will draw a card for turn
2026-04-07 16:23:10,483 - engine - INFO - Handling intent 'Action.PLAY_CARD' for priority event 'PlayerEvent.MAIN_PHASE_EMPTY_STACK' from External
2026-04-07 16:23:10,483 - engine - WARNING - Cards to play: Details are missing. NoOp instead!
2026-04-07 16:23:10,483 - engine - INFO - Handling intent 'Action.PASS' for priority event 'PlayerEvent.DECLARE_ATTACKS' from External
2026-04-07 16:23:10,483 - engine - INFO - Opp-Goldfish will draw a card for turn
2026-04-07 16:23:10,483 - engine - INFO - Handling intent 'Action.PASS' for priority event 'PlayerEvent.MAIN_PHASE_EMPTY_STACK' from Opp-Goldfish
2026-04-07 16:23:10,484 - engine - INFO - Handling intent 'Action.PASS' for priority event 'PlayerEvent.DECLARE_ATTACKS' from Opp-Goldfish
2026-04-07 16:23:10,484 - engine - INFO - External will draw a card for turn
2026-04-07 16:23:10,484 - engine - INFO - Handling intent 'Action.PASS' for priority event 'PlayerEvent.MAIN_PHASE_EMPTY_STACK' from External
2026-04-07 16:23:10,484 - engine - INFO - Handling intent 'Action.PASS' for priority event 'PlayerEvent.DECLARE_ATTACKS' from External
2026-04-07 16:23:10,484 - engine - INFO - Opp-Goldfish will draw a card for turn
2026-04-07 16:23:10,484 - engine - INFO - Handling intent 'Action.PASS' for priority event 'PlayerEvent.MAIN_PHASE_EMPTY_STACK' from Opp-Goldfish
2026-04-07 16:23:10,485 - engine - INFO - Handling intent 'Action.PASS' for priority event 'PlayerEvent.DECLARE_ATTACKS' from Opp-Goldfish
2026-04-07 16:23:10,485 - engine - INFO - External will draw a card for turn
2026-04-07 16:23:10,485 - engine - WARNING - External died by drawing from an empty library.
2026-04-07 16:23:10,485 - engine - INFO - Game ended by death of player(s)
2026-04-07 16:23:10,485 - engine - INFO - Opp-Goldfish won by survival
2026-04-07 16:23:10,485 - engine - INFO - Setting up the new player Player1
2026-04-07 16:23:10,485 - engine - INFO - Setting up the new player Player2
2026-04-07 16:23:10,486 - engine - INFO - Handling intent 'Action.PASS' for priority event 'PlayerEvent.MAIN_PHASE_EMPTY_STACK' from Opp-Goldfish
2026-04-07 16:23:10,486 - engine - INFO - Handling intent 'Action.PASS' for priority event 'PlayerEvent.DECLARE_ATTACKS' from Opp-Goldfish
2026-04-07 16:23:10,486 - engine - INFO - External will draw a card for turn
2026-04-07 16:23:10,487 - engine - INFO - Handling intent 'Action.PASS' for priority event 'PlayerEvent.MAIN_PHASE_EMPTY_STACK' from External
2026-04-07 16:23:10,487 - engine - INFO - Handling intent 'Action.ATTACK' for priority event 'PlayerEvent.DECLARE_ATTACKS' from External
2026-04-07 16:23:10,487 - engine - WARNING - Turn 1/2: External is attacking!
2026-04-07 16:23:10,487 - engine - INFO - Opp-Goldfish will draw a card for turn
2026-04-07 16:23:10,487 - engine - INFO - Handling intent 'Action.PASS' for priority event 'PlayerEvent.MAIN_PHASE_EMPTY_STACK' from Opp-Goldfish
2026-04-07 16:23:10,487 - engine - INFO - Handling intent 'Action.PASS' for priority event 'PlayerEvent.DECLARE_ATTACKS' from Opp-Goldfish
2026-04-07 16:23:10,487 - engine - INFO - External will draw a card for turn
2026-04-07 16:23:10,487 - engine - INFO - Handling intent 'Action.PASS' for priority event 'PlayerEvent.MAIN_PHASE_EMPTY_STACK' from External
2026-04-07 16:23:10,488 - engine - INFO - Handling intent 'Action.ATTACK' for priority event 'PlayerEvent.DECLARE_ATTACKS' from External
2026-04-07 16:23:10,488 - engine - WARNING - Turn 3/2: External is attacking!
2026-04-07 16:23:10,488 - engine - INFO - Opp-Goldfish will draw a card for turn
2026-04-07 16:23:10,488 - engine - INFO - Handling intent 'Action.PASS' for priority event 'PlayerEvent.MAIN_PHASE_EMPTY_STACK' from Opp-Goldfish
2026-04-07 16:23:10,488 - engine - INFO - Handling intent 'Action.PASS' for priority event 'PlayerEvent.DECLARE_ATTACKS' from Opp-Goldfish
2026-04-07 16:23:10,488 - engine - INFO - External will draw a card for turn
2026-04-07 16:23:10,488 - engine - INFO - Handling intent 'Action.PLAY_CARD' for priority event 'PlayerEvent.MAIN_PHASE_EMPTY_STACK' from External
2026-04-07 16:23:10,488 - engine - WARNING - Cards to play: Details are missing. NoOp instead!
2026-04-07 16:23:10,489 - engine - INFO - Handling intent 'Action.PASS' for priority event 'PlayerEvent.DECLARE_ATTACKS' from External
2026-04-07 16:23:10,489 - engine - INFO - Opp-Goldfish will draw a card for turn
2026-04-07 16:23:10,489 - engine - INFO - Handling intent 'Action.PASS' for priority event 'PlayerEvent.MAIN_PHASE_EMPTY_STACK' from Opp-Goldfish
2026-04-07 16:23:10,489 - engine - INFO - Handling intent 'Action.PASS' for priority event 'PlayerEvent.DECLARE_ATTACKS' from Opp-Goldfish
2026-04-07 16:23:10,489 - engine - INFO - External will draw a card for turn
2026-04-07 16:23:10,489 - engine - INFO - Handling intent 'Action.PLAY_CARD' for priority event 'PlayerEvent.MAIN_PHASE_EMPTY_STACK' from External
2026-04-07 16:23:10,489 - engine - WARNING - Cards to play: Details are missing. NoOp instead!
2026-04-07 16:23:10,489 - engine - INFO - Handling intent 'Action.ATTACK' for priority event 'PlayerEvent.DECLARE_ATTACKS' from External
2026-04-07 16:23:10,490 - engine - WARNING - Turn 7/2: External is attacking!
2026-04-07 16:23:10,490 - engine - INFO - Opp-Goldfish will draw a card for turn
2026-04-07 16:23:10,490 - engine - INFO - Handling intent 'Action.PASS' for priority event 'PlayerEvent.MAIN_PHASE_EMPTY_STACK' from Opp-Goldfish
2026-04-07 16:23:10,490 - engine - INFO - Handling intent 'Action.PASS' for priority event 'PlayerEvent.DECLARE_ATTACKS' from Opp-Goldfish
2026-04-07 16:23:10,490 - engine - INFO - External will draw a card for turn
2026-04-07 16:23:10,490 - engine - INFO - Handling intent 'Action.PASS' for priority event 'PlayerEvent.MAIN_PHASE_EMPTY_STACK' from External
2026-04-07 16:23:10,490 - engine - INFO - Handling intent 'Action.ATTACK' for priority event 'PlayerEvent.DECLARE_ATTACKS' from External
2026-04-07 16:23:10,490 - engine - WARNING - Turn 9/2: External is attacking!
2026-04-07 16:23:10,491 - engine - INFO - Opp-Goldfish will draw a card for turn
2026-04-07 16:23:10,491 - engine - INFO - Handling intent 'Action.PASS' for priority event 'PlayerEvent.MAIN_PHASE_EMPTY_STACK' from Opp-Goldfish
2026-04-07 16:23:10,491 - engine - INFO - Handling intent 'Action.PASS' for priority event 'PlayerEvent.DECLARE_ATTACKS' from Opp-Goldfish
2026-04-07 16:23:10,491 - engine - INFO - External will draw a card for turn
2026-04-07 16:23:10,491 - engine - INFO - Handling intent 'Action.PLAY_CARD' for priority event 'PlayerEvent.MAIN_PHASE_EMPTY_STACK' from External
2026-04-07 16:23:10,491 - engine - WARNING - Cards to play: Details are missing. NoOp instead!
2026-04-07 16:23:10,491 - engine - INFO - Handling intent 'Action.PASS' for priority event 'PlayerEvent.DECLARE_ATTACKS' from External
2026-04-07 16:23:10,491 - engine - INFO - Opp-Goldfish will draw a card for turn
2026-04-07 16:23:10,492 - engine - INFO - Handling intent 'Action.PASS' for priority event 'PlayerEvent.MAIN_PHASE_EMPTY_STACK' from Opp-Goldfish
2026-04-07 16:23:10,492 - engine - INFO - Handling intent 'Action.PASS' for priority event 'PlayerEvent.DECLARE_ATTACKS' from Opp-Goldfish
2026-04-07 16:23:10,492 - engine - INFO - External will draw a card for turn
2026-04-07 16:23:10,492 - engine - INFO - Handling intent 'Action.PASS' for priority event 'PlayerEvent.MAIN_PHASE_EMPTY_STACK' from External
2026-04-07 16:23:10,492 - engine - INFO - Handling intent 'Action.ATTACK' for priority event 'PlayerEvent.DECLARE_ATTACKS' from External
2026-04-07 16:23:10,492 - engine - WARNING - Turn 13/2: External is attacking!
2026-04-07 16:23:10,492 - engine - WARNING - Opp-Goldfish died by having 0 or less life.
2026-04-07 16:23:10,492 - engine - INFO - Game ended by death of player(s)
2026-04-07 16:23:10,492 - engine - INFO - External won by survival
2026-04-07 16:23:10,493 - engine - INFO - Setting up the new player Player1
2026-04-07 16:23:10,493 - engine - INFO - Setting up the new player Player2
2026-04-07 16:23:10,494 - engine - INFO - Handling intent 'Action.PASS' for priority event 'PlayerEvent.MAIN_PHASE_EMPTY_STACK' from Opp-Goldfish
2026-04-07 16:23:10,494 - engine - INFO - Handling intent 'Action.PASS' for priority event 'PlayerEvent.DECLARE_ATTACKS' from Opp-Goldfish
2026-04-07 16:23:10,494 - engine - INFO - External will draw a card for turn
2026-04-07 16:23:10,494 - engine - INFO - Handling intent 'Action.PLAY_CARD' for priority event 'PlayerEvent.MAIN_PHASE_EMPTY_STACK' from External
2026-04-07 16:23:10,494 - engine - WARNING - Cards to play: Details are missing. NoOp instead!
2026-04-07 16:23:10,495 - engine - INFO - Handling intent 'Action.ATTACK' for priority event 'PlayerEvent.DECLARE_ATTACKS' from External
2026-04-07 16:23:10,495 - engine - WARNING - Turn 1/2: External is attacking!
2026-04-07 16:23:10,495 - engine - INFO - Opp-Goldfish will draw a card for turn
2026-04-07 16:23:10,495 - engine - INFO - Handling intent 'Action.PASS' for priority event 'PlayerEvent.MAIN_PHASE_EMPTY_STACK' from Opp-Goldfish
2026-04-07 16:23:10,495 - engine - INFO - Handling intent 'Action.PASS' for priority event 'PlayerEvent.DECLARE_ATTACKS' from Opp-Goldfish
2026-04-07 16:23:10,495 - engine - INFO - External will draw a card for turn
2026-04-07 16:23:10,495 - engine - INFO - Handling intent 'Action.PLAY_CARD' for priority event 'PlayerEvent.MAIN_PHASE_EMPTY_STACK' from External
2026-04-07 16:23:10,495 - engine - WARNING - Cards to play: Details are missing. NoOp instead!
2026-04-07 16:23:10,496 - engine - INFO - Handling intent 'Action.ATTACK' for priority event 'PlayerEvent.DECLARE_ATTACKS' from External
2026-04-07 16:23:10,496 - engine - WARNING - Turn 3/2: External is attacking!
2026-04-07 16:23:10,496 - engine - INFO - Opp-Goldfish will draw a card for turn
2026-04-07 16:23:10,496 - engine - INFO - Handling intent 'Action.PASS' for priority event 'PlayerEvent.MAIN_PHASE_EMPTY_STACK' from Opp-Goldfish
2026-04-07 16:23:10,496 - engine - INFO - Handling intent 'Action.PASS' for priority event 'PlayerEvent.DECLARE_ATTACKS' from Opp-Goldfish
2026-04-07 16:23:10,497 - engine - INFO - External will draw a card for turn
2026-04-07 16:23:10,497 - engine - INFO - Handling intent 'Action.PASS' for priority event 'PlayerEvent.MAIN_PHASE_EMPTY_STACK' from External
2026-04-07 16:23:10,497 - engine - INFO - Handling intent 'Action.ATTACK' for priority event 'PlayerEvent.DECLARE_ATTACKS' from External
2026-04-07 16:23:10,497 - engine - WARNING - Turn 5/2: External is attacking!
2026-04-07 16:23:10,497 - engine - INFO - Opp-Goldfish will draw a card for turn
2026-04-07 16:23:10,498 - engine - INFO - Handling intent 'Action.PASS' for priority event 'PlayerEvent.MAIN_PHASE_EMPTY_STACK' from Opp-Goldfish
2026-04-07 16:23:10,498 - engine - INFO - Handling intent 'Action.PASS' for priority event 'PlayerEvent.DECLARE_ATTACKS' from Opp-Goldfish
2026-04-07 16:23:10,498 - engine - INFO - External will draw a card for turn
2026-04-07 16:23:10,498 - engine - INFO - Handling intent 'Action.PASS' for priority event 'PlayerEvent.MAIN_PHASE_EMPTY_STACK' from External
2026-04-07 16:23:10,498 - engine - INFO - Handling intent 'Action.ATTACK' for priority event 'PlayerEvent.DECLARE_ATTACKS' from External
2026-04-07 16:23:10,498 - engine - WARNING - Turn 7/2: External is attacking!
2026-04-07 16:23:10,498 - engine - INFO - Opp-Goldfish will draw a card for turn
2026-04-07 16:23:10,498 - engine - INFO - Handling intent 'Action.PASS' for priority event 'PlayerEvent.MAIN_PHASE_EMPTY_STACK' from Opp-Goldfish
2026-04-07 16:23:10,499 - engine - INFO - Handling intent 'Action.PASS' for priority event 'PlayerEvent.DECLARE_ATTACKS' from Opp-Goldfish
2026-04-07 16:23:10,499 - engine - INFO - External will draw a card for turn
2026-04-07 16:23:10,499 - engine - INFO - Handling intent 'Action.PLAY_CARD' for priority event 'PlayerEvent.MAIN_PHASE_EMPTY_STACK' from External
2026-04-07 16:23:10,499 - engine - WARNING - Cards to play: Details are missing. NoOp instead!
2026-04-07 16:23:10,500 - engine - INFO - Handling intent 'Action.PASS' for priority event 'PlayerEvent.DECLARE_ATTACKS' from External
2026-04-07 16:23:10,500 - engine - INFO - Opp-Goldfish will draw a card for turn
2026-04-07 16:23:10,500 - engine - INFO - Handling intent 'Action.PASS' for priority event 'PlayerEvent.MAIN_PHASE_EMPTY_STACK' from Opp-Goldfish
2026-04-07 16:23:10,500 - engine - INFO - Handling intent 'Action.PASS' for priority event 'PlayerEvent.DECLARE_ATTACKS' from Opp-Goldfish
2026-04-07 16:23:10,500 - engine - INFO - External will draw a card for turn
2026-04-07 16:23:10,500 - engine - INFO - Handling intent 'Action.PLAY_CARD' for priority event 'PlayerEvent.MAIN_PHASE_EMPTY_STACK' from External
2026-04-07 16:23:10,500 - engine - WARNING - Cards to play: Details are missing. NoOp instead!
2026-04-07 16:23:10,501 - engine - INFO - Handling intent 'Action.PASS' for priority event 'PlayerEvent.DECLARE_ATTACKS' from External
2026-04-07 16:23:10,501 - engine - INFO - Opp-Goldfish will draw a card for turn
2026-04-07 16:23:10,501 - engine - INFO - Handling intent 'Action.PASS' for priority event 'PlayerEvent.MAIN_PHASE_EMPTY_STACK' from Opp-Goldfish
2026-04-07 16:23:10,501 - engine - INFO - Handling intent 'Action.PASS' for priority event 'PlayerEvent.DECLARE_ATTACKS' from Opp-Goldfish
2026-04-07 16:23:10,501 - engine - INFO - External will draw a card for turn
2026-04-07 16:23:10,501 - engine - INFO - Handling intent 'Action.PASS' for priority event 'PlayerEvent.MAIN_PHASE_EMPTY_STACK' from External
2026-04-07 16:23:10,502 - engine - INFO - Handling intent 'Action.ATTACK' for priority event 'PlayerEvent.DECLARE_ATTACKS' from External
2026-04-07 16:23:10,502 - engine - WARNING - Turn 13/2: External is attacking!
2026-04-07 16:23:10,502 - engine - WARNING - Opp-Goldfish died by having 0 or less life.
2026-04-07 16:23:10,502 - engine - INFO - Game ended by death of player(s)
2026-04-07 16:23:10,502 - engine - INFO - External won by survival
2026-04-07 16:23:10,502 - engine - INFO - Setting up the new player Player1
2026-04-07 16:23:10,502 - engine - INFO - Setting up the new player Player2
2026-04-07 16:23:10,503 - engine - INFO - Handling intent 'Action.PASS' for priority event 'PlayerEvent.MAIN_PHASE_EMPTY_STACK' from Opp-Goldfish
2026-04-07 16:23:10,503 - engine - INFO - Handling intent 'Action.PASS' for priority event 'PlayerEvent.DECLARE_ATTACKS' from Opp-Goldfish
2026-04-07 16:23:10,503 - engine - INFO - External will draw a card for turn
2026-04-07 16:23:10,504 - engine - INFO - Handling intent 'Action.PLAY_CARD' for priority event 'PlayerEvent.MAIN_PHASE_EMPTY_STACK' from External
2026-04-07 16:23:10,504 - engine - WARNING - Cards to play: Details are missing. NoOp instead!
2026-04-07 16:23:10,504 - engine - INFO - Handling intent 'Action.PASS' for priority event 'PlayerEvent.DECLARE_ATTACKS' from External
2026-04-07 16:23:10,504 - engine - INFO - Opp-Goldfish will draw a card for turn
2026-04-07 16:23:10,504 - engine - INFO - Handling intent 'Action.PASS' for priority event 'PlayerEvent.MAIN_PHASE_EMPTY_STACK' from Opp-Goldfish
2026-04-07 16:23:10,504 - engine - INFO - Handling intent 'Action.PASS' for priority event 'PlayerEvent.DECLARE_ATTACKS' from Opp-Goldfish
2026-04-07 16:23:10,504 - engine - INFO - External will draw a card for turn
2026-04-07 16:23:10,505 - engine - INFO - Handling intent 'Action.PASS' for priority event 'PlayerEvent.MAIN_PHASE_EMPTY_STACK' from External
2026-04-07 16:23:10,505 - engine - INFO - Handling intent 'Action.PASS' for priority event 'PlayerEvent.DECLARE_ATTACKS' from External
2026-04-07 16:23:10,505 - engine - INFO - Opp-Goldfish will draw a card for turn
2026-04-07 16:23:10,505 - engine - INFO - Handling intent 'Action.PASS' for priority event 'PlayerEvent.MAIN_PHASE_EMPTY_STACK' from Opp-Goldfish
2026-04-07 16:23:10,505 - engine - INFO - Handling intent 'Action.PASS' for priority event 'PlayerEvent.DECLARE_ATTACKS' from Opp-Goldfish
2026-04-07 16:23:10,505 - engine - INFO - External will draw a card for turn
2026-04-07 16:23:10,505 - engine - INFO - Handling intent 'Action.PLAY_CARD' for priority event 'PlayerEvent.MAIN_PHASE_EMPTY_STACK' from External
2026-04-07 16:23:10,505 - engine - WARNING - Cards to play: Details are missing. NoOp instead!
2026-04-07 16:23:10,506 - engine - INFO - Handling intent 'Action.ATTACK' for priority event 'PlayerEvent.DECLARE_ATTACKS' from External
2026-04-07 16:23:10,506 - engine - WARNING - Turn 5/2: External is attacking!
2026-04-07 16:23:10,506 - engine - INFO - Opp-Goldfish will draw a card for turn
2026-04-07 16:23:10,506 - engine - INFO - Handling intent 'Action.PASS' for priority event 'PlayerEvent.MAIN_PHASE_EMPTY_STACK' from Opp-Goldfish
2026-04-07 16:23:10,506 - engine - INFO - Handling intent 'Action.PASS' for priority event 'PlayerEvent.DECLARE_ATTACKS' from Opp-Goldfish
2026-04-07 16:23:10,506 - engine - INFO - External will draw a card for turn
2026-04-07 16:23:10,506 - engine - INFO - Handling intent 'Action.PLAY_CARD' for priority event 'PlayerEvent.MAIN_PHASE_EMPTY_STACK' from External
2026-04-07 16:23:10,506 - engine - WARNING - Cards to play: Details are missing. NoOp instead!
2026-04-07 16:23:10,506 - engine - INFO - Handling intent 'Action.ATTACK' for priority event 'PlayerEvent.DECLARE_ATTACKS' from External
2026-04-07 16:23:10,506 - engine - WARNING - Turn 7/2: External is attacking!
2026-04-07 16:23:10,506 - engine - INFO - Opp-Goldfish will draw a card for turn
2026-04-07 16:23:10,507 - engine - INFO - Handling intent 'Action.PASS' for priority event 'PlayerEvent.MAIN_PHASE_EMPTY_STACK' from Opp-Goldfish
2026-04-07 16:23:10,507 - engine - INFO - Handling intent 'Action.PASS' for priority event 'PlayerEvent.DECLARE_ATTACKS' from Opp-Goldfish
2026-04-07 16:23:10,507 - engine - INFO - External will draw a card for turn
2026-04-07 16:23:10,507 - engine - INFO - Handling intent 'Action.PLAY_CARD' for priority event 'PlayerEvent.MAIN_PHASE_EMPTY_STACK' from External
2026-04-07 16:23:10,507 - engine - WARNING - Cards to play: Details are missing. NoOp instead!
2026-04-07 16:23:10,507 - engine - INFO - Handling intent 'Action.ATTACK' for priority event 'PlayerEvent.DECLARE_ATTACKS' from External
2026-04-07 16:23:10,507 - engine - WARNING - Turn 9/2: External is attacking!
2026-04-07 16:23:10,507 - engine - INFO - Opp-Goldfish will draw a card for turn
2026-04-07 16:23:10,508 - engine - INFO - Handling intent 'Action.PASS' for priority event 'PlayerEvent.MAIN_PHASE_EMPTY_STACK' from Opp-Goldfish
2026-04-07 16:23:10,508 - engine - INFO - Handling intent 'Action.PASS' for priority event 'PlayerEvent.DECLARE_ATTACKS' from Opp-Goldfish
2026-04-07 16:23:10,508 - engine - INFO - External will draw a card for turn
2026-04-07 16:23:10,508 - engine - INFO - Handling intent 'Action.PASS' for priority event 'PlayerEvent.MAIN_PHASE_EMPTY_STACK' from External
2026-04-07 16:23:10,509 - engine - INFO - Handling intent 'Action.ATTACK' for priority event 'PlayerEvent.DECLARE_ATTACKS' from External
2026-04-07 16:23:10,509 - engine - WARNING - Turn 11/2: External is attacking!
2026-04-07 16:23:10,509 - engine - INFO - Opp-Goldfish will draw a card for turn
2026-04-07 16:23:10,509 - engine - INFO - Handling intent 'Action.PASS' for priority event 'PlayerEvent.MAIN_PHASE_EMPTY_STACK' from Opp-Goldfish
2026-04-07 16:23:10,509 - engine - INFO - Handling intent 'Action.PASS' for priority event 'PlayerEvent.DECLARE_ATTACKS' from Opp-Goldfish
2026-04-07 16:23:10,509 - engine - INFO - External will draw a card for turn
2026-04-07 16:23:10,509 - engine - INFO - Handling intent 'Action.PLAY_CARD' for priority event 'PlayerEvent.MAIN_PHASE_EMPTY_STACK' from External
2026-04-07 16:23:10,509 - engine - WARNING - Cards to play: Details are missing. NoOp instead!
2026-04-07 16:23:10,510 - engine - INFO - Handling intent 'Action.PASS' for priority event 'PlayerEvent.DECLARE_ATTACKS' from External
2026-04-07 16:23:10,510 - engine - INFO - Opp-Goldfish will draw a card for turn
2026-04-07 16:23:10,510 - engine - INFO - Handling intent 'Action.PASS' for priority event 'PlayerEvent.MAIN_PHASE_EMPTY_STACK' from Opp-Goldfish
2026-04-07 16:23:10,510 - engine - INFO - Handling intent 'Action.PASS' for priority event 'PlayerEvent.DECLARE_ATTACKS' from Opp-Goldfish
2026-04-07 16:23:10,510 - engine - INFO - External will draw a card for turn
2026-04-07 16:23:10,510 - engine - INFO - Handling intent 'Action.PASS' for priority event 'PlayerEvent.MAIN_PHASE_EMPTY_STACK' from External
2026-04-07 16:23:10,511 - engine - INFO - Handling intent 'Action.ATTACK' for priority event 'PlayerEvent.DECLARE_ATTACKS' from External
2026-04-07 16:23:10,511 - engine - WARNING - Turn 15/2: External is attacking!
2026-04-07 16:23:10,511 - engine - WARNING - Opp-Goldfish died by having 0 or less life.
2026-04-07 16:23:10,511 - engine - INFO - Game ended by death of player(s)
2026-04-07 16:23:10,511 - engine - INFO - External won by survival
2026-04-07 16:23:10,511 - engine - INFO - Setting up the new player Player1
2026-04-07 16:23:10,511 - engine - INFO - Setting up the new player Player2
2026-04-07 16:23:10,512 - engine - INFO - Handling intent 'Action.PASS' for priority event 'PlayerEvent.MAIN_PHASE_EMPTY_STACK' from Opp-Goldfish
2026-04-07 16:23:10,512 - engine - INFO - Handling intent 'Action.PASS' for priority event 'PlayerEvent.DECLARE_ATTACKS' from Opp-Goldfish
2026-04-07 16:23:10,512 - engine - INFO - External will draw a card for turn
2026-04-07 16:23:10,513 - engine - INFO - Handling intent 'Action.PASS' for priority event 'PlayerEvent.MAIN_PHASE_EMPTY_STACK' from External
2026-04-07 16:23:10,513 - engine - INFO - Handling intent 'Action.ATTACK' for priority event 'PlayerEvent.DECLARE_ATTACKS' from External
2026-04-07 16:23:10,513 - engine - WARNING - Turn 1/2: External is attacking!
2026-04-07 16:23:10,513 - engine - INFO - Opp-Goldfish will draw a card for turn
2026-04-07 16:23:10,513 - engine - INFO - Handling intent 'Action.PASS' for priority event 'PlayerEvent.MAIN_PHASE_EMPTY_STACK' from Opp-Goldfish
2026-04-07 16:23:10,513 - engine - INFO - Handling intent 'Action.PASS' for priority event 'PlayerEvent.DECLARE_ATTACKS' from Opp-Goldfish
2026-04-07 16:23:10,513 - engine - INFO - External will draw a card for turn
2026-04-07 16:23:10,514 - engine - INFO - Handling intent 'Action.PASS' for priority event 'PlayerEvent.MAIN_PHASE_EMPTY_STACK' from External
2026-04-07 16:23:10,514 - engine - INFO - Handling intent 'Action.ATTACK' for priority event 'PlayerEvent.DECLARE_ATTACKS' from External
2026-04-07 16:23:10,514 - engine - WARNING - Turn 3/2: External is attacking!
2026-04-07 16:23:10,514 - engine - INFO - Opp-Goldfish will draw a card for turn
2026-04-07 16:23:10,514 - engine - INFO - Handling intent 'Action.PASS' for priority event 'PlayerEvent.MAIN_PHASE_EMPTY_STACK' from Opp-Goldfish
2026-04-07 16:23:10,514 - engine - INFO - Handling intent 'Action.PASS' for priority event 'PlayerEvent.DECLARE_ATTACKS' from Opp-Goldfish
2026-04-07 16:23:10,514 - engine - INFO - External will draw a card for turn
2026-04-07 16:23:10,515 - engine - INFO - Handling intent 'Action.PASS' for priority event 'PlayerEvent.MAIN_PHASE_EMPTY_STACK' from External
2026-04-07 16:23:10,515 - engine - INFO - Handling intent 'Action.ATTACK' for priority event 'PlayerEvent.DECLARE_ATTACKS' from External
2026-04-07 16:23:10,515 - engine - WARNING - Turn 5/2: External is attacking!
2026-04-07 16:23:10,515 - engine - INFO - Opp-Goldfish will draw a card for turn
2026-04-07 16:23:10,515 - engine - INFO - Handling intent 'Action.PASS' for priority event 'PlayerEvent.MAIN_PHASE_EMPTY_STACK' from Opp-Goldfish
2026-04-07 16:23:10,515 - engine - INFO - Handling intent 'Action.PASS' for priority event 'PlayerEvent.DECLARE_ATTACKS' from Opp-Goldfish
2026-04-07 16:23:10,516 - engine - INFO - External will draw a card for turn
2026-04-07 16:23:10,517 - engine - INFO - Handling intent 'Action.PLAY_CARD' for priority event 'PlayerEvent.MAIN_PHASE_EMPTY_STACK' from External
2026-04-07 16:23:10,517 - engine - WARNING - Cards to play: Details are missing. NoOp instead!
2026-04-07 16:23:10,517 - engine - INFO - Handling intent 'Action.PASS' for priority event 'PlayerEvent.DECLARE_ATTACKS' from External
2026-04-07 16:23:10,517 - engine - INFO - Opp-Goldfish will draw a card for turn
2026-04-07 16:23:10,517 - engine - INFO - Handling intent 'Action.PASS' for priority event 'PlayerEvent.MAIN_PHASE_EMPTY_STACK' from Opp-Goldfish
2026-04-07 16:23:10,517 - engine - INFO - Handling intent 'Action.PASS' for priority event 'PlayerEvent.DECLARE_ATTACKS' from Opp-Goldfish
2026-04-07 16:23:10,517 - engine - INFO - External will draw a card for turn
2026-04-07 16:23:10,518 - engine - INFO - Handling intent 'Action.PLAY_CARD' for priority event 'PlayerEvent.MAIN_PHASE_EMPTY_STACK' from External
2026-04-07 16:23:10,518 - engine - WARNING - Cards to play: Details are missing. NoOp instead!
2026-04-07 16:23:10,518 - engine - INFO - Handling intent 'Action.PASS' for priority event 'PlayerEvent.DECLARE_ATTACKS' from External
2026-04-07 16:23:10,518 - engine - INFO - Opp-Goldfish will draw a card for turn
2026-04-07 16:23:10,518 - engine - INFO - Handling intent 'Action.PASS' for priority event 'PlayerEvent.MAIN_PHASE_EMPTY_STACK' from Opp-Goldfish
2026-04-07 16:23:10,518 - engine - INFO - Handling intent 'Action.PASS' for priority event 'PlayerEvent.DECLARE_ATTACKS' from Opp-Goldfish
2026-04-07 16:23:10,519 - engine - INFO - External will draw a card for turn
2026-04-07 16:23:10,519 - engine - INFO - Handling intent 'Action.PLAY_CARD' for priority event 'PlayerEvent.MAIN_PHASE_EMPTY_STACK' from External
2026-04-07 16:23:10,519 - engine - WARNING - Cards to play: Details are missing. NoOp instead!
2026-04-07 16:23:10,519 - engine - INFO - Handling intent 'Action.ATTACK' for priority event 'PlayerEvent.DECLARE_ATTACKS' from External
2026-04-07 16:23:10,519 - engine - WARNING - Turn 11/2: External is attacking!
2026-04-07 16:23:10,519 - engine - INFO - Opp-Goldfish will draw a card for turn
2026-04-07 16:23:10,519 - engine - INFO - Handling intent 'Action.PASS' for priority event 'PlayerEvent.MAIN_PHASE_EMPTY_STACK' from Opp-Goldfish
2026-04-07 16:23:10,520 - engine - INFO - Handling intent 'Action.PASS' for priority event 'PlayerEvent.DECLARE_ATTACKS' from Opp-Goldfish
2026-04-07 16:23:10,520 - engine - INFO - External will draw a card for turn
2026-04-07 16:23:10,520 - engine - INFO - Handling intent 'Action.PLAY_CARD' for priority event 'PlayerEvent.MAIN_PHASE_EMPTY_STACK' from External
2026-04-07 16:23:10,520 - engine - WARNING - Cards to play: Details are missing. NoOp instead!
2026-04-07 16:23:10,520 - engine - INFO - Handling intent 'Action.PASS' for priority event 'PlayerEvent.DECLARE_ATTACKS' from External
2026-04-07 16:23:10,520 - engine - INFO - Opp-Goldfish will draw a card for turn
2026-04-07 16:23:10,520 - engine - INFO - Handling intent 'Action.PASS' for priority event 'PlayerEvent.MAIN_PHASE_EMPTY_STACK' from Opp-Goldfish
2026-04-07 16:23:10,521 - engine - INFO - Handling intent 'Action.PASS' for priority event 'PlayerEvent.DECLARE_ATTACKS' from Opp-Goldfish
2026-04-07 16:23:10,521 - engine - INFO - External will draw a card for turn
2026-04-07 16:23:10,521 - engine - INFO - Handling intent 'Action.PASS' for priority event 'PlayerEvent.MAIN_PHASE_EMPTY_STACK' from External
2026-04-07 16:23:10,521 - engine - INFO - Handling intent 'Action.PASS' for priority event 'PlayerEvent.DECLARE_ATTACKS' from External
2026-04-07 16:23:10,521 - engine - INFO - Opp-Goldfish will draw a card for turn
2026-04-07 16:23:10,521 - engine - INFO - Handling intent 'Action.PASS' for priority event 'PlayerEvent.MAIN_PHASE_EMPTY_STACK' from Opp-Goldfish
2026-04-07 16:23:10,522 - engine - INFO - Handling intent 'Action.PASS' for priority event 'PlayerEvent.DECLARE_ATTACKS' from Opp-Goldfish
2026-04-07 16:23:10,522 - engine - INFO - External will draw a card for turn
2026-04-07 16:23:10,522 - engine - INFO - Handling intent 'Action.PASS' for priority event 'PlayerEvent.MAIN_PHASE_EMPTY_STACK' from External
2026-04-07 16:23:10,522 - engine - INFO - Handling intent 'Action.ATTACK' for priority event 'PlayerEvent.DECLARE_ATTACKS' from External
2026-04-07 16:23:10,522 - engine - WARNING - Turn 17/2: External is attacking!
2026-04-07 16:23:10,522 - engine - WARNING - Opp-Goldfish died by having 0 or less life.
2026-04-07 16:23:10,522 - engine - INFO - Game ended by death of player(s)
2026-04-07 16:23:10,522 - engine - INFO - External won by survival
2026-04-07 16:23:10,523 - engine - INFO - Setting up the new player Player1
2026-04-07 16:23:10,523 - engine - INFO - Setting up the new player Player2
2026-04-07 16:23:10,524 - engine - INFO - Handling intent 'Action.PASS' for priority event 'PlayerEvent.MAIN_PHASE_EMPTY_STACK' from Opp-Goldfish
2026-04-07 16:23:10,524 - engine - INFO - Handling intent 'Action.PASS' for priority event 'PlayerEvent.DECLARE_ATTACKS' from Opp-Goldfish
2026-04-07 16:23:10,524 - engine - INFO - External will draw a card for turn
2026-04-07 16:23:10,524 - engine - INFO - Handling intent 'Action.PLAY_CARD' for priority event 'PlayerEvent.MAIN_PHASE_EMPTY_STACK' from External
2026-04-07 16:23:10,524 - engine - WARNING - Cards to play: Details are missing. NoOp instead!
2026-04-07 16:23:10,525 - engine - INFO - Handling intent 'Action.PASS' for priority event 'PlayerEvent.DECLARE_ATTACKS' from External
2026-04-07 16:23:10,525 - engine - INFO - Opp-Goldfish will draw a card for turn
2026-04-07 16:23:10,525 - engine - INFO - Handling intent 'Action.PASS' for priority event 'PlayerEvent.MAIN_PHASE_EMPTY_STACK' from Opp-Goldfish
2026-04-07 16:23:10,525 - engine - INFO - Handling intent 'Action.PASS' for priority event 'PlayerEvent.DECLARE_ATTACKS' from Opp-Goldfish
2026-04-07 16:23:10,525 - engine - INFO - External will draw a card for turn
2026-04-07 16:23:10,525 - engine - INFO - Handling intent 'Action.PLAY_CARD' for priority event 'PlayerEvent.MAIN_PHASE_EMPTY_STACK' from External
2026-04-07 16:23:10,525 - engine - WARNING - Cards to play: Details are missing. NoOp instead!
2026-04-07 16:23:10,525 - engine - INFO - Handling intent 'Action.PASS' for priority event 'PlayerEvent.DECLARE_ATTACKS' from External
2026-04-07 16:23:10,525 - engine - INFO - Opp-Goldfish will draw a card for turn
2026-04-07 16:23:10,526 - engine - INFO - Handling intent 'Action.PASS' for priority event 'PlayerEvent.MAIN_PHASE_EMPTY_STACK' from Opp-Goldfish
2026-04-07 16:23:10,526 - engine - INFO - Handling intent 'Action.PASS' for priority event 'PlayerEvent.DECLARE_ATTACKS' from Opp-Goldfish
2026-04-07 16:23:10,526 - engine - INFO - External will draw a card for turn
2026-04-07 16:23:10,526 - engine - INFO - Handling intent 'Action.PASS' for priority event 'PlayerEvent.MAIN_PHASE_EMPTY_STACK' from External
2026-04-07 16:23:10,526 - engine - INFO - Handling intent 'Action.ATTACK' for priority event 'PlayerEvent.DECLARE_ATTACKS' from External
2026-04-07 16:23:10,526 - engine - WARNING - Turn 5/2: External is attacking!
2026-04-07 16:23:10,526 - engine - INFO - Opp-Goldfish will draw a card for turn
2026-04-07 16:23:10,526 - engine - INFO - Handling intent 'Action.PASS' for priority event 'PlayerEvent.MAIN_PHASE_EMPTY_STACK' from Opp-Goldfish
2026-04-07 16:23:10,526 - engine - INFO - Handling intent 'Action.PASS' for priority event 'PlayerEvent.DECLARE_ATTACKS' from Opp-Goldfish
2026-04-07 16:23:10,526 - engine - INFO - External will draw a card for turn
2026-04-07 16:23:10,527 - engine - INFO - Handling intent 'Action.PLAY_CARD' for priority event 'PlayerEvent.MAIN_PHASE_EMPTY_STACK' from External
2026-04-07 16:23:10,527 - engine - WARNING - Cards to play: Details are missing. NoOp instead!
2026-04-07 16:23:10,527 - engine - INFO - Handling intent 'Action.PASS' for priority event 'PlayerEvent.DECLARE_ATTACKS' from External
2026-04-07 16:23:10,527 - engine - INFO - Opp-Goldfish will draw a card for turn
2026-04-07 16:23:10,527 - engine - INFO - Handling intent 'Action.PASS' for priority event 'PlayerEvent.MAIN_PHASE_EMPTY_STACK' from Opp-Goldfish
2026-04-07 16:23:10,527 - engine - INFO - Handling intent 'Action.PASS' for priority event 'PlayerEvent.DECLARE_ATTACKS' from Opp-Goldfish
2026-04-07 16:23:10,527 - engine - INFO - External will draw a card for turn
2026-04-07 16:23:10,527 - engine - INFO - Handling intent 'Action.PLAY_CARD' for priority event 'PlayerEvent.MAIN_PHASE_EMPTY_STACK' from External
2026-04-07 16:23:10,527 - engine - WARNING - Cards to play: Details are missing. NoOp instead!
2026-04-07 16:23:10,528 - engine - INFO - Handling intent 'Action.PASS' for priority event 'PlayerEvent.DECLARE_ATTACKS' from External
2026-04-07 16:23:10,528 - engine - INFO - Opp-Goldfish will draw a card for turn
2026-04-07 16:23:10,528 - engine - INFO - Handling intent 'Action.PASS' for priority event 'PlayerEvent.MAIN_PHASE_EMPTY_STACK' from Opp-Goldfish
2026-04-07 16:23:10,528 - engine - INFO - Handling intent 'Action.PASS' for priority event 'PlayerEvent.DECLARE_ATTACKS' from Opp-Goldfish
2026-04-07 16:23:10,528 - engine - INFO - External will draw a card for turn
2026-04-07 16:23:10,528 - engine - INFO - Handling intent 'Action.PLAY_CARD' for priority event 'PlayerEvent.MAIN_PHASE_EMPTY_STACK' from External
2026-04-07 16:23:10,528 - engine - WARNING - Cards to play: Details are missing. NoOp instead!
2026-04-07 16:23:10,529 - engine - INFO - Handling intent 'Action.ATTACK' for priority event 'PlayerEvent.DECLARE_ATTACKS' from External
2026-04-07 16:23:10,529 - engine - WARNING - Turn 11/2: External is attacking!
2026-04-07 16:23:10,529 - engine - INFO - Opp-Goldfish will draw a card for turn
2026-04-07 16:23:10,529 - engine - INFO - Handling intent 'Action.PASS' for priority event 'PlayerEvent.MAIN_PHASE_EMPTY_STACK' from Opp-Goldfish
2026-04-07 16:23:10,529 - engine - INFO - Handling intent 'Action.PASS' for priority event 'PlayerEvent.DECLARE_ATTACKS' from Opp-Goldfish
2026-04-07 16:23:10,529 - engine - INFO - External will draw a card for turn
2026-04-07 16:23:10,530 - engine - INFO - Handling intent 'Action.PASS' for priority event 'PlayerEvent.MAIN_PHASE_EMPTY_STACK' from External
2026-04-07 16:23:10,530 - engine - INFO - Handling intent 'Action.ATTACK' for priority event 'PlayerEvent.DECLARE_ATTACKS' from External
2026-04-07 16:23:10,530 - engine - WARNING - Turn 13/2: External is attacking!
2026-04-07 16:23:10,530 - engine - INFO - Opp-Goldfish will draw a card for turn
2026-04-07 16:23:10,530 - engine - INFO - Handling intent 'Action.PASS' for priority event 'PlayerEvent.MAIN_PHASE_EMPTY_STACK' from Opp-Goldfish
2026-04-07 16:23:10,531 - engine - INFO - Handling intent 'Action.PASS' for priority event 'PlayerEvent.DECLARE_ATTACKS' from Opp-Goldfish
2026-04-07 16:23:10,531 - engine - INFO - External will draw a card for turn
2026-04-07 16:23:10,531 - engine - INFO - Handling intent 'Action.PASS' for priority event 'PlayerEvent.MAIN_PHASE_EMPTY_STACK' from External
2026-04-07 16:23:10,531 - engine - INFO - Handling intent 'Action.ATTACK' for priority event 'PlayerEvent.DECLARE_ATTACKS' from External
2026-04-07 16:23:10,531 - engine - WARNING - Turn 15/2: External is attacking!
2026-04-07 16:23:10,532 - engine - INFO - Opp-Goldfish will draw a card for turn
2026-04-07 16:23:10,532 - engine - INFO - Handling intent 'Action.PASS' for priority event 'PlayerEvent.MAIN_PHASE_EMPTY_STACK' from Opp-Goldfish
2026-04-07 16:23:10,532 - engine - INFO - Handling intent 'Action.PASS' for priority event 'PlayerEvent.DECLARE_ATTACKS' from Opp-Goldfish
2026-04-07 16:23:10,532 - engine - INFO - External will draw a card for turn
2026-04-07 16:23:10,533 - engine - INFO - Handling intent 'Action.PLAY_CARD' for priority event 'PlayerEvent.MAIN_PHASE_EMPTY_STACK' from External
2026-04-07 16:23:10,533 - engine - WARNING - Cards to play: Details are missing. NoOp instead!
2026-04-07 16:23:10,533 - engine - INFO - Handling intent 'Action.ATTACK' for priority event 'PlayerEvent.DECLARE_ATTACKS' from External
2026-04-07 16:23:10,533 - engine - WARNING - Turn 17/2: External is attacking!
2026-04-07 16:23:10,533 - engine - WARNING - Opp-Goldfish died by having 0 or less life.
2026-04-07 16:23:10,533 - engine - INFO - Game ended by death of player(s)
2026-04-07 16:23:10,533 - engine - INFO - External won by survival
2026-04-07 16:23:10,534 - engine - INFO - Setting up the new player Player1
2026-04-07 16:23:10,534 - engine - INFO - Setting up the new player Player2
2026-04-07 16:23:10,535 - engine - INFO - Handling intent 'Action.PASS' for priority event 'PlayerEvent.MAIN_PHASE_EMPTY_STACK' from Opp-Goldfish
2026-04-07 16:23:10,535 - engine - INFO - Handling intent 'Action.PASS' for priority event 'PlayerEvent.DECLARE_ATTACKS' from Opp-Goldfish
2026-04-07 16:23:10,535 - engine - INFO - External will draw a card for turn
2026-04-07 16:23:10,536 - engine - INFO - Handling intent 'Action.PASS' for priority event 'PlayerEvent.MAIN_PHASE_EMPTY_STACK' from External
2026-04-07 16:23:10,536 - engine - INFO - Handling intent 'Action.PASS' for priority event 'PlayerEvent.DECLARE_ATTACKS' from External
2026-04-07 16:23:10,536 - engine - INFO - Opp-Goldfish will draw a card for turn
2026-04-07 16:23:10,536 - engine - INFO - Handling intent 'Action.PASS' for priority event 'PlayerEvent.MAIN_PHASE_EMPTY_STACK' from Opp-Goldfish
2026-04-07 16:23:10,536 - engine - INFO - Handling intent 'Action.PASS' for priority event 'PlayerEvent.DECLARE_ATTACKS' from Opp-Goldfish
2026-04-07 16:23:10,536 - engine - INFO - External will draw a card for turn
2026-04-07 16:23:10,537 - engine - INFO - Handling intent 'Action.PASS' for priority event 'PlayerEvent.MAIN_PHASE_EMPTY_STACK' from External
2026-04-07 16:23:10,537 - engine - INFO - Handling intent 'Action.PASS' for priority event 'PlayerEvent.DECLARE_ATTACKS' from External
2026-04-07 16:23:10,537 - engine - INFO - Opp-Goldfish will draw a card for turn
2026-04-07 16:23:10,537 - engine - INFO - Handling intent 'Action.PASS' for priority event 'PlayerEvent.MAIN_PHASE_EMPTY_STACK' from Opp-Goldfish
2026-04-07 16:23:10,537 - engine - INFO - Handling intent 'Action.PASS' for priority event 'PlayerEvent.DECLARE_ATTACKS' from Opp-Goldfish
2026-04-07 16:23:10,537 - engine - INFO - External will draw a card for turn
2026-04-07 16:23:10,538 - engine - INFO - Handling intent 'Action.PLAY_CARD' for priority event 'PlayerEvent.MAIN_PHASE_EMPTY_STACK' from External
2026-04-07 16:23:10,538 - engine - WARNING - Cards to play: Details are missing. NoOp instead!
2026-04-07 16:23:10,538 - engine - INFO - Handling intent 'Action.ATTACK' for priority event 'PlayerEvent.DECLARE_ATTACKS' from External
2026-04-07 16:23:10,538 - engine - WARNING - Turn 5/2: External is attacking!
2026-04-07 16:23:10,538 - engine - INFO - Opp-Goldfish will draw a card for turn
2026-04-07 16:23:10,538 - engine - INFO - Handling intent 'Action.PASS' for priority event 'PlayerEvent.MAIN_PHASE_EMPTY_STACK' from Opp-Goldfish
2026-04-07 16:23:10,538 - engine - INFO - Handling intent 'Action.PASS' for priority event 'PlayerEvent.DECLARE_ATTACKS' from Opp-Goldfish
2026-04-07 16:23:10,538 - engine - INFO - External will draw a card for turn
2026-04-07 16:23:10,539 - engine - INFO - Handling intent 'Action.PLAY_CARD' for priority event 'PlayerEvent.MAIN_PHASE_EMPTY_STACK' from External
2026-04-07 16:23:10,539 - engine - WARNING - Cards to play: Details are missing. NoOp instead!
2026-04-07 16:23:10,539 - engine - INFO - Handling intent 'Action.ATTACK' for priority event 'PlayerEvent.DECLARE_ATTACKS' from External
2026-04-07 16:23:10,539 - engine - WARNING - Turn 7/2: External is attacking!
2026-04-07 16:23:10,539 - engine - INFO - Opp-Goldfish will draw a card for turn
2026-04-07 16:23:10,539 - engine - INFO - Handling intent 'Action.PASS' for priority event 'PlayerEvent.MAIN_PHASE_EMPTY_STACK' from Opp-Goldfish
2026-04-07 16:23:10,539 - engine - INFO - Handling intent 'Action.PASS' for priority event 'PlayerEvent.DECLARE_ATTACKS' from Opp-Goldfish
2026-04-07 16:23:10,539 - engine - INFO - External will draw a card for turn
2026-04-07 16:23:10,540 - engine - INFO - Handling intent 'Action.PASS' for priority event 'PlayerEvent.MAIN_PHASE_EMPTY_STACK' from External
2026-04-07 16:23:10,540 - engine - INFO - Handling intent 'Action.ATTACK' for priority event 'PlayerEvent.DECLARE_ATTACKS' from External
2026-04-07 16:23:10,540 - engine - WARNING - Turn 9/2: External is attacking!
2026-04-07 16:23:10,540 - engine - INFO - Opp-Goldfish will draw a card for turn
2026-04-07 16:23:10,540 - engine - INFO - Handling intent 'Action.PASS' for priority event 'PlayerEvent.MAIN_PHASE_EMPTY_STACK' from Opp-Goldfish
2026-04-07 16:23:10,540 - engine - INFO - Handling intent 'Action.PASS' for priority event 'PlayerEvent.DECLARE_ATTACKS' from Opp-Goldfish
2026-04-07 16:23:10,541 - engine - INFO - External will draw a card for turn
2026-04-07 16:23:10,541 - engine - INFO - Handling intent 'Action.PLAY_CARD' for priority event 'PlayerEvent.MAIN_PHASE_EMPTY_STACK' from External
2026-04-07 16:23:10,541 - engine - WARNING - Cards to play: Details are missing. NoOp instead!
2026-04-07 16:23:10,541 - engine - INFO - Handling intent 'Action.PASS' for priority event 'PlayerEvent.DECLARE_ATTACKS' from External
2026-04-07 16:23:10,541 - engine - INFO - Opp-Goldfish will draw a card for turn
2026-04-07 16:23:10,541 - engine - INFO - Handling intent 'Action.PASS' for priority event 'PlayerEvent.MAIN_PHASE_EMPTY_STACK' from Opp-Goldfish
2026-04-07 16:23:10,542 - engine - INFO - Handling intent 'Action.PASS' for priority event 'PlayerEvent.DECLARE_ATTACKS' from Opp-Goldfish
2026-04-07 16:23:10,542 - engine - INFO - External will draw a card for turn
2026-04-07 16:23:10,542 - engine - INFO - Handling intent 'Action.PASS' for priority event 'PlayerEvent.MAIN_PHASE_EMPTY_STACK' from External
2026-04-07 16:23:10,542 - engine - INFO - Handling intent 'Action.ATTACK' for priority event 'PlayerEvent.DECLARE_ATTACKS' from External
2026-04-07 16:23:10,542 - engine - WARNING - Turn 13/2: External is attacking!
2026-04-07 16:23:10,542 - engine - INFO - Opp-Goldfish will draw a card for turn
2026-04-07 16:23:10,542 - engine - INFO - Handling intent 'Action.PASS' for priority event 'PlayerEvent.MAIN_PHASE_EMPTY_STACK' from Opp-Goldfish
2026-04-07 16:23:10,543 - engine - INFO - Handling intent 'Action.PASS' for priority event 'PlayerEvent.DECLARE_ATTACKS' from Opp-Goldfish
2026-04-07 16:23:10,543 - engine - INFO - External will draw a card for turn
2026-04-07 16:23:10,543 - engine - INFO - Handling intent 'Action.PASS' for priority event 'PlayerEvent.MAIN_PHASE_EMPTY_STACK' from External
2026-04-07 16:23:10,543 - engine - INFO - Handling intent 'Action.ATTACK' for priority event 'PlayerEvent.DECLARE_ATTACKS' from External
2026-04-07 16:23:10,543 - engine - WARNING - Turn 15/2: External is attacking!
2026-04-07 16:23:10,543 - engine - WARNING - Opp-Goldfish died by having 0 or less life.
2026-04-07 16:23:10,543 - engine - INFO - Game ended by death of player(s)
2026-04-07 16:23:10,543 - engine - INFO - External won by survival
2026-04-07 16:23:10,544 - engine - INFO - Setting up the new player Player1
2026-04-07 16:23:10,544 - engine - INFO - Setting up the new player Player2
2026-04-07 16:23:10,545 - engine - INFO - Handling intent 'Action.PASS' for priority event 'PlayerEvent.MAIN_PHASE_EMPTY_STACK' from Opp-Goldfish
2026-04-07 16:23:10,545 - engine - INFO - Handling intent 'Action.PASS' for priority event 'PlayerEvent.DECLARE_ATTACKS' from Opp-Goldfish
2026-04-07 16:23:10,545 - engine - INFO - External will draw a card for turn
2026-04-07 16:23:10,546 - engine - INFO - Handling intent 'Action.PASS' for priority event 'PlayerEvent.MAIN_PHASE_EMPTY_STACK' from External
2026-04-07 16:23:10,546 - engine - INFO - Handling intent 'Action.PASS' for priority event 'PlayerEvent.DECLARE_ATTACKS' from External
2026-04-07 16:23:10,547 - engine - INFO - Opp-Goldfish will draw a card for turn
2026-04-07 16:23:10,547 - engine - INFO - Handling intent 'Action.PASS' for priority event 'PlayerEvent.MAIN_PHASE_EMPTY_STACK' from Opp-Goldfish
2026-04-07 16:23:10,547 - engine - INFO - Handling intent 'Action.PASS' for priority event 'PlayerEvent.DECLARE_ATTACKS' from Opp-Goldfish
2026-04-07 16:23:10,547 - engine - INFO - External will draw a card for turn
2026-04-07 16:23:10,547 - engine - INFO - Handling intent 'Action.PASS' for priority event 'PlayerEvent.MAIN_PHASE_EMPTY_STACK' from External
2026-04-07 16:23:10,548 - engine - INFO - Handling intent 'Action.PASS' for priority event 'PlayerEvent.DECLARE_ATTACKS' from External
2026-04-07 16:23:10,548 - engine - INFO - Opp-Goldfish will draw a card for turn
2026-04-07 16:23:10,548 - engine - INFO - Handling intent 'Action.PASS' for priority event 'PlayerEvent.MAIN_PHASE_EMPTY_STACK' from Opp-Goldfish
2026-04-07 16:23:10,548 - engine - INFO - Handling intent 'Action.PASS' for priority event 'PlayerEvent.DECLARE_ATTACKS' from Opp-Goldfish
2026-04-07 16:23:10,548 - engine - INFO - External will draw a card for turn
2026-04-07 16:23:10,548 - engine - INFO - Handling intent 'Action.PASS' for priority event 'PlayerEvent.MAIN_PHASE_EMPTY_STACK' from External
2026-04-07 16:23:10,548 - engine - INFO - Handling intent 'Action.PASS' for priority event 'PlayerEvent.DECLARE_ATTACKS' from External
2026-04-07 16:23:10,548 - engine - INFO - Opp-Goldfish will draw a card for turn
2026-04-07 16:23:10,549 - engine - INFO - Handling intent 'Action.PASS' for priority event 'PlayerEvent.MAIN_PHASE_EMPTY_STACK' from Opp-Goldfish
2026-04-07 16:23:10,549 - engine - INFO - Handling intent 'Action.PASS' for priority event 'PlayerEvent.DECLARE_ATTACKS' from Opp-Goldfish
2026-04-07 16:23:10,549 - engine - INFO - External will draw a card for turn
2026-04-07 16:23:10,550 - engine - INFO - Handling intent 'Action.PLAY_CARD' for priority event 'PlayerEvent.MAIN_PHASE_EMPTY_STACK' from External
2026-04-07 16:23:10,550 - engine - WARNING - Cards to play: Details are missing. NoOp instead!
2026-04-07 16:23:10,550 - engine - INFO - Handling intent 'Action.ATTACK' for priority event 'PlayerEvent.DECLARE_ATTACKS' from External
2026-04-07 16:23:10,550 - engine - WARNING - Turn 7/2: External is attacking!
2026-04-07 16:23:10,550 - engine - INFO - Opp-Goldfish will draw a card for turn
2026-04-07 16:23:10,550 - engine - INFO - Handling intent 'Action.PASS' for priority event 'PlayerEvent.MAIN_PHASE_EMPTY_STACK' from Opp-Goldfish
2026-04-07 16:23:10,550 - engine - INFO - Handling intent 'Action.PASS' for priority event 'PlayerEvent.DECLARE_ATTACKS' from Opp-Goldfish
2026-04-07 16:23:10,550 - engine - INFO - External will draw a card for turn
2026-04-07 16:23:10,551 - engine - INFO - Handling intent 'Action.PLAY_CARD' for priority event 'PlayerEvent.MAIN_PHASE_EMPTY_STACK' from External
2026-04-07 16:23:10,551 - engine - WARNING - Cards to play: Details are missing. NoOp instead!
2026-04-07 16:23:10,551 - engine - INFO - Handling intent 'Action.PASS' for priority event 'PlayerEvent.DECLARE_ATTACKS' from External
2026-04-07 16:23:10,551 - engine - INFO - Opp-Goldfish will draw a card for turn
2026-04-07 16:23:10,551 - engine - INFO - Handling intent 'Action.PASS' for priority event 'PlayerEvent.MAIN_PHASE_EMPTY_STACK' from Opp-Goldfish
2026-04-07 16:23:10,551 - engine - INFO - Handling intent 'Action.PASS' for priority event 'PlayerEvent.DECLARE_ATTACKS' from Opp-Goldfish
2026-04-07 16:23:10,551 - engine - INFO - External will draw a card for turn
2026-04-07 16:23:10,552 - engine - INFO - Handling intent 'Action.PLAY_CARD' for priority event 'PlayerEvent.MAIN_PHASE_EMPTY_STACK' from External
2026-04-07 16:23:10,552 - engine - WARNING - Cards to play: Details are missing. NoOp instead!
2026-04-07 16:23:10,552 - engine - INFO - Handling intent 'Action.ATTACK' for priority event 'PlayerEvent.DECLARE_ATTACKS' from External
2026-04-07 16:23:10,552 - engine - WARNING - Turn 11/2: External is attacking!
2026-04-07 16:23:10,552 - engine - INFO - Opp-Goldfish will draw a card for turn
2026-04-07 16:23:10,552 - engine - INFO - Handling intent 'Action.PASS' for priority event 'PlayerEvent.MAIN_PHASE_EMPTY_STACK' from Opp-Goldfish
2026-04-07 16:23:10,552 - engine - INFO - Handling intent 'Action.PASS' for priority event 'PlayerEvent.DECLARE_ATTACKS' from Opp-Goldfish
2026-04-07 16:23:10,553 - engine - INFO - External will draw a card for turn
2026-04-07 16:23:10,553 - engine - INFO - Handling intent 'Action.PASS' for priority event 'PlayerEvent.MAIN_PHASE_EMPTY_STACK' from External
2026-04-07 16:23:10,553 - engine - INFO - Handling intent 'Action.PASS' for priority event 'PlayerEvent.DECLARE_ATTACKS' from External
2026-04-07 16:23:10,553 - engine - INFO - Opp-Goldfish will draw a card for turn
2026-04-07 16:23:10,553 - engine - INFO - Handling intent 'Action.PASS' for priority event 'PlayerEvent.MAIN_PHASE_EMPTY_STACK' from Opp-Goldfish
2026-04-07 16:23:10,553 - engine - INFO - Handling intent 'Action.PASS' for priority event 'PlayerEvent.DECLARE_ATTACKS' from Opp-Goldfish
2026-04-07 16:23:10,553 - engine - INFO - External will draw a card for turn
2026-04-07 16:23:10,554 - engine - INFO - Handling intent 'Action.PLAY_CARD' for priority event 'PlayerEvent.MAIN_PHASE_EMPTY_STACK' from External
2026-04-07 16:23:10,554 - engine - WARNING - Cards to play: Details are missing. NoOp instead!
2026-04-07 16:23:10,554 - engine - INFO - Handling intent 'Action.ATTACK' for priority event 'PlayerEvent.DECLARE_ATTACKS' from External
2026-04-07 16:23:10,554 - engine - WARNING - Turn 15/2: External is attacking!
2026-04-07 16:23:10,554 - engine - INFO - Opp-Goldfish will draw a card for turn
2026-04-07 16:23:10,554 - engine - INFO - Handling intent 'Action.PASS' for priority event 'PlayerEvent.MAIN_PHASE_EMPTY_STACK' from Opp-Goldfish
2026-04-07 16:23:10,555 - engine - INFO - Handling intent 'Action.PASS' for priority event 'PlayerEvent.DECLARE_ATTACKS' from Opp-Goldfish
2026-04-07 16:23:10,555 - engine - INFO - External will draw a card for turn
2026-04-07 16:23:10,555 - engine - INFO - Handling intent 'Action.PASS' for priority event 'PlayerEvent.MAIN_PHASE_EMPTY_STACK' from External
2026-04-07 16:23:10,555 - engine - INFO - Handling intent 'Action.PASS' for priority event 'PlayerEvent.DECLARE_ATTACKS' from External
2026-04-07 16:23:10,555 - engine - INFO - Opp-Goldfish will draw a card for turn
2026-04-07 16:23:10,555 - engine - INFO - Handling intent 'Action.PASS' for priority event 'PlayerEvent.MAIN_PHASE_EMPTY_STACK' from Opp-Goldfish
2026-04-07 16:23:10,556 - engine - INFO - Handling intent 'Action.PASS' for priority event 'PlayerEvent.DECLARE_ATTACKS' from Opp-Goldfish
2026-04-07 16:23:10,556 - engine - INFO - External will draw a card for turn
2026-04-07 16:23:10,556 - engine - INFO - Handling intent 'Action.PLAY_CARD' for priority event 'PlayerEvent.MAIN_PHASE_EMPTY_STACK' from External
2026-04-07 16:23:10,556 - engine - WARNING - Cards to play: Details are missing. NoOp instead!
2026-04-07 16:23:10,556 - engine - INFO - Handling intent 'Action.PASS' for priority event 'PlayerEvent.DECLARE_ATTACKS' from External
2026-04-07 16:23:10,556 - engine - INFO - Opp-Goldfish will draw a card for turn
2026-04-07 16:23:10,556 - engine - INFO - Handling intent 'Action.PASS' for priority event 'PlayerEvent.MAIN_PHASE_EMPTY_STACK' from Opp-Goldfish
2026-04-07 16:23:10,557 - engine - INFO - Handling intent 'Action.PASS' for priority event 'PlayerEvent.DECLARE_ATTACKS' from Opp-Goldfish
2026-04-07 16:23:10,557 - engine - INFO - External will draw a card for turn
2026-04-07 16:23:10,557 - engine - WARNING - External died by drawing from an empty library.
2026-04-07 16:23:10,557 - engine - INFO - Game ended by death of player(s)
2026-04-07 16:23:10,557 - engine - INFO - Opp-Goldfish won by survival
2026-04-07 16:23:10,557 - engine - INFO - Setting up the new player Player1
2026-04-07 16:23:10,557 - engine - INFO - Setting up the new player Player2
2026-04-07 16:23:10,558 - engine - INFO - Handling intent 'Action.PASS' for priority event 'PlayerEvent.MAIN_PHASE_EMPTY_STACK' from Opp-Goldfish
2026-04-07 16:23:10,558 - engine - INFO - Handling intent 'Action.PASS' for priority event 'PlayerEvent.DECLARE_ATTACKS' from Opp-Goldfish
2026-04-07 16:23:10,558 - engine - INFO - External will draw a card for turn
2026-04-07 16:23:10,559 - engine - INFO - Handling intent 'Action.PASS' for priority event 'PlayerEvent.MAIN_PHASE_EMPTY_STACK' from External
2026-04-07 16:23:10,559 - engine - INFO - Handling intent 'Action.ATTACK' for priority event 'PlayerEvent.DECLARE_ATTACKS' from External
2026-04-07 16:23:10,559 - engine - WARNING - Turn 1/2: External is attacking!
2026-04-07 16:23:10,559 - engine - INFO - Opp-Goldfish will draw a card for turn
2026-04-07 16:23:10,559 - engine - INFO - Handling intent 'Action.PASS' for priority event 'PlayerEvent.MAIN_PHASE_EMPTY_STACK' from Opp-Goldfish
2026-04-07 16:23:10,559 - engine - INFO - Handling intent 'Action.PASS' for priority event 'PlayerEvent.DECLARE_ATTACKS' from Opp-Goldfish
2026-04-07 16:23:10,559 - engine - INFO - External will draw a card for turn
2026-04-07 16:23:10,560 - engine - INFO - Handling intent 'Action.PLAY_CARD' for priority event 'PlayerEvent.MAIN_PHASE_EMPTY_STACK' from External
2026-04-07 16:23:10,560 - engine - WARNING - Cards to play: Details are missing. NoOp instead!
2026-04-07 16:23:10,560 - engine - INFO - Handling intent 'Action.ATTACK' for priority event 'PlayerEvent.DECLARE_ATTACKS' from External
2026-04-07 16:23:10,560 - engine - WARNING - Turn 3/2: External is attacking!
2026-04-07 16:23:10,560 - engine - INFO - Opp-Goldfish will draw a card for turn
2026-04-07 16:23:10,560 - engine - INFO - Handling intent 'Action.PASS' for priority event 'PlayerEvent.MAIN_PHASE_EMPTY_STACK' from Opp-Goldfish
2026-04-07 16:23:10,560 - engine - INFO - Handling intent 'Action.PASS' for priority event 'PlayerEvent.DECLARE_ATTACKS' from Opp-Goldfish
2026-04-07 16:23:10,561 - engine - INFO - External will draw a card for turn
2026-04-07 16:23:10,561 - engine - INFO - Handling intent 'Action.PLAY_CARD' for priority event 'PlayerEvent.MAIN_PHASE_EMPTY_STACK' from External
2026-04-07 16:23:10,561 - engine - WARNING - Cards to play: Details are missing. NoOp instead!
2026-04-07 16:23:10,561 - engine - INFO - Handling intent 'Action.PASS' for priority event 'PlayerEvent.DECLARE_ATTACKS' from External
2026-04-07 16:23:10,561 - engine - INFO - Opp-Goldfish will draw a card for turn
2026-04-07 16:23:10,561 - engine - INFO - Handling intent 'Action.PASS' for priority event 'PlayerEvent.MAIN_PHASE_EMPTY_STACK' from Opp-Goldfish
2026-04-07 16:23:10,561 - engine - INFO - Handling intent 'Action.PASS' for priority event 'PlayerEvent.DECLARE_ATTACKS' from Opp-Goldfish
2026-04-07 16:23:10,561 - engine - INFO - External will draw a card for turn
2026-04-07 16:23:10,562 - engine - INFO - Handling intent 'Action.PLAY_CARD' for priority event 'PlayerEvent.MAIN_PHASE_EMPTY_STACK' from External
2026-04-07 16:23:10,562 - engine - WARNING - Cards to play: Details are missing. NoOp instead!
2026-04-07 16:23:10,562 - engine - INFO - Handling intent 'Action.ATTACK' for priority event 'PlayerEvent.DECLARE_ATTACKS' from External
2026-04-07 16:23:10,562 - engine - WARNING - Turn 7/2: External is attacking!
2026-04-07 16:23:10,562 - engine - INFO - Opp-Goldfish will draw a card for turn
2026-04-07 16:23:10,562 - engine - INFO - Handling intent 'Action.PASS' for priority event 'PlayerEvent.MAIN_PHASE_EMPTY_STACK' from Opp-Goldfish
2026-04-07 16:23:10,563 - engine - INFO - Handling intent 'Action.PASS' for priority event 'PlayerEvent.DECLARE_ATTACKS' from Opp-Goldfish
2026-04-07 16:23:10,563 - engine - INFO - External will draw a card for turn
2026-04-07 16:23:10,563 - engine - INFO - Handling intent 'Action.PLAY_CARD' for priority event 'PlayerEvent.MAIN_PHASE_EMPTY_STACK' from External
2026-04-07 16:23:10,563 - engine - WARNING - Cards to play: Details are missing. NoOp instead!
2026-04-07 16:23:10,563 - engine - INFO - Handling intent 'Action.PASS' for priority event 'PlayerEvent.DECLARE_ATTACKS' from External
2026-04-07 16:23:10,563 - engine - INFO - Opp-Goldfish will draw a card for turn
2026-04-07 16:23:10,563 - engine - INFO - Handling intent 'Action.PASS' for priority event 'PlayerEvent.MAIN_PHASE_EMPTY_STACK' from Opp-Goldfish
2026-04-07 16:23:10,564 - engine - INFO - Handling intent 'Action.PASS' for priority event 'PlayerEvent.DECLARE_ATTACKS' from Opp-Goldfish
2026-04-07 16:23:10,564 - engine - INFO - External will draw a card for turn
2026-04-07 16:23:10,564 - engine - INFO - Handling intent 'Action.PLAY_CARD' for priority event 'PlayerEvent.MAIN_PHASE_EMPTY_STACK' from External
2026-04-07 16:23:10,564 - engine - WARNING - Cards to play: Details are missing. NoOp instead!
2026-04-07 16:23:10,564 - engine - INFO - Handling intent 'Action.ATTACK' for priority event 'PlayerEvent.DECLARE_ATTACKS' from External
2026-04-07 16:23:10,564 - engine - WARNING - Turn 11/2: External is attacking!
2026-04-07 16:23:10,564 - engine - INFO - Opp-Goldfish will draw a card for turn
2026-04-07 16:23:10,564 - engine - INFO - Handling intent 'Action.PASS' for priority event 'PlayerEvent.MAIN_PHASE_EMPTY_STACK' from Opp-Goldfish
2026-04-07 16:23:10,565 - engine - INFO - Handling intent 'Action.PASS' for priority event 'PlayerEvent.DECLARE_ATTACKS' from Opp-Goldfish
2026-04-07 16:23:10,565 - engine - INFO - External will draw a card for turn
2026-04-07 16:23:10,565 - engine - INFO - Handling intent 'Action.PLAY_CARD' for priority event 'PlayerEvent.MAIN_PHASE_EMPTY_STACK' from External
2026-04-07 16:23:10,565 - engine - WARNING - Cards to play: Details are missing. NoOp instead!
2026-04-07 16:23:10,565 - engine - INFO - Handling intent 'Action.PASS' for priority event 'PlayerEvent.DECLARE_ATTACKS' from External
2026-04-07 16:23:10,565 - engine - INFO - Opp-Goldfish will draw a card for turn
2026-04-07 16:23:10,566 - engine - INFO - Handling intent 'Action.PASS' for priority event 'PlayerEvent.MAIN_PHASE_EMPTY_STACK' from Opp-Goldfish
2026-04-07 16:23:10,566 - engine - INFO - Handling intent 'Action.PASS' for priority event 'PlayerEvent.DECLARE_ATTACKS' from Opp-Goldfish
2026-04-07 16:23:10,566 - engine - INFO - External will draw a card for turn
2026-04-07 16:23:10,567 - engine - INFO - Handling intent 'Action.PASS' for priority event 'PlayerEvent.MAIN_PHASE_EMPTY_STACK' from External
2026-04-07 16:23:10,567 - engine - INFO - Handling intent 'Action.ATTACK' for priority event 'PlayerEvent.DECLARE_ATTACKS' from External
2026-04-07 16:23:10,567 - engine - WARNING - Turn 15/2: External is attacking!
2026-04-07 16:23:10,567 - engine - WARNING - Opp-Goldfish died by having 0 or less life.
2026-04-07 16:23:10,567 - engine - INFO - Game ended by death of player(s)
2026-04-07 16:23:10,567 - engine - INFO - External won by survival
2026-04-07 16:23:10,568 - engine - INFO - Setting up the new player Player1
2026-04-07 16:23:10,568 - engine - INFO - Setting up the new player Player2
2026-04-07 16:23:10,569 - engine - INFO - Handling intent 'Action.PASS' for priority event 'PlayerEvent.MAIN_PHASE_EMPTY_STACK' from Opp-Goldfish
2026-04-07 16:23:10,569 - engine - INFO - Handling intent 'Action.PASS' for priority event 'PlayerEvent.DECLARE_ATTACKS' from Opp-Goldfish
2026-04-07 16:23:10,569 - engine - INFO - External will draw a card for turn
2026-04-07 16:23:10,569 - engine - INFO - Handling intent 'Action.PLAY_CARD' for priority event 'PlayerEvent.MAIN_PHASE_EMPTY_STACK' from External
2026-04-07 16:23:10,569 - engine - WARNING - Cards to play: Details are missing. NoOp instead!
2026-04-07 16:23:10,569 - engine - INFO - Handling intent 'Action.PASS' for priority event 'PlayerEvent.DECLARE_ATTACKS' from External
2026-04-07 16:23:10,569 - engine - INFO - Opp-Goldfish will draw a card for turn
2026-04-07 16:23:10,570 - engine - INFO - Handling intent 'Action.PASS' for priority event 'PlayerEvent.MAIN_PHASE_EMPTY_STACK' from Opp-Goldfish
2026-04-07 16:23:10,570 - engine - INFO - Handling intent 'Action.PASS' for priority event 'PlayerEvent.DECLARE_ATTACKS' from Opp-Goldfish
2026-04-07 16:23:10,570 - engine - INFO - External will draw a card for turn
2026-04-07 16:23:10,570 - engine - INFO - Handling intent 'Action.PLAY_CARD' for priority event 'PlayerEvent.MAIN_PHASE_EMPTY_STACK' from External
2026-04-07 16:23:10,570 - engine - WARNING - Cards to play: Details are missing. NoOp instead!
2026-04-07 16:23:10,570 - engine - INFO - Handling intent 'Action.PASS' for priority event 'PlayerEvent.DECLARE_ATTACKS' from External
2026-04-07 16:23:10,570 - engine - INFO - Opp-Goldfish will draw a card for turn
2026-04-07 16:23:10,570 - engine - INFO - Handling intent 'Action.PASS' for priority event 'PlayerEvent.MAIN_PHASE_EMPTY_STACK' from Opp-Goldfish
2026-04-07 16:23:10,571 - engine - INFO - Handling intent 'Action.PASS' for priority event 'PlayerEvent.DECLARE_ATTACKS' from Opp-Goldfish
2026-04-07 16:23:10,571 - engine - INFO - External will draw a card for turn
2026-04-07 16:23:10,571 - engine - INFO - Handling intent 'Action.PASS' for priority event 'PlayerEvent.MAIN_PHASE_EMPTY_STACK' from External
2026-04-07 16:23:10,571 - engine - INFO - Handling intent 'Action.ATTACK' for priority event 'PlayerEvent.DECLARE_ATTACKS' from External
2026-04-07 16:23:10,571 - engine - WARNING - Turn 5/2: External is attacking!
2026-04-07 16:23:10,571 - engine - INFO - Opp-Goldfish will draw a card for turn
2026-04-07 16:23:10,571 - engine - INFO - Handling intent 'Action.PASS' for priority event 'PlayerEvent.MAIN_PHASE_EMPTY_STACK' from Opp-Goldfish
2026-04-07 16:23:10,571 - engine - INFO - Handling intent 'Action.PASS' for priority event 'PlayerEvent.DECLARE_ATTACKS' from Opp-Goldfish
2026-04-07 16:23:10,572 - engine - INFO - External will draw a card for turn
2026-04-07 16:23:10,572 - engine - INFO - Handling intent 'Action.PASS' for priority event 'PlayerEvent.MAIN_PHASE_EMPTY_STACK' from External
2026-04-07 16:23:10,572 - engine - INFO - Handling intent 'Action.PASS' for priority event 'PlayerEvent.DECLARE_ATTACKS' from External
2026-04-07 16:23:10,572 - engine - INFO - Opp-Goldfish will draw a card for turn
2026-04-07 16:23:10,572 - engine - INFO - Handling intent 'Action.PASS' for priority event 'PlayerEvent.MAIN_PHASE_EMPTY_STACK' from Opp-Goldfish
2026-04-07 16:23:10,572 - engine - INFO - Handling intent 'Action.PASS' for priority event 'PlayerEvent.DECLARE_ATTACKS' from Opp-Goldfish
2026-04-07 16:23:10,572 - engine - INFO - External will draw a card for turn
2026-04-07 16:23:10,573 - engine - INFO - Handling intent 'Action.PLAY_CARD' for priority event 'PlayerEvent.MAIN_PHASE_EMPTY_STACK' from External
2026-04-07 16:23:10,573 - engine - WARNING - Cards to play: Details are missing. NoOp instead!
2026-04-07 16:23:10,573 - engine - INFO - Handling intent 'Action.ATTACK' for priority event 'PlayerEvent.DECLARE_ATTACKS' from External
2026-04-07 16:23:10,573 - engine - WARNING - Turn 9/2: External is attacking!
2026-04-07 16:23:10,573 - engine - INFO - Opp-Goldfish will draw a card for turn
2026-04-07 16:23:10,573 - engine - INFO - Handling intent 'Action.PASS' for priority event 'PlayerEvent.MAIN_PHASE_EMPTY_STACK' from Opp-Goldfish
2026-04-07 16:23:10,573 - engine - INFO - Handling intent 'Action.PASS' for priority event 'PlayerEvent.DECLARE_ATTACKS' from Opp-Goldfish
2026-04-07 16:23:10,573 - engine - INFO - External will draw a card for turn
2026-04-07 16:23:10,574 - engine - INFO - Handling intent 'Action.PASS' for priority event 'PlayerEvent.MAIN_PHASE_EMPTY_STACK' from External
2026-04-07 16:23:10,574 - engine - INFO - Handling intent 'Action.ATTACK' for priority event 'PlayerEvent.DECLARE_ATTACKS' from External
2026-04-07 16:23:10,574 - engine - WARNING - Turn 11/2: External is attacking!
2026-04-07 16:23:10,574 - engine - INFO - Opp-Goldfish will draw a card for turn
2026-04-07 16:23:10,574 - engine - INFO - Handling intent 'Action.PASS' for priority event 'PlayerEvent.MAIN_PHASE_EMPTY_STACK' from Opp-Goldfish
2026-04-07 16:23:10,574 - engine - INFO - Handling intent 'Action.PASS' for priority event 'PlayerEvent.DECLARE_ATTACKS' from Opp-Goldfish
2026-04-07 16:23:10,574 - engine - INFO - External will draw a card for turn
2026-04-07 16:23:10,575 - engine - INFO - Handling intent 'Action.PLAY_CARD' for priority event 'PlayerEvent.MAIN_PHASE_EMPTY_STACK' from External
2026-04-07 16:23:10,575 - engine - WARNING - Cards to play: Details are missing. NoOp instead!
2026-04-07 16:23:10,575 - engine - INFO - Handling intent 'Action.ATTACK' for priority event 'PlayerEvent.DECLARE_ATTACKS' from External
2026-04-07 16:23:10,575 - engine - WARNING - Turn 13/2: External is attacking!
2026-04-07 16:23:10,575 - engine - INFO - Opp-Goldfish will draw a card for turn
2026-04-07 16:23:10,575 - engine - INFO - Handling intent 'Action.PASS' for priority event 'PlayerEvent.MAIN_PHASE_EMPTY_STACK' from Opp-Goldfish
2026-04-07 16:23:10,575 - engine - INFO - Handling intent 'Action.PASS' for priority event 'PlayerEvent.DECLARE_ATTACKS' from Opp-Goldfish
2026-04-07 16:23:10,575 - engine - INFO - External will draw a card for turn
2026-04-07 16:23:10,576 - engine - INFO - Handling intent 'Action.PLAY_CARD' for priority event 'PlayerEvent.MAIN_PHASE_EMPTY_STACK' from External
2026-04-07 16:23:10,576 - engine - WARNING - Cards to play: Details are missing. NoOp instead!
2026-04-07 16:23:10,576 - engine - INFO - Handling intent 'Action.PASS' for priority event 'PlayerEvent.DECLARE_ATTACKS' from External
2026-04-07 16:23:10,576 - engine - INFO - Opp-Goldfish will draw a card for turn
2026-04-07 16:23:10,576 - engine - INFO - Handling intent 'Action.PASS' for priority event 'PlayerEvent.MAIN_PHASE_EMPTY_STACK' from Opp-Goldfish
2026-04-07 16:23:10,576 - engine - INFO - Handling intent 'Action.PASS' for priority event 'PlayerEvent.DECLARE_ATTACKS' from Opp-Goldfish
2026-04-07 16:23:10,576 - engine - INFO - External will draw a card for turn
2026-04-07 16:23:10,577 - engine - INFO - Handling intent 'Action.PLAY_CARD' for priority event 'PlayerEvent.MAIN_PHASE_EMPTY_STACK' from External
2026-04-07 16:23:10,577 - engine - WARNING - Cards to play: Details are missing. NoOp instead!
2026-04-07 16:23:10,577 - engine - INFO - Handling intent 'Action.PASS' for priority event 'PlayerEvent.DECLARE_ATTACKS' from External
2026-04-07 16:23:10,577 - engine - INFO - Opp-Goldfish will draw a card for turn
2026-04-07 16:23:10,577 - engine - INFO - Handling intent 'Action.PASS' for priority event 'PlayerEvent.MAIN_PHASE_EMPTY_STACK' from Opp-Goldfish
2026-04-07 16:23:10,577 - engine - INFO - Handling intent 'Action.PASS' for priority event 'PlayerEvent.DECLARE_ATTACKS' from Opp-Goldfish
2026-04-07 16:23:10,577 - engine - INFO - External will draw a card for turn
2026-04-07 16:23:10,578 - engine - INFO - Handling intent 'Action.PLAY_CARD' for priority event 'PlayerEvent.MAIN_PHASE_EMPTY_STACK' from External
2026-04-07 16:23:10,578 - engine - WARNING - Cards to play: Details are missing. NoOp instead!
2026-04-07 16:23:10,578 - engine - INFO - Handling intent 'Action.PASS' for priority event 'PlayerEvent.DECLARE_ATTACKS' from External
2026-04-07 16:23:10,578 - engine - INFO - Opp-Goldfish will draw a card for turn
2026-04-07 16:23:10,578 - engine - INFO - Handling intent 'Action.PASS' for priority event 'PlayerEvent.MAIN_PHASE_EMPTY_STACK' from Opp-Goldfish
2026-04-07 16:23:10,579 - engine - INFO - Handling intent 'Action.PASS' for priority event 'PlayerEvent.DECLARE_ATTACKS' from Opp-Goldfish
2026-04-07 16:23:10,579 - engine - INFO - External will draw a card for turn
2026-04-07 16:23:10,579 - engine - WARNING - External died by drawing from an empty library.
2026-04-07 16:23:10,579 - engine - INFO - Game ended by death of player(s)
2026-04-07 16:23:10,579 - engine - INFO - Opp-Goldfish won by survival
2026-04-07 16:23:10,579 - engine - INFO - Setting up the new player Player1
2026-04-07 16:23:10,579 - engine - INFO - Setting up the new player Player2
2026-04-07 16:23:10,581 - engine - INFO - Handling intent 'Action.PASS' for priority event 'PlayerEvent.MAIN_PHASE_EMPTY_STACK' from Opp-Goldfish
2026-04-07 16:23:10,581 - engine - INFO - Handling intent 'Action.PASS' for priority event 'PlayerEvent.DECLARE_ATTACKS' from Opp-Goldfish
2026-04-07 16:23:10,581 - engine - INFO - External will draw a card for turn
2026-04-07 16:23:10,581 - engine - INFO - Handling intent 'Action.PASS' for priority event 'PlayerEvent.MAIN_PHASE_EMPTY_STACK' from External
2026-04-07 16:23:10,581 - engine - INFO - Handling intent 'Action.ATTACK' for priority event 'PlayerEvent.DECLARE_ATTACKS' from External
2026-04-07 16:23:10,581 - engine - WARNING - Turn 1/2: External is attacking!
2026-04-07 16:23:10,581 - engine - INFO - Opp-Goldfish will draw a card for turn
2026-04-07 16:23:10,582 - engine - INFO - Handling intent 'Action.PASS' for priority event 'PlayerEvent.MAIN_PHASE_EMPTY_STACK' from Opp-Goldfish
2026-04-07 16:23:10,582 - engine - INFO - Handling intent 'Action.PASS' for priority event 'PlayerEvent.DECLARE_ATTACKS' from Opp-Goldfish
2026-04-07 16:23:10,582 - engine - INFO - External will draw a card for turn
2026-04-07 16:23:10,582 - engine - INFO - Handling intent 'Action.PLAY_CARD' for priority event 'PlayerEvent.MAIN_PHASE_EMPTY_STACK' from External
2026-04-07 16:23:10,582 - engine - WARNING - Cards to play: Details are missing. NoOp instead!
2026-04-07 16:23:10,583 - engine - INFO - Handling intent 'Action.ATTACK' for priority event 'PlayerEvent.DECLARE_ATTACKS' from External
2026-04-07 16:23:10,583 - engine - WARNING - Turn 3/2: External is attacking!
2026-04-07 16:23:10,583 - engine - INFO - Opp-Goldfish will draw a card for turn
2026-04-07 16:23:10,583 - engine - INFO - Handling intent 'Action.PASS' for priority event 'PlayerEvent.MAIN_PHASE_EMPTY_STACK' from Opp-Goldfish
2026-04-07 16:23:10,583 - engine - INFO - Handling intent 'Action.PASS' for priority event 'PlayerEvent.DECLARE_ATTACKS' from Opp-Goldfish
2026-04-07 16:23:10,583 - engine - INFO - External will draw a card for turn
2026-04-07 16:23:10,584 - engine - INFO - Handling intent 'Action.PASS' for priority event 'PlayerEvent.MAIN_PHASE_EMPTY_STACK' from External
2026-04-07 16:23:10,584 - engine - INFO - Handling intent 'Action.PASS' for priority event 'PlayerEvent.DECLARE_ATTACKS' from External
2026-04-07 16:23:10,584 - engine - INFO - Opp-Goldfish will draw a card for turn
2026-04-07 16:23:10,584 - engine - INFO - Handling intent 'Action.PASS' for priority event 'PlayerEvent.MAIN_PHASE_EMPTY_STACK' from Opp-Goldfish
2026-04-07 16:23:10,584 - engine - INFO - Handling intent 'Action.PASS' for priority event 'PlayerEvent.DECLARE_ATTACKS' from Opp-Goldfish
2026-04-07 16:23:10,584 - engine - INFO - External will draw a card for turn
2026-04-07 16:23:10,585 - engine - INFO - Handling intent 'Action.PASS' for priority event 'PlayerEvent.MAIN_PHASE_EMPTY_STACK' from External
2026-04-07 16:23:10,585 - engine - INFO - Handling intent 'Action.PASS' for priority event 'PlayerEvent.DECLARE_ATTACKS' from External
2026-04-07 16:23:10,585 - engine - INFO - Opp-Goldfish will draw a card for turn
2026-04-07 16:23:10,585 - engine - INFO - Handling intent 'Action.PASS' for priority event 'PlayerEvent.MAIN_PHASE_EMPTY_STACK' from Opp-Goldfish
2026-04-07 16:23:10,585 - engine - INFO - Handling intent 'Action.PASS' for priority event 'PlayerEvent.DECLARE_ATTACKS' from Opp-Goldfish
2026-04-07 16:23:10,585 - engine - INFO - External will draw a card for turn
2026-04-07 16:23:10,586 - engine - INFO - Handling intent 'Action.PLAY_CARD' for priority event 'PlayerEvent.MAIN_PHASE_EMPTY_STACK' from External
2026-04-07 16:23:10,586 - engine - WARNING - Cards to play: Details are missing. NoOp instead!
2026-04-07 16:23:10,586 - engine - INFO - Handling intent 'Action.PASS' for priority event 'PlayerEvent.DECLARE_ATTACKS' from External
2026-04-07 16:23:10,586 - engine - INFO - Opp-Goldfish will draw a card for turn
2026-04-07 16:23:10,586 - engine - INFO - Handling intent 'Action.PASS' for priority event 'PlayerEvent.MAIN_PHASE_EMPTY_STACK' from Opp-Goldfish
2026-04-07 16:23:10,586 - engine - INFO - Handling intent 'Action.PASS' for priority event 'PlayerEvent.DECLARE_ATTACKS' from Opp-Goldfish
2026-04-07 16:23:10,586 - engine - INFO - External will draw a card for turn
2026-04-07 16:23:10,586 - engine - INFO - Handling intent 'Action.PASS' for priority event 'PlayerEvent.MAIN_PHASE_EMPTY_STACK' from External
2026-04-07 16:23:10,587 - engine - INFO - Handling intent 'Action.ATTACK' for priority event 'PlayerEvent.DECLARE_ATTACKS' from External
2026-04-07 16:23:10,587 - engine - WARNING - Turn 11/2: External is attacking!
2026-04-07 16:23:10,587 - engine - INFO - Opp-Goldfish will draw a card for turn
2026-04-07 16:23:10,587 - engine - INFO - Handling intent 'Action.PASS' for priority event 'PlayerEvent.MAIN_PHASE_EMPTY_STACK' from Opp-Goldfish
2026-04-07 16:23:10,587 - engine - INFO - Handling intent 'Action.PASS' for priority event 'PlayerEvent.DECLARE_ATTACKS' from Opp-Goldfish
2026-04-07 16:23:10,587 - engine - INFO - External will draw a card for turn
2026-04-07 16:23:10,588 - engine - INFO - Handling intent 'Action.PASS' for priority event 'PlayerEvent.MAIN_PHASE_EMPTY_STACK' from External
2026-04-07 16:23:10,588 - engine - INFO - Handling intent 'Action.PASS' for priority event 'PlayerEvent.DECLARE_ATTACKS' from External
2026-04-07 16:23:10,588 - engine - INFO - Opp-Goldfish will draw a card for turn
2026-04-07 16:23:10,588 - engine - INFO - Handling intent 'Action.PASS' for priority event 'PlayerEvent.MAIN_PHASE_EMPTY_STACK' from Opp-Goldfish
2026-04-07 16:23:10,588 - engine - INFO - Handling intent 'Action.PASS' for priority event 'PlayerEvent.DECLARE_ATTACKS' from Opp-Goldfish
2026-04-07 16:23:10,588 - engine - INFO - External will draw a card for turn
2026-04-07 16:23:10,589 - engine - INFO - Handling intent 'Action.PLAY_CARD' for priority event 'PlayerEvent.MAIN_PHASE_EMPTY_STACK' from External
2026-04-07 16:23:10,589 - engine - WARNING - Cards to play: Details are missing. NoOp instead!
2026-04-07 16:23:10,589 - engine - INFO - Handling intent 'Action.ATTACK' for priority event 'PlayerEvent.DECLARE_ATTACKS' from External
2026-04-07 16:23:10,589 - engine - WARNING - Turn 15/2: External is attacking!
2026-04-07 16:23:10,589 - engine - INFO - Opp-Goldfish will draw a card for turn
2026-04-07 16:23:10,589 - engine - INFO - Handling intent 'Action.PASS' for priority event 'PlayerEvent.MAIN_PHASE_EMPTY_STACK' from Opp-Goldfish
2026-04-07 16:23:10,589 - engine - INFO - Handling intent 'Action.PASS' for priority event 'PlayerEvent.DECLARE_ATTACKS' from Opp-Goldfish
2026-04-07 16:23:10,589 - engine - INFO - External will draw a card for turn
2026-04-07 16:23:10,590 - engine - INFO - Handling intent 'Action.PLAY_CARD' for priority event 'PlayerEvent.MAIN_PHASE_EMPTY_STACK' from External
2026-04-07 16:23:10,590 - engine - WARNING - Cards to play: Details are missing. NoOp instead!
2026-04-07 16:23:10,590 - engine - INFO - Handling intent 'Action.PASS' for priority event 'PlayerEvent.DECLARE_ATTACKS' from External
2026-04-07 16:23:10,590 - engine - INFO - Opp-Goldfish will draw a card for turn
2026-04-07 16:23:10,591 - engine - INFO - Handling intent 'Action.PASS' for priority event 'PlayerEvent.MAIN_PHASE_EMPTY_STACK' from Opp-Goldfish
2026-04-07 16:23:10,591 - engine - INFO - Handling intent 'Action.PASS' for priority event 'PlayerEvent.DECLARE_ATTACKS' from Opp-Goldfish
2026-04-07 16:23:10,591 - engine - INFO - External will draw a card for turn
2026-04-07 16:23:10,591 - engine - INFO - Handling intent 'Action.PASS' for priority event 'PlayerEvent.MAIN_PHASE_EMPTY_STACK' from External
2026-04-07 16:23:10,592 - engine - INFO - Handling intent 'Action.PASS' for priority event 'PlayerEvent.DECLARE_ATTACKS' from External
2026-04-07 16:23:10,592 - engine - INFO - Opp-Goldfish will draw a card for turn
2026-04-07 16:23:10,592 - engine - INFO - Handling intent 'Action.PASS' for priority event 'PlayerEvent.MAIN_PHASE_EMPTY_STACK' from Opp-Goldfish
2026-04-07 16:23:10,592 - engine - INFO - Handling intent 'Action.PASS' for priority event 'PlayerEvent.DECLARE_ATTACKS' from Opp-Goldfish
2026-04-07 16:23:10,592 - engine - INFO - External will draw a card for turn
2026-04-07 16:23:10,592 - engine - WARNING - External died by drawing from an empty library.
2026-04-07 16:23:10,592 - engine - INFO - Game ended by death of player(s)
2026-04-07 16:23:10,592 - engine - INFO - Opp-Goldfish won by survival
2026-04-07 16:23:10,592 - engine - INFO - Setting up the new player Player1
2026-04-07 16:23:10,593 - engine - INFO - Setting up the new player Player2
2026-04-07 16:23:10,593 - engine - INFO - Handling intent 'Action.PASS' for priority event 'PlayerEvent.MAIN_PHASE_EMPTY_STACK' from Opp-Goldfish
2026-04-07 16:23:10,594 - engine - INFO - Handling intent 'Action.PASS' for priority event 'PlayerEvent.DECLARE_ATTACKS' from Opp-Goldfish
2026-04-07 16:23:10,594 - engine - INFO - External will draw a card for turn
2026-04-07 16:23:10,594 - engine - INFO - Handling intent 'Action.PLAY_CARD' for priority event 'PlayerEvent.MAIN_PHASE_EMPTY_STACK' from External
2026-04-07 16:23:10,594 - engine - WARNING - Cards to play: Details are missing. NoOp instead!
2026-04-07 16:23:10,594 - engine - INFO - Handling intent 'Action.PASS' for priority event 'PlayerEvent.DECLARE_ATTACKS' from External
2026-04-07 16:23:10,594 - engine - INFO - Opp-Goldfish will draw a card for turn
2026-04-07 16:23:10,595 - engine - INFO - Handling intent 'Action.PASS' for priority event 'PlayerEvent.MAIN_PHASE_EMPTY_STACK' from Opp-Goldfish
2026-04-07 16:23:10,595 - engine - INFO - Handling intent 'Action.PASS' for priority event 'PlayerEvent.DECLARE_ATTACKS' from Opp-Goldfish
2026-04-07 16:23:10,595 - engine - INFO - External will draw a card for turn
2026-04-07 16:23:10,595 - engine - INFO - Handling intent 'Action.PASS' for priority event 'PlayerEvent.MAIN_PHASE_EMPTY_STACK' from External
2026-04-07 16:23:10,595 - engine - INFO - Handling intent 'Action.PASS' for priority event 'PlayerEvent.DECLARE_ATTACKS' from External
2026-04-07 16:23:10,596 - engine - INFO - Opp-Goldfish will draw a card for turn
2026-04-07 16:23:10,596 - engine - INFO - Handling intent 'Action.PASS' for priority event 'PlayerEvent.MAIN_PHASE_EMPTY_STACK' from Opp-Goldfish
2026-04-07 16:23:10,596 - engine - INFO - Handling intent 'Action.PASS' for priority event 'PlayerEvent.DECLARE_ATTACKS' from Opp-Goldfish
2026-04-07 16:23:10,596 - engine - INFO - External will draw a card for turn
2026-04-07 16:23:10,596 - engine - INFO - Handling intent 'Action.PASS' for priority event 'PlayerEvent.MAIN_PHASE_EMPTY_STACK' from External
2026-04-07 16:23:10,597 - engine - INFO - Handling intent 'Action.ATTACK' for priority event 'PlayerEvent.DECLARE_ATTACKS' from External
2026-04-07 16:23:10,597 - engine - WARNING - Turn 5/2: External is attacking!
2026-04-07 16:23:10,597 - engine - INFO - Opp-Goldfish will draw a card for turn
2026-04-07 16:23:10,597 - engine - INFO - Handling intent 'Action.PASS' for priority event 'PlayerEvent.MAIN_PHASE_EMPTY_STACK' from Opp-Goldfish
2026-04-07 16:23:10,597 - engine - INFO - Handling intent 'Action.PASS' for priority event 'PlayerEvent.DECLARE_ATTACKS' from Opp-Goldfish
2026-04-07 16:23:10,597 - engine - INFO - External will draw a card for turn
2026-04-07 16:23:10,598 - engine - INFO - Handling intent 'Action.PLAY_CARD' for priority event 'PlayerEvent.MAIN_PHASE_EMPTY_STACK' from External
2026-04-07 16:23:10,598 - engine - WARNING - Cards to play: Details are missing. NoOp instead!
2026-04-07 16:23:10,598 - engine - INFO - Handling intent 'Action.PASS' for priority event 'PlayerEvent.DECLARE_ATTACKS' from External
2026-04-07 16:23:10,598 - engine - INFO - Opp-Goldfish will draw a card for turn
2026-04-07 16:23:10,598 - engine - INFO - Handling intent 'Action.PASS' for priority event 'PlayerEvent.MAIN_PHASE_EMPTY_STACK' from Opp-Goldfish
2026-04-07 16:23:10,598 - engine - INFO - Handling intent 'Action.PASS' for priority event 'PlayerEvent.DECLARE_ATTACKS' from Opp-Goldfish
2026-04-07 16:23:10,598 - engine - INFO - External will draw a card for turn
2026-04-07 16:23:10,599 - engine - INFO - Handling intent 'Action.PLAY_CARD' for priority event 'PlayerEvent.MAIN_PHASE_EMPTY_STACK' from External
2026-04-07 16:23:10,599 - engine - WARNING - Cards to play: Details are missing. NoOp instead!
2026-04-07 16:23:10,599 - engine - INFO - Handling intent 'Action.ATTACK' for priority event 'PlayerEvent.DECLARE_ATTACKS' from External
2026-04-07 16:23:10,599 - engine - WARNING - Turn 9/2: External is attacking!
2026-04-07 16:23:10,599 - engine - INFO - Opp-Goldfish will draw a card for turn
2026-04-07 16:23:10,600 - engine - INFO - Handling intent 'Action.PASS' for priority event 'PlayerEvent.MAIN_PHASE_EMPTY_STACK' from Opp-Goldfish
2026-04-07 16:23:10,600 - engine - INFO - Handling intent 'Action.PASS' for priority event 'PlayerEvent.DECLARE_ATTACKS' from Opp-Goldfish
2026-04-07 16:23:10,600 - engine - INFO - External will draw a card for turn
2026-04-07 16:23:10,600 - engine - INFO - Handling intent 'Action.PASS' for priority event 'PlayerEvent.MAIN_PHASE_EMPTY_STACK' from External
2026-04-07 16:23:10,600 - engine - INFO - Handling intent 'Action.ATTACK' for priority event 'PlayerEvent.DECLARE_ATTACKS' from External
2026-04-07 16:23:10,600 - engine - WARNING - Turn 11/2: External is attacking!
2026-04-07 16:23:10,600 - engine - INFO - Opp-Goldfish will draw a card for turn
2026-04-07 16:23:10,600 - engine - INFO - Handling intent 'Action.PASS' for priority event 'PlayerEvent.MAIN_PHASE_EMPTY_STACK' from Opp-Goldfish
2026-04-07 16:23:10,601 - engine - INFO - Handling intent 'Action.PASS' for priority event 'PlayerEvent.DECLARE_ATTACKS' from Opp-Goldfish
2026-04-07 16:23:10,601 - engine - INFO - External will draw a card for turn
2026-04-07 16:23:10,601 - engine - INFO - Handling intent 'Action.PLAY_CARD' for priority event 'PlayerEvent.MAIN_PHASE_EMPTY_STACK' from External
2026-04-07 16:23:10,601 - engine - WARNING - Cards to play: Details are missing. NoOp instead!
2026-04-07 16:23:10,601 - engine - INFO - Handling intent 'Action.PASS' for priority event 'PlayerEvent.DECLARE_ATTACKS' from External
2026-04-07 16:23:10,601 - engine - INFO - Opp-Goldfish will draw a card for turn
2026-04-07 16:23:10,602 - engine - INFO - Handling intent 'Action.PASS' for priority event 'PlayerEvent.MAIN_PHASE_EMPTY_STACK' from Opp-Goldfish
2026-04-07 16:23:10,602 - engine - INFO - Handling intent 'Action.PASS' for priority event 'PlayerEvent.DECLARE_ATTACKS' from Opp-Goldfish
2026-04-07 16:23:10,602 - engine - INFO - External will draw a card for turn
2026-04-07 16:23:10,602 - engine - INFO - Handling intent 'Action.PLAY_CARD' for priority event 'PlayerEvent.MAIN_PHASE_EMPTY_STACK' from External
2026-04-07 16:23:10,602 - engine - WARNING - Cards to play: Details are missing. NoOp instead!
2026-04-07 16:23:10,602 - engine - INFO - Handling intent 'Action.PASS' for priority event 'PlayerEvent.DECLARE_ATTACKS' from External
2026-04-07 16:23:10,602 - engine - INFO - Opp-Goldfish will draw a card for turn
2026-04-07 16:23:10,603 - engine - INFO - Handling intent 'Action.PASS' for priority event 'PlayerEvent.MAIN_PHASE_EMPTY_STACK' from Opp-Goldfish
2026-04-07 16:23:10,603 - engine - INFO - Handling intent 'Action.PASS' for priority event 'PlayerEvent.DECLARE_ATTACKS' from Opp-Goldfish
2026-04-07 16:23:10,603 - engine - INFO - External will draw a card for turn
2026-04-07 16:23:10,603 - engine - INFO - Handling intent 'Action.PLAY_CARD' for priority event 'PlayerEvent.MAIN_PHASE_EMPTY_STACK' from External
2026-04-07 16:23:10,603 - engine - WARNING - Cards to play: Details are missing. NoOp instead!
2026-04-07 16:23:10,603 - engine - INFO - Handling intent 'Action.ATTACK' for priority event 'PlayerEvent.DECLARE_ATTACKS' from External
2026-04-07 16:23:10,604 - engine - WARNING - Turn 17/2: External is attacking!
2026-04-07 16:23:10,604 - engine - INFO - Opp-Goldfish will draw a card for turn
2026-04-07 16:23:10,604 - engine - INFO - Handling intent 'Action.PASS' for priority event 'PlayerEvent.MAIN_PHASE_EMPTY_STACK' from Opp-Goldfish
2026-04-07 16:23:10,604 - engine - INFO - Handling intent 'Action.PASS' for priority event 'PlayerEvent.DECLARE_ATTACKS' from Opp-Goldfish
2026-04-07 16:23:10,604 - engine - INFO - External will draw a card for turn
2026-04-07 16:23:10,604 - engine - INFO - Handling intent 'Action.PASS' for priority event 'PlayerEvent.MAIN_PHASE_EMPTY_STACK' from External
2026-04-07 16:23:10,605 - engine - INFO - Handling intent 'Action.ATTACK' for priority event 'PlayerEvent.DECLARE_ATTACKS' from External
2026-04-07 16:23:10,605 - engine - WARNING - Turn 19/2: External is attacking!
2026-04-07 16:23:10,605 - engine - WARNING - Opp-Goldfish died by having 0 or less life.
2026-04-07 16:23:10,605 - engine - INFO - Game ended by death of player(s)
2026-04-07 16:23:10,605 - engine - INFO - External won by survival
2026-04-07 16:23:10,605 - engine - INFO - Setting up the new player Player1
2026-04-07 16:23:10,605 - engine - INFO - Setting up the new player Player2
2026-04-07 16:23:10,606 - engine - INFO - Handling intent 'Action.PASS' for priority event 'PlayerEvent.MAIN_PHASE_EMPTY_STACK' from Opp-Goldfish
2026-04-07 16:23:10,607 - engine - INFO - Handling intent 'Action.PASS' for priority event 'PlayerEvent.DECLARE_ATTACKS' from Opp-Goldfish
2026-04-07 16:23:10,607 - engine - INFO - External will draw a card for turn
2026-04-07 16:23:10,607 - engine - INFO - Handling intent 'Action.PLAY_CARD' for priority event 'PlayerEvent.MAIN_PHASE_EMPTY_STACK' from External
2026-04-07 16:23:10,607 - engine - WARNING - Cards to play: Details are missing. NoOp instead!
2026-04-07 16:23:10,607 - engine - INFO - Handling intent 'Action.ATTACK' for priority event 'PlayerEvent.DECLARE_ATTACKS' from External
2026-04-07 16:23:10,607 - engine - WARNING - Turn 1/2: External is attacking!
2026-04-07 16:23:10,607 - engine - INFO - Opp-Goldfish will draw a card for turn
2026-04-07 16:23:10,607 - engine - INFO - Handling intent 'Action.PASS' for priority event 'PlayerEvent.MAIN_PHASE_EMPTY_STACK' from Opp-Goldfish
2026-04-07 16:23:10,607 - engine - INFO - Handling intent 'Action.PASS' for priority event 'PlayerEvent.DECLARE_ATTACKS' from Opp-Goldfish
2026-04-07 16:23:10,608 - engine - INFO - External will draw a card for turn
2026-04-07 16:23:10,608 - engine - INFO - Handling intent 'Action.PLAY_CARD' for priority event 'PlayerEvent.MAIN_PHASE_EMPTY_STACK' from External
2026-04-07 16:23:10,608 - engine - WARNING - Cards to play: Details are missing. NoOp instead!
2026-04-07 16:23:10,608 - engine - INFO - Handling intent 'Action.ATTACK' for priority event 'PlayerEvent.DECLARE_ATTACKS' from External
2026-04-07 16:23:10,608 - engine - WARNING - Turn 3/2: External is attacking!
2026-04-07 16:23:10,608 - engine - INFO - Opp-Goldfish will draw a card for turn
2026-04-07 16:23:10,608 - engine - INFO - Handling intent 'Action.PASS' for priority event 'PlayerEvent.MAIN_PHASE_EMPTY_STACK' from Opp-Goldfish
2026-04-07 16:23:10,608 - engine - INFO - Handling intent 'Action.PASS' for priority event 'PlayerEvent.DECLARE_ATTACKS' from Opp-Goldfish
2026-04-07 16:23:10,608 - engine - INFO - External will draw a card for turn
2026-04-07 16:23:10,609 - engine - INFO - Handling intent 'Action.PLAY_CARD' for priority event 'PlayerEvent.MAIN_PHASE_EMPTY_STACK' from External
2026-04-07 16:23:10,609 - engine - WARNING - Cards to play: Details are missing. NoOp instead!
2026-04-07 16:23:10,609 - engine - INFO - Handling intent 'Action.ATTACK' for priority event 'PlayerEvent.DECLARE_ATTACKS' from External
2026-04-07 16:23:10,609 - engine - WARNING - Turn 5/2: External is attacking!
2026-04-07 16:23:10,609 - engine - INFO - Opp-Goldfish will draw a card for turn
2026-04-07 16:23:10,609 - engine - INFO - Handling intent 'Action.PASS' for priority event 'PlayerEvent.MAIN_PHASE_EMPTY_STACK' from Opp-Goldfish
2026-04-07 16:23:10,609 - engine - INFO - Handling intent 'Action.PASS' for priority event 'PlayerEvent.DECLARE_ATTACKS' from Opp-Goldfish
2026-04-07 16:23:10,609 - engine - INFO - External will draw a card for turn
2026-04-07 16:23:10,609 - engine - INFO - Handling intent 'Action.PASS' for priority event 'PlayerEvent.MAIN_PHASE_EMPTY_STACK' from External
2026-04-07 16:23:10,610 - engine - INFO - Handling intent 'Action.ATTACK' for priority event 'PlayerEvent.DECLARE_ATTACKS' from External
2026-04-07 16:23:10,610 - engine - WARNING - Turn 7/2: External is attacking!
2026-04-07 16:23:10,610 - engine - INFO - Opp-Goldfish will draw a card for turn
2026-04-07 16:23:10,610 - engine - INFO - Handling intent 'Action.PASS' for priority event 'PlayerEvent.MAIN_PHASE_EMPTY_STACK' from Opp-Goldfish
2026-04-07 16:23:10,610 - engine - INFO - Handling intent 'Action.PASS' for priority event 'PlayerEvent.DECLARE_ATTACKS' from Opp-Goldfish
2026-04-07 16:23:10,610 - engine - INFO - External will draw a card for turn
2026-04-07 16:23:10,610 - engine - INFO - Handling intent 'Action.PASS' for priority event 'PlayerEvent.MAIN_PHASE_EMPTY_STACK' from External
2026-04-07 16:23:10,610 - engine - INFO - Handling intent 'Action.PASS' for priority event 'PlayerEvent.DECLARE_ATTACKS' from External
2026-04-07 16:23:10,610 - engine - INFO - Opp-Goldfish will draw a card for turn
2026-04-07 16:23:10,611 - engine - INFO - Handling intent 'Action.PASS' for priority event 'PlayerEvent.MAIN_PHASE_EMPTY_STACK' from Opp-Goldfish
2026-04-07 16:23:10,611 - engine - INFO - Handling intent 'Action.PASS' for priority event 'PlayerEvent.DECLARE_ATTACKS' from Opp-Goldfish
2026-04-07 16:23:10,611 - engine - INFO - External will draw a card for turn
2026-04-07 16:23:10,611 - engine - INFO - Handling intent 'Action.PASS' for priority event 'PlayerEvent.MAIN_PHASE_EMPTY_STACK' from External
2026-04-07 16:23:10,611 - engine - INFO - Handling intent 'Action.PASS' for priority event 'PlayerEvent.DECLARE_ATTACKS' from External
2026-04-07 16:23:10,611 - engine - INFO - Opp-Goldfish will draw a card for turn
2026-04-07 16:23:10,611 - engine - INFO - Handling intent 'Action.PASS' for priority event 'PlayerEvent.MAIN_PHASE_EMPTY_STACK' from Opp-Goldfish
2026-04-07 16:23:10,612 - engine - INFO - Handling intent 'Action.PASS' for priority event 'PlayerEvent.DECLARE_ATTACKS' from Opp-Goldfish
2026-04-07 16:23:10,612 - engine - INFO - External will draw a card for turn
2026-04-07 16:23:10,612 - engine - INFO - Handling intent 'Action.PASS' for priority event 'PlayerEvent.MAIN_PHASE_EMPTY_STACK' from External
2026-04-07 16:23:10,612 - engine - INFO - Handling intent 'Action.PASS' for priority event 'PlayerEvent.DECLARE_ATTACKS' from External
2026-04-07 16:23:10,612 - engine - INFO - Opp-Goldfish will draw a card for turn
2026-04-07 16:23:10,613 - engine - INFO - Handling intent 'Action.PASS' for priority event 'PlayerEvent.MAIN_PHASE_EMPTY_STACK' from Opp-Goldfish
2026-04-07 16:23:10,613 - engine - INFO - Handling intent 'Action.PASS' for priority event 'PlayerEvent.DECLARE_ATTACKS' from Opp-Goldfish
2026-04-07 16:23:10,613 - engine - INFO - External will draw a card for turn
2026-04-07 16:23:10,613 - engine - INFO - Handling intent 'Action.PASS' for priority event 'PlayerEvent.MAIN_PHASE_EMPTY_STACK' from External
2026-04-07 16:23:10,616 - engine - INFO - Handling intent 'Action.PASS' for priority event 'PlayerEvent.DECLARE_ATTACKS' from External
2026-04-07 16:23:10,616 - engine - INFO - Opp-Goldfish will draw a card for turn
2026-04-07 16:23:10,616 - engine - INFO - Handling intent 'Action.PASS' for priority event 'PlayerEvent.MAIN_PHASE_EMPTY_STACK' from Opp-Goldfish
2026-04-07 16:23:10,617 - engine - INFO - Handling intent 'Action.PASS' for priority event 'PlayerEvent.DECLARE_ATTACKS' from Opp-Goldfish
2026-04-07 16:23:10,617 - engine - INFO - External will draw a card for turn
2026-04-07 16:23:10,617 - engine - INFO - Handling intent 'Action.PLAY_CARD' for priority event 'PlayerEvent.MAIN_PHASE_EMPTY_STACK' from External
2026-04-07 16:23:10,617 - engine - WARNING - Cards to play: Details are missing. NoOp instead!
2026-04-07 16:23:10,618 - engine - INFO - Handling intent 'Action.PASS' for priority event 'PlayerEvent.DECLARE_ATTACKS' from External
2026-04-07 16:23:10,618 - engine - INFO - Opp-Goldfish will draw a card for turn
2026-04-07 16:23:10,618 - engine - INFO - Handling intent 'Action.PASS' for priority event 'PlayerEvent.MAIN_PHASE_EMPTY_STACK' from Opp-Goldfish
2026-04-07 16:23:10,618 - engine - INFO - Handling intent 'Action.PASS' for priority event 'PlayerEvent.DECLARE_ATTACKS' from Opp-Goldfish
2026-04-07 16:23:10,618 - engine - INFO - External will draw a card for turn
2026-04-07 16:23:10,618 - engine - INFO - Handling intent 'Action.PASS' for priority event 'PlayerEvent.MAIN_PHASE_EMPTY_STACK' from External
2026-04-07 16:23:10,619 - engine - INFO - Handling intent 'Action.ATTACK' for priority event 'PlayerEvent.DECLARE_ATTACKS' from External
2026-04-07 16:23:10,619 - engine - WARNING - Turn 19/2: External is attacking!
2026-04-07 16:23:10,619 - engine - WARNING - Opp-Goldfish died by having 0 or less life.
2026-04-07 16:23:10,619 - engine - INFO - Game ended by death of player(s)
2026-04-07 16:23:10,619 - engine - INFO - External won by survival
2026-04-07 16:23:10,619 - engine - INFO - Setting up the new player Player1
2026-04-07 16:23:10,619 - engine - INFO - Setting up the new player Player2
2026-04-07 16:23:10,620 - engine - INFO - Handling intent 'Action.PASS' for priority event 'PlayerEvent.MAIN_PHASE_EMPTY_STACK' from Opp-Goldfish
2026-04-07 16:23:10,620 - engine - INFO - Handling intent 'Action.PASS' for priority event 'PlayerEvent.DECLARE_ATTACKS' from Opp-Goldfish
2026-04-07 16:23:10,620 - engine - INFO - External will draw a card for turn
2026-04-07 16:23:10,621 - engine - INFO - Handling intent 'Action.PASS' for priority event 'PlayerEvent.MAIN_PHASE_EMPTY_STACK' from External
2026-04-07 16:23:10,621 - engine - INFO - Handling intent 'Action.ATTACK' for priority event 'PlayerEvent.DECLARE_ATTACKS' from External
2026-04-07 16:23:10,621 - engine - WARNING - Turn 1/2: External is attacking!
2026-04-07 16:23:10,621 - engine - INFO - Opp-Goldfish will draw a card for turn
2026-04-07 16:23:10,621 - engine - INFO - Handling intent 'Action.PASS' for priority event 'PlayerEvent.MAIN_PHASE_EMPTY_STACK' from Opp-Goldfish
2026-04-07 16:23:10,621 - engine - INFO - Handling intent 'Action.PASS' for priority event 'PlayerEvent.DECLARE_ATTACKS' from Opp-Goldfish
2026-04-07 16:23:10,621 - engine - INFO - External will draw a card for turn
2026-04-07 16:23:10,622 - engine - INFO - Handling intent 'Action.PLAY_CARD' for priority event 'PlayerEvent.MAIN_PHASE_EMPTY_STACK' from External
2026-04-07 16:23:10,622 - engine - WARNING - Cards to play: Details are missing. NoOp instead!
2026-04-07 16:23:10,622 - engine - INFO - Handling intent 'Action.PASS' for priority event 'PlayerEvent.DECLARE_ATTACKS' from External
2026-04-07 16:23:10,622 - engine - INFO - Opp-Goldfish will draw a card for turn
2026-04-07 16:23:10,622 - engine - INFO - Handling intent 'Action.PASS' for priority event 'PlayerEvent.MAIN_PHASE_EMPTY_STACK' from Opp-Goldfish
2026-04-07 16:23:10,622 - engine - INFO - Handling intent 'Action.PASS' for priority event 'PlayerEvent.DECLARE_ATTACKS' from Opp-Goldfish
2026-04-07 16:23:10,622 - engine - INFO - External will draw a card for turn
2026-04-07 16:23:10,622 - engine - INFO - Handling intent 'Action.PASS' for priority event 'PlayerEvent.MAIN_PHASE_EMPTY_STACK' from External
2026-04-07 16:23:10,622 - engine - INFO - Handling intent 'Action.ATTACK' for priority event 'PlayerEvent.DECLARE_ATTACKS' from External
2026-04-07 16:23:10,623 - engine - WARNING - Turn 5/2: External is attacking!
2026-04-07 16:23:10,623 - engine - INFO - Opp-Goldfish will draw a card for turn
2026-04-07 16:23:10,623 - engine - INFO - Handling intent 'Action.PASS' for priority event 'PlayerEvent.MAIN_PHASE_EMPTY_STACK' from Opp-Goldfish
2026-04-07 16:23:10,623 - engine - INFO - Handling intent 'Action.PASS' for priority event 'PlayerEvent.DECLARE_ATTACKS' from Opp-Goldfish
2026-04-07 16:23:10,623 - engine - INFO - External will draw a card for turn
2026-04-07 16:23:10,623 - engine - INFO - Handling intent 'Action.PASS' for priority event 'PlayerEvent.MAIN_PHASE_EMPTY_STACK' from External
2026-04-07 16:23:10,623 - engine - INFO - Handling intent 'Action.ATTACK' for priority event 'PlayerEvent.DECLARE_ATTACKS' from External
2026-04-07 16:23:10,623 - engine - WARNING - Turn 7/2: External is attacking!
2026-04-07 16:23:10,623 - engine - INFO - Opp-Goldfish will draw a card for turn
2026-04-07 16:23:10,623 - engine - INFO - Handling intent 'Action.PASS' for priority event 'PlayerEvent.MAIN_PHASE_EMPTY_STACK' from Opp-Goldfish
2026-04-07 16:23:10,624 - engine - INFO - Handling intent 'Action.PASS' for priority event 'PlayerEvent.DECLARE_ATTACKS' from Opp-Goldfish
2026-04-07 16:23:10,624 - engine - INFO - External will draw a card for turn
2026-04-07 16:23:10,624 - engine - INFO - Handling intent 'Action.PASS' for priority event 'PlayerEvent.MAIN_PHASE_EMPTY_STACK' from External
2026-04-07 16:23:10,624 - engine - INFO - Handling intent 'Action.PASS' for priority event 'PlayerEvent.DECLARE_ATTACKS' from External
2026-04-07 16:23:10,624 - engine - INFO - Opp-Goldfish will draw a card for turn
2026-04-07 16:23:10,624 - engine - INFO - Handling intent 'Action.PASS' for priority event 'PlayerEvent.MAIN_PHASE_EMPTY_STACK' from Opp-Goldfish
2026-04-07 16:23:10,624 - engine - INFO - Handling intent 'Action.PASS' for priority event 'PlayerEvent.DECLARE_ATTACKS' from Opp-Goldfish
2026-04-07 16:23:10,624 - engine - INFO - External will draw a card for turn
2026-04-07 16:23:10,625 - engine - INFO - Handling intent 'Action.PASS' for priority event 'PlayerEvent.MAIN_PHASE_EMPTY_STACK' from External
2026-04-07 16:23:10,625 - engine - INFO - Handling intent 'Action.ATTACK' for priority event 'PlayerEvent.DECLARE_ATTACKS' from External
2026-04-07 16:23:10,625 - engine - WARNING - Turn 11/2: External is attacking!
2026-04-07 16:23:10,625 - engine - INFO - Opp-Goldfish will draw a card for turn
2026-04-07 16:23:10,625 - engine - INFO - Handling intent 'Action.PASS' for priority event 'PlayerEvent.MAIN_PHASE_EMPTY_STACK' from Opp-Goldfish
2026-04-07 16:23:10,625 - engine - INFO - Handling intent 'Action.PASS' for priority event 'PlayerEvent.DECLARE_ATTACKS' from Opp-Goldfish
2026-04-07 16:23:10,625 - engine - INFO - External will draw a card for turn
2026-04-07 16:23:10,626 - engine - INFO - Handling intent 'Action.PASS' for priority event 'PlayerEvent.MAIN_PHASE_EMPTY_STACK' from External
2026-04-07 16:23:10,626 - engine - INFO - Handling intent 'Action.PASS' for priority event 'PlayerEvent.DECLARE_ATTACKS' from External
2026-04-07 16:23:10,626 - engine - INFO - Opp-Goldfish will draw a card for turn
2026-04-07 16:23:10,626 - engine - INFO - Handling intent 'Action.PASS' for priority event 'PlayerEvent.MAIN_PHASE_EMPTY_STACK' from Opp-Goldfish
2026-04-07 16:23:10,626 - engine - INFO - Handling intent 'Action.PASS' for priority event 'PlayerEvent.DECLARE_ATTACKS' from Opp-Goldfish
2026-04-07 16:23:10,626 - engine - INFO - External will draw a card for turn
2026-04-07 16:23:10,627 - engine - INFO - Handling intent 'Action.PASS' for priority event 'PlayerEvent.MAIN_PHASE_EMPTY_STACK' from External
2026-04-07 16:23:10,627 - engine - INFO - Handling intent 'Action.ATTACK' for priority event 'PlayerEvent.DECLARE_ATTACKS' from External
2026-04-07 16:23:10,627 - engine - WARNING - Turn 15/2: External is attacking!
2026-04-07 16:23:10,627 - engine - WARNING - Opp-Goldfish died by having 0 or less life.
2026-04-07 16:23:10,627 - engine - INFO - Game ended by death of player(s)
2026-04-07 16:23:10,627 - engine - INFO - External won by survival
2026-04-07 16:23:10,627 - engine - INFO - Setting up the new player Player1
2026-04-07 16:23:10,627 - engine - INFO - Setting up the new player Player2
2026-04-07 16:23:10,628 - engine - INFO - Handling intent 'Action.PASS' for priority event 'PlayerEvent.MAIN_PHASE_EMPTY_STACK' from Opp-Goldfish
2026-04-07 16:23:10,629 - engine - INFO - Handling intent 'Action.PASS' for priority event 'PlayerEvent.DECLARE_ATTACKS' from Opp-Goldfish
2026-04-07 16:23:10,629 - engine - INFO - External will draw a card for turn
2026-04-07 16:23:10,629 - engine - INFO - Handling intent 'Action.PLAY_CARD' for priority event 'PlayerEvent.MAIN_PHASE_EMPTY_STACK' from External
2026-04-07 16:23:10,629 - engine - WARNING - Cards to play: Details are missing. NoOp instead!
2026-04-07 16:23:10,630 - engine - INFO - Handling intent 'Action.ATTACK' for priority event 'PlayerEvent.DECLARE_ATTACKS' from External
2026-04-07 16:23:10,630 - engine - WARNING - Turn 1/2: External is attacking!
2026-04-07 16:23:10,630 - engine - INFO - Opp-Goldfish will draw a card for turn
2026-04-07 16:23:10,630 - engine - INFO - Handling intent 'Action.PASS' for priority event 'PlayerEvent.MAIN_PHASE_EMPTY_STACK' from Opp-Goldfish
2026-04-07 16:23:10,630 - engine - INFO - Handling intent 'Action.PASS' for priority event 'PlayerEvent.DECLARE_ATTACKS' from Opp-Goldfish
2026-04-07 16:23:10,630 - engine - INFO - External will draw a card for turn
2026-04-07 16:23:10,631 - engine - INFO - Handling intent 'Action.PLAY_CARD' for priority event 'PlayerEvent.MAIN_PHASE_EMPTY_STACK' from External
2026-04-07 16:23:10,631 - engine - WARNING - Cards to play: Details are missing. NoOp instead!
2026-04-07 16:23:10,631 - engine - INFO - Handling intent 'Action.PASS' for priority event 'PlayerEvent.DECLARE_ATTACKS' from External
2026-04-07 16:23:10,631 - engine - INFO - Opp-Goldfish will draw a card for turn
2026-04-07 16:23:10,631 - engine - INFO - Handling intent 'Action.PASS' for priority event 'PlayerEvent.MAIN_PHASE_EMPTY_STACK' from Opp-Goldfish
2026-04-07 16:23:10,631 - engine - INFO - Handling intent 'Action.PASS' for priority event 'PlayerEvent.DECLARE_ATTACKS' from Opp-Goldfish
2026-04-07 16:23:10,632 - engine - INFO - External will draw a card for turn
2026-04-07 16:23:10,632 - engine - INFO - Handling intent 'Action.PASS' for priority event 'PlayerEvent.MAIN_PHASE_EMPTY_STACK' from External
2026-04-07 16:23:10,633 - engine - INFO - Handling intent 'Action.PASS' for priority event 'PlayerEvent.DECLARE_ATTACKS' from External
2026-04-07 16:23:10,633 - engine - INFO - Opp-Goldfish will draw a card for turn
2026-04-07 16:23:10,633 - engine - INFO - Handling intent 'Action.PASS' for priority event 'PlayerEvent.MAIN_PHASE_EMPTY_STACK' from Opp-Goldfish
2026-04-07 16:23:10,633 - engine - INFO - Handling intent 'Action.PASS' for priority event 'PlayerEvent.DECLARE_ATTACKS' from Opp-Goldfish
2026-04-07 16:23:10,633 - engine - INFO - External will draw a card for turn
2026-04-07 16:23:10,634 - engine - INFO - Handling intent 'Action.PASS' for priority event 'PlayerEvent.MAIN_PHASE_EMPTY_STACK' from External
2026-04-07 16:23:10,634 - engine - INFO - Handling intent 'Action.PASS' for priority event 'PlayerEvent.DECLARE_ATTACKS' from External
2026-04-07 16:23:10,634 - engine - INFO - Opp-Goldfish will draw a card for turn
2026-04-07 16:23:10,634 - engine - INFO - Handling intent 'Action.PASS' for priority event 'PlayerEvent.MAIN_PHASE_EMPTY_STACK' from Opp-Goldfish
2026-04-07 16:23:10,634 - engine - INFO - Handling intent 'Action.PASS' for priority event 'PlayerEvent.DECLARE_ATTACKS' from Opp-Goldfish
2026-04-07 16:23:10,634 - engine - INFO - External will draw a card for turn
2026-04-07 16:23:10,634 - engine - INFO - Handling intent 'Action.PASS' for priority event 'PlayerEvent.MAIN_PHASE_EMPTY_STACK' from External
2026-04-07 16:23:10,635 - engine - INFO - Handling intent 'Action.PASS' for priority event 'PlayerEvent.DECLARE_ATTACKS' from External
2026-04-07 16:23:10,635 - engine - INFO - Opp-Goldfish will draw a card for turn
2026-04-07 16:23:10,635 - engine - INFO - Handling intent 'Action.PASS' for priority event 'PlayerEvent.MAIN_PHASE_EMPTY_STACK' from Opp-Goldfish
2026-04-07 16:23:10,635 - engine - INFO - Handling intent 'Action.PASS' for priority event 'PlayerEvent.DECLARE_ATTACKS' from Opp-Goldfish
2026-04-07 16:23:10,635 - engine - INFO - External will draw a card for turn
2026-04-07 16:23:10,635 - engine - INFO - Handling intent 'Action.PASS' for priority event 'PlayerEvent.MAIN_PHASE_EMPTY_STACK' from External
2026-04-07 16:23:10,636 - engine - INFO - Handling intent 'Action.ATTACK' for priority event 'PlayerEvent.DECLARE_ATTACKS' from External
2026-04-07 16:23:10,636 - engine - WARNING - Turn 11/2: External is attacking!
2026-04-07 16:23:10,636 - engine - INFO - Opp-Goldfish will draw a card for turn
2026-04-07 16:23:10,636 - engine - INFO - Handling intent 'Action.PASS' for priority event 'PlayerEvent.MAIN_PHASE_EMPTY_STACK' from Opp-Goldfish
2026-04-07 16:23:10,636 - engine - INFO - Handling intent 'Action.PASS' for priority event 'PlayerEvent.DECLARE_ATTACKS' from Opp-Goldfish
2026-04-07 16:23:10,636 - engine - INFO - External will draw a card for turn
2026-04-07 16:23:10,636 - engine - INFO - Handling intent 'Action.PASS' for priority event 'PlayerEvent.MAIN_PHASE_EMPTY_STACK' from External
2026-04-07 16:23:10,636 - engine - INFO - Handling intent 'Action.PASS' for priority event 'PlayerEvent.DECLARE_ATTACKS' from External
2026-04-07 16:23:10,636 - engine - INFO - Opp-Goldfish will draw a card for turn
2026-04-07 16:23:10,637 - engine - INFO - Handling intent 'Action.PASS' for priority event 'PlayerEvent.MAIN_PHASE_EMPTY_STACK' from Opp-Goldfish
2026-04-07 16:23:10,637 - engine - INFO - Handling intent 'Action.PASS' for priority event 'PlayerEvent.DECLARE_ATTACKS' from Opp-Goldfish
2026-04-07 16:23:10,637 - engine - INFO - External will draw a card for turn
2026-04-07 16:23:10,637 - engine - INFO - Handling intent 'Action.PASS' for priority event 'PlayerEvent.MAIN_PHASE_EMPTY_STACK' from External
2026-04-07 16:23:10,637 - engine - INFO - Handling intent 'Action.ATTACK' for priority event 'PlayerEvent.DECLARE_ATTACKS' from External
2026-04-07 16:23:10,637 - engine - WARNING - Turn 15/2: External is attacking!
2026-04-07 16:23:10,638 - engine - INFO - Opp-Goldfish will draw a card for turn
2026-04-07 16:23:10,638 - engine - INFO - Handling intent 'Action.PASS' for priority event 'PlayerEvent.MAIN_PHASE_EMPTY_STACK' from Opp-Goldfish
2026-04-07 16:23:10,638 - engine - INFO - Handling intent 'Action.PASS' for priority event 'PlayerEvent.DECLARE_ATTACKS' from Opp-Goldfish
2026-04-07 16:23:10,638 - engine - INFO - External will draw a card for turn
2026-04-07 16:23:10,638 - engine - INFO - Handling intent 'Action.PLAY_CARD' for priority event 'PlayerEvent.MAIN_PHASE_EMPTY_STACK' from External
2026-04-07 16:23:10,638 - engine - WARNING - Cards to play: Details are missing. NoOp instead!
2026-04-07 16:23:10,638 - engine - INFO - Handling intent 'Action.PASS' for priority event 'PlayerEvent.DECLARE_ATTACKS' from External
2026-04-07 16:23:10,638 - engine - INFO - Opp-Goldfish will draw a card for turn
2026-04-07 16:23:10,639 - engine - INFO - Handling intent 'Action.PASS' for priority event 'PlayerEvent.MAIN_PHASE_EMPTY_STACK' from Opp-Goldfish
2026-04-07 16:23:10,639 - engine - INFO - Handling intent 'Action.PASS' for priority event 'PlayerEvent.DECLARE_ATTACKS' from Opp-Goldfish
2026-04-07 16:23:10,639 - engine - INFO - External will draw a card for turn
2026-04-07 16:23:10,639 - engine - INFO - Handling intent 'Action.PLAY_CARD' for priority event 'PlayerEvent.MAIN_PHASE_EMPTY_STACK' from External
2026-04-07 16:23:10,639 - engine - WARNING - Cards to play: Details are missing. NoOp instead!
2026-04-07 16:23:10,639 - engine - INFO - Handling intent 'Action.PASS' for priority event 'PlayerEvent.DECLARE_ATTACKS' from External
2026-04-07 16:23:10,639 - engine - INFO - Opp-Goldfish will draw a card for turn
2026-04-07 16:23:10,639 - engine - INFO - Handling intent 'Action.PASS' for priority event 'PlayerEvent.MAIN_PHASE_EMPTY_STACK' from Opp-Goldfish
2026-04-07 16:23:10,640 - engine - INFO - Handling intent 'Action.PASS' for priority event 'PlayerEvent.DECLARE_ATTACKS' from Opp-Goldfish
2026-04-07 16:23:10,640 - engine - INFO - External will draw a card for turn
2026-04-07 16:23:10,640 - engine - WARNING - External died by drawing from an empty library.
2026-04-07 16:23:10,640 - engine - INFO - Game ended by death of player(s)
2026-04-07 16:23:10,640 - engine - INFO - Opp-Goldfish won by survival
2026-04-07 16:23:10,640 - engine - INFO - Setting up the new player Player1
2026-04-07 16:23:10,640 - engine - INFO - Setting up the new player Player2
2026-04-07 16:23:10,641 - engine - INFO - Handling intent 'Action.PASS' for priority event 'PlayerEvent.MAIN_PHASE_EMPTY_STACK' from Opp-Goldfish
2026-04-07 16:23:10,641 - engine - INFO - Handling intent 'Action.PASS' for priority event 'PlayerEvent.DECLARE_ATTACKS' from Opp-Goldfish
2026-04-07 16:23:10,641 - engine - INFO - External will draw a card for turn
2026-04-07 16:23:10,641 - engine - INFO - Handling intent 'Action.PASS' for priority event 'PlayerEvent.MAIN_PHASE_EMPTY_STACK' from External
2026-04-07 16:23:10,642 - engine - INFO - Handling intent 'Action.ATTACK' for priority event 'PlayerEvent.DECLARE_ATTACKS' from External
2026-04-07 16:23:10,642 - engine - WARNING - Turn 1/2: External is attacking!
2026-04-07 16:23:10,642 - engine - INFO - Opp-Goldfish will draw a card for turn
2026-04-07 16:23:10,642 - engine - INFO - Handling intent 'Action.PASS' for priority event 'PlayerEvent.MAIN_PHASE_EMPTY_STACK' from Opp-Goldfish
2026-04-07 16:23:10,642 - engine - INFO - Handling intent 'Action.PASS' for priority event 'PlayerEvent.DECLARE_ATTACKS' from Opp-Goldfish
2026-04-07 16:23:10,642 - engine - INFO - External will draw a card for turn
2026-04-07 16:23:10,642 - engine - INFO - Handling intent 'Action.PASS' for priority event 'PlayerEvent.MAIN_PHASE_EMPTY_STACK' from External
2026-04-07 16:23:10,643 - engine - INFO - Handling intent 'Action.PASS' for priority event 'PlayerEvent.DECLARE_ATTACKS' from External
2026-04-07 16:23:10,643 - engine - INFO - Opp-Goldfish will draw a card for turn
2026-04-07 16:23:10,643 - engine - INFO - Handling intent 'Action.PASS' for priority event 'PlayerEvent.MAIN_PHASE_EMPTY_STACK' from Opp-Goldfish
2026-04-07 16:23:10,643 - engine - INFO - Handling intent 'Action.PASS' for priority event 'PlayerEvent.DECLARE_ATTACKS' from Opp-Goldfish
2026-04-07 16:23:10,643 - engine - INFO - External will draw a card for turn
2026-04-07 16:23:10,643 - engine - INFO - Handling intent 'Action.PLAY_CARD' for priority event 'PlayerEvent.MAIN_PHASE_EMPTY_STACK' from External
2026-04-07 16:23:10,643 - engine - WARNING - Cards to play: Details are missing. NoOp instead!
2026-04-07 16:23:10,644 - engine - INFO - Handling intent 'Action.PASS' for priority event 'PlayerEvent.DECLARE_ATTACKS' from External
2026-04-07 16:23:10,644 - engine - INFO - Opp-Goldfish will draw a card for turn
2026-04-07 16:23:10,644 - engine - INFO - Handling intent 'Action.PASS' for priority event 'PlayerEvent.MAIN_PHASE_EMPTY_STACK' from Opp-Goldfish
2026-04-07 16:23:10,644 - engine - INFO - Handling intent 'Action.PASS' for priority event 'PlayerEvent.DECLARE_ATTACKS' from Opp-Goldfish
2026-04-07 16:23:10,644 - engine - INFO - External will draw a card for turn
2026-04-07 16:23:10,644 - engine - INFO - Handling intent 'Action.PASS' for priority event 'PlayerEvent.MAIN_PHASE_EMPTY_STACK' from External
2026-04-07 16:23:10,644 - engine - INFO - Handling intent 'Action.PASS' for priority event 'PlayerEvent.DECLARE_ATTACKS' from External
2026-04-07 16:23:10,644 - engine - INFO - Opp-Goldfish will draw a card for turn
2026-04-07 16:23:10,645 - engine - INFO - Handling intent 'Action.PASS' for priority event 'PlayerEvent.MAIN_PHASE_EMPTY_STACK' from Opp-Goldfish
2026-04-07 16:23:10,645 - engine - INFO - Handling intent 'Action.PASS' for priority event 'PlayerEvent.DECLARE_ATTACKS' from Opp-Goldfish
2026-04-07 16:23:10,645 - engine - INFO - External will draw a card for turn
2026-04-07 16:23:10,645 - engine - INFO - Handling intent 'Action.PASS' for priority event 'PlayerEvent.MAIN_PHASE_EMPTY_STACK' from External
2026-04-07 16:23:10,646 - engine - INFO - Handling intent 'Action.ATTACK' for priority event 'PlayerEvent.DECLARE_ATTACKS' from External
2026-04-07 16:23:10,646 - engine - WARNING - Turn 9/2: External is attacking!
2026-04-07 16:23:10,646 - engine - INFO - Opp-Goldfish will draw a card for turn
2026-04-07 16:23:10,646 - engine - INFO - Handling intent 'Action.PASS' for priority event 'PlayerEvent.MAIN_PHASE_EMPTY_STACK' from Opp-Goldfish
2026-04-07 16:23:10,646 - engine - INFO - Handling intent 'Action.PASS' for priority event 'PlayerEvent.DECLARE_ATTACKS' from Opp-Goldfish
2026-04-07 16:23:10,646 - engine - INFO - External will draw a card for turn
2026-04-07 16:23:10,647 - engine - INFO - Handling intent 'Action.PLAY_CARD' for priority event 'PlayerEvent.MAIN_PHASE_EMPTY_STACK' from External
2026-04-07 16:23:10,647 - engine - WARNING - Cards to play: Details are missing. NoOp instead!
2026-04-07 16:23:10,647 - engine - INFO - Handling intent 'Action.ATTACK' for priority event 'PlayerEvent.DECLARE_ATTACKS' from External
2026-04-07 16:23:10,647 - engine - WARNING - Turn 11/2: External is attacking!
2026-04-07 16:23:10,647 - engine - INFO - Opp-Goldfish will draw a card for turn
2026-04-07 16:23:10,647 - engine - INFO - Handling intent 'Action.PASS' for priority event 'PlayerEvent.MAIN_PHASE_EMPTY_STACK' from Opp-Goldfish
2026-04-07 16:23:10,647 - engine - INFO - Handling intent 'Action.PASS' for priority event 'PlayerEvent.DECLARE_ATTACKS' from Opp-Goldfish
2026-04-07 16:23:10,647 - engine - INFO - External will draw a card for turn
2026-04-07 16:23:10,648 - engine - INFO - Handling intent 'Action.PASS' for priority event 'PlayerEvent.MAIN_PHASE_EMPTY_STACK' from External
2026-04-07 16:23:10,648 - engine - INFO - Handling intent 'Action.PASS' for priority event 'PlayerEvent.DECLARE_ATTACKS' from External
2026-04-07 16:23:10,648 - engine - INFO - Opp-Goldfish will draw a card for turn
2026-04-07 16:23:10,648 - engine - INFO - Handling intent 'Action.PASS' for priority event 'PlayerEvent.MAIN_PHASE_EMPTY_STACK' from Opp-Goldfish
2026-04-07 16:23:10,648 - engine - INFO - Handling intent 'Action.PASS' for priority event 'PlayerEvent.DECLARE_ATTACKS' from Opp-Goldfish
2026-04-07 16:23:10,648 - engine - INFO - External will draw a card for turn
2026-04-07 16:23:10,649 - engine - INFO - Handling intent 'Action.PASS' for priority event 'PlayerEvent.MAIN_PHASE_EMPTY_STACK' from External
2026-04-07 16:23:10,650 - engine - INFO - Handling intent 'Action.ATTACK' for priority event 'PlayerEvent.DECLARE_ATTACKS' from External
2026-04-07 16:23:10,650 - engine - WARNING - Turn 15/2: External is attacking!
2026-04-07 16:23:10,650 - engine - INFO - Opp-Goldfish will draw a card for turn
2026-04-07 16:23:10,650 - engine - INFO - Handling intent 'Action.PASS' for priority event 'PlayerEvent.MAIN_PHASE_EMPTY_STACK' from Opp-Goldfish
2026-04-07 16:23:10,650 - engine - INFO - Handling intent 'Action.PASS' for priority event 'PlayerEvent.DECLARE_ATTACKS' from Opp-Goldfish
2026-04-07 16:23:10,650 - engine - INFO - External will draw a card for turn
2026-04-07 16:23:10,650 - engine - INFO - Handling intent 'Action.PASS' for priority event 'PlayerEvent.MAIN_PHASE_EMPTY_STACK' from External
2026-04-07 16:23:10,651 - engine - INFO - Handling intent 'Action.PASS' for priority event 'PlayerEvent.DECLARE_ATTACKS' from External
2026-04-07 16:23:10,651 - engine - INFO - Opp-Goldfish will draw a card for turn
2026-04-07 16:23:10,651 - engine - INFO - Handling intent 'Action.PASS' for priority event 'PlayerEvent.MAIN_PHASE_EMPTY_STACK' from Opp-Goldfish
2026-04-07 16:23:10,651 - engine - INFO - Handling intent 'Action.PASS' for priority event 'PlayerEvent.DECLARE_ATTACKS' from Opp-Goldfish
2026-04-07 16:23:10,651 - engine - INFO - External will draw a card for turn
2026-04-07 16:23:10,651 - engine - INFO - Handling intent 'Action.PASS' for priority event 'PlayerEvent.MAIN_PHASE_EMPTY_STACK' from External
2026-04-07 16:23:10,652 - engine - INFO - Handling intent 'Action.PASS' for priority event 'PlayerEvent.DECLARE_ATTACKS' from External
2026-04-07 16:23:10,652 - engine - INFO - Opp-Goldfish will draw a card for turn
2026-04-07 16:23:10,652 - engine - INFO - Handling intent 'Action.PASS' for priority event 'PlayerEvent.MAIN_PHASE_EMPTY_STACK' from Opp-Goldfish
2026-04-07 16:23:10,652 - engine - INFO - Handling intent 'Action.PASS' for priority event 'PlayerEvent.DECLARE_ATTACKS' from Opp-Goldfish
2026-04-07 16:23:10,652 - engine - INFO - External will draw a card for turn
2026-04-07 16:23:10,652 - engine - WARNING - External died by drawing from an empty library.
2026-04-07 16:23:10,652 - engine - INFO - Game ended by death of player(s)
2026-04-07 16:23:10,652 - engine - INFO - Opp-Goldfish won by survival
2026-04-07 16:23:10,653 - engine - INFO - Setting up the new player Player1
2026-04-07 16:23:10,653 - engine - INFO - Setting up the new player Player2
2026-04-07 16:23:10,654 - engine - INFO - Handling intent 'Action.PASS' for priority event 'PlayerEvent.MAIN_PHASE_EMPTY_STACK' from Opp-Goldfish
2026-04-07 16:23:10,654 - engine - INFO - Handling intent 'Action.PASS' for priority event 'PlayerEvent.DECLARE_ATTACKS' from Opp-Goldfish
2026-04-07 16:23:10,654 - engine - INFO - External will draw a card for turn
2026-04-07 16:23:10,654 - engine - INFO - Handling intent 'Action.PLAY_CARD' for priority event 'PlayerEvent.MAIN_PHASE_EMPTY_STACK' from External
2026-04-07 16:23:10,654 - engine - WARNING - Cards to play: Details are missing. NoOp instead!
2026-04-07 16:23:10,655 - engine - INFO - Handling intent 'Action.ATTACK' for priority event 'PlayerEvent.DECLARE_ATTACKS' from External
2026-04-07 16:23:10,655 - engine - WARNING - Turn 1/2: External is attacking!
2026-04-07 16:23:10,655 - engine - INFO - Opp-Goldfish will draw a card for turn
2026-04-07 16:23:10,655 - engine - INFO - Handling intent 'Action.PASS' for priority event 'PlayerEvent.MAIN_PHASE_EMPTY_STACK' from Opp-Goldfish
2026-04-07 16:23:10,655 - engine - INFO - Handling intent 'Action.PASS' for priority event 'PlayerEvent.DECLARE_ATTACKS' from Opp-Goldfish
2026-04-07 16:23:10,655 - engine - INFO - External will draw a card for turn
2026-04-07 16:23:10,655 - engine - INFO - Handling intent 'Action.PASS' for priority event 'PlayerEvent.MAIN_PHASE_EMPTY_STACK' from External
2026-04-07 16:23:10,656 - engine - INFO - Handling intent 'Action.PASS' for priority event 'PlayerEvent.DECLARE_ATTACKS' from External
2026-04-07 16:23:10,656 - engine - INFO - Opp-Goldfish will draw a card for turn
2026-04-07 16:23:10,656 - engine - INFO - Handling intent 'Action.PASS' for priority event 'PlayerEvent.MAIN_PHASE_EMPTY_STACK' from Opp-Goldfish
2026-04-07 16:23:10,656 - engine - INFO - Handling intent 'Action.PASS' for priority event 'PlayerEvent.DECLARE_ATTACKS' from Opp-Goldfish
2026-04-07 16:23:10,656 - engine - INFO - External will draw a card for turn
2026-04-07 16:23:10,656 - engine - INFO - Handling intent 'Action.PLAY_CARD' for priority event 'PlayerEvent.MAIN_PHASE_EMPTY_STACK' from External
2026-04-07 16:23:10,656 - engine - WARNING - Cards to play: Details are missing. NoOp instead!
2026-04-07 16:23:10,657 - engine - INFO - Handling intent 'Action.PASS' for priority event 'PlayerEvent.DECLARE_ATTACKS' from External
2026-04-07 16:23:10,657 - engine - INFO - Opp-Goldfish will draw a card for turn
2026-04-07 16:23:10,657 - engine - INFO - Handling intent 'Action.PASS' for priority event 'PlayerEvent.MAIN_PHASE_EMPTY_STACK' from Opp-Goldfish
2026-04-07 16:23:10,657 - engine - INFO - Handling intent 'Action.PASS' for priority event 'PlayerEvent.DECLARE_ATTACKS' from Opp-Goldfish
2026-04-07 16:23:10,657 - engine - INFO - External will draw a card for turn
2026-04-07 16:23:10,657 - engine - INFO - Handling intent 'Action.PASS' for priority event 'PlayerEvent.MAIN_PHASE_EMPTY_STACK' from External
2026-04-07 16:23:10,658 - engine - INFO - Handling intent 'Action.PASS' for priority event 'PlayerEvent.DECLARE_ATTACKS' from External
2026-04-07 16:23:10,658 - engine - INFO - Opp-Goldfish will draw a card for turn
2026-04-07 16:23:10,658 - engine - INFO - Handling intent 'Action.PASS' for priority event 'PlayerEvent.MAIN_PHASE_EMPTY_STACK' from Opp-Goldfish
2026-04-07 16:23:10,658 - engine - INFO - Handling intent 'Action.PASS' for priority event 'PlayerEvent.DECLARE_ATTACKS' from Opp-Goldfish
2026-04-07 16:23:10,658 - engine - INFO - External will draw a card for turn
2026-04-07 16:23:10,658 - engine - INFO - Handling intent 'Action.PASS' for priority event 'PlayerEvent.MAIN_PHASE_EMPTY_STACK' from External
2026-04-07 16:23:10,659 - engine - INFO - Handling intent 'Action.PASS' for priority event 'PlayerEvent.DECLARE_ATTACKS' from External
2026-04-07 16:23:10,659 - engine - INFO - Opp-Goldfish will draw a card for turn
2026-04-07 16:23:10,659 - engine - INFO - Handling intent 'Action.PASS' for priority event 'PlayerEvent.MAIN_PHASE_EMPTY_STACK' from Opp-Goldfish
2026-04-07 16:23:10,659 - engine - INFO - Handling intent 'Action.PASS' for priority event 'PlayerEvent.DECLARE_ATTACKS' from Opp-Goldfish
2026-04-07 16:23:10,659 - engine - INFO - External will draw a card for turn
2026-04-07 16:23:10,659 - engine - INFO - Handling intent 'Action.PASS' for priority event 'PlayerEvent.MAIN_PHASE_EMPTY_STACK' from External
2026-04-07 16:23:10,660 - engine - INFO - Handling intent 'Action.PASS' for priority event 'PlayerEvent.DECLARE_ATTACKS' from External
2026-04-07 16:23:10,660 - engine - INFO - Opp-Goldfish will draw a card for turn
2026-04-07 16:23:10,660 - engine - INFO - Handling intent 'Action.PASS' for priority event 'PlayerEvent.MAIN_PHASE_EMPTY_STACK' from Opp-Goldfish
2026-04-07 16:23:10,660 - engine - INFO - Handling intent 'Action.PASS' for priority event 'PlayerEvent.DECLARE_ATTACKS' from Opp-Goldfish
2026-04-07 16:23:10,660 - engine - INFO - External will draw a card for turn
2026-04-07 16:23:10,660 - engine - INFO - Handling intent 'Action.PASS' for priority event 'PlayerEvent.MAIN_PHASE_EMPTY_STACK' from External
2026-04-07 16:23:10,661 - engine - INFO - Handling intent 'Action.ATTACK' for priority event 'PlayerEvent.DECLARE_ATTACKS' from External
2026-04-07 16:23:10,661 - engine - WARNING - Turn 13/2: External is attacking!
2026-04-07 16:23:10,661 - engine - INFO - Opp-Goldfish will draw a card for turn
2026-04-07 16:23:10,661 - engine - INFO - Handling intent 'Action.PASS' for priority event 'PlayerEvent.MAIN_PHASE_EMPTY_STACK' from Opp-Goldfish
2026-04-07 16:23:10,661 - engine - INFO - Handling intent 'Action.PASS' for priority event 'PlayerEvent.DECLARE_ATTACKS' from Opp-Goldfish
2026-04-07 16:23:10,661 - engine - INFO - External will draw a card for turn
2026-04-07 16:23:10,662 - engine - INFO - Handling intent 'Action.PASS' for priority event 'PlayerEvent.MAIN_PHASE_EMPTY_STACK' from External
2026-04-07 16:23:10,662 - engine - INFO - Handling intent 'Action.PASS' for priority event 'PlayerEvent.DECLARE_ATTACKS' from External
2026-04-07 16:23:10,662 - engine - INFO - Opp-Goldfish will draw a card for turn
2026-04-07 16:23:10,662 - engine - INFO - Handling intent 'Action.PASS' for priority event 'PlayerEvent.MAIN_PHASE_EMPTY_STACK' from Opp-Goldfish
2026-04-07 16:23:10,662 - engine - INFO - Handling intent 'Action.PASS' for priority event 'PlayerEvent.DECLARE_ATTACKS' from Opp-Goldfish
2026-04-07 16:23:10,662 - engine - INFO - External will draw a card for turn
2026-04-07 16:23:10,663 - engine - INFO - Handling intent 'Action.PLAY_CARD' for priority event 'PlayerEvent.MAIN_PHASE_EMPTY_STACK' from External
2026-04-07 16:23:10,663 - engine - WARNING - Cards to play: Details are missing. NoOp instead!
2026-04-07 16:23:10,663 - engine - INFO - Handling intent 'Action.PASS' for priority event 'PlayerEvent.DECLARE_ATTACKS' from External
2026-04-07 16:23:10,663 - engine - INFO - Opp-Goldfish will draw a card for turn
2026-04-07 16:23:10,663 - engine - INFO - Handling intent 'Action.PASS' for priority event 'PlayerEvent.MAIN_PHASE_EMPTY_STACK' from Opp-Goldfish
2026-04-07 16:23:10,664 - engine - INFO - Handling intent 'Action.PASS' for priority event 'PlayerEvent.DECLARE_ATTACKS' from Opp-Goldfish
2026-04-07 16:23:10,664 - engine - INFO - External will draw a card for turn
2026-04-07 16:23:10,664 - engine - INFO - Handling intent 'Action.PASS' for priority event 'PlayerEvent.MAIN_PHASE_EMPTY_STACK' from External
2026-04-07 16:23:10,664 - engine - INFO - Handling intent 'Action.ATTACK' for priority event 'PlayerEvent.DECLARE_ATTACKS' from External
2026-04-07 16:23:10,664 - engine - WARNING - Turn 19/2: External is attacking!
2026-04-07 16:23:10,664 - engine - INFO - Opp-Goldfish will draw a card for turn
2026-04-07 16:23:10,665 - engine - INFO - Handling intent 'Action.PASS' for priority event 'PlayerEvent.MAIN_PHASE_EMPTY_STACK' from Opp-Goldfish
2026-04-07 16:23:10,665 - engine - INFO - Handling intent 'Action.PASS' for priority event 'PlayerEvent.DECLARE_ATTACKS' from Opp-Goldfish
2026-04-07 16:23:10,665 - engine - INFO - External will draw a card for turn
2026-04-07 16:23:10,665 - engine - WARNING - External died by drawing from an empty library.
2026-04-07 16:23:10,665 - engine - INFO - Game ended by death of player(s)
2026-04-07 16:23:10,665 - engine - INFO - Opp-Goldfish won by survival
2026-04-07 16:23:10,665 - engine - INFO - Setting up the new player Player1
2026-04-07 16:23:10,665 - engine - INFO - Setting up the new player Player2
2026-04-07 16:23:10,667 - engine - INFO - Handling intent 'Action.PASS' for priority event 'PlayerEvent.MAIN_PHASE_EMPTY_STACK' from Opp-Goldfish
2026-04-07 16:23:10,667 - engine - INFO - Handling intent 'Action.PASS' for priority event 'PlayerEvent.DECLARE_ATTACKS' from Opp-Goldfish
2026-04-07 16:23:10,667 - engine - INFO - External will draw a card for turn
2026-04-07 16:23:10,667 - engine - INFO - Handling intent 'Action.PLAY_CARD' for priority event 'PlayerEvent.MAIN_PHASE_EMPTY_STACK' from External
2026-04-07 16:23:10,667 - engine - WARNING - Cards to play: Details are missing. NoOp instead!
2026-04-07 16:23:10,668 - engine - INFO - Handling intent 'Action.ATTACK' for priority event 'PlayerEvent.DECLARE_ATTACKS' from External
2026-04-07 16:23:10,668 - engine - WARNING - Turn 1/2: External is attacking!
2026-04-07 16:23:10,668 - engine - INFO - Opp-Goldfish will draw a card for turn
2026-04-07 16:23:10,668 - engine - INFO - Handling intent 'Action.PASS' for priority event 'PlayerEvent.MAIN_PHASE_EMPTY_STACK' from Opp-Goldfish
2026-04-07 16:23:10,668 - engine - INFO - Handling intent 'Action.PASS' for priority event 'PlayerEvent.DECLARE_ATTACKS' from Opp-Goldfish
2026-04-07 16:23:10,668 - engine - INFO - External will draw a card for turn
2026-04-07 16:23:10,668 - engine - INFO - Handling intent 'Action.PASS' for priority event 'PlayerEvent.MAIN_PHASE_EMPTY_STACK' from External
2026-04-07 16:23:10,669 - engine - INFO - Handling intent 'Action.ATTACK' for priority event 'PlayerEvent.DECLARE_ATTACKS' from External
2026-04-07 16:23:10,669 - engine - WARNING - Turn 3/2: External is attacking!
2026-04-07 16:23:10,669 - engine - INFO - Opp-Goldfish will draw a card for turn
2026-04-07 16:23:10,669 - engine - INFO - Handling intent 'Action.PASS' for priority event 'PlayerEvent.MAIN_PHASE_EMPTY_STACK' from Opp-Goldfish
2026-04-07 16:23:10,669 - engine - INFO - Handling intent 'Action.PASS' for priority event 'PlayerEvent.DECLARE_ATTACKS' from Opp-Goldfish
2026-04-07 16:23:10,669 - engine - INFO - External will draw a card for turn
2026-04-07 16:23:10,669 - engine - INFO - Handling intent 'Action.PLAY_CARD' for priority event 'PlayerEvent.MAIN_PHASE_EMPTY_STACK' from External
2026-04-07 16:23:10,669 - engine - WARNING - Cards to play: Details are missing. NoOp instead!
2026-04-07 16:23:10,669 - engine - INFO - Handling intent 'Action.PASS' for priority event 'PlayerEvent.DECLARE_ATTACKS' from External
2026-04-07 16:23:10,670 - engine - INFO - Opp-Goldfish will draw a card for turn
2026-04-07 16:23:10,670 - engine - INFO - Handling intent 'Action.PASS' for priority event 'PlayerEvent.MAIN_PHASE_EMPTY_STACK' from Opp-Goldfish
2026-04-07 16:23:10,670 - engine - INFO - Handling intent 'Action.PASS' for priority event 'PlayerEvent.DECLARE_ATTACKS' from Opp-Goldfish
2026-04-07 16:23:10,670 - engine - INFO - External will draw a card for turn
2026-04-07 16:23:10,670 - engine - INFO - Handling intent 'Action.PASS' for priority event 'PlayerEvent.MAIN_PHASE_EMPTY_STACK' from External
2026-04-07 16:23:10,670 - engine - INFO - Handling intent 'Action.ATTACK' for priority event 'PlayerEvent.DECLARE_ATTACKS' from External
2026-04-07 16:23:10,670 - engine - WARNING - Turn 7/2: External is attacking!
2026-04-07 16:23:10,670 - engine - INFO - Opp-Goldfish will draw a card for turn
2026-04-07 16:23:10,670 - engine - INFO - Handling intent 'Action.PASS' for priority event 'PlayerEvent.MAIN_PHASE_EMPTY_STACK' from Opp-Goldfish
2026-04-07 16:23:10,671 - engine - INFO - Handling intent 'Action.PASS' for priority event 'PlayerEvent.DECLARE_ATTACKS' from Opp-Goldfish
2026-04-07 16:23:10,671 - engine - INFO - External will draw a card for turn
2026-04-07 16:23:10,671 - engine - INFO - Handling intent 'Action.PASS' for priority event 'PlayerEvent.MAIN_PHASE_EMPTY_STACK' from External
2026-04-07 16:23:10,671 - engine - INFO - Handling intent 'Action.PASS' for priority event 'PlayerEvent.DECLARE_ATTACKS' from External
2026-04-07 16:23:10,671 - engine - INFO - Opp-Goldfish will draw a card for turn
2026-04-07 16:23:10,671 - engine - INFO - Handling intent 'Action.PASS' for priority event 'PlayerEvent.MAIN_PHASE_EMPTY_STACK' from Opp-Goldfish
2026-04-07 16:23:10,671 - engine - INFO - Handling intent 'Action.PASS' for priority event 'PlayerEvent.DECLARE_ATTACKS' from Opp-Goldfish
2026-04-07 16:23:10,671 - engine - INFO - External will draw a card for turn
2026-04-07 16:23:10,672 - engine - INFO - Handling intent 'Action.PASS' for priority event 'PlayerEvent.MAIN_PHASE_EMPTY_STACK' from External
2026-04-07 16:23:10,672 - engine - INFO - Handling intent 'Action.PASS' for priority event 'PlayerEvent.DECLARE_ATTACKS' from External
2026-04-07 16:23:10,672 - engine - INFO - Opp-Goldfish will draw a card for turn
2026-04-07 16:23:10,672 - engine - INFO - Handling intent 'Action.PASS' for priority event 'PlayerEvent.MAIN_PHASE_EMPTY_STACK' from Opp-Goldfish
2026-04-07 16:23:10,672 - engine - INFO - Handling intent 'Action.PASS' for priority event 'PlayerEvent.DECLARE_ATTACKS' from Opp-Goldfish
2026-04-07 16:23:10,672 - engine - INFO - External will draw a card for turn
2026-04-07 16:23:10,673 - engine - INFO - Handling intent 'Action.PLAY_CARD' for priority event 'PlayerEvent.MAIN_PHASE_EMPTY_STACK' from External
2026-04-07 16:23:10,673 - engine - WARNING - Cards to play: Details are missing. NoOp instead!
2026-04-07 16:23:10,673 - engine - INFO - Handling intent 'Action.ATTACK' for priority event 'PlayerEvent.DECLARE_ATTACKS' from External
2026-04-07 16:23:10,673 - engine - WARNING - Turn 13/2: External is attacking!
2026-04-07 16:23:10,673 - engine - INFO - Opp-Goldfish will draw a card for turn
2026-04-07 16:23:10,673 - engine - INFO - Handling intent 'Action.PASS' for priority event 'PlayerEvent.MAIN_PHASE_EMPTY_STACK' from Opp-Goldfish
2026-04-07 16:23:10,673 - engine - INFO - Handling intent 'Action.PASS' for priority event 'PlayerEvent.DECLARE_ATTACKS' from Opp-Goldfish
2026-04-07 16:23:10,673 - engine - INFO - External will draw a card for turn
2026-04-07 16:23:10,674 - engine - INFO - Handling intent 'Action.PLAY_CARD' for priority event 'PlayerEvent.MAIN_PHASE_EMPTY_STACK' from External
2026-04-07 16:23:10,674 - engine - WARNING - Cards to play: Details are missing. NoOp instead!
2026-04-07 16:23:10,674 - engine - INFO - Handling intent 'Action.ATTACK' for priority event 'PlayerEvent.DECLARE_ATTACKS' from External
2026-04-07 16:23:10,674 - engine - WARNING - Turn 15/2: External is attacking!
2026-04-07 16:23:10,674 - engine - WARNING - Opp-Goldfish died by having 0 or less life.
2026-04-07 16:23:10,674 - engine - INFO - Game ended by death of player(s)
2026-04-07 16:23:10,674 - engine - INFO - External won by survival
2026-04-07 16:23:10,675 - engine - INFO - Setting up the new player Player1
2026-04-07 16:23:10,675 - engine - INFO - Setting up the new player Player2
2026-04-07 16:23:10,676 - engine - INFO - Handling intent 'Action.PASS' for priority event 'PlayerEvent.MAIN_PHASE_EMPTY_STACK' from Opp-Goldfish
2026-04-07 16:23:10,676 - engine - INFO - Handling intent 'Action.PASS' for priority event 'PlayerEvent.DECLARE_ATTACKS' from Opp-Goldfish
2026-04-07 16:23:10,676 - engine - INFO - External will draw a card for turn
2026-04-07 16:23:10,676 - engine - INFO - Handling intent 'Action.PLAY_CARD' for priority event 'PlayerEvent.MAIN_PHASE_EMPTY_STACK' from External
2026-04-07 16:23:10,676 - engine - WARNING - Cards to play: Details are missing. NoOp instead!
2026-04-07 16:23:10,677 - engine - INFO - Handling intent 'Action.PASS' for priority event 'PlayerEvent.DECLARE_ATTACKS' from External
2026-04-07 16:23:10,677 - engine - INFO - Opp-Goldfish will draw a card for turn
2026-04-07 16:23:10,677 - engine - INFO - Handling intent 'Action.PASS' for priority event 'PlayerEvent.MAIN_PHASE_EMPTY_STACK' from Opp-Goldfish
2026-04-07 16:23:10,677 - engine - INFO - Handling intent 'Action.PASS' for priority event 'PlayerEvent.DECLARE_ATTACKS' from Opp-Goldfish
2026-04-07 16:23:10,677 - engine - INFO - External will draw a card for turn
2026-04-07 16:23:10,677 - engine - INFO - Handling intent 'Action.PLAY_CARD' for priority event 'PlayerEvent.MAIN_PHASE_EMPTY_STACK' from External
2026-04-07 16:23:10,677 - engine - WARNING - Cards to play: Details are missing. NoOp instead!
2026-04-07 16:23:10,677 - engine - INFO - Handling intent 'Action.PASS' for priority event 'PlayerEvent.DECLARE_ATTACKS' from External
2026-04-07 16:23:10,677 - engine - INFO - Opp-Goldfish will draw a card for turn
2026-04-07 16:23:10,677 - engine - INFO - Handling intent 'Action.PASS' for priority event 'PlayerEvent.MAIN_PHASE_EMPTY_STACK' from Opp-Goldfish
2026-04-07 16:23:10,678 - engine - INFO - Handling intent 'Action.PASS' for priority event 'PlayerEvent.DECLARE_ATTACKS' from Opp-Goldfish
2026-04-07 16:23:10,678 - engine - INFO - External will draw a card for turn
2026-04-07 16:23:10,678 - engine - INFO - Handling intent 'Action.PLAY_CARD' for priority event 'PlayerEvent.MAIN_PHASE_EMPTY_STACK' from External
2026-04-07 16:23:10,678 - engine - WARNING - Cards to play: Details are missing. NoOp instead!
2026-04-07 16:23:10,678 - engine - INFO - Handling intent 'Action.ATTACK' for priority event 'PlayerEvent.DECLARE_ATTACKS' from External
2026-04-07 16:23:10,678 - engine - WARNING - Turn 5/2: External is attacking!
2026-04-07 16:23:10,678 - engine - INFO - Opp-Goldfish will draw a card for turn
2026-04-07 16:23:10,678 - engine - INFO - Handling intent 'Action.PASS' for priority event 'PlayerEvent.MAIN_PHASE_EMPTY_STACK' from Opp-Goldfish
2026-04-07 16:23:10,678 - engine - INFO - Handling intent 'Action.PASS' for priority event 'PlayerEvent.DECLARE_ATTACKS' from Opp-Goldfish
2026-04-07 16:23:10,678 - engine - INFO - External will draw a card for turn
2026-04-07 16:23:10,679 - engine - INFO - Handling intent 'Action.PLAY_CARD' for priority event 'PlayerEvent.MAIN_PHASE_EMPTY_STACK' from External
2026-04-07 16:23:10,679 - engine - WARNING - Cards to play: Details are missing. NoOp instead!
2026-04-07 16:23:10,679 - engine - INFO - Handling intent 'Action.ATTACK' for priority event 'PlayerEvent.DECLARE_ATTACKS' from External
2026-04-07 16:23:10,679 - engine - WARNING - Turn 7/2: External is attacking!
2026-04-07 16:23:10,679 - engine - INFO - Opp-Goldfish will draw a card for turn
2026-04-07 16:23:10,679 - engine - INFO - Handling intent 'Action.PASS' for priority event 'PlayerEvent.MAIN_PHASE_EMPTY_STACK' from Opp-Goldfish
2026-04-07 16:23:10,679 - engine - INFO - Handling intent 'Action.PASS' for priority event 'PlayerEvent.DECLARE_ATTACKS' from Opp-Goldfish
2026-04-07 16:23:10,679 - engine - INFO - External will draw a card for turn
2026-04-07 16:23:10,679 - engine - INFO - Handling intent 'Action.PLAY_CARD' for priority event 'PlayerEvent.MAIN_PHASE_EMPTY_STACK' from External
2026-04-07 16:23:10,679 - engine - WARNING - Cards to play: Details are missing. NoOp instead!
2026-04-07 16:23:10,680 - engine - INFO - Handling intent 'Action.ATTACK' for priority event 'PlayerEvent.DECLARE_ATTACKS' from External
2026-04-07 16:23:10,680 - engine - WARNING - Turn 9/2: External is attacking!
2026-04-07 16:23:10,680 - engine - INFO - Opp-Goldfish will draw a card for turn
2026-04-07 16:23:10,680 - engine - INFO - Handling intent 'Action.PASS' for priority event 'PlayerEvent.MAIN_PHASE_EMPTY_STACK' from Opp-Goldfish
2026-04-07 16:23:10,680 - engine - INFO - Handling intent 'Action.PASS' for priority event 'PlayerEvent.DECLARE_ATTACKS' from Opp-Goldfish
2026-04-07 16:23:10,680 - engine - INFO - External will draw a card for turn
2026-04-07 16:23:10,680 - engine - INFO - Handling intent 'Action.PLAY_CARD' for priority event 'PlayerEvent.MAIN_PHASE_EMPTY_STACK' from External
2026-04-07 16:23:10,680 - engine - WARNING - Cards to play: Details are missing. NoOp instead!
2026-04-07 16:23:10,681 - engine - INFO - Handling intent 'Action.ATTACK' for priority event 'PlayerEvent.DECLARE_ATTACKS' from External
2026-04-07 16:23:10,681 - engine - WARNING - Turn 11/2: External is attacking!
2026-04-07 16:23:10,681 - engine - INFO - Opp-Goldfish will draw a card for turn
2026-04-07 16:23:10,681 - engine - INFO - Handling intent 'Action.PASS' for priority event 'PlayerEvent.MAIN_PHASE_EMPTY_STACK' from Opp-Goldfish
2026-04-07 16:23:10,681 - engine - INFO - Handling intent 'Action.PASS' for priority event 'PlayerEvent.DECLARE_ATTACKS' from Opp-Goldfish
2026-04-07 16:23:10,681 - engine - INFO - External will draw a card for turn
2026-04-07 16:23:10,681 - engine - INFO - Handling intent 'Action.PLAY_CARD' for priority event 'PlayerEvent.MAIN_PHASE_EMPTY_STACK' from External
2026-04-07 16:23:10,682 - engine - WARNING - Cards to play: Details are missing. NoOp instead!
2026-04-07 16:23:10,682 - engine - INFO - Handling intent 'Action.PASS' for priority event 'PlayerEvent.DECLARE_ATTACKS' from External
2026-04-07 16:23:10,682 - engine - INFO - Opp-Goldfish will draw a card for turn
2026-04-07 16:23:10,682 - engine - INFO - Handling intent 'Action.PASS' for priority event 'PlayerEvent.MAIN_PHASE_EMPTY_STACK' from Opp-Goldfish
2026-04-07 16:23:10,682 - engine - INFO - Handling intent 'Action.PASS' for priority event 'PlayerEvent.DECLARE_ATTACKS' from Opp-Goldfish
2026-04-07 16:23:10,683 - engine - INFO - External will draw a card for turn
2026-04-07 16:23:10,683 - engine - INFO - Handling intent 'Action.PLAY_CARD' for priority event 'PlayerEvent.MAIN_PHASE_EMPTY_STACK' from External
2026-04-07 16:23:10,683 - engine - WARNING - Cards to play: Details are missing. NoOp instead!
2026-04-07 16:23:10,683 - engine - INFO - Handling intent 'Action.PASS' for priority event 'PlayerEvent.DECLARE_ATTACKS' from External
2026-04-07 16:23:10,683 - engine - INFO - Opp-Goldfish will draw a card for turn
2026-04-07 16:23:10,684 - engine - INFO - Handling intent 'Action.PASS' for priority event 'PlayerEvent.MAIN_PHASE_EMPTY_STACK' from Opp-Goldfish
2026-04-07 16:23:10,684 - engine - INFO - Handling intent 'Action.PASS' for priority event 'PlayerEvent.DECLARE_ATTACKS' from Opp-Goldfish
2026-04-07 16:23:10,684 - engine - INFO - External will draw a card for turn
2026-04-07 16:23:10,684 - engine - INFO - Handling intent 'Action.PASS' for priority event 'PlayerEvent.MAIN_PHASE_EMPTY_STACK' from External
2026-04-07 16:23:10,684 - engine - INFO - Handling intent 'Action.ATTACK' for priority event 'PlayerEvent.DECLARE_ATTACKS' from External
2026-04-07 16:23:10,684 - engine - WARNING - Turn 17/2: External is attacking!
2026-04-07 16:23:10,684 - engine - WARNING - Opp-Goldfish died by having 0 or less life.
2026-04-07 16:23:10,684 - engine - INFO - Game ended by death of player(s)
2026-04-07 16:23:10,684 - engine - INFO - External won by survival
2026-04-07 16:23:10,685 - engine - INFO - Setting up the new player Player1
2026-04-07 16:23:10,685 - engine - INFO - Setting up the new player Player2
2026-04-07 16:23:10,686 - engine - INFO - Handling intent 'Action.PASS' for priority event 'PlayerEvent.MAIN_PHASE_EMPTY_STACK' from Opp-Goldfish
2026-04-07 16:23:10,686 - engine - INFO - Handling intent 'Action.PASS' for priority event 'PlayerEvent.DECLARE_ATTACKS' from Opp-Goldfish
2026-04-07 16:23:10,686 - engine - INFO - External will draw a card for turn
2026-04-07 16:23:10,686 - engine - INFO - Handling intent 'Action.PLAY_CARD' for priority event 'PlayerEvent.MAIN_PHASE_EMPTY_STACK' from External
2026-04-07 16:23:10,686 - engine - WARNING - Cards to play: Details are missing. NoOp instead!
2026-04-07 16:23:10,687 - engine - INFO - Handling intent 'Action.ATTACK' for priority event 'PlayerEvent.DECLARE_ATTACKS' from External
2026-04-07 16:23:10,687 - engine - WARNING - Turn 1/2: External is attacking!
2026-04-07 16:23:10,687 - engine - INFO - Opp-Goldfish will draw a card for turn
2026-04-07 16:23:10,687 - engine - INFO - Handling intent 'Action.PASS' for priority event 'PlayerEvent.MAIN_PHASE_EMPTY_STACK' from Opp-Goldfish
2026-04-07 16:23:10,687 - engine - INFO - Handling intent 'Action.PASS' for priority event 'PlayerEvent.DECLARE_ATTACKS' from Opp-Goldfish
2026-04-07 16:23:10,687 - engine - INFO - External will draw a card for turn
2026-04-07 16:23:10,687 - engine - INFO - Handling intent 'Action.PLAY_CARD' for priority event 'PlayerEvent.MAIN_PHASE_EMPTY_STACK' from External
2026-04-07 16:23:10,687 - engine - WARNING - Cards to play: Details are missing. NoOp instead!
2026-04-07 16:23:10,688 - engine - INFO - Handling intent 'Action.ATTACK' for priority event 'PlayerEvent.DECLARE_ATTACKS' from External
2026-04-07 16:23:10,688 - engine - WARNING - Turn 3/2: External is attacking!
2026-04-07 16:23:10,688 - engine - INFO - Opp-Goldfish will draw a card for turn
2026-04-07 16:23:10,688 - engine - INFO - Handling intent 'Action.PASS' for priority event 'PlayerEvent.MAIN_PHASE_EMPTY_STACK' from Opp-Goldfish
2026-04-07 16:23:10,688 - engine - INFO - Handling intent 'Action.PASS' for priority event 'PlayerEvent.DECLARE_ATTACKS' from Opp-Goldfish
2026-04-07 16:23:10,688 - engine - INFO - External will draw a card for turn
2026-04-07 16:23:10,688 - engine - INFO - Handling intent 'Action.PASS' for priority event 'PlayerEvent.MAIN_PHASE_EMPTY_STACK' from External
2026-04-07 16:23:10,688 - engine - INFO - Handling intent 'Action.PASS' for priority event 'PlayerEvent.DECLARE_ATTACKS' from External
2026-04-07 16:23:10,688 - engine - INFO - Opp-Goldfish will draw a card for turn
2026-04-07 16:23:10,688 - engine - INFO - Handling intent 'Action.PASS' for priority event 'PlayerEvent.MAIN_PHASE_EMPTY_STACK' from Opp-Goldfish
2026-04-07 16:23:10,689 - engine - INFO - Handling intent 'Action.PASS' for priority event 'PlayerEvent.DECLARE_ATTACKS' from Opp-Goldfish
2026-04-07 16:23:10,689 - engine - INFO - External will draw a card for turn
2026-04-07 16:23:10,689 - engine - INFO - Handling intent 'Action.PLAY_CARD' for priority event 'PlayerEvent.MAIN_PHASE_EMPTY_STACK' from External
2026-04-07 16:23:10,689 - engine - WARNING - Cards to play: Details are missing. NoOp instead!
2026-04-07 16:23:10,689 - engine - INFO - Handling intent 'Action.PASS' for priority event 'PlayerEvent.DECLARE_ATTACKS' from External
2026-04-07 16:23:10,689 - engine - INFO - Opp-Goldfish will draw a card for turn
2026-04-07 16:23:10,689 - engine - INFO - Handling intent 'Action.PASS' for priority event 'PlayerEvent.MAIN_PHASE_EMPTY_STACK' from Opp-Goldfish
2026-04-07 16:23:10,689 - engine - INFO - Handling intent 'Action.PASS' for priority event 'PlayerEvent.DECLARE_ATTACKS' from Opp-Goldfish
2026-04-07 16:23:10,689 - engine - INFO - External will draw a card for turn
2026-04-07 16:23:10,690 - engine - INFO - Handling intent 'Action.PLAY_CARD' for priority event 'PlayerEvent.MAIN_PHASE_EMPTY_STACK' from External
2026-04-07 16:23:10,690 - engine - WARNING - Cards to play: Details are missing. NoOp instead!
2026-04-07 16:23:10,690 - engine - INFO - Handling intent 'Action.PASS' for priority event 'PlayerEvent.DECLARE_ATTACKS' from External
2026-04-07 16:23:10,690 - engine - INFO - Opp-Goldfish will draw a card for turn
2026-04-07 16:23:10,690 - engine - INFO - Handling intent 'Action.PASS' for priority event 'PlayerEvent.MAIN_PHASE_EMPTY_STACK' from Opp-Goldfish
2026-04-07 16:23:10,690 - engine - INFO - Handling intent 'Action.PASS' for priority event 'PlayerEvent.DECLARE_ATTACKS' from Opp-Goldfish
2026-04-07 16:23:10,690 - engine - INFO - External will draw a card for turn
2026-04-07 16:23:10,690 - engine - INFO - Handling intent 'Action.PLAY_CARD' for priority event 'PlayerEvent.MAIN_PHASE_EMPTY_STACK' from External
2026-04-07 16:23:10,691 - engine - WARNING - Cards to play: Details are missing. NoOp instead!
2026-04-07 16:23:10,691 - engine - INFO - Handling intent 'Action.ATTACK' for priority event 'PlayerEvent.DECLARE_ATTACKS' from External
2026-04-07 16:23:10,691 - engine - WARNING - Turn 11/2: External is attacking!
2026-04-07 16:23:10,691 - engine - INFO - Opp-Goldfish will draw a card for turn
2026-04-07 16:23:10,691 - engine - INFO - Handling intent 'Action.PASS' for priority event 'PlayerEvent.MAIN_PHASE_EMPTY_STACK' from Opp-Goldfish
2026-04-07 16:23:10,691 - engine - INFO - Handling intent 'Action.PASS' for priority event 'PlayerEvent.DECLARE_ATTACKS' from Opp-Goldfish
2026-04-07 16:23:10,691 - engine - INFO - External will draw a card for turn
2026-04-07 16:23:10,692 - engine - INFO - Handling intent 'Action.PASS' for priority event 'PlayerEvent.MAIN_PHASE_EMPTY_STACK' from External
2026-04-07 16:23:10,692 - engine - INFO - Handling intent 'Action.ATTACK' for priority event 'PlayerEvent.DECLARE_ATTACKS' from External
2026-04-07 16:23:10,692 - engine - WARNING - Turn 13/2: External is attacking!
2026-04-07 16:23:10,692 - engine - INFO - Opp-Goldfish will draw a card for turn
2026-04-07 16:23:10,692 - engine - INFO - Handling intent 'Action.PASS' for priority event 'PlayerEvent.MAIN_PHASE_EMPTY_STACK' from Opp-Goldfish
2026-04-07 16:23:10,692 - engine - INFO - Handling intent 'Action.PASS' for priority event 'PlayerEvent.DECLARE_ATTACKS' from Opp-Goldfish
2026-04-07 16:23:10,692 - engine - INFO - External will draw a card for turn
2026-04-07 16:23:10,693 - engine - INFO - Handling intent 'Action.PLAY_CARD' for priority event 'PlayerEvent.MAIN_PHASE_EMPTY_STACK' from External
2026-04-07 16:23:10,693 - engine - WARNING - Cards to play: Details are missing. NoOp instead!
2026-04-07 16:23:10,693 - engine - INFO - Handling intent 'Action.PASS' for priority event 'PlayerEvent.DECLARE_ATTACKS' from External
2026-04-07 16:23:10,693 - engine - INFO - Opp-Goldfish will draw a card for turn
2026-04-07 16:23:10,693 - engine - INFO - Handling intent 'Action.PASS' for priority event 'PlayerEvent.MAIN_PHASE_EMPTY_STACK' from Opp-Goldfish
2026-04-07 16:23:10,693 - engine - INFO - Handling intent 'Action.PASS' for priority event 'PlayerEvent.DECLARE_ATTACKS' from Opp-Goldfish
2026-04-07 16:23:10,693 - engine - INFO - External will draw a card for turn
2026-04-07 16:23:10,694 - engine - INFO - Handling intent 'Action.PASS' for priority event 'PlayerEvent.MAIN_PHASE_EMPTY_STACK' from External
2026-04-07 16:23:10,694 - engine - INFO - Handling intent 'Action.PASS' for priority event 'PlayerEvent.DECLARE_ATTACKS' from External
2026-04-07 16:23:10,694 - engine - INFO - Opp-Goldfish will draw a card for turn
2026-04-07 16:23:10,694 - engine - INFO - Handling intent 'Action.PASS' for priority event 'PlayerEvent.MAIN_PHASE_EMPTY_STACK' from Opp-Goldfish
2026-04-07 16:23:10,694 - engine - INFO - Handling intent 'Action.PASS' for priority event 'PlayerEvent.DECLARE_ATTACKS' from Opp-Goldfish
2026-04-07 16:23:10,694 - engine - INFO - External will draw a card for turn
2026-04-07 16:23:10,695 - engine - INFO - Handling intent 'Action.PASS' for priority event 'PlayerEvent.MAIN_PHASE_EMPTY_STACK' from External
2026-04-07 16:23:10,695 - engine - INFO - Handling intent 'Action.PASS' for priority event 'PlayerEvent.DECLARE_ATTACKS' from External
2026-04-07 16:23:10,695 - engine - INFO - Opp-Goldfish will draw a card for turn
2026-04-07 16:23:10,695 - engine - INFO - Handling intent 'Action.PASS' for priority event 'PlayerEvent.MAIN_PHASE_EMPTY_STACK' from Opp-Goldfish
2026-04-07 16:23:10,695 - engine - INFO - Handling intent 'Action.PASS' for priority event 'PlayerEvent.DECLARE_ATTACKS' from Opp-Goldfish
2026-04-07 16:23:10,695 - engine - INFO - External will draw a card for turn
2026-04-07 16:23:10,695 - engine - WARNING - External died by drawing from an empty library.
2026-04-07 16:23:10,696 - engine - INFO - Game ended by death of player(s)
2026-04-07 16:23:10,696 - engine - INFO - Opp-Goldfish won by survival
2026-04-07 16:23:10,696 - engine - INFO - Setting up the new player Player1
2026-04-07 16:23:10,697 - engine - INFO - Setting up the new player Player2
2026-04-07 16:23:10,698 - engine - INFO - Handling intent 'Action.PASS' for priority event 'PlayerEvent.MAIN_PHASE_EMPTY_STACK' from Opp-Goldfish
2026-04-07 16:23:10,698 - engine - INFO - Handling intent 'Action.PASS' for priority event 'PlayerEvent.DECLARE_ATTACKS' from Opp-Goldfish
2026-04-07 16:23:10,698 - engine - INFO - External will draw a card for turn
2026-04-07 16:23:10,698 - engine - INFO - Handling intent 'Action.PLAY_CARD' for priority event 'PlayerEvent.MAIN_PHASE_EMPTY_STACK' from External
2026-04-07 16:23:10,699 - engine - WARNING - Cards to play: Details are missing. NoOp instead!
2026-04-07 16:23:10,699 - engine - INFO - Handling intent 'Action.ATTACK' for priority event 'PlayerEvent.DECLARE_ATTACKS' from External
2026-04-07 16:23:10,699 - engine - WARNING - Turn 1/2: External is attacking!
2026-04-07 16:23:10,699 - engine - INFO - Opp-Goldfish will draw a card for turn
2026-04-07 16:23:10,699 - engine - INFO - Handling intent 'Action.PASS' for priority event 'PlayerEvent.MAIN_PHASE_EMPTY_STACK' from Opp-Goldfish
2026-04-07 16:23:10,700 - engine - INFO - Handling intent 'Action.PASS' for priority event 'PlayerEvent.DECLARE_ATTACKS' from Opp-Goldfish
2026-04-07 16:23:10,700 - engine - INFO - External will draw a card for turn
2026-04-07 16:23:10,700 - engine - INFO - Handling intent 'Action.PLAY_CARD' for priority event 'PlayerEvent.MAIN_PHASE_EMPTY_STACK' from External
2026-04-07 16:23:10,700 - engine - WARNING - Cards to play: Details are missing. NoOp instead!
2026-04-07 16:23:10,700 - engine - INFO - Handling intent 'Action.ATTACK' for priority event 'PlayerEvent.DECLARE_ATTACKS' from External
2026-04-07 16:23:10,700 - engine - WARNING - Turn 3/2: External is attacking!
2026-04-07 16:23:10,700 - engine - INFO - Opp-Goldfish will draw a card for turn
2026-04-07 16:23:10,700 - engine - INFO - Handling intent 'Action.PASS' for priority event 'PlayerEvent.MAIN_PHASE_EMPTY_STACK' from Opp-Goldfish
2026-04-07 16:23:10,701 - engine - INFO - Handling intent 'Action.PASS' for priority event 'PlayerEvent.DECLARE_ATTACKS' from Opp-Goldfish
2026-04-07 16:23:10,701 - engine - INFO - External will draw a card for turn
2026-04-07 16:23:10,701 - engine - INFO - Handling intent 'Action.PLAY_CARD' for priority event 'PlayerEvent.MAIN_PHASE_EMPTY_STACK' from External
2026-04-07 16:23:10,701 - engine - WARNING - Cards to play: Details are missing. NoOp instead!
2026-04-07 16:23:10,701 - engine - INFO - Handling intent 'Action.ATTACK' for priority event 'PlayerEvent.DECLARE_ATTACKS' from External
2026-04-07 16:23:10,701 - engine - WARNING - Turn 5/2: External is attacking!
2026-04-07 16:23:10,701 - engine - INFO - Opp-Goldfish will draw a card for turn
2026-04-07 16:23:10,701 - engine - INFO - Handling intent 'Action.PASS' for priority event 'PlayerEvent.MAIN_PHASE_EMPTY_STACK' from Opp-Goldfish
2026-04-07 16:23:10,702 - engine - INFO - Handling intent 'Action.PASS' for priority event 'PlayerEvent.DECLARE_ATTACKS' from Opp-Goldfish
2026-04-07 16:23:10,702 - engine - INFO - External will draw a card for turn
2026-04-07 16:23:10,702 - engine - INFO - Handling intent 'Action.PLAY_CARD' for priority event 'PlayerEvent.MAIN_PHASE_EMPTY_STACK' from External
2026-04-07 16:23:10,702 - engine - WARNING - Cards to play: Details are missing. NoOp instead!
2026-04-07 16:23:10,702 - engine - INFO - Handling intent 'Action.ATTACK' for priority event 'PlayerEvent.DECLARE_ATTACKS' from External
2026-04-07 16:23:10,702 - engine - WARNING - Turn 7/2: External is attacking!
2026-04-07 16:23:10,702 - engine - INFO - Opp-Goldfish will draw a card for turn
2026-04-07 16:23:10,702 - engine - INFO - Handling intent 'Action.PASS' for priority event 'PlayerEvent.MAIN_PHASE_EMPTY_STACK' from Opp-Goldfish
2026-04-07 16:23:10,702 - engine - INFO - Handling intent 'Action.PASS' for priority event 'PlayerEvent.DECLARE_ATTACKS' from Opp-Goldfish
2026-04-07 16:23:10,702 - engine - INFO - External will draw a card for turn
2026-04-07 16:23:10,703 - engine - INFO - Handling intent 'Action.PLAY_CARD' for priority event 'PlayerEvent.MAIN_PHASE_EMPTY_STACK' from External
2026-04-07 16:23:10,703 - engine - WARNING - Cards to play: Details are missing. NoOp instead!
2026-04-07 16:23:10,703 - engine - INFO - Handling intent 'Action.PASS' for priority event 'PlayerEvent.DECLARE_ATTACKS' from External
2026-04-07 16:23:10,703 - engine - INFO - Opp-Goldfish will draw a card for turn
2026-04-07 16:23:10,703 - engine - INFO - Handling intent 'Action.PASS' for priority event 'PlayerEvent.MAIN_PHASE_EMPTY_STACK' from Opp-Goldfish
2026-04-07 16:23:10,703 - engine - INFO - Handling intent 'Action.PASS' for priority event 'PlayerEvent.DECLARE_ATTACKS' from Opp-Goldfish
2026-04-07 16:23:10,703 - engine - INFO - External will draw a card for turn
2026-04-07 16:23:10,704 - engine - INFO - Handling intent 'Action.PASS' for priority event 'PlayerEvent.MAIN_PHASE_EMPTY_STACK' from External
2026-04-07 16:23:10,704 - engine - INFO - Handling intent 'Action.ATTACK' for priority event 'PlayerEvent.DECLARE_ATTACKS' from External
2026-04-07 16:23:10,704 - engine - WARNING - Turn 11/2: External is attacking!
2026-04-07 16:23:10,704 - engine - WARNING - Opp-Goldfish died by having 0 or less life.
2026-04-07 16:23:10,704 - engine - INFO - Game ended by death of player(s)
2026-04-07 16:23:10,704 - engine - INFO - External won by survival
2026-04-07 16:23:10,705 - engine - INFO - Setting up the new player Player1
2026-04-07 16:23:10,705 - engine - INFO - Setting up the new player Player2
2026-04-07 16:23:10,705 - engine - INFO - Handling intent 'Action.PASS' for priority event 'PlayerEvent.MAIN_PHASE_EMPTY_STACK' from Opp-Goldfish
2026-04-07 16:23:10,706 - engine - INFO - Handling intent 'Action.PASS' for priority event 'PlayerEvent.DECLARE_ATTACKS' from Opp-Goldfish
2026-04-07 16:23:10,706 - engine - INFO - External will draw a card for turn
2026-04-07 16:23:10,706 - engine - INFO - Handling intent 'Action.PLAY_CARD' for priority event 'PlayerEvent.MAIN_PHASE_EMPTY_STACK' from External
2026-04-07 16:23:10,706 - engine - WARNING - Cards to play: Details are missing. NoOp instead!
2026-04-07 16:23:10,706 - engine - INFO - Handling intent 'Action.ATTACK' for priority event 'PlayerEvent.DECLARE_ATTACKS' from External
2026-04-07 16:23:10,706 - engine - WARNING - Turn 1/2: External is attacking!
2026-04-07 16:23:10,706 - engine - INFO - Opp-Goldfish will draw a card for turn
2026-04-07 16:23:10,706 - engine - INFO - Handling intent 'Action.PASS' for priority event 'PlayerEvent.MAIN_PHASE_EMPTY_STACK' from Opp-Goldfish
2026-04-07 16:23:10,707 - engine - INFO - Handling intent 'Action.PASS' for priority event 'PlayerEvent.DECLARE_ATTACKS' from Opp-Goldfish
2026-04-07 16:23:10,707 - engine - INFO - External will draw a card for turn
2026-04-07 16:23:10,707 - engine - INFO - Handling intent 'Action.PLAY_CARD' for priority event 'PlayerEvent.MAIN_PHASE_EMPTY_STACK' from External
2026-04-07 16:23:10,707 - engine - WARNING - Cards to play: Details are missing. NoOp instead!
2026-04-07 16:23:10,707 - engine - INFO - Handling intent 'Action.PASS' for priority event 'PlayerEvent.DECLARE_ATTACKS' from External
2026-04-07 16:23:10,707 - engine - INFO - Opp-Goldfish will draw a card for turn
2026-04-07 16:23:10,707 - engine - INFO - Handling intent 'Action.PASS' for priority event 'PlayerEvent.MAIN_PHASE_EMPTY_STACK' from Opp-Goldfish
2026-04-07 16:23:10,707 - engine - INFO - Handling intent 'Action.PASS' for priority event 'PlayerEvent.DECLARE_ATTACKS' from Opp-Goldfish
2026-04-07 16:23:10,707 - engine - INFO - External will draw a card for turn
2026-04-07 16:23:10,708 - engine - INFO - Handling intent 'Action.PASS' for priority event 'PlayerEvent.MAIN_PHASE_EMPTY_STACK' from External
2026-04-07 16:23:10,708 - engine - INFO - Handling intent 'Action.ATTACK' for priority event 'PlayerEvent.DECLARE_ATTACKS' from External
2026-04-07 16:23:10,708 - engine - WARNING - Turn 5/2: External is attacking!
2026-04-07 16:23:10,708 - engine - INFO - Opp-Goldfish will draw a card for turn
2026-04-07 16:23:10,708 - engine - INFO - Handling intent 'Action.PASS' for priority event 'PlayerEvent.MAIN_PHASE_EMPTY_STACK' from Opp-Goldfish
2026-04-07 16:23:10,708 - engine - INFO - Handling intent 'Action.PASS' for priority event 'PlayerEvent.DECLARE_ATTACKS' from Opp-Goldfish
2026-04-07 16:23:10,708 - engine - INFO - External will draw a card for turn
2026-04-07 16:23:10,709 - engine - INFO - Handling intent 'Action.PLAY_CARD' for priority event 'PlayerEvent.MAIN_PHASE_EMPTY_STACK' from External
2026-04-07 16:23:10,709 - engine - WARNING - Cards to play: Details are missing. NoOp instead!
2026-04-07 16:23:10,709 - engine - INFO - Handling intent 'Action.PASS' for priority event 'PlayerEvent.DECLARE_ATTACKS' from External
2026-04-07 16:23:10,709 - engine - INFO - Opp-Goldfish will draw a card for turn
2026-04-07 16:23:10,709 - engine - INFO - Handling intent 'Action.PASS' for priority event 'PlayerEvent.MAIN_PHASE_EMPTY_STACK' from Opp-Goldfish
2026-04-07 16:23:10,709 - engine - INFO - Handling intent 'Action.PASS' for priority event 'PlayerEvent.DECLARE_ATTACKS' from Opp-Goldfish
2026-04-07 16:23:10,709 - engine - INFO - External will draw a card for turn
2026-04-07 16:23:10,709 - engine - INFO - Handling intent 'Action.PLAY_CARD' for priority event 'PlayerEvent.MAIN_PHASE_EMPTY_STACK' from External
2026-04-07 16:23:10,709 - engine - WARNING - Cards to play: Details are missing. NoOp instead!
2026-04-07 16:23:10,710 - engine - INFO - Handling intent 'Action.ATTACK' for priority event 'PlayerEvent.DECLARE_ATTACKS' from External
2026-04-07 16:23:10,710 - engine - WARNING - Turn 9/2: External is attacking!
2026-04-07 16:23:10,710 - engine - INFO - Opp-Goldfish will draw a card for turn
2026-04-07 16:23:10,710 - engine - INFO - Handling intent 'Action.PASS' for priority event 'PlayerEvent.MAIN_PHASE_EMPTY_STACK' from Opp-Goldfish
2026-04-07 16:23:10,710 - engine - INFO - Handling intent 'Action.PASS' for priority event 'PlayerEvent.DECLARE_ATTACKS' from Opp-Goldfish
2026-04-07 16:23:10,710 - engine - INFO - External will draw a card for turn
2026-04-07 16:23:10,710 - engine - INFO - Handling intent 'Action.PLAY_CARD' for priority event 'PlayerEvent.MAIN_PHASE_EMPTY_STACK' from External
2026-04-07 16:23:10,710 - engine - WARNING - Cards to play: Details are missing. NoOp instead!
2026-04-07 16:23:10,711 - engine - INFO - Handling intent 'Action.ATTACK' for priority event 'PlayerEvent.DECLARE_ATTACKS' from External
2026-04-07 16:23:10,711 - engine - WARNING - Turn 11/2: External is attacking!
2026-04-07 16:23:10,711 - engine - INFO - Opp-Goldfish will draw a card for turn
2026-04-07 16:23:10,711 - engine - INFO - Handling intent 'Action.PASS' for priority event 'PlayerEvent.MAIN_PHASE_EMPTY_STACK' from Opp-Goldfish
2026-04-07 16:23:10,711 - engine - INFO - Handling intent 'Action.PASS' for priority event 'PlayerEvent.DECLARE_ATTACKS' from Opp-Goldfish
2026-04-07 16:23:10,711 - engine - INFO - External will draw a card for turn
2026-04-07 16:23:10,711 - engine - INFO - Handling intent 'Action.PLAY_CARD' for priority event 'PlayerEvent.MAIN_PHASE_EMPTY_STACK' from External
2026-04-07 16:23:10,711 - engine - WARNING - Cards to play: Details are missing. NoOp instead!
2026-04-07 16:23:10,712 - engine - INFO - Handling intent 'Action.PASS' for priority event 'PlayerEvent.DECLARE_ATTACKS' from External
2026-04-07 16:23:10,712 - engine - INFO - Opp-Goldfish will draw a card for turn
2026-04-07 16:23:10,712 - engine - INFO - Handling intent 'Action.PASS' for priority event 'PlayerEvent.MAIN_PHASE_EMPTY_STACK' from Opp-Goldfish
2026-04-07 16:23:10,712 - engine - INFO - Handling intent 'Action.PASS' for priority event 'PlayerEvent.DECLARE_ATTACKS' from Opp-Goldfish
2026-04-07 16:23:10,712 - engine - INFO - External will draw a card for turn
2026-04-07 16:23:10,712 - engine - INFO - Handling intent 'Action.PASS' for priority event 'PlayerEvent.MAIN_PHASE_EMPTY_STACK' from External
2026-04-07 16:23:10,713 - engine - INFO - Handling intent 'Action.ATTACK' for priority event 'PlayerEvent.DECLARE_ATTACKS' from External
2026-04-07 16:23:10,713 - engine - WARNING - Turn 15/2: External is attacking!
2026-04-07 16:23:10,713 - engine - WARNING - Opp-Goldfish died by having 0 or less life.
2026-04-07 16:23:10,713 - engine - INFO - Game ended by death of player(s)
2026-04-07 16:23:10,713 - engine - INFO - External won by survival
2026-04-07 16:23:10,713 - engine - INFO - Setting up the new player Player1
2026-04-07 16:23:10,714 - engine - INFO - Setting up the new player Player2
2026-04-07 16:23:10,714 - engine - INFO - Handling intent 'Action.PASS' for priority event 'PlayerEvent.MAIN_PHASE_EMPTY_STACK' from Opp-Goldfish
2026-04-07 16:23:10,715 - engine - INFO - Handling intent 'Action.PASS' for priority event 'PlayerEvent.DECLARE_ATTACKS' from Opp-Goldfish
2026-04-07 16:23:10,715 - engine - INFO - External will draw a card for turn
2026-04-07 16:23:10,715 - engine - INFO - Handling intent 'Action.PLAY_CARD' for priority event 'PlayerEvent.MAIN_PHASE_EMPTY_STACK' from External
2026-04-07 16:23:10,715 - engine - WARNING - Cards to play: Details are missing. NoOp instead!
2026-04-07 16:23:10,715 - engine - INFO - Handling intent 'Action.PASS' for priority event 'PlayerEvent.DECLARE_ATTACKS' from External
2026-04-07 16:23:10,715 - engine - INFO - Opp-Goldfish will draw a card for turn
2026-04-07 16:23:10,715 - engine - INFO - Handling intent 'Action.PASS' for priority event 'PlayerEvent.MAIN_PHASE_EMPTY_STACK' from Opp-Goldfish
2026-04-07 16:23:10,716 - engine - INFO - Handling intent 'Action.PASS' for priority event 'PlayerEvent.DECLARE_ATTACKS' from Opp-Goldfish
2026-04-07 16:23:10,716 - engine - INFO - External will draw a card for turn
2026-04-07 16:23:10,716 - engine - INFO - Handling intent 'Action.PLAY_CARD' for priority event 'PlayerEvent.MAIN_PHASE_EMPTY_STACK' from External
2026-04-07 16:23:10,716 - engine - WARNING - Cards to play: Details are missing. NoOp instead!
2026-04-07 16:23:10,717 - engine - INFO - Handling intent 'Action.ATTACK' for priority event 'PlayerEvent.DECLARE_ATTACKS' from External
2026-04-07 16:23:10,717 - engine - WARNING - Turn 3/2: External is attacking!
2026-04-07 16:23:10,717 - engine - INFO - Opp-Goldfish will draw a card for turn
2026-04-07 16:23:10,717 - engine - INFO - Handling intent 'Action.PASS' for priority event 'PlayerEvent.MAIN_PHASE_EMPTY_STACK' from Opp-Goldfish
2026-04-07 16:23:10,717 - engine - INFO - Handling intent 'Action.PASS' for priority event 'PlayerEvent.DECLARE_ATTACKS' from Opp-Goldfish
2026-04-07 16:23:10,717 - engine - INFO - External will draw a card for turn
2026-04-07 16:23:10,717 - engine - INFO - Handling intent 'Action.PLAY_CARD' for priority event 'PlayerEvent.MAIN_PHASE_EMPTY_STACK' from External
2026-04-07 16:23:10,717 - engine - WARNING - Cards to play: Details are missing. NoOp instead!
2026-04-07 16:23:10,718 - engine - INFO - Handling intent 'Action.ATTACK' for priority event 'PlayerEvent.DECLARE_ATTACKS' from External
2026-04-07 16:23:10,718 - engine - WARNING - Turn 5/2: External is attacking!
2026-04-07 16:23:10,718 - engine - INFO - Opp-Goldfish will draw a card for turn
2026-04-07 16:23:10,718 - engine - INFO - Handling intent 'Action.PASS' for priority event 'PlayerEvent.MAIN_PHASE_EMPTY_STACK' from Opp-Goldfish
2026-04-07 16:23:10,718 - engine - INFO - Handling intent 'Action.PASS' for priority event 'PlayerEvent.DECLARE_ATTACKS' from Opp-Goldfish
2026-04-07 16:23:10,718 - engine - INFO - External will draw a card for turn
2026-04-07 16:23:10,718 - engine - INFO - Handling intent 'Action.PLAY_CARD' for priority event 'PlayerEvent.MAIN_PHASE_EMPTY_STACK' from External
2026-04-07 16:23:10,718 - engine - WARNING - Cards to play: Details are missing. NoOp instead!
2026-04-07 16:23:10,719 - engine - INFO - Handling intent 'Action.ATTACK' for priority event 'PlayerEvent.DECLARE_ATTACKS' from External
2026-04-07 16:23:10,719 - engine - WARNING - Turn 7/2: External is attacking!
2026-04-07 16:23:10,719 - engine - INFO - Opp-Goldfish will draw a card for turn
2026-04-07 16:23:10,719 - engine - INFO - Handling intent 'Action.PASS' for priority event 'PlayerEvent.MAIN_PHASE_EMPTY_STACK' from Opp-Goldfish
2026-04-07 16:23:10,719 - engine - INFO - Handling intent 'Action.PASS' for priority event 'PlayerEvent.DECLARE_ATTACKS' from Opp-Goldfish
2026-04-07 16:23:10,719 - engine - INFO - External will draw a card for turn
2026-04-07 16:23:10,719 - engine - INFO - Handling intent 'Action.PLAY_CARD' for priority event 'PlayerEvent.MAIN_PHASE_EMPTY_STACK' from External
2026-04-07 16:23:10,719 - engine - WARNING - Cards to play: Details are missing. NoOp instead!
2026-04-07 16:23:10,720 - engine - INFO - Handling intent 'Action.ATTACK' for priority event 'PlayerEvent.DECLARE_ATTACKS' from External
2026-04-07 16:23:10,720 - engine - WARNING - Turn 9/2: External is attacking!
2026-04-07 16:23:10,720 - engine - INFO - Opp-Goldfish will draw a card for turn
2026-04-07 16:23:10,720 - engine - INFO - Handling intent 'Action.PASS' for priority event 'PlayerEvent.MAIN_PHASE_EMPTY_STACK' from Opp-Goldfish
2026-04-07 16:23:10,720 - engine - INFO - Handling intent 'Action.PASS' for priority event 'PlayerEvent.DECLARE_ATTACKS' from Opp-Goldfish
2026-04-07 16:23:10,720 - engine - INFO - External will draw a card for turn
2026-04-07 16:23:10,720 - engine - INFO - Handling intent 'Action.PLAY_CARD' for priority event 'PlayerEvent.MAIN_PHASE_EMPTY_STACK' from External
2026-04-07 16:23:10,720 - engine - WARNING - Cards to play: Details are missing. NoOp instead!
2026-04-07 16:23:10,720 - engine - INFO - Handling intent 'Action.PASS' for priority event 'PlayerEvent.DECLARE_ATTACKS' from External
2026-04-07 16:23:10,721 - engine - INFO - Opp-Goldfish will draw a card for turn
2026-04-07 16:23:10,721 - engine - INFO - Handling intent 'Action.PASS' for priority event 'PlayerEvent.MAIN_PHASE_EMPTY_STACK' from Opp-Goldfish
2026-04-07 16:23:10,721 - engine - INFO - Handling intent 'Action.PASS' for priority event 'PlayerEvent.DECLARE_ATTACKS' from Opp-Goldfish
2026-04-07 16:23:10,721 - engine - INFO - External will draw a card for turn
2026-04-07 16:23:10,721 - engine - INFO - Handling intent 'Action.PASS' for priority event 'PlayerEvent.MAIN_PHASE_EMPTY_STACK' from External
2026-04-07 16:23:10,721 - engine - INFO - Handling intent 'Action.PASS' for priority event 'PlayerEvent.DECLARE_ATTACKS' from External
2026-04-07 16:23:10,721 - engine - INFO - Opp-Goldfish will draw a card for turn
2026-04-07 16:23:10,721 - engine - INFO - Handling intent 'Action.PASS' for priority event 'PlayerEvent.MAIN_PHASE_EMPTY_STACK' from Opp-Goldfish
2026-04-07 16:23:10,722 - engine - INFO - Handling intent 'Action.PASS' for priority event 'PlayerEvent.DECLARE_ATTACKS' from Opp-Goldfish
2026-04-07 16:23:10,722 - engine - INFO - External will draw a card for turn
2026-04-07 16:23:10,722 - engine - INFO - Handling intent 'Action.PASS' for priority event 'PlayerEvent.MAIN_PHASE_EMPTY_STACK' from External
2026-04-07 16:23:10,722 - engine - INFO - Handling intent 'Action.PASS' for priority event 'PlayerEvent.DECLARE_ATTACKS' from External
2026-04-07 16:23:10,722 - engine - INFO - Opp-Goldfish will draw a card for turn
2026-04-07 16:23:10,722 - engine - INFO - Handling intent 'Action.PASS' for priority event 'PlayerEvent.MAIN_PHASE_EMPTY_STACK' from Opp-Goldfish
2026-04-07 16:23:10,722 - engine - INFO - Handling intent 'Action.PASS' for priority event 'PlayerEvent.DECLARE_ATTACKS' from Opp-Goldfish
2026-04-07 16:23:10,722 - engine - INFO - External will draw a card for turn
2026-04-07 16:23:10,723 - engine - INFO - Handling intent 'Action.PASS' for priority event 'PlayerEvent.MAIN_PHASE_EMPTY_STACK' from External
2026-04-07 16:23:10,723 - engine - INFO - Handling intent 'Action.ATTACK' for priority event 'PlayerEvent.DECLARE_ATTACKS' from External
2026-04-07 16:23:10,723 - engine - WARNING - Turn 17/2: External is attacking!
2026-04-07 16:23:10,723 - engine - WARNING - Opp-Goldfish died by having 0 or less life.
2026-04-07 16:23:10,723 - engine - INFO - Game ended by death of player(s)
2026-04-07 16:23:10,723 - engine - INFO - External won by survival
2026-04-07 16:23:10,723 - engine - INFO - Setting up the new player Player1
2026-04-07 16:23:10,724 - engine - INFO - Setting up the new player Player2
2026-04-07 16:23:10,724 - engine - INFO - Handling intent 'Action.PASS' for priority event 'PlayerEvent.MAIN_PHASE_EMPTY_STACK' from Opp-Goldfish
2026-04-07 16:23:10,725 - engine - INFO - Handling intent 'Action.PASS' for priority event 'PlayerEvent.DECLARE_ATTACKS' from Opp-Goldfish
2026-04-07 16:23:10,725 - engine - INFO - External will draw a card for turn
2026-04-07 16:23:10,725 - engine - INFO - Handling intent 'Action.PLAY_CARD' for priority event 'PlayerEvent.MAIN_PHASE_EMPTY_STACK' from External
2026-04-07 16:23:10,725 - engine - WARNING - Cards to play: Details are missing. NoOp instead!
2026-04-07 16:23:10,725 - engine - INFO - Handling intent 'Action.ATTACK' for priority event 'PlayerEvent.DECLARE_ATTACKS' from External
2026-04-07 16:23:10,725 - engine - WARNING - Turn 1/2: External is attacking!
2026-04-07 16:23:10,725 - engine - INFO - Opp-Goldfish will draw a card for turn
2026-04-07 16:23:10,726 - engine - INFO - Handling intent 'Action.PASS' for priority event 'PlayerEvent.MAIN_PHASE_EMPTY_STACK' from Opp-Goldfish
2026-04-07 16:23:10,726 - engine - INFO - Handling intent 'Action.PASS' for priority event 'PlayerEvent.DECLARE_ATTACKS' from Opp-Goldfish
2026-04-07 16:23:10,726 - engine - INFO - External will draw a card for turn
2026-04-07 16:23:10,726 - engine - INFO - Handling intent 'Action.PLAY_CARD' for priority event 'PlayerEvent.MAIN_PHASE_EMPTY_STACK' from External
2026-04-07 16:23:10,726 - engine - WARNING - Cards to play: Details are missing. NoOp instead!
2026-04-07 16:23:10,726 - engine - INFO - Handling intent 'Action.ATTACK' for priority event 'PlayerEvent.DECLARE_ATTACKS' from External
2026-04-07 16:23:10,726 - engine - WARNING - Turn 3/2: External is attacking!
2026-04-07 16:23:10,726 - engine - INFO - Opp-Goldfish will draw a card for turn
2026-04-07 16:23:10,726 - engine - INFO - Handling intent 'Action.PASS' for priority event 'PlayerEvent.MAIN_PHASE_EMPTY_STACK' from Opp-Goldfish
2026-04-07 16:23:10,726 - engine - INFO - Handling intent 'Action.PASS' for priority event 'PlayerEvent.DECLARE_ATTACKS' from Opp-Goldfish
2026-04-07 16:23:10,727 - engine - INFO - External will draw a card for turn
2026-04-07 16:23:10,727 - engine - INFO - Handling intent 'Action.PASS' for priority event 'PlayerEvent.MAIN_PHASE_EMPTY_STACK' from External
2026-04-07 16:23:10,727 - engine - INFO - Handling intent 'Action.PASS' for priority event 'PlayerEvent.DECLARE_ATTACKS' from External
2026-04-07 16:23:10,727 - engine - INFO - Opp-Goldfish will draw a card for turn
2026-04-07 16:23:10,727 - engine - INFO - Handling intent 'Action.PASS' for priority event 'PlayerEvent.MAIN_PHASE_EMPTY_STACK' from Opp-Goldfish
2026-04-07 16:23:10,727 - engine - INFO - Handling intent 'Action.PASS' for priority event 'PlayerEvent.DECLARE_ATTACKS' from Opp-Goldfish
2026-04-07 16:23:10,727 - engine - INFO - External will draw a card for turn
2026-04-07 16:23:10,728 - engine - INFO - Handling intent 'Action.PLAY_CARD' for priority event 'PlayerEvent.MAIN_PHASE_EMPTY_STACK' from External
2026-04-07 16:23:10,728 - engine - WARNING - Cards to play: Details are missing. NoOp instead!
2026-04-07 16:23:10,728 - engine - INFO - Handling intent 'Action.PASS' for priority event 'PlayerEvent.DECLARE_ATTACKS' from External
2026-04-07 16:23:10,728 - engine - INFO - Opp-Goldfish will draw a card for turn
2026-04-07 16:23:10,728 - engine - INFO - Handling intent 'Action.PASS' for priority event 'PlayerEvent.MAIN_PHASE_EMPTY_STACK' from Opp-Goldfish
2026-04-07 16:23:10,728 - engine - INFO - Handling intent 'Action.PASS' for priority event 'PlayerEvent.DECLARE_ATTACKS' from Opp-Goldfish
2026-04-07 16:23:10,728 - engine - INFO - External will draw a card for turn
2026-04-07 16:23:10,728 - engine - INFO - Handling intent 'Action.PLAY_CARD' for priority event 'PlayerEvent.MAIN_PHASE_EMPTY_STACK' from External
2026-04-07 16:23:10,728 - engine - WARNING - Cards to play: Details are missing. NoOp instead!
2026-04-07 16:23:10,729 - engine - INFO - Handling intent 'Action.PASS' for priority event 'PlayerEvent.DECLARE_ATTACKS' from External
2026-04-07 16:23:10,729 - engine - INFO - Opp-Goldfish will draw a card for turn
2026-04-07 16:23:10,729 - engine - INFO - Handling intent 'Action.PASS' for priority event 'PlayerEvent.MAIN_PHASE_EMPTY_STACK' from Opp-Goldfish
2026-04-07 16:23:10,729 - engine - INFO - Handling intent 'Action.PASS' for priority event 'PlayerEvent.DECLARE_ATTACKS' from Opp-Goldfish
2026-04-07 16:23:10,729 - engine - INFO - External will draw a card for turn
2026-04-07 16:23:10,729 - engine - INFO - Handling intent 'Action.PLAY_CARD' for priority event 'PlayerEvent.MAIN_PHASE_EMPTY_STACK' from External
2026-04-07 16:23:10,729 - engine - WARNING - Cards to play: Details are missing. NoOp instead!
2026-04-07 16:23:10,729 - engine - INFO - Handling intent 'Action.PASS' for priority event 'PlayerEvent.DECLARE_ATTACKS' from External
2026-04-07 16:23:10,729 - engine - INFO - Opp-Goldfish will draw a card for turn
2026-04-07 16:23:10,730 - engine - INFO - Handling intent 'Action.PASS' for priority event 'PlayerEvent.MAIN_PHASE_EMPTY_STACK' from Opp-Goldfish
2026-04-07 16:23:10,730 - engine - INFO - Handling intent 'Action.PASS' for priority event 'PlayerEvent.DECLARE_ATTACKS' from Opp-Goldfish
2026-04-07 16:23:10,730 - engine - INFO - External will draw a card for turn
2026-04-07 16:23:10,730 - engine - INFO - Handling intent 'Action.PASS' for priority event 'PlayerEvent.MAIN_PHASE_EMPTY_STACK' from External
2026-04-07 16:23:10,730 - engine - INFO - Handling intent 'Action.PASS' for priority event 'PlayerEvent.DECLARE_ATTACKS' from External
2026-04-07 16:23:10,730 - engine - INFO - Opp-Goldfish will draw a card for turn
2026-04-07 16:23:10,731 - engine - INFO - Handling intent 'Action.PASS' for priority event 'PlayerEvent.MAIN_PHASE_EMPTY_STACK' from Opp-Goldfish
2026-04-07 16:23:10,731 - engine - INFO - Handling intent 'Action.PASS' for priority event 'PlayerEvent.DECLARE_ATTACKS' from Opp-Goldfish
2026-04-07 16:23:10,731 - engine - INFO - External will draw a card for turn
2026-04-07 16:23:10,731 - engine - INFO - Handling intent 'Action.PASS' for priority event 'PlayerEvent.MAIN_PHASE_EMPTY_STACK' from External
2026-04-07 16:23:10,732 - engine - INFO - Handling intent 'Action.ATTACK' for priority event 'PlayerEvent.DECLARE_ATTACKS' from External
2026-04-07 16:23:10,732 - engine - WARNING - Turn 15/2: External is attacking!
2026-04-07 16:23:10,732 - engine - INFO - Opp-Goldfish will draw a card for turn
2026-04-07 16:23:10,732 - engine - INFO - Handling intent 'Action.PASS' for priority event 'PlayerEvent.MAIN_PHASE_EMPTY_STACK' from Opp-Goldfish
2026-04-07 16:23:10,732 - engine - INFO - Handling intent 'Action.PASS' for priority event 'PlayerEvent.DECLARE_ATTACKS' from Opp-Goldfish
2026-04-07 16:23:10,732 - engine - INFO - External will draw a card for turn
2026-04-07 16:23:10,733 - engine - INFO - Handling intent 'Action.PASS' for priority event 'PlayerEvent.MAIN_PHASE_EMPTY_STACK' from External
2026-04-07 16:23:10,734 - engine - INFO - Handling intent 'Action.PASS' for priority event 'PlayerEvent.DECLARE_ATTACKS' from External
2026-04-07 16:23:10,734 - engine - INFO - Opp-Goldfish will draw a card for turn
2026-04-07 16:23:10,734 - engine - INFO - Handling intent 'Action.PASS' for priority event 'PlayerEvent.MAIN_PHASE_EMPTY_STACK' from Opp-Goldfish
2026-04-07 16:23:10,734 - engine - INFO - Handling intent 'Action.PASS' for priority event 'PlayerEvent.DECLARE_ATTACKS' from Opp-Goldfish
2026-04-07 16:23:10,734 - engine - INFO - External will draw a card for turn
2026-04-07 16:23:10,735 - engine - INFO - Handling intent 'Action.PASS' for priority event 'PlayerEvent.MAIN_PHASE_EMPTY_STACK' from External
2026-04-07 16:23:10,735 - engine - INFO - Handling intent 'Action.ATTACK' for priority event 'PlayerEvent.DECLARE_ATTACKS' from External
2026-04-07 16:23:10,735 - engine - WARNING - Turn 19/2: External is attacking!
2026-04-07 16:23:10,735 - engine - INFO - Opp-Goldfish will draw a card for turn
2026-04-07 16:23:10,735 - engine - INFO - Handling intent 'Action.PASS' for priority event 'PlayerEvent.MAIN_PHASE_EMPTY_STACK' from Opp-Goldfish
2026-04-07 16:23:10,736 - engine - INFO - Handling intent 'Action.PASS' for priority event 'PlayerEvent.DECLARE_ATTACKS' from Opp-Goldfish
2026-04-07 16:23:10,736 - engine - INFO - External will draw a card for turn
2026-04-07 16:23:10,736 - engine - WARNING - External died by drawing from an empty library.
2026-04-07 16:23:10,736 - engine - INFO - Game ended by death of player(s)
2026-04-07 16:23:10,736 - engine - INFO - Opp-Goldfish won by survival
2026-04-07 16:23:10,736 - engine - INFO - Setting up the new player Player1
2026-04-07 16:23:10,736 - engine - INFO - Setting up the new player Player2
2026-04-07 16:23:10,737 - engine - INFO - Handling intent 'Action.PASS' for priority event 'PlayerEvent.MAIN_PHASE_EMPTY_STACK' from Opp-Goldfish
2026-04-07 16:23:10,738 - engine - INFO - Handling intent 'Action.PASS' for priority event 'PlayerEvent.DECLARE_ATTACKS' from Opp-Goldfish
2026-04-07 16:23:10,738 - engine - INFO - External will draw a card for turn
2026-04-07 16:23:10,738 - engine - INFO - Handling intent 'Action.PLAY_CARD' for priority event 'PlayerEvent.MAIN_PHASE_EMPTY_STACK' from External
2026-04-07 16:23:10,738 - engine - WARNING - Cards to play: Details are missing. NoOp instead!
2026-04-07 16:23:10,738 - engine - INFO - Handling intent 'Action.ATTACK' for priority event 'PlayerEvent.DECLARE_ATTACKS' from External
2026-04-07 16:23:10,738 - engine - WARNING - Turn 1/2: External is attacking!
2026-04-07 16:23:10,738 - engine - INFO - Opp-Goldfish will draw a card for turn
2026-04-07 16:23:10,739 - engine - INFO - Handling intent 'Action.PASS' for priority event 'PlayerEvent.MAIN_PHASE_EMPTY_STACK' from Opp-Goldfish
2026-04-07 16:23:10,739 - engine - INFO - Handling intent 'Action.PASS' for priority event 'PlayerEvent.DECLARE_ATTACKS' from Opp-Goldfish
2026-04-07 16:23:10,739 - engine - INFO - External will draw a card for turn
2026-04-07 16:23:10,739 - engine - INFO - Handling intent 'Action.PLAY_CARD' for priority event 'PlayerEvent.MAIN_PHASE_EMPTY_STACK' from External
2026-04-07 16:23:10,739 - engine - WARNING - Cards to play: Details are missing. NoOp instead!
2026-04-07 16:23:10,739 - engine - INFO - Handling intent 'Action.ATTACK' for priority event 'PlayerEvent.DECLARE_ATTACKS' from External
2026-04-07 16:23:10,739 - engine - WARNING - Turn 3/2: External is attacking!
2026-04-07 16:23:10,739 - engine - INFO - Opp-Goldfish will draw a card for turn
2026-04-07 16:23:10,740 - engine - INFO - Handling intent 'Action.PASS' for priority event 'PlayerEvent.MAIN_PHASE_EMPTY_STACK' from Opp-Goldfish
2026-04-07 16:23:10,740 - engine - INFO - Handling intent 'Action.PASS' for priority event 'PlayerEvent.DECLARE_ATTACKS' from Opp-Goldfish
2026-04-07 16:23:10,740 - engine - INFO - External will draw a card for turn
2026-04-07 16:23:10,740 - engine - INFO - Handling intent 'Action.PLAY_CARD' for priority event 'PlayerEvent.MAIN_PHASE_EMPTY_STACK' from External
2026-04-07 16:23:10,740 - engine - WARNING - Cards to play: Details are missing. NoOp instead!
2026-04-07 16:23:10,740 - engine - INFO - Handling intent 'Action.ATTACK' for priority event 'PlayerEvent.DECLARE_ATTACKS' from External
2026-04-07 16:23:10,740 - engine - WARNING - Turn 5/2: External is attacking!
2026-04-07 16:23:10,740 - engine - INFO - Opp-Goldfish will draw a card for turn
2026-04-07 16:23:10,740 - engine - INFO - Handling intent 'Action.PASS' for priority event 'PlayerEvent.MAIN_PHASE_EMPTY_STACK' from Opp-Goldfish
2026-04-07 16:23:10,741 - engine - INFO - Handling intent 'Action.PASS' for priority event 'PlayerEvent.DECLARE_ATTACKS' from Opp-Goldfish
2026-04-07 16:23:10,741 - engine - INFO - External will draw a card for turn
2026-04-07 16:23:10,741 - engine - INFO - Handling intent 'Action.PLAY_CARD' for priority event 'PlayerEvent.MAIN_PHASE_EMPTY_STACK' from External
2026-04-07 16:23:10,741 - engine - WARNING - Cards to play: Details are missing. NoOp instead!
2026-04-07 16:23:10,741 - engine - INFO - Handling intent 'Action.PASS' for priority event 'PlayerEvent.DECLARE_ATTACKS' from External
2026-04-07 16:23:10,741 - engine - INFO - Opp-Goldfish will draw a card for turn
2026-04-07 16:23:10,741 - engine - INFO - Handling intent 'Action.PASS' for priority event 'PlayerEvent.MAIN_PHASE_EMPTY_STACK' from Opp-Goldfish
2026-04-07 16:23:10,742 - engine - INFO - Handling intent 'Action.PASS' for priority event 'PlayerEvent.DECLARE_ATTACKS' from Opp-Goldfish
2026-04-07 16:23:10,742 - engine - INFO - External will draw a card for turn
2026-04-07 16:23:10,742 - engine - INFO - Handling intent 'Action.PLAY_CARD' for priority event 'PlayerEvent.MAIN_PHASE_EMPTY_STACK' from External
2026-04-07 16:23:10,742 - engine - WARNING - Cards to play: Details are missing. NoOp instead!
2026-04-07 16:23:10,742 - engine - INFO - Handling intent 'Action.ATTACK' for priority event 'PlayerEvent.DECLARE_ATTACKS' from External
2026-04-07 16:23:10,742 - engine - WARNING - Turn 9/2: External is attacking!
2026-04-07 16:23:10,742 - engine - INFO - Opp-Goldfish will draw a card for turn
2026-04-07 16:23:10,742 - engine - INFO - Handling intent 'Action.PASS' for priority event 'PlayerEvent.MAIN_PHASE_EMPTY_STACK' from Opp-Goldfish
2026-04-07 16:23:10,743 - engine - INFO - Handling intent 'Action.PASS' for priority event 'PlayerEvent.DECLARE_ATTACKS' from Opp-Goldfish
2026-04-07 16:23:10,743 - engine - INFO - External will draw a card for turn
2026-04-07 16:23:10,743 - engine - INFO - Handling intent 'Action.PLAY_CARD' for priority event 'PlayerEvent.MAIN_PHASE_EMPTY_STACK' from External
2026-04-07 16:23:10,743 - engine - WARNING - Cards to play: Details are missing. NoOp instead!
2026-04-07 16:23:10,743 - engine - INFO - Handling intent 'Action.PASS' for priority event 'PlayerEvent.DECLARE_ATTACKS' from External
2026-04-07 16:23:10,743 - engine - INFO - Opp-Goldfish will draw a card for turn
2026-04-07 16:23:10,743 - engine - INFO - Handling intent 'Action.PASS' for priority event 'PlayerEvent.MAIN_PHASE_EMPTY_STACK' from Opp-Goldfish
2026-04-07 16:23:10,743 - engine - INFO - Handling intent 'Action.PASS' for priority event 'PlayerEvent.DECLARE_ATTACKS' from Opp-Goldfish
2026-04-07 16:23:10,743 - engine - INFO - External will draw a card for turn
2026-04-07 16:23:10,744 - engine - INFO - Handling intent 'Action.PLAY_CARD' for priority event 'PlayerEvent.MAIN_PHASE_EMPTY_STACK' from External
2026-04-07 16:23:10,744 - engine - WARNING - Cards to play: Details are missing. NoOp instead!
2026-04-07 16:23:10,744 - engine - INFO - Handling intent 'Action.PASS' for priority event 'PlayerEvent.DECLARE_ATTACKS' from External
2026-04-07 16:23:10,744 - engine - INFO - Opp-Goldfish will draw a card for turn
2026-04-07 16:23:10,744 - engine - INFO - Handling intent 'Action.PASS' for priority event 'PlayerEvent.MAIN_PHASE_EMPTY_STACK' from Opp-Goldfish
2026-04-07 16:23:10,744 - engine - INFO - Handling intent 'Action.PASS' for priority event 'PlayerEvent.DECLARE_ATTACKS' from Opp-Goldfish
2026-04-07 16:23:10,744 - engine - INFO - External will draw a card for turn
2026-04-07 16:23:10,745 - engine - INFO - Handling intent 'Action.PASS' for priority event 'PlayerEvent.MAIN_PHASE_EMPTY_STACK' from External
2026-04-07 16:23:10,745 - engine - INFO - Handling intent 'Action.PASS' for priority event 'PlayerEvent.DECLARE_ATTACKS' from External
2026-04-07 16:23:10,745 - engine - INFO - Opp-Goldfish will draw a card for turn
2026-04-07 16:23:10,745 - engine - INFO - Handling intent 'Action.PASS' for priority event 'PlayerEvent.MAIN_PHASE_EMPTY_STACK' from Opp-Goldfish
2026-04-07 16:23:10,746 - engine - INFO - Handling intent 'Action.PASS' for priority event 'PlayerEvent.DECLARE_ATTACKS' from Opp-Goldfish
2026-04-07 16:23:10,746 - engine - INFO - External will draw a card for turn
2026-04-07 16:23:10,746 - engine - INFO - Handling intent 'Action.PASS' for priority event 'PlayerEvent.MAIN_PHASE_EMPTY_STACK' from External
2026-04-07 16:23:10,747 - engine - INFO - Handling intent 'Action.PASS' for priority event 'PlayerEvent.DECLARE_ATTACKS' from External
2026-04-07 16:23:10,747 - engine - INFO - Opp-Goldfish will draw a card for turn
2026-04-07 16:23:10,747 - engine - INFO - Handling intent 'Action.PASS' for priority event 'PlayerEvent.MAIN_PHASE_EMPTY_STACK' from Opp-Goldfish
2026-04-07 16:23:10,747 - engine - INFO - Handling intent 'Action.PASS' for priority event 'PlayerEvent.DECLARE_ATTACKS' from Opp-Goldfish
2026-04-07 16:23:10,747 - engine - INFO - External will draw a card for turn
2026-04-07 16:23:10,748 - engine - INFO - Handling intent 'Action.PLAY_CARD' for priority event 'PlayerEvent.MAIN_PHASE_EMPTY_STACK' from External
2026-04-07 16:23:10,748 - engine - WARNING - Cards to play: Details are missing. NoOp instead!
2026-04-07 16:23:10,749 - engine - INFO - Handling intent 'Action.PASS' for priority event 'PlayerEvent.DECLARE_ATTACKS' from External
2026-04-07 16:23:10,749 - engine - INFO - Opp-Goldfish will draw a card for turn
2026-04-07 16:23:10,749 - engine - INFO - Handling intent 'Action.PASS' for priority event 'PlayerEvent.MAIN_PHASE_EMPTY_STACK' from Opp-Goldfish
2026-04-07 16:23:10,749 - engine - INFO - Handling intent 'Action.PASS' for priority event 'PlayerEvent.DECLARE_ATTACKS' from Opp-Goldfish
2026-04-07 16:23:10,750 - engine - INFO - External will draw a card for turn
2026-04-07 16:23:10,750 - engine - WARNING - External died by drawing from an empty library.
2026-04-07 16:23:10,750 - engine - INFO - Game ended by death of player(s)
2026-04-07 16:23:10,750 - engine - INFO - Opp-Goldfish won by survival
2026-04-07 16:23:10,750 - engine - INFO - Setting up the new player Player1
2026-04-07 16:23:10,750 - engine - INFO - Setting up the new player Player2
2026-04-07 16:23:10,751 - engine - INFO - Handling intent 'Action.PASS' for priority event 'PlayerEvent.MAIN_PHASE_EMPTY_STACK' from Opp-Goldfish
2026-04-07 16:23:10,752 - engine - INFO - Handling intent 'Action.PASS' for priority event 'PlayerEvent.DECLARE_ATTACKS' from Opp-Goldfish
2026-04-07 16:23:10,752 - engine - INFO - External will draw a card for turn
2026-04-07 16:23:10,752 - engine - INFO - Handling intent 'Action.PLAY_CARD' for priority event 'PlayerEvent.MAIN_PHASE_EMPTY_STACK' from External
2026-04-07 16:23:10,752 - engine - WARNING - Cards to play: Details are missing. NoOp instead!
2026-04-07 16:23:10,752 - engine - INFO - Handling intent 'Action.PASS' for priority event 'PlayerEvent.DECLARE_ATTACKS' from External
2026-04-07 16:23:10,752 - engine - INFO - Opp-Goldfish will draw a card for turn
2026-04-07 16:23:10,752 - engine - INFO - Handling intent 'Action.PASS' for priority event 'PlayerEvent.MAIN_PHASE_EMPTY_STACK' from Opp-Goldfish
2026-04-07 16:23:10,753 - engine - INFO - Handling intent 'Action.PASS' for priority event 'PlayerEvent.DECLARE_ATTACKS' from Opp-Goldfish
2026-04-07 16:23:10,753 - engine - INFO - External will draw a card for turn
2026-04-07 16:23:10,753 - engine - INFO - Handling intent 'Action.PLAY_CARD' for priority event 'PlayerEvent.MAIN_PHASE_EMPTY_STACK' from External
2026-04-07 16:23:10,753 - engine - WARNING - Cards to play: Details are missing. NoOp instead!
2026-04-07 16:23:10,753 - engine - INFO - Handling intent 'Action.ATTACK' for priority event 'PlayerEvent.DECLARE_ATTACKS' from External
2026-04-07 16:23:10,753 - engine - WARNING - Turn 3/2: External is attacking!
2026-04-07 16:23:10,753 - engine - INFO - Opp-Goldfish will draw a card for turn
2026-04-07 16:23:10,753 - engine - INFO - Handling intent 'Action.PASS' for priority event 'PlayerEvent.MAIN_PHASE_EMPTY_STACK' from Opp-Goldfish
2026-04-07 16:23:10,754 - engine - INFO - Handling intent 'Action.PASS' for priority event 'PlayerEvent.DECLARE_ATTACKS' from Opp-Goldfish
2026-04-07 16:23:10,754 - engine - INFO - External will draw a card for turn
2026-04-07 16:23:10,754 - engine - INFO - Handling intent 'Action.PASS' for priority event 'PlayerEvent.MAIN_PHASE_EMPTY_STACK' from External
2026-04-07 16:23:10,754 - engine - INFO - Handling intent 'Action.ATTACK' for priority event 'PlayerEvent.DECLARE_ATTACKS' from External
2026-04-07 16:23:10,754 - engine - WARNING - Turn 5/2: External is attacking!
2026-04-07 16:23:10,754 - engine - INFO - Opp-Goldfish will draw a card for turn
2026-04-07 16:23:10,754 - engine - INFO - Handling intent 'Action.PASS' for priority event 'PlayerEvent.MAIN_PHASE_EMPTY_STACK' from Opp-Goldfish
2026-04-07 16:23:10,754 - engine - INFO - Handling intent 'Action.PASS' for priority event 'PlayerEvent.DECLARE_ATTACKS' from Opp-Goldfish
2026-04-07 16:23:10,754 - engine - INFO - External will draw a card for turn
2026-04-07 16:23:10,755 - engine - INFO - Handling intent 'Action.PLAY_CARD' for priority event 'PlayerEvent.MAIN_PHASE_EMPTY_STACK' from External
2026-04-07 16:23:10,755 - engine - WARNING - Cards to play: Details are missing. NoOp instead!
2026-04-07 16:23:10,755 - engine - INFO - Handling intent 'Action.ATTACK' for priority event 'PlayerEvent.DECLARE_ATTACKS' from External
2026-04-07 16:23:10,755 - engine - WARNING - Turn 7/2: External is attacking!
2026-04-07 16:23:10,755 - engine - INFO - Opp-Goldfish will draw a card for turn
2026-04-07 16:23:10,755 - engine - INFO - Handling intent 'Action.PASS' for priority event 'PlayerEvent.MAIN_PHASE_EMPTY_STACK' from Opp-Goldfish
2026-04-07 16:23:10,755 - engine - INFO - Handling intent 'Action.PASS' for priority event 'PlayerEvent.DECLARE_ATTACKS' from Opp-Goldfish
2026-04-07 16:23:10,755 - engine - INFO - External will draw a card for turn
2026-04-07 16:23:10,756 - engine - INFO - Handling intent 'Action.PASS' for priority event 'PlayerEvent.MAIN_PHASE_EMPTY_STACK' from External
2026-04-07 16:23:10,756 - engine - INFO - Handling intent 'Action.ATTACK' for priority event 'PlayerEvent.DECLARE_ATTACKS' from External
2026-04-07 16:23:10,756 - engine - WARNING - Turn 9/2: External is attacking!
2026-04-07 16:23:10,756 - engine - INFO - Opp-Goldfish will draw a card for turn
2026-04-07 16:23:10,756 - engine - INFO - Handling intent 'Action.PASS' for priority event 'PlayerEvent.MAIN_PHASE_EMPTY_STACK' from Opp-Goldfish
2026-04-07 16:23:10,756 - engine - INFO - Handling intent 'Action.PASS' for priority event 'PlayerEvent.DECLARE_ATTACKS' from Opp-Goldfish
2026-04-07 16:23:10,756 - engine - INFO - External will draw a card for turn
2026-04-07 16:23:10,757 - engine - INFO - Handling intent 'Action.PLAY_CARD' for priority event 'PlayerEvent.MAIN_PHASE_EMPTY_STACK' from External
2026-04-07 16:23:10,757 - engine - WARNING - Cards to play: Details are missing. NoOp instead!
2026-04-07 16:23:10,757 - engine - INFO - Handling intent 'Action.PASS' for priority event 'PlayerEvent.DECLARE_ATTACKS' from External
2026-04-07 16:23:10,757 - engine - INFO - Opp-Goldfish will draw a card for turn
2026-04-07 16:23:10,757 - engine - INFO - Handling intent 'Action.PASS' for priority event 'PlayerEvent.MAIN_PHASE_EMPTY_STACK' from Opp-Goldfish
2026-04-07 16:23:10,757 - engine - INFO - Handling intent 'Action.PASS' for priority event 'PlayerEvent.DECLARE_ATTACKS' from Opp-Goldfish
2026-04-07 16:23:10,757 - engine - INFO - External will draw a card for turn
2026-04-07 16:23:10,758 - engine - INFO - Handling intent 'Action.PLAY_CARD' for priority event 'PlayerEvent.MAIN_PHASE_EMPTY_STACK' from External
2026-04-07 16:23:10,758 - engine - WARNING - Cards to play: Details are missing. NoOp instead!
2026-04-07 16:23:10,758 - engine - INFO - Handling intent 'Action.PASS' for priority event 'PlayerEvent.DECLARE_ATTACKS' from External
2026-04-07 16:23:10,758 - engine - INFO - Opp-Goldfish will draw a card for turn
2026-04-07 16:23:10,758 - engine - INFO - Handling intent 'Action.PASS' for priority event 'PlayerEvent.MAIN_PHASE_EMPTY_STACK' from Opp-Goldfish
2026-04-07 16:23:10,758 - engine - INFO - Handling intent 'Action.PASS' for priority event 'PlayerEvent.DECLARE_ATTACKS' from Opp-Goldfish
2026-04-07 16:23:10,758 - engine - INFO - External will draw a card for turn
2026-04-07 16:23:10,759 - engine - INFO - Handling intent 'Action.PASS' for priority event 'PlayerEvent.MAIN_PHASE_EMPTY_STACK' from External
2026-04-07 16:23:10,759 - engine - INFO - Handling intent 'Action.ATTACK' for priority event 'PlayerEvent.DECLARE_ATTACKS' from External
2026-04-07 16:23:10,759 - engine - WARNING - Turn 15/2: External is attacking!
2026-04-07 16:23:10,759 - engine - WARNING - Opp-Goldfish died by having 0 or less life.
2026-04-07 16:23:10,759 - engine - INFO - Game ended by death of player(s)
2026-04-07 16:23:10,759 - engine - INFO - External won by survival
2026-04-07 16:23:10,760 - engine - INFO - Setting up the new player Player1
2026-04-07 16:23:10,760 - engine - INFO - Setting up the new player Player2
2026-04-07 16:23:10,761 - engine - INFO - Handling intent 'Action.PASS' for priority event 'PlayerEvent.MAIN_PHASE_EMPTY_STACK' from Opp-Goldfish
2026-04-07 16:23:10,761 - engine - INFO - Handling intent 'Action.PASS' for priority event 'PlayerEvent.DECLARE_ATTACKS' from Opp-Goldfish
2026-04-07 16:23:10,761 - engine - INFO - External will draw a card for turn
2026-04-07 16:23:10,761 - engine - INFO - Handling intent 'Action.PASS' for priority event 'PlayerEvent.MAIN_PHASE_EMPTY_STACK' from External
2026-04-07 16:23:10,761 - engine - INFO - Handling intent 'Action.PASS' for priority event 'PlayerEvent.DECLARE_ATTACKS' from External
2026-04-07 16:23:10,761 - engine - INFO - Opp-Goldfish will draw a card for turn
2026-04-07 16:23:10,761 - engine - INFO - Handling intent 'Action.PASS' for priority event 'PlayerEvent.MAIN_PHASE_EMPTY_STACK' from Opp-Goldfish
2026-04-07 16:23:10,762 - engine - INFO - Handling intent 'Action.PASS' for priority event 'PlayerEvent.DECLARE_ATTACKS' from Opp-Goldfish
2026-04-07 16:23:10,762 - engine - INFO - External will draw a card for turn
2026-04-07 16:23:10,762 - engine - INFO - Handling intent 'Action.PASS' for priority event 'PlayerEvent.MAIN_PHASE_EMPTY_STACK' from External
2026-04-07 16:23:10,762 - engine - INFO - Handling intent 'Action.ATTACK' for priority event 'PlayerEvent.DECLARE_ATTACKS' from External
2026-04-07 16:23:10,762 - engine - WARNING - Turn 3/2: External is attacking!
2026-04-07 16:23:10,762 - engine - INFO - Opp-Goldfish will draw a card for turn
2026-04-07 16:23:10,763 - engine - INFO - Handling intent 'Action.PASS' for priority event 'PlayerEvent.MAIN_PHASE_EMPTY_STACK' from Opp-Goldfish
2026-04-07 16:23:10,763 - engine - INFO - Handling intent 'Action.PASS' for priority event 'PlayerEvent.DECLARE_ATTACKS' from Opp-Goldfish
2026-04-07 16:23:10,763 - engine - INFO - External will draw a card for turn
2026-04-07 16:23:10,763 - engine - INFO - Handling intent 'Action.PASS' for priority event 'PlayerEvent.MAIN_PHASE_EMPTY_STACK' from External
2026-04-07 16:23:10,763 - engine - INFO - Handling intent 'Action.ATTACK' for priority event 'PlayerEvent.DECLARE_ATTACKS' from External
2026-04-07 16:23:10,764 - engine - WARNING - Turn 5/2: External is attacking!
2026-04-07 16:23:10,764 - engine - INFO - Opp-Goldfish will draw a card for turn
2026-04-07 16:23:10,764 - engine - INFO - Handling intent 'Action.PASS' for priority event 'PlayerEvent.MAIN_PHASE_EMPTY_STACK' from Opp-Goldfish
2026-04-07 16:23:10,764 - engine - INFO - Handling intent 'Action.PASS' for priority event 'PlayerEvent.DECLARE_ATTACKS' from Opp-Goldfish
2026-04-07 16:23:10,764 - engine - INFO - External will draw a card for turn
2026-04-07 16:23:10,764 - engine - INFO - Handling intent 'Action.PLAY_CARD' for priority event 'PlayerEvent.MAIN_PHASE_EMPTY_STACK' from External
2026-04-07 16:23:10,764 - engine - WARNING - Cards to play: Details are missing. NoOp instead!
2026-04-07 16:23:10,764 - engine - INFO - Handling intent 'Action.ATTACK' for priority event 'PlayerEvent.DECLARE_ATTACKS' from External
2026-04-07 16:23:10,765 - engine - WARNING - Turn 7/2: External is attacking!
2026-04-07 16:23:10,765 - engine - INFO - Opp-Goldfish will draw a card for turn
2026-04-07 16:23:10,765 - engine - INFO - Handling intent 'Action.PASS' for priority event 'PlayerEvent.MAIN_PHASE_EMPTY_STACK' from Opp-Goldfish
2026-04-07 16:23:10,765 - engine - INFO - Handling intent 'Action.PASS' for priority event 'PlayerEvent.DECLARE_ATTACKS' from Opp-Goldfish
2026-04-07 16:23:10,765 - engine - INFO - External will draw a card for turn
2026-04-07 16:23:10,765 - engine - INFO - Handling intent 'Action.PLAY_CARD' for priority event 'PlayerEvent.MAIN_PHASE_EMPTY_STACK' from External
2026-04-07 16:23:10,765 - engine - WARNING - Cards to play: Details are missing. NoOp instead!
2026-04-07 16:23:10,765 - engine - INFO - Handling intent 'Action.ATTACK' for priority event 'PlayerEvent.DECLARE_ATTACKS' from External
2026-04-07 16:23:10,765 - engine - WARNING - Turn 9/2: External is attacking!
2026-04-07 16:23:10,765 - engine - INFO - Opp-Goldfish will draw a card for turn
2026-04-07 16:23:10,766 - engine - INFO - Handling intent 'Action.PASS' for priority event 'PlayerEvent.MAIN_PHASE_EMPTY_STACK' from Opp-Goldfish
2026-04-07 16:23:10,766 - engine - INFO - Handling intent 'Action.PASS' for priority event 'PlayerEvent.DECLARE_ATTACKS' from Opp-Goldfish
2026-04-07 16:23:10,766 - engine - INFO - External will draw a card for turn
2026-04-07 16:23:10,766 - engine - INFO - Handling intent 'Action.PASS' for priority event 'PlayerEvent.MAIN_PHASE_EMPTY_STACK' from External
2026-04-07 16:23:10,767 - engine - INFO - Handling intent 'Action.PASS' for priority event 'PlayerEvent.DECLARE_ATTACKS' from External
2026-04-07 16:23:10,767 - engine - INFO - Opp-Goldfish will draw a card for turn
2026-04-07 16:23:10,767 - engine - INFO - Handling intent 'Action.PASS' for priority event 'PlayerEvent.MAIN_PHASE_EMPTY_STACK' from Opp-Goldfish
2026-04-07 16:23:10,767 - engine - INFO - Handling intent 'Action.PASS' for priority event 'PlayerEvent.DECLARE_ATTACKS' from Opp-Goldfish
2026-04-07 16:23:10,767 - engine - INFO - External will draw a card for turn
2026-04-07 16:23:10,767 - engine - INFO - Handling intent 'Action.PASS' for priority event 'PlayerEvent.MAIN_PHASE_EMPTY_STACK' from External
2026-04-07 16:23:10,768 - engine - INFO - Handling intent 'Action.ATTACK' for priority event 'PlayerEvent.DECLARE_ATTACKS' from External
2026-04-07 16:23:10,768 - engine - WARNING - Turn 13/2: External is attacking!
2026-04-07 16:23:10,768 - engine - WARNING - Opp-Goldfish died by having 0 or less life.
2026-04-07 16:23:10,768 - engine - INFO - Game ended by death of player(s)
2026-04-07 16:23:10,768 - engine - INFO - External won by survival
2026-04-07 16:23:10,768 - engine - INFO - Setting up the new player Player1
2026-04-07 16:23:10,768 - engine - INFO - Setting up the new player Player2
2026-04-07 16:23:10,770 - engine - INFO - Handling intent 'Action.PASS' for priority event 'PlayerEvent.MAIN_PHASE_EMPTY_STACK' from Opp-Goldfish
2026-04-07 16:23:10,770 - engine - INFO - Handling intent 'Action.PASS' for priority event 'PlayerEvent.DECLARE_ATTACKS' from Opp-Goldfish
2026-04-07 16:23:10,770 - engine - INFO - External will draw a card for turn
2026-04-07 16:23:10,770 - engine - INFO - Handling intent 'Action.PLAY_CARD' for priority event 'PlayerEvent.MAIN_PHASE_EMPTY_STACK' from External
2026-04-07 16:23:10,770 - engine - WARNING - Cards to play: Details are missing. NoOp instead!
2026-04-07 16:23:10,771 - engine - INFO - Handling intent 'Action.ATTACK' for priority event 'PlayerEvent.DECLARE_ATTACKS' from External
2026-04-07 16:23:10,771 - engine - WARNING - Turn 1/2: External is attacking!
2026-04-07 16:23:10,771 - engine - INFO - Opp-Goldfish will draw a card for turn
2026-04-07 16:23:10,771 - engine - INFO - Handling intent 'Action.PASS' for priority event 'PlayerEvent.MAIN_PHASE_EMPTY_STACK' from Opp-Goldfish
2026-04-07 16:23:10,771 - engine - INFO - Handling intent 'Action.PASS' for priority event 'PlayerEvent.DECLARE_ATTACKS' from Opp-Goldfish
2026-04-07 16:23:10,771 - engine - INFO - External will draw a card for turn
2026-04-07 16:23:10,771 - engine - INFO - Handling intent 'Action.PASS' for priority event 'PlayerEvent.MAIN_PHASE_EMPTY_STACK' from External
2026-04-07 16:23:10,772 - engine - INFO - Handling intent 'Action.ATTACK' for priority event 'PlayerEvent.DECLARE_ATTACKS' from External
2026-04-07 16:23:10,772 - engine - WARNING - Turn 3/2: External is attacking!
2026-04-07 16:23:10,772 - engine - INFO - Opp-Goldfish will draw a card for turn
2026-04-07 16:23:10,772 - engine - INFO - Handling intent 'Action.PASS' for priority event 'PlayerEvent.MAIN_PHASE_EMPTY_STACK' from Opp-Goldfish
2026-04-07 16:23:10,772 - engine - INFO - Handling intent 'Action.PASS' for priority event 'PlayerEvent.DECLARE_ATTACKS' from Opp-Goldfish
2026-04-07 16:23:10,772 - engine - INFO - External will draw a card for turn
2026-04-07 16:23:10,772 - engine - INFO - Handling intent 'Action.PLAY_CARD' for priority event 'PlayerEvent.MAIN_PHASE_EMPTY_STACK' from External
2026-04-07 16:23:10,772 - engine - WARNING - Cards to play: Details are missing. NoOp instead!
2026-04-07 16:23:10,773 - engine - INFO - Handling intent 'Action.ATTACK' for priority event 'PlayerEvent.DECLARE_ATTACKS' from External
2026-04-07 16:23:10,773 - engine - WARNING - Turn 5/2: External is attacking!
2026-04-07 16:23:10,773 - engine - INFO - Opp-Goldfish will draw a card for turn
2026-04-07 16:23:10,773 - engine - INFO - Handling intent 'Action.PASS' for priority event 'PlayerEvent.MAIN_PHASE_EMPTY_STACK' from Opp-Goldfish
2026-04-07 16:23:10,773 - engine - INFO - Handling intent 'Action.PASS' for priority event 'PlayerEvent.DECLARE_ATTACKS' from Opp-Goldfish
2026-04-07 16:23:10,773 - engine - INFO - External will draw a card for turn
2026-04-07 16:23:10,773 - engine - INFO - Handling intent 'Action.PLAY_CARD' for priority event 'PlayerEvent.MAIN_PHASE_EMPTY_STACK' from External
2026-04-07 16:23:10,773 - engine - WARNING - Cards to play: Details are missing. NoOp instead!
2026-04-07 16:23:10,774 - engine - INFO - Handling intent 'Action.ATTACK' for priority event 'PlayerEvent.DECLARE_ATTACKS' from External
2026-04-07 16:23:10,774 - engine - WARNING - Turn 7/2: External is attacking!
2026-04-07 16:23:10,774 - engine - INFO - Opp-Goldfish will draw a card for turn
2026-04-07 16:23:10,774 - engine - INFO - Handling intent 'Action.PASS' for priority event 'PlayerEvent.MAIN_PHASE_EMPTY_STACK' from Opp-Goldfish
2026-04-07 16:23:10,774 - engine - INFO - Handling intent 'Action.PASS' for priority event 'PlayerEvent.DECLARE_ATTACKS' from Opp-Goldfish
2026-04-07 16:23:10,774 - engine - INFO - External will draw a card for turn
2026-04-07 16:23:10,774 - engine - INFO - Handling intent 'Action.PLAY_CARD' for priority event 'PlayerEvent.MAIN_PHASE_EMPTY_STACK' from External
2026-04-07 16:23:10,774 - engine - WARNING - Cards to play: Details are missing. NoOp instead!
2026-04-07 16:23:10,775 - engine - INFO - Handling intent 'Action.PASS' for priority event 'PlayerEvent.DECLARE_ATTACKS' from External
2026-04-07 16:23:10,775 - engine - INFO - Opp-Goldfish will draw a card for turn
2026-04-07 16:23:10,775 - engine - INFO - Handling intent 'Action.PASS' for priority event 'PlayerEvent.MAIN_PHASE_EMPTY_STACK' from Opp-Goldfish
2026-04-07 16:23:10,775 - engine - INFO - Handling intent 'Action.PASS' for priority event 'PlayerEvent.DECLARE_ATTACKS' from Opp-Goldfish
2026-04-07 16:23:10,775 - engine - INFO - External will draw a card for turn
2026-04-07 16:23:10,775 - engine - INFO - Handling intent 'Action.PLAY_CARD' for priority event 'PlayerEvent.MAIN_PHASE_EMPTY_STACK' from External
2026-04-07 16:23:10,775 - engine - WARNING - Cards to play: Details are missing. NoOp instead!
2026-04-07 16:23:10,776 - engine - INFO - Handling intent 'Action.ATTACK' for priority event 'PlayerEvent.DECLARE_ATTACKS' from External
2026-04-07 16:23:10,776 - engine - WARNING - Turn 11/2: External is attacking!
2026-04-07 16:23:10,776 - engine - WARNING - Opp-Goldfish died by having 0 or less life.
2026-04-07 16:23:10,776 - engine - INFO - Game ended by death of player(s)
2026-04-07 16:23:10,776 - engine - INFO - External won by survival
2026-04-07 16:23:10,776 - engine - INFO - Setting up the new player Player1
2026-04-07 16:23:10,776 - engine - INFO - Setting up the new player Player2
2026-04-07 16:23:10,778 - engine - INFO - Handling intent 'Action.PASS' for priority event 'PlayerEvent.MAIN_PHASE_EMPTY_STACK' from Opp-Goldfish
2026-04-07 16:23:10,778 - engine - INFO - Handling intent 'Action.PASS' for priority event 'PlayerEvent.DECLARE_ATTACKS' from Opp-Goldfish
2026-04-07 16:23:10,778 - engine - INFO - External will draw a card for turn
2026-04-07 16:23:10,778 - engine - INFO - Handling intent 'Action.PLAY_CARD' for priority event 'PlayerEvent.MAIN_PHASE_EMPTY_STACK' from External
2026-04-07 16:23:10,778 - engine - WARNING - Cards to play: Details are missing. NoOp instead!
2026-04-07 16:23:10,778 - engine - INFO - Handling intent 'Action.ATTACK' for priority event 'PlayerEvent.DECLARE_ATTACKS' from External
2026-04-07 16:23:10,778 - engine - WARNING - Turn 1/2: External is attacking!
2026-04-07 16:23:10,779 - engine - INFO - Opp-Goldfish will draw a card for turn
2026-04-07 16:23:10,779 - engine - INFO - Handling intent 'Action.PASS' for priority event 'PlayerEvent.MAIN_PHASE_EMPTY_STACK' from Opp-Goldfish
2026-04-07 16:23:10,779 - engine - INFO - Handling intent 'Action.PASS' for priority event 'PlayerEvent.DECLARE_ATTACKS' from Opp-Goldfish
2026-04-07 16:23:10,779 - engine - INFO - External will draw a card for turn
2026-04-07 16:23:10,779 - engine - INFO - Handling intent 'Action.PLAY_CARD' for priority event 'PlayerEvent.MAIN_PHASE_EMPTY_STACK' from External
2026-04-07 16:23:10,779 - engine - WARNING - Cards to play: Details are missing. NoOp instead!
2026-04-07 16:23:10,779 - engine - INFO - Handling intent 'Action.ATTACK' for priority event 'PlayerEvent.DECLARE_ATTACKS' from External
2026-04-07 16:23:10,779 - engine - WARNING - Turn 3/2: External is attacking!
2026-04-07 16:23:10,779 - engine - INFO - Opp-Goldfish will draw a card for turn
2026-04-07 16:23:10,780 - engine - INFO - Handling intent 'Action.PASS' for priority event 'PlayerEvent.MAIN_PHASE_EMPTY_STACK' from Opp-Goldfish
2026-04-07 16:23:10,780 - engine - INFO - Handling intent 'Action.PASS' for priority event 'PlayerEvent.DECLARE_ATTACKS' from Opp-Goldfish
2026-04-07 16:23:10,780 - engine - INFO - External will draw a card for turn
2026-04-07 16:23:10,780 - engine - INFO - Handling intent 'Action.PLAY_CARD' for priority event 'PlayerEvent.MAIN_PHASE_EMPTY_STACK' from External
2026-04-07 16:23:10,780 - engine - WARNING - Cards to play: Details are missing. NoOp instead!
2026-04-07 16:23:10,780 - engine - INFO - Handling intent 'Action.ATTACK' for priority event 'PlayerEvent.DECLARE_ATTACKS' from External
2026-04-07 16:23:10,780 - engine - WARNING - Turn 5/2: External is attacking!
2026-04-07 16:23:10,780 - engine - INFO - Opp-Goldfish will draw a card for turn
2026-04-07 16:23:10,780 - engine - INFO - Handling intent 'Action.PASS' for priority event 'PlayerEvent.MAIN_PHASE_EMPTY_STACK' from Opp-Goldfish
2026-04-07 16:23:10,780 - engine - INFO - Handling intent 'Action.PASS' for priority event 'PlayerEvent.DECLARE_ATTACKS' from Opp-Goldfish
2026-04-07 16:23:10,780 - engine - INFO - External will draw a card for turn
2026-04-07 16:23:10,781 - engine - INFO - Handling intent 'Action.PLAY_CARD' for priority event 'PlayerEvent.MAIN_PHASE_EMPTY_STACK' from External
2026-04-07 16:23:10,781 - engine - WARNING - Cards to play: Details are missing. NoOp instead!
2026-04-07 16:23:10,781 - engine - INFO - Handling intent 'Action.PASS' for priority event 'PlayerEvent.DECLARE_ATTACKS' from External
2026-04-07 16:23:10,781 - engine - INFO - Opp-Goldfish will draw a card for turn
2026-04-07 16:23:10,781 - engine - INFO - Handling intent 'Action.PASS' for priority event 'PlayerEvent.MAIN_PHASE_EMPTY_STACK' from Opp-Goldfish
2026-04-07 16:23:10,782 - engine - INFO - Handling intent 'Action.PASS' for priority event 'PlayerEvent.DECLARE_ATTACKS' from Opp-Goldfish
2026-04-07 16:23:10,782 - engine - INFO - External will draw a card for turn
2026-04-07 16:23:10,782 - engine - INFO - Handling intent 'Action.PASS' for priority event 'PlayerEvent.MAIN_PHASE_EMPTY_STACK' from External
2026-04-07 16:23:10,782 - engine - INFO - Handling intent 'Action.ATTACK' for priority event 'PlayerEvent.DECLARE_ATTACKS' from External
2026-04-07 16:23:10,783 - engine - WARNING - Turn 9/2: External is attacking!
2026-04-07 16:23:10,783 - engine - INFO - Opp-Goldfish will draw a card for turn
2026-04-07 16:23:10,783 - engine - INFO - Handling intent 'Action.PASS' for priority event 'PlayerEvent.MAIN_PHASE_EMPTY_STACK' from Opp-Goldfish
2026-04-07 16:23:10,783 - engine - INFO - Handling intent 'Action.PASS' for priority event 'PlayerEvent.DECLARE_ATTACKS' from Opp-Goldfish
2026-04-07 16:23:10,783 - engine - INFO - External will draw a card for turn
2026-04-07 16:23:10,784 - engine - INFO - Handling intent 'Action.PLAY_CARD' for priority event 'PlayerEvent.MAIN_PHASE_EMPTY_STACK' from External
2026-04-07 16:23:10,784 - engine - WARNING - Cards to play: Details are missing. NoOp instead!
2026-04-07 16:23:10,784 - engine - INFO - Handling intent 'Action.ATTACK' for priority event 'PlayerEvent.DECLARE_ATTACKS' from External
2026-04-07 16:23:10,784 - engine - WARNING - Turn 11/2: External is attacking!
2026-04-07 16:23:10,784 - engine - WARNING - Opp-Goldfish died by having 0 or less life.
2026-04-07 16:23:10,784 - engine - INFO - Game ended by death of player(s)
2026-04-07 16:23:10,784 - engine - INFO - External won by survival
2026-04-07 16:23:10,785 - engine - INFO - Setting up the new player Player1
2026-04-07 16:23:10,785 - engine - INFO - Setting up the new player Player2
2026-04-07 16:23:10,786 - engine - INFO - Handling intent 'Action.PASS' for priority event 'PlayerEvent.MAIN_PHASE_EMPTY_STACK' from Opp-Goldfish
2026-04-07 16:23:10,786 - engine - INFO - Handling intent 'Action.PASS' for priority event 'PlayerEvent.DECLARE_ATTACKS' from Opp-Goldfish
2026-04-07 16:23:10,786 - engine - INFO - External will draw a card for turn
2026-04-07 16:23:10,786 - engine - INFO - Handling intent 'Action.PLAY_CARD' for priority event 'PlayerEvent.MAIN_PHASE_EMPTY_STACK' from External
2026-04-07 16:23:10,786 - engine - WARNING - Cards to play: Details are missing. NoOp instead!
2026-04-07 16:23:10,787 - engine - INFO - Handling intent 'Action.ATTACK' for priority event 'PlayerEvent.DECLARE_ATTACKS' from External
2026-04-07 16:23:10,787 - engine - WARNING - Turn 1/2: External is attacking!
2026-04-07 16:23:10,787 - engine - INFO - Opp-Goldfish will draw a card for turn
2026-04-07 16:23:10,787 - engine - INFO - Handling intent 'Action.PASS' for priority event 'PlayerEvent.MAIN_PHASE_EMPTY_STACK' from Opp-Goldfish
2026-04-07 16:23:10,787 - engine - INFO - Handling intent 'Action.PASS' for priority event 'PlayerEvent.DECLARE_ATTACKS' from Opp-Goldfish
2026-04-07 16:23:10,787 - engine - INFO - External will draw a card for turn
2026-04-07 16:23:10,787 - engine - INFO - Handling intent 'Action.PLAY_CARD' for priority event 'PlayerEvent.MAIN_PHASE_EMPTY_STACK' from External
2026-04-07 16:23:10,787 - engine - WARNING - Cards to play: Details are missing. NoOp instead!
2026-04-07 16:23:10,788 - engine - INFO - Handling intent 'Action.ATTACK' for priority event 'PlayerEvent.DECLARE_ATTACKS' from External
2026-04-07 16:23:10,788 - engine - WARNING - Turn 3/2: External is attacking!
2026-04-07 16:23:10,788 - engine - INFO - Opp-Goldfish will draw a card for turn
2026-04-07 16:23:10,788 - engine - INFO - Handling intent 'Action.PASS' for priority event 'PlayerEvent.MAIN_PHASE_EMPTY_STACK' from Opp-Goldfish
2026-04-07 16:23:10,788 - engine - INFO - Handling intent 'Action.PASS' for priority event 'PlayerEvent.DECLARE_ATTACKS' from Opp-Goldfish
2026-04-07 16:23:10,788 - engine - INFO - External will draw a card for turn
2026-04-07 16:23:10,789 - engine - INFO - Handling intent 'Action.PLAY_CARD' for priority event 'PlayerEvent.MAIN_PHASE_EMPTY_STACK' from External
2026-04-07 16:23:10,789 - engine - WARNING - Cards to play: Details are missing. NoOp instead!
2026-04-07 16:23:10,789 - engine - INFO - Handling intent 'Action.ATTACK' for priority event 'PlayerEvent.DECLARE_ATTACKS' from External
2026-04-07 16:23:10,789 - engine - WARNING - Turn 5/2: External is attacking!
2026-04-07 16:23:10,789 - engine - INFO - Opp-Goldfish will draw a card for turn
2026-04-07 16:23:10,789 - engine - INFO - Handling intent 'Action.PASS' for priority event 'PlayerEvent.MAIN_PHASE_EMPTY_STACK' from Opp-Goldfish
2026-04-07 16:23:10,789 - engine - INFO - Handling intent 'Action.PASS' for priority event 'PlayerEvent.DECLARE_ATTACKS' from Opp-Goldfish
2026-04-07 16:23:10,789 - engine - INFO - External will draw a card for turn
2026-04-07 16:23:10,790 - engine - INFO - Handling intent 'Action.PLAY_CARD' for priority event 'PlayerEvent.MAIN_PHASE_EMPTY_STACK' from External
2026-04-07 16:23:10,790 - engine - WARNING - Cards to play: Details are missing. NoOp instead!
2026-04-07 16:23:10,790 - engine - INFO - Handling intent 'Action.ATTACK' for priority event 'PlayerEvent.DECLARE_ATTACKS' from External
2026-04-07 16:23:10,790 - engine - WARNING - Turn 7/2: External is attacking!
2026-04-07 16:23:10,790 - engine - INFO - Opp-Goldfish will draw a card for turn
2026-04-07 16:23:10,790 - engine - INFO - Handling intent 'Action.PASS' for priority event 'PlayerEvent.MAIN_PHASE_EMPTY_STACK' from Opp-Goldfish
2026-04-07 16:23:10,790 - engine - INFO - Handling intent 'Action.PASS' for priority event 'PlayerEvent.DECLARE_ATTACKS' from Opp-Goldfish
2026-04-07 16:23:10,790 - engine - INFO - External will draw a card for turn
2026-04-07 16:23:10,791 - engine - INFO - Handling intent 'Action.PLAY_CARD' for priority event 'PlayerEvent.MAIN_PHASE_EMPTY_STACK' from External
2026-04-07 16:23:10,791 - engine - WARNING - Cards to play: Details are missing. NoOp instead!
2026-04-07 16:23:10,791 - engine - INFO - Handling intent 'Action.PASS' for priority event 'PlayerEvent.DECLARE_ATTACKS' from External
2026-04-07 16:23:10,791 - engine - INFO - Opp-Goldfish will draw a card for turn
2026-04-07 16:23:10,791 - engine - INFO - Handling intent 'Action.PASS' for priority event 'PlayerEvent.MAIN_PHASE_EMPTY_STACK' from Opp-Goldfish
2026-04-07 16:23:10,791 - engine - INFO - Handling intent 'Action.PASS' for priority event 'PlayerEvent.DECLARE_ATTACKS' from Opp-Goldfish
2026-04-07 16:23:10,791 - engine - INFO - External will draw a card for turn
2026-04-07 16:23:10,792 - engine - INFO - Handling intent 'Action.PLAY_CARD' for priority event 'PlayerEvent.MAIN_PHASE_EMPTY_STACK' from External
2026-04-07 16:23:10,792 - engine - WARNING - Cards to play: Details are missing. NoOp instead!
2026-04-07 16:23:10,792 - engine - INFO - Handling intent 'Action.PASS' for priority event 'PlayerEvent.DECLARE_ATTACKS' from External
2026-04-07 16:23:10,792 - engine - INFO - Opp-Goldfish will draw a card for turn
2026-04-07 16:23:10,792 - engine - INFO - Handling intent 'Action.PASS' for priority event 'PlayerEvent.MAIN_PHASE_EMPTY_STACK' from Opp-Goldfish
2026-04-07 16:23:10,793 - engine - INFO - Handling intent 'Action.PASS' for priority event 'PlayerEvent.DECLARE_ATTACKS' from Opp-Goldfish
2026-04-07 16:23:10,793 - engine - INFO - External will draw a card for turn
2026-04-07 16:23:10,793 - engine - INFO - Handling intent 'Action.PASS' for priority event 'PlayerEvent.MAIN_PHASE_EMPTY_STACK' from External
2026-04-07 16:23:10,793 - engine - INFO - Handling intent 'Action.PASS' for priority event 'PlayerEvent.DECLARE_ATTACKS' from External
2026-04-07 16:23:10,793 - engine - INFO - Opp-Goldfish will draw a card for turn
2026-04-07 16:23:10,794 - engine - INFO - Handling intent 'Action.PASS' for priority event 'PlayerEvent.MAIN_PHASE_EMPTY_STACK' from Opp-Goldfish
2026-04-07 16:23:10,794 - engine - INFO - Handling intent 'Action.PASS' for priority event 'PlayerEvent.DECLARE_ATTACKS' from Opp-Goldfish
2026-04-07 16:23:10,794 - engine - INFO - External will draw a card for turn
2026-04-07 16:23:10,794 - engine - INFO - Handling intent 'Action.PASS' for priority event 'PlayerEvent.MAIN_PHASE_EMPTY_STACK' from External
2026-04-07 16:23:10,794 - engine - INFO - Handling intent 'Action.PASS' for priority event 'PlayerEvent.DECLARE_ATTACKS' from External
2026-04-07 16:23:10,794 - engine - INFO - Opp-Goldfish will draw a card for turn
2026-04-07 16:23:10,795 - engine - INFO - Handling intent 'Action.PASS' for priority event 'PlayerEvent.MAIN_PHASE_EMPTY_STACK' from Opp-Goldfish
2026-04-07 16:23:10,795 - engine - INFO - Handling intent 'Action.PASS' for priority event 'PlayerEvent.DECLARE_ATTACKS' from Opp-Goldfish
2026-04-07 16:23:10,795 - engine - INFO - External will draw a card for turn
2026-04-07 16:23:10,795 - engine - INFO - Handling intent 'Action.PASS' for priority event 'PlayerEvent.MAIN_PHASE_EMPTY_STACK' from External
2026-04-07 16:23:10,796 - engine - INFO - Handling intent 'Action.PASS' for priority event 'PlayerEvent.DECLARE_ATTACKS' from External
2026-04-07 16:23:10,796 - engine - INFO - Opp-Goldfish will draw a card for turn
2026-04-07 16:23:10,796 - engine - INFO - Handling intent 'Action.PASS' for priority event 'PlayerEvent.MAIN_PHASE_EMPTY_STACK' from Opp-Goldfish
2026-04-07 16:23:10,796 - engine - INFO - Handling intent 'Action.PASS' for priority event 'PlayerEvent.DECLARE_ATTACKS' from Opp-Goldfish
2026-04-07 16:23:10,796 - engine - INFO - External will draw a card for turn
2026-04-07 16:23:10,797 - engine - INFO - Handling intent 'Action.PASS' for priority event 'PlayerEvent.MAIN_PHASE_EMPTY_STACK' from External
2026-04-07 16:23:10,797 - engine - INFO - Handling intent 'Action.ATTACK' for priority event 'PlayerEvent.DECLARE_ATTACKS' from External
2026-04-07 16:23:10,797 - engine - WARNING - Turn 19/2: External is attacking!
2026-04-07 16:23:10,797 - engine - WARNING - Opp-Goldfish died by having 0 or less life.
2026-04-07 16:23:10,797 - engine - INFO - Game ended by death of player(s)
2026-04-07 16:23:10,797 - engine - INFO - External won by survival
2026-04-07 16:23:10,798 - engine - INFO - Setting up the new player Player1
2026-04-07 16:23:10,798 - engine - INFO - Setting up the new player Player2
2026-04-07 16:23:10,800 - engine - INFO - Handling intent 'Action.PASS' for priority event 'PlayerEvent.MAIN_PHASE_EMPTY_STACK' from Opp-Goldfish
2026-04-07 16:23:10,800 - engine - INFO - Handling intent 'Action.PASS' for priority event 'PlayerEvent.DECLARE_ATTACKS' from Opp-Goldfish
2026-04-07 16:23:10,800 - engine - INFO - External will draw a card for turn
2026-04-07 16:23:10,800 - engine - INFO - Handling intent 'Action.PLAY_CARD' for priority event 'PlayerEvent.MAIN_PHASE_EMPTY_STACK' from External
2026-04-07 16:23:10,800 - engine - WARNING - Cards to play: Details are missing. NoOp instead!
2026-04-07 16:23:10,801 - engine - INFO - Handling intent 'Action.PASS' for priority event 'PlayerEvent.DECLARE_ATTACKS' from External
2026-04-07 16:23:10,801 - engine - INFO - Opp-Goldfish will draw a card for turn
2026-04-07 16:23:10,801 - engine - INFO - Handling intent 'Action.PASS' for priority event 'PlayerEvent.MAIN_PHASE_EMPTY_STACK' from Opp-Goldfish
2026-04-07 16:23:10,801 - engine - INFO - Handling intent 'Action.PASS' for priority event 'PlayerEvent.DECLARE_ATTACKS' from Opp-Goldfish
2026-04-07 16:23:10,801 - engine - INFO - External will draw a card for turn
2026-04-07 16:23:10,802 - engine - INFO - Handling intent 'Action.PLAY_CARD' for priority event 'PlayerEvent.MAIN_PHASE_EMPTY_STACK' from External
2026-04-07 16:23:10,802 - engine - WARNING - Cards to play: Details are missing. NoOp instead!
2026-04-07 16:23:10,802 - engine - INFO - Handling intent 'Action.ATTACK' for priority event 'PlayerEvent.DECLARE_ATTACKS' from External
2026-04-07 16:23:10,802 - engine - WARNING - Turn 3/2: External is attacking!
2026-04-07 16:23:10,802 - engine - INFO - Opp-Goldfish will draw a card for turn
2026-04-07 16:23:10,802 - engine - INFO - Handling intent 'Action.PASS' for priority event 'PlayerEvent.MAIN_PHASE_EMPTY_STACK' from Opp-Goldfish
2026-04-07 16:23:10,802 - engine - INFO - Handling intent 'Action.PASS' for priority event 'PlayerEvent.DECLARE_ATTACKS' from Opp-Goldfish
2026-04-07 16:23:10,802 - engine - INFO - External will draw a card for turn
2026-04-07 16:23:10,802 - engine - INFO - Handling intent 'Action.PLAY_CARD' for priority event 'PlayerEvent.MAIN_PHASE_EMPTY_STACK' from External
2026-04-07 16:23:10,802 - engine - WARNING - Cards to play: Details are missing. NoOp instead!
2026-04-07 16:23:10,803 - engine - INFO - Handling intent 'Action.PASS' for priority event 'PlayerEvent.DECLARE_ATTACKS' from External
2026-04-07 16:23:10,803 - engine - INFO - Opp-Goldfish will draw a card for turn
2026-04-07 16:23:10,803 - engine - INFO - Handling intent 'Action.PASS' for priority event 'PlayerEvent.MAIN_PHASE_EMPTY_STACK' from Opp-Goldfish
2026-04-07 16:23:10,803 - engine - INFO - Handling intent 'Action.PASS' for priority event 'PlayerEvent.DECLARE_ATTACKS' from Opp-Goldfish
2026-04-07 16:23:10,803 - engine - INFO - External will draw a card for turn
2026-04-07 16:23:10,803 - engine - INFO - Handling intent 'Action.PLAY_CARD' for priority event 'PlayerEvent.MAIN_PHASE_EMPTY_STACK' from External
2026-04-07 16:23:10,803 - engine - WARNING - Cards to play: Details are missing. NoOp instead!
2026-04-07 16:23:10,804 - engine - INFO - Handling intent 'Action.ATTACK' for priority event 'PlayerEvent.DECLARE_ATTACKS' from External
2026-04-07 16:23:10,804 - engine - WARNING - Turn 7/2: External is attacking!
2026-04-07 16:23:10,804 - engine - INFO - Opp-Goldfish will draw a card for turn
2026-04-07 16:23:10,804 - engine - INFO - Handling intent 'Action.PASS' for priority event 'PlayerEvent.MAIN_PHASE_EMPTY_STACK' from Opp-Goldfish
2026-04-07 16:23:10,804 - engine - INFO - Handling intent 'Action.PASS' for priority event 'PlayerEvent.DECLARE_ATTACKS' from Opp-Goldfish
2026-04-07 16:23:10,804 - engine - INFO - External will draw a card for turn
2026-04-07 16:23:10,804 - engine - INFO - Handling intent 'Action.PLAY_CARD' for priority event 'PlayerEvent.MAIN_PHASE_EMPTY_STACK' from External
2026-04-07 16:23:10,805 - engine - WARNING - Cards to play: Details are missing. NoOp instead!
2026-04-07 16:23:10,805 - engine - INFO - Handling intent 'Action.PASS' for priority event 'PlayerEvent.DECLARE_ATTACKS' from External
2026-04-07 16:23:10,805 - engine - INFO - Opp-Goldfish will draw a card for turn
2026-04-07 16:23:10,805 - engine - INFO - Handling intent 'Action.PASS' for priority event 'PlayerEvent.MAIN_PHASE_EMPTY_STACK' from Opp-Goldfish
2026-04-07 16:23:10,805 - engine - INFO - Handling intent 'Action.PASS' for priority event 'PlayerEvent.DECLARE_ATTACKS' from Opp-Goldfish
2026-04-07 16:23:10,805 - engine - INFO - External will draw a card for turn
2026-04-07 16:23:10,806 - engine - INFO - Handling intent 'Action.PLAY_CARD' for priority event 'PlayerEvent.MAIN_PHASE_EMPTY_STACK' from External
2026-04-07 16:23:10,806 - engine - WARNING - Cards to play: Details are missing. NoOp instead!
2026-04-07 16:23:10,806 - engine - INFO - Handling intent 'Action.ATTACK' for priority event 'PlayerEvent.DECLARE_ATTACKS' from External
2026-04-07 16:23:10,806 - engine - WARNING - Turn 11/2: External is attacking!
2026-04-07 16:23:10,806 - engine - INFO - Opp-Goldfish will draw a card for turn
2026-04-07 16:23:10,806 - engine - INFO - Handling intent 'Action.PASS' for priority event 'PlayerEvent.MAIN_PHASE_EMPTY_STACK' from Opp-Goldfish
2026-04-07 16:23:10,806 - engine - INFO - Handling intent 'Action.PASS' for priority event 'PlayerEvent.DECLARE_ATTACKS' from Opp-Goldfish
2026-04-07 16:23:10,806 - engine - INFO - External will draw a card for turn
2026-04-07 16:23:10,806 - engine - INFO - Handling intent 'Action.PLAY_CARD' for priority event 'PlayerEvent.MAIN_PHASE_EMPTY_STACK' from External
2026-04-07 16:23:10,807 - engine - WARNING - Cards to play: Details are missing. NoOp instead!
2026-04-07 16:23:10,807 - engine - INFO - Handling intent 'Action.PASS' for priority event 'PlayerEvent.DECLARE_ATTACKS' from External
2026-04-07 16:23:10,807 - engine - INFO - Opp-Goldfish will draw a card for turn
2026-04-07 16:23:10,807 - engine - INFO - Handling intent 'Action.PASS' for priority event 'PlayerEvent.MAIN_PHASE_EMPTY_STACK' from Opp-Goldfish
2026-04-07 16:23:10,807 - engine - INFO - Handling intent 'Action.PASS' for priority event 'PlayerEvent.DECLARE_ATTACKS' from Opp-Goldfish
2026-04-07 16:23:10,807 - engine - INFO - External will draw a card for turn
2026-04-07 16:23:10,807 - engine - INFO - Handling intent 'Action.PLAY_CARD' for priority event 'PlayerEvent.MAIN_PHASE_EMPTY_STACK' from External
2026-04-07 16:23:10,807 - engine - WARNING - Cards to play: Details are missing. NoOp instead!
2026-04-07 16:23:10,808 - engine - INFO - Handling intent 'Action.ATTACK' for priority event 'PlayerEvent.DECLARE_ATTACKS' from External
2026-04-07 16:23:10,808 - engine - WARNING - Turn 15/2: External is attacking!
2026-04-07 16:23:10,808 - engine - INFO - Opp-Goldfish will draw a card for turn
2026-04-07 16:23:10,808 - engine - INFO - Handling intent 'Action.PASS' for priority event 'PlayerEvent.MAIN_PHASE_EMPTY_STACK' from Opp-Goldfish
2026-04-07 16:23:10,808 - engine - INFO - Handling intent 'Action.PASS' for priority event 'PlayerEvent.DECLARE_ATTACKS' from Opp-Goldfish
2026-04-07 16:23:10,808 - engine - INFO - External will draw a card for turn
2026-04-07 16:23:10,808 - engine - INFO - Handling intent 'Action.PLAY_CARD' for priority event 'PlayerEvent.MAIN_PHASE_EMPTY_STACK' from External
2026-04-07 16:23:10,808 - engine - WARNING - Cards to play: Details are missing. NoOp instead!
2026-04-07 16:23:10,809 - engine - INFO - Handling intent 'Action.PASS' for priority event 'PlayerEvent.DECLARE_ATTACKS' from External
2026-04-07 16:23:10,809 - engine - INFO - Opp-Goldfish will draw a card for turn
2026-04-07 16:23:10,809 - engine - INFO - Handling intent 'Action.PASS' for priority event 'PlayerEvent.MAIN_PHASE_EMPTY_STACK' from Opp-Goldfish
2026-04-07 16:23:10,809 - engine - INFO - Handling intent 'Action.PASS' for priority event 'PlayerEvent.DECLARE_ATTACKS' from Opp-Goldfish
2026-04-07 16:23:10,809 - engine - INFO - External will draw a card for turn
2026-04-07 16:23:10,810 - engine - INFO - Handling intent 'Action.PASS' for priority event 'PlayerEvent.MAIN_PHASE_EMPTY_STACK' from External
2026-04-07 16:23:10,810 - engine - INFO - Handling intent 'Action.ATTACK' for priority event 'PlayerEvent.DECLARE_ATTACKS' from External
2026-04-07 16:23:10,810 - engine - WARNING - Turn 19/2: External is attacking!
2026-04-07 16:23:10,810 - engine - WARNING - Opp-Goldfish died by having 0 or less life.
2026-04-07 16:23:10,810 - engine - INFO - Game ended by death of player(s)
2026-04-07 16:23:10,810 - engine - INFO - External won by survival
2026-04-07 16:23:10,810 - engine - INFO - Setting up the new player Player1
2026-04-07 16:23:10,810 - engine - INFO - Setting up the new player Player2
2026-04-07 16:23:10,811 - engine - INFO - Handling intent 'Action.PASS' for priority event 'PlayerEvent.MAIN_PHASE_EMPTY_STACK' from Opp-Goldfish
2026-04-07 16:23:10,811 - engine - INFO - Handling intent 'Action.PASS' for priority event 'PlayerEvent.DECLARE_ATTACKS' from Opp-Goldfish
2026-04-07 16:23:10,812 - engine - INFO - External will draw a card for turn
2026-04-07 16:23:10,812 - engine - INFO - Handling intent 'Action.PLAY_CARD' for priority event 'PlayerEvent.MAIN_PHASE_EMPTY_STACK' from External
2026-04-07 16:23:10,812 - engine - WARNING - Cards to play: Details are missing. NoOp instead!
2026-04-07 16:23:10,812 - engine - INFO - Handling intent 'Action.ATTACK' for priority event 'PlayerEvent.DECLARE_ATTACKS' from External
2026-04-07 16:23:10,812 - engine - WARNING - Turn 1/2: External is attacking!
2026-04-07 16:23:10,812 - engine - INFO - Opp-Goldfish will draw a card for turn
2026-04-07 16:23:10,813 - engine - INFO - Handling intent 'Action.PASS' for priority event 'PlayerEvent.MAIN_PHASE_EMPTY_STACK' from Opp-Goldfish
2026-04-07 16:23:10,813 - engine - INFO - Handling intent 'Action.PASS' for priority event 'PlayerEvent.DECLARE_ATTACKS' from Opp-Goldfish
2026-04-07 16:23:10,813 - engine - INFO - External will draw a card for turn
2026-04-07 16:23:10,813 - engine - INFO - Handling intent 'Action.PLAY_CARD' for priority event 'PlayerEvent.MAIN_PHASE_EMPTY_STACK' from External
2026-04-07 16:23:10,813 - engine - WARNING - Cards to play: Details are missing. NoOp instead!
2026-04-07 16:23:10,813 - engine - INFO - Handling intent 'Action.PASS' for priority event 'PlayerEvent.DECLARE_ATTACKS' from External
2026-04-07 16:23:10,813 - engine - INFO - Opp-Goldfish will draw a card for turn
2026-04-07 16:23:10,814 - engine - INFO - Handling intent 'Action.PASS' for priority event 'PlayerEvent.MAIN_PHASE_EMPTY_STACK' from Opp-Goldfish
2026-04-07 16:23:10,814 - engine - INFO - Handling intent 'Action.PASS' for priority event 'PlayerEvent.DECLARE_ATTACKS' from Opp-Goldfish
2026-04-07 16:23:10,814 - engine - INFO - External will draw a card for turn
2026-04-07 16:23:10,814 - engine - INFO - Handling intent 'Action.PLAY_CARD' for priority event 'PlayerEvent.MAIN_PHASE_EMPTY_STACK' from External
2026-04-07 16:23:10,814 - engine - WARNING - Cards to play: Details are missing. NoOp instead!
2026-04-07 16:23:10,814 - engine - INFO - Handling intent 'Action.ATTACK' for priority event 'PlayerEvent.DECLARE_ATTACKS' from External
2026-04-07 16:23:10,814 - engine - WARNING - Turn 5/2: External is attacking!
2026-04-07 16:23:10,814 - engine - INFO - Opp-Goldfish will draw a card for turn
2026-04-07 16:23:10,814 - engine - INFO - Handling intent 'Action.PASS' for priority event 'PlayerEvent.MAIN_PHASE_EMPTY_STACK' from Opp-Goldfish
2026-04-07 16:23:10,814 - engine - INFO - Handling intent 'Action.PASS' for priority event 'PlayerEvent.DECLARE_ATTACKS' from Opp-Goldfish
2026-04-07 16:23:10,814 - engine - INFO - External will draw a card for turn
2026-04-07 16:23:10,815 - engine - INFO - Handling intent 'Action.PLAY_CARD' for priority event 'PlayerEvent.MAIN_PHASE_EMPTY_STACK' from External
2026-04-07 16:23:10,815 - engine - WARNING - Cards to play: Details are missing. NoOp instead!
2026-04-07 16:23:10,815 - engine - INFO - Handling intent 'Action.ATTACK' for priority event 'PlayerEvent.DECLARE_ATTACKS' from External
2026-04-07 16:23:10,815 - engine - WARNING - Turn 7/2: External is attacking!
2026-04-07 16:23:10,815 - engine - INFO - Opp-Goldfish will draw a card for turn
2026-04-07 16:23:10,815 - engine - INFO - Handling intent 'Action.PASS' for priority event 'PlayerEvent.MAIN_PHASE_EMPTY_STACK' from Opp-Goldfish
2026-04-07 16:23:10,815 - engine - INFO - Handling intent 'Action.PASS' for priority event 'PlayerEvent.DECLARE_ATTACKS' from Opp-Goldfish
2026-04-07 16:23:10,815 - engine - INFO - External will draw a card for turn
2026-04-07 16:23:10,816 - engine - INFO - Handling intent 'Action.PLAY_CARD' for priority event 'PlayerEvent.MAIN_PHASE_EMPTY_STACK' from External
2026-04-07 16:23:10,816 - engine - WARNING - Cards to play: Details are missing. NoOp instead!
2026-04-07 16:23:10,817 - engine - INFO - Handling intent 'Action.ATTACK' for priority event 'PlayerEvent.DECLARE_ATTACKS' from External
2026-04-07 16:23:10,817 - engine - WARNING - Turn 9/2: External is attacking!
2026-04-07 16:23:10,817 - engine - INFO - Opp-Goldfish will draw a card for turn
2026-04-07 16:23:10,817 - engine - INFO - Handling intent 'Action.PASS' for priority event 'PlayerEvent.MAIN_PHASE_EMPTY_STACK' from Opp-Goldfish
2026-04-07 16:23:10,817 - engine - INFO - Handling intent 'Action.PASS' for priority event 'PlayerEvent.DECLARE_ATTACKS' from Opp-Goldfish
2026-04-07 16:23:10,817 - engine - INFO - External will draw a card for turn
2026-04-07 16:23:10,817 - engine - INFO - Handling intent 'Action.PASS' for priority event 'PlayerEvent.MAIN_PHASE_EMPTY_STACK' from External
2026-04-07 16:23:10,818 - engine - INFO - Handling intent 'Action.ATTACK' for priority event 'PlayerEvent.DECLARE_ATTACKS' from External
2026-04-07 16:23:10,818 - engine - WARNING - Turn 11/2: External is attacking!
2026-04-07 16:23:10,818 - engine - WARNING - Opp-Goldfish died by having 0 or less life.
2026-04-07 16:23:10,818 - engine - INFO - Game ended by death of player(s)
2026-04-07 16:23:10,818 - engine - INFO - External won by survival
2026-04-07 16:23:10,818 - engine - INFO - Setting up the new player Player1
2026-04-07 16:23:10,818 - engine - INFO - Setting up the new player Player2
2026-04-07 16:23:10,820 - engine - INFO - Handling intent 'Action.PASS' for priority event 'PlayerEvent.MAIN_PHASE_EMPTY_STACK' from Opp-Goldfish
2026-04-07 16:23:10,820 - engine - INFO - Handling intent 'Action.PASS' for priority event 'PlayerEvent.DECLARE_ATTACKS' from Opp-Goldfish
2026-04-07 16:23:10,820 - engine - INFO - External will draw a card for turn
2026-04-07 16:23:10,820 - engine - INFO - Handling intent 'Action.PLAY_CARD' for priority event 'PlayerEvent.MAIN_PHASE_EMPTY_STACK' from External
2026-04-07 16:23:10,820 - engine - WARNING - Cards to play: Details are missing. NoOp instead!
2026-04-07 16:23:10,821 - engine - INFO - Handling intent 'Action.ATTACK' for priority event 'PlayerEvent.DECLARE_ATTACKS' from External
2026-04-07 16:23:10,821 - engine - WARNING - Turn 1/2: External is attacking!
2026-04-07 16:23:10,821 - engine - INFO - Opp-Goldfish will draw a card for turn
2026-04-07 16:23:10,821 - engine - INFO - Handling intent 'Action.PASS' for priority event 'PlayerEvent.MAIN_PHASE_EMPTY_STACK' from Opp-Goldfish
2026-04-07 16:23:10,821 - engine - INFO - Handling intent 'Action.PASS' for priority event 'PlayerEvent.DECLARE_ATTACKS' from Opp-Goldfish
2026-04-07 16:23:10,821 - engine - INFO - External will draw a card for turn
2026-04-07 16:23:10,821 - engine - INFO - Handling intent 'Action.PASS' for priority event 'PlayerEvent.MAIN_PHASE_EMPTY_STACK' from External
2026-04-07 16:23:10,822 - engine - INFO - Handling intent 'Action.PASS' for priority event 'PlayerEvent.DECLARE_ATTACKS' from External
2026-04-07 16:23:10,822 - engine - INFO - Opp-Goldfish will draw a card for turn
2026-04-07 16:23:10,822 - engine - INFO - Handling intent 'Action.PASS' for priority event 'PlayerEvent.MAIN_PHASE_EMPTY_STACK' from Opp-Goldfish
2026-04-07 16:23:10,822 - engine - INFO - Handling intent 'Action.PASS' for priority event 'PlayerEvent.DECLARE_ATTACKS' from Opp-Goldfish
2026-04-07 16:23:10,822 - engine - INFO - External will draw a card for turn
2026-04-07 16:23:10,822 - engine - INFO - Handling intent 'Action.PLAY_CARD' for priority event 'PlayerEvent.MAIN_PHASE_EMPTY_STACK' from External
2026-04-07 16:23:10,822 - engine - WARNING - Cards to play: Details are missing. NoOp instead!
2026-04-07 16:23:10,823 - engine - INFO - Handling intent 'Action.PASS' for priority event 'PlayerEvent.DECLARE_ATTACKS' from External
2026-04-07 16:23:10,823 - engine - INFO - Opp-Goldfish will draw a card for turn
2026-04-07 16:23:10,823 - engine - INFO - Handling intent 'Action.PASS' for priority event 'PlayerEvent.MAIN_PHASE_EMPTY_STACK' from Opp-Goldfish
2026-04-07 16:23:10,823 - engine - INFO - Handling intent 'Action.PASS' for priority event 'PlayerEvent.DECLARE_ATTACKS' from Opp-Goldfish
2026-04-07 16:23:10,823 - engine - INFO - External will draw a card for turn
2026-04-07 16:23:10,823 - engine - INFO - Handling intent 'Action.PLAY_CARD' for priority event 'PlayerEvent.MAIN_PHASE_EMPTY_STACK' from External
2026-04-07 16:23:10,823 - engine - WARNING - Cards to play: Details are missing. NoOp instead!
2026-04-07 16:23:10,823 - engine - INFO - Handling intent 'Action.PASS' for priority event 'PlayerEvent.DECLARE_ATTACKS' from External
2026-04-07 16:23:10,823 - engine - INFO - Opp-Goldfish will draw a card for turn
2026-04-07 16:23:10,823 - engine - INFO - Handling intent 'Action.PASS' for priority event 'PlayerEvent.MAIN_PHASE_EMPTY_STACK' from Opp-Goldfish
2026-04-07 16:23:10,824 - engine - INFO - Handling intent 'Action.PASS' for priority event 'PlayerEvent.DECLARE_ATTACKS' from Opp-Goldfish
2026-04-07 16:23:10,824 - engine - INFO - External will draw a card for turn
2026-04-07 16:23:10,824 - engine - INFO - Handling intent 'Action.PLAY_CARD' for priority event 'PlayerEvent.MAIN_PHASE_EMPTY_STACK' from External
2026-04-07 16:23:10,824 - engine - WARNING - Cards to play: Details are missing. NoOp instead!
2026-04-07 16:23:10,824 - engine - INFO - Handling intent 'Action.PASS' for priority event 'PlayerEvent.DECLARE_ATTACKS' from External
2026-04-07 16:23:10,824 - engine - INFO - Opp-Goldfish will draw a card for turn
2026-04-07 16:23:10,825 - engine - INFO - Handling intent 'Action.PASS' for priority event 'PlayerEvent.MAIN_PHASE_EMPTY_STACK' from Opp-Goldfish
2026-04-07 16:23:10,825 - engine - INFO - Handling intent 'Action.PASS' for priority event 'PlayerEvent.DECLARE_ATTACKS' from Opp-Goldfish
2026-04-07 16:23:10,825 - engine - INFO - External will draw a card for turn
2026-04-07 16:23:10,825 - engine - INFO - Handling intent 'Action.PLAY_CARD' for priority event 'PlayerEvent.MAIN_PHASE_EMPTY_STACK' from External
2026-04-07 16:23:10,825 - engine - WARNING - Cards to play: Details are missing. NoOp instead!
2026-04-07 16:23:10,825 - engine - INFO - Handling intent 'Action.PASS' for priority event 'PlayerEvent.DECLARE_ATTACKS' from External
2026-04-07 16:23:10,825 - engine - INFO - Opp-Goldfish will draw a card for turn
2026-04-07 16:23:10,825 - engine - INFO - Handling intent 'Action.PASS' for priority event 'PlayerEvent.MAIN_PHASE_EMPTY_STACK' from Opp-Goldfish
2026-04-07 16:23:10,826 - engine - INFO - Handling intent 'Action.PASS' for priority event 'PlayerEvent.DECLARE_ATTACKS' from Opp-Goldfish
2026-04-07 16:23:10,826 - engine - INFO - External will draw a card for turn
2026-04-07 16:23:10,826 - engine - INFO - Handling intent 'Action.PLAY_CARD' for priority event 'PlayerEvent.MAIN_PHASE_EMPTY_STACK' from External
2026-04-07 16:23:10,826 - engine - WARNING - Cards to play: Details are missing. NoOp instead!
2026-04-07 16:23:10,826 - engine - INFO - Handling intent 'Action.PASS' for priority event 'PlayerEvent.DECLARE_ATTACKS' from External
2026-04-07 16:23:10,826 - engine - INFO - Opp-Goldfish will draw a card for turn
2026-04-07 16:23:10,826 - engine - INFO - Handling intent 'Action.PASS' for priority event 'PlayerEvent.MAIN_PHASE_EMPTY_STACK' from Opp-Goldfish
2026-04-07 16:23:10,826 - engine - INFO - Handling intent 'Action.PASS' for priority event 'PlayerEvent.DECLARE_ATTACKS' from Opp-Goldfish
2026-04-07 16:23:10,826 - engine - INFO - External will draw a card for turn
2026-04-07 16:23:10,827 - engine - INFO - Handling intent 'Action.PLAY_CARD' for priority event 'PlayerEvent.MAIN_PHASE_EMPTY_STACK' from External
2026-04-07 16:23:10,827 - engine - WARNING - Cards to play: Details are missing. NoOp instead!
2026-04-07 16:23:10,827 - engine - INFO - Handling intent 'Action.PASS' for priority event 'PlayerEvent.DECLARE_ATTACKS' from External
2026-04-07 16:23:10,827 - engine - INFO - Opp-Goldfish will draw a card for turn
2026-04-07 16:23:10,827 - engine - INFO - Handling intent 'Action.PASS' for priority event 'PlayerEvent.MAIN_PHASE_EMPTY_STACK' from Opp-Goldfish
2026-04-07 16:23:10,827 - engine - INFO - Handling intent 'Action.PASS' for priority event 'PlayerEvent.DECLARE_ATTACKS' from Opp-Goldfish
2026-04-07 16:23:10,827 - engine - INFO - External will draw a card for turn
2026-04-07 16:23:10,827 - engine - INFO - Handling intent 'Action.PLAY_CARD' for priority event 'PlayerEvent.MAIN_PHASE_EMPTY_STACK' from External
2026-04-07 16:23:10,827 - engine - WARNING - Cards to play: Details are missing. NoOp instead!
2026-04-07 16:23:10,828 - engine - INFO - Handling intent 'Action.ATTACK' for priority event 'PlayerEvent.DECLARE_ATTACKS' from External
2026-04-07 16:23:10,828 - engine - WARNING - Turn 17/2: External is attacking!
2026-04-07 16:23:10,828 - engine - INFO - Opp-Goldfish will draw a card for turn
2026-04-07 16:23:10,828 - engine - INFO - Handling intent 'Action.PASS' for priority event 'PlayerEvent.MAIN_PHASE_EMPTY_STACK' from Opp-Goldfish
2026-04-07 16:23:10,828 - engine - INFO - Handling intent 'Action.PASS' for priority event 'PlayerEvent.DECLARE_ATTACKS' from Opp-Goldfish
2026-04-07 16:23:10,828 - engine - INFO - External will draw a card for turn
2026-04-07 16:23:10,828 - engine - INFO - Handling intent 'Action.PLAY_CARD' for priority event 'PlayerEvent.MAIN_PHASE_EMPTY_STACK' from External
2026-04-07 16:23:10,828 - engine - WARNING - Cards to play: Details are missing. NoOp instead!
2026-04-07 16:23:10,829 - engine - INFO - Handling intent 'Action.PASS' for priority event 'PlayerEvent.DECLARE_ATTACKS' from External
2026-04-07 16:23:10,829 - engine - INFO - Opp-Goldfish will draw a card for turn
2026-04-07 16:23:10,829 - engine - INFO - Handling intent 'Action.PASS' for priority event 'PlayerEvent.MAIN_PHASE_EMPTY_STACK' from Opp-Goldfish
2026-04-07 16:23:10,829 - engine - INFO - Handling intent 'Action.PASS' for priority event 'PlayerEvent.DECLARE_ATTACKS' from Opp-Goldfish
2026-04-07 16:23:10,829 - engine - INFO - External will draw a card for turn
2026-04-07 16:23:10,829 - engine - WARNING - External died by drawing from an empty library.
2026-04-07 16:23:10,829 - engine - INFO - Game ended by death of player(s)
2026-04-07 16:23:10,829 - engine - INFO - Opp-Goldfish won by survival
2026-04-07 16:23:10,830 - engine - INFO - Setting up the new player Player1
2026-04-07 16:23:10,830 - engine - INFO - Setting up the new player Player2
2026-04-07 16:23:10,831 - engine - INFO - Handling intent 'Action.PASS' for priority event 'PlayerEvent.MAIN_PHASE_EMPTY_STACK' from Opp-Goldfish
2026-04-07 16:23:10,831 - engine - INFO - Handling intent 'Action.PASS' for priority event 'PlayerEvent.DECLARE_ATTACKS' from Opp-Goldfish
2026-04-07 16:23:10,831 - engine - INFO - External will draw a card for turn
2026-04-07 16:23:10,831 - engine - INFO - Handling intent 'Action.PLAY_CARD' for priority event 'PlayerEvent.MAIN_PHASE_EMPTY_STACK' from External
2026-04-07 16:23:10,832 - engine - WARNING - Cards to play: Details are missing. NoOp instead!
2026-04-07 16:23:10,832 - engine - INFO - Handling intent 'Action.PASS' for priority event 'PlayerEvent.DECLARE_ATTACKS' from External
2026-04-07 16:23:10,832 - engine - INFO - Opp-Goldfish will draw a card for turn
2026-04-07 16:23:10,832 - engine - INFO - Handling intent 'Action.PASS' for priority event 'PlayerEvent.MAIN_PHASE_EMPTY_STACK' from Opp-Goldfish
2026-04-07 16:23:10,832 - engine - INFO - Handling intent 'Action.PASS' for priority event 'PlayerEvent.DECLARE_ATTACKS' from Opp-Goldfish
2026-04-07 16:23:10,832 - engine - INFO - External will draw a card for turn
2026-04-07 16:23:10,833 - engine - INFO - Handling intent 'Action.PASS' for priority event 'PlayerEvent.MAIN_PHASE_EMPTY_STACK' from External
2026-04-07 16:23:10,833 - engine - INFO - Handling intent 'Action.PASS' for priority event 'PlayerEvent.DECLARE_ATTACKS' from External
2026-04-07 16:23:10,833 - engine - INFO - Opp-Goldfish will draw a card for turn
2026-04-07 16:23:10,833 - engine - INFO - Handling intent 'Action.PASS' for priority event 'PlayerEvent.MAIN_PHASE_EMPTY_STACK' from Opp-Goldfish
2026-04-07 16:23:10,833 - engine - INFO - Handling intent 'Action.PASS' for priority event 'PlayerEvent.DECLARE_ATTACKS' from Opp-Goldfish
2026-04-07 16:23:10,834 - engine - INFO - External will draw a card for turn
2026-04-07 16:23:10,834 - engine - INFO - Handling intent 'Action.PASS' for priority event 'PlayerEvent.MAIN_PHASE_EMPTY_STACK' from External
2026-04-07 16:23:10,834 - engine - INFO - Handling intent 'Action.PASS' for priority event 'PlayerEvent.DECLARE_ATTACKS' from External
2026-04-07 16:23:10,834 - engine - INFO - Opp-Goldfish will draw a card for turn
2026-04-07 16:23:10,834 - engine - INFO - Handling intent 'Action.PASS' for priority event 'PlayerEvent.MAIN_PHASE_EMPTY_STACK' from Opp-Goldfish
2026-04-07 16:23:10,834 - engine - INFO - Handling intent 'Action.PASS' for priority event 'PlayerEvent.DECLARE_ATTACKS' from Opp-Goldfish
2026-04-07 16:23:10,834 - engine - INFO - External will draw a card for turn
2026-04-07 16:23:10,835 - engine - INFO - Handling intent 'Action.PASS' for priority event 'PlayerEvent.MAIN_PHASE_EMPTY_STACK' from External
2026-04-07 16:23:10,835 - engine - INFO - Handling intent 'Action.ATTACK' for priority event 'PlayerEvent.DECLARE_ATTACKS' from External
2026-04-07 16:23:10,835 - engine - WARNING - Turn 7/2: External is attacking!
2026-04-07 16:23:10,835 - engine - INFO - Opp-Goldfish will draw a card for turn
2026-04-07 16:23:10,835 - engine - INFO - Handling intent 'Action.PASS' for priority event 'PlayerEvent.MAIN_PHASE_EMPTY_STACK' from Opp-Goldfish
2026-04-07 16:23:10,835 - engine - INFO - Handling intent 'Action.PASS' for priority event 'PlayerEvent.DECLARE_ATTACKS' from Opp-Goldfish
2026-04-07 16:23:10,835 - engine - INFO - External will draw a card for turn
2026-04-07 16:23:10,835 - engine - INFO - Handling intent 'Action.PLAY_CARD' for priority event 'PlayerEvent.MAIN_PHASE_EMPTY_STACK' from External
2026-04-07 16:23:10,836 - engine - WARNING - Cards to play: Details are missing. NoOp instead!
2026-04-07 16:23:10,836 - engine - INFO - Handling intent 'Action.PASS' for priority event 'PlayerEvent.DECLARE_ATTACKS' from External
2026-04-07 16:23:10,836 - engine - INFO - Opp-Goldfish will draw a card for turn
2026-04-07 16:23:10,836 - engine - INFO - Handling intent 'Action.PASS' for priority event 'PlayerEvent.MAIN_PHASE_EMPTY_STACK' from Opp-Goldfish
2026-04-07 16:23:10,836 - engine - INFO - Handling intent 'Action.PASS' for priority event 'PlayerEvent.DECLARE_ATTACKS' from Opp-Goldfish
2026-04-07 16:23:10,836 - engine - INFO - External will draw a card for turn
2026-04-07 16:23:10,836 - engine - INFO - Handling intent 'Action.PLAY_CARD' for priority event 'PlayerEvent.MAIN_PHASE_EMPTY_STACK' from External
2026-04-07 16:23:10,836 - engine - WARNING - Cards to play: Details are missing. NoOp instead!
2026-04-07 16:23:10,837 - engine - INFO - Handling intent 'Action.PASS' for priority event 'PlayerEvent.DECLARE_ATTACKS' from External
2026-04-07 16:23:10,837 - engine - INFO - Opp-Goldfish will draw a card for turn
2026-04-07 16:23:10,837 - engine - INFO - Handling intent 'Action.PASS' for priority event 'PlayerEvent.MAIN_PHASE_EMPTY_STACK' from Opp-Goldfish
2026-04-07 16:23:10,837 - engine - INFO - Handling intent 'Action.PASS' for priority event 'PlayerEvent.DECLARE_ATTACKS' from Opp-Goldfish
2026-04-07 16:23:10,837 - engine - INFO - External will draw a card for turn
2026-04-07 16:23:10,837 - engine - INFO - Handling intent 'Action.PASS' for priority event 'PlayerEvent.MAIN_PHASE_EMPTY_STACK' from External
2026-04-07 16:23:10,837 - engine - INFO - Handling intent 'Action.PASS' for priority event 'PlayerEvent.DECLARE_ATTACKS' from External
2026-04-07 16:23:10,837 - engine - INFO - Opp-Goldfish will draw a card for turn
2026-04-07 16:23:10,838 - engine - INFO - Handling intent 'Action.PASS' for priority event 'PlayerEvent.MAIN_PHASE_EMPTY_STACK' from Opp-Goldfish
2026-04-07 16:23:10,838 - engine - INFO - Handling intent 'Action.PASS' for priority event 'PlayerEvent.DECLARE_ATTACKS' from Opp-Goldfish
2026-04-07 16:23:10,838 - engine - INFO - External will draw a card for turn
2026-04-07 16:23:10,838 - engine - INFO - Handling intent 'Action.PASS' for priority event 'PlayerEvent.MAIN_PHASE_EMPTY_STACK' from External
2026-04-07 16:23:10,838 - engine - INFO - Handling intent 'Action.PASS' for priority event 'PlayerEvent.DECLARE_ATTACKS' from External
2026-04-07 16:23:10,838 - engine - INFO - Opp-Goldfish will draw a card for turn
2026-04-07 16:23:10,838 - engine - INFO - Handling intent 'Action.PASS' for priority event 'PlayerEvent.MAIN_PHASE_EMPTY_STACK' from Opp-Goldfish
2026-04-07 16:23:10,838 - engine - INFO - Handling intent 'Action.PASS' for priority event 'PlayerEvent.DECLARE_ATTACKS' from Opp-Goldfish
2026-04-07 16:23:10,838 - engine - INFO - External will draw a card for turn
2026-04-07 16:23:10,839 - engine - INFO - Handling intent 'Action.PASS' for priority event 'PlayerEvent.MAIN_PHASE_EMPTY_STACK' from External
2026-04-07 16:23:10,839 - engine - INFO - Handling intent 'Action.PASS' for priority event 'PlayerEvent.DECLARE_ATTACKS' from External
2026-04-07 16:23:10,839 - engine - INFO - Opp-Goldfish will draw a card for turn
2026-04-07 16:23:10,839 - engine - INFO - Handling intent 'Action.PASS' for priority event 'PlayerEvent.MAIN_PHASE_EMPTY_STACK' from Opp-Goldfish
2026-04-07 16:23:10,839 - engine - INFO - Handling intent 'Action.PASS' for priority event 'PlayerEvent.DECLARE_ATTACKS' from Opp-Goldfish
2026-04-07 16:23:10,839 - engine - INFO - External will draw a card for turn
2026-04-07 16:23:10,839 - engine - INFO - Handling intent 'Action.PASS' for priority event 'PlayerEvent.MAIN_PHASE_EMPTY_STACK' from External
2026-04-07 16:23:10,840 - engine - INFO - Handling intent 'Action.ATTACK' for priority event 'PlayerEvent.DECLARE_ATTACKS' from External
2026-04-07 16:23:10,840 - engine - WARNING - Turn 19/2: External is attacking!
2026-04-07 16:23:10,840 - engine - INFO - Opp-Goldfish will draw a card for turn
2026-04-07 16:23:10,840 - engine - INFO - Handling intent 'Action.PASS' for priority event 'PlayerEvent.MAIN_PHASE_EMPTY_STACK' from Opp-Goldfish
2026-04-07 16:23:10,840 - engine - INFO - Handling intent 'Action.PASS' for priority event 'PlayerEvent.DECLARE_ATTACKS' from Opp-Goldfish
2026-04-07 16:23:10,840 - engine - INFO - External will draw a card for turn
2026-04-07 16:23:10,840 - engine - WARNING - External died by drawing from an empty library.
2026-04-07 16:23:10,840 - engine - INFO - Game ended by death of player(s)
2026-04-07 16:23:10,840 - engine - INFO - Opp-Goldfish won by survival
2026-04-07 16:23:10,841 - engine - INFO - Setting up the new player Player1
2026-04-07 16:23:10,841 - engine - INFO - Setting up the new player Player2
2026-04-07 16:23:10,842 - engine - INFO - Handling intent 'Action.PASS' for priority event 'PlayerEvent.MAIN_PHASE_EMPTY_STACK' from Opp-Goldfish
2026-04-07 16:23:10,842 - engine - INFO - Handling intent 'Action.PASS' for priority event 'PlayerEvent.DECLARE_ATTACKS' from Opp-Goldfish
2026-04-07 16:23:10,842 - engine - INFO - External will draw a card for turn
2026-04-07 16:23:10,842 - engine - INFO - Handling intent 'Action.PLAY_CARD' for priority event 'PlayerEvent.MAIN_PHASE_EMPTY_STACK' from External
2026-04-07 16:23:10,842 - engine - WARNING - Cards to play: Details are missing. NoOp instead!
2026-04-07 16:23:10,843 - engine - INFO - Handling intent 'Action.ATTACK' for priority event 'PlayerEvent.DECLARE_ATTACKS' from External
2026-04-07 16:23:10,843 - engine - WARNING - Turn 1/2: External is attacking!
2026-04-07 16:23:10,843 - engine - INFO - Opp-Goldfish will draw a card for turn
2026-04-07 16:23:10,843 - engine - INFO - Handling intent 'Action.PASS' for priority event 'PlayerEvent.MAIN_PHASE_EMPTY_STACK' from Opp-Goldfish
2026-04-07 16:23:10,843 - engine - INFO - Handling intent 'Action.PASS' for priority event 'PlayerEvent.DECLARE_ATTACKS' from Opp-Goldfish
2026-04-07 16:23:10,843 - engine - INFO - External will draw a card for turn
2026-04-07 16:23:10,843 - engine - INFO - Handling intent 'Action.PLAY_CARD' for priority event 'PlayerEvent.MAIN_PHASE_EMPTY_STACK' from External
2026-04-07 16:23:10,843 - engine - WARNING - Cards to play: Details are missing. NoOp instead!
2026-04-07 16:23:10,844 - engine - INFO - Handling intent 'Action.ATTACK' for priority event 'PlayerEvent.DECLARE_ATTACKS' from External
2026-04-07 16:23:10,844 - engine - WARNING - Turn 3/2: External is attacking!
2026-04-07 16:23:10,844 - engine - INFO - Opp-Goldfish will draw a card for turn
2026-04-07 16:23:10,844 - engine - INFO - Handling intent 'Action.PASS' for priority event 'PlayerEvent.MAIN_PHASE_EMPTY_STACK' from Opp-Goldfish
2026-04-07 16:23:10,844 - engine - INFO - Handling intent 'Action.PASS' for priority event 'PlayerEvent.DECLARE_ATTACKS' from Opp-Goldfish
2026-04-07 16:23:10,844 - engine - INFO - External will draw a card for turn
2026-04-07 16:23:10,844 - engine - INFO - Handling intent 'Action.PASS' for priority event 'PlayerEvent.MAIN_PHASE_EMPTY_STACK' from External
2026-04-07 16:23:10,844 - engine - INFO - Handling intent 'Action.ATTACK' for priority event 'PlayerEvent.DECLARE_ATTACKS' from External
2026-04-07 16:23:10,845 - engine - WARNING - Turn 5/2: External is attacking!
2026-04-07 16:23:10,845 - engine - INFO - Opp-Goldfish will draw a card for turn
2026-04-07 16:23:10,845 - engine - INFO - Handling intent 'Action.PASS' for priority event 'PlayerEvent.MAIN_PHASE_EMPTY_STACK' from Opp-Goldfish
2026-04-07 16:23:10,845 - engine - INFO - Handling intent 'Action.PASS' for priority event 'PlayerEvent.DECLARE_ATTACKS' from Opp-Goldfish
2026-04-07 16:23:10,845 - engine - INFO - External will draw a card for turn
2026-04-07 16:23:10,845 - engine - INFO - Handling intent 'Action.PASS' for priority event 'PlayerEvent.MAIN_PHASE_EMPTY_STACK' from External
2026-04-07 16:23:10,845 - engine - INFO - Handling intent 'Action.ATTACK' for priority event 'PlayerEvent.DECLARE_ATTACKS' from External
2026-04-07 16:23:10,845 - engine - WARNING - Turn 7/2: External is attacking!
2026-04-07 16:23:10,845 - engine - INFO - Opp-Goldfish will draw a card for turn
2026-04-07 16:23:10,846 - engine - INFO - Handling intent 'Action.PASS' for priority event 'PlayerEvent.MAIN_PHASE_EMPTY_STACK' from Opp-Goldfish
2026-04-07 16:23:10,846 - engine - INFO - Handling intent 'Action.PASS' for priority event 'PlayerEvent.DECLARE_ATTACKS' from Opp-Goldfish
2026-04-07 16:23:10,846 - engine - INFO - External will draw a card for turn
2026-04-07 16:23:10,846 - engine - INFO - Handling intent 'Action.PASS' for priority event 'PlayerEvent.MAIN_PHASE_EMPTY_STACK' from External
2026-04-07 16:23:10,847 - engine - INFO - Handling intent 'Action.PASS' for priority event 'PlayerEvent.DECLARE_ATTACKS' from External
2026-04-07 16:23:10,847 - engine - INFO - Opp-Goldfish will draw a card for turn
2026-04-07 16:23:10,847 - engine - INFO - Handling intent 'Action.PASS' for priority event 'PlayerEvent.MAIN_PHASE_EMPTY_STACK' from Opp-Goldfish
2026-04-07 16:23:10,847 - engine - INFO - Handling intent 'Action.PASS' for priority event 'PlayerEvent.DECLARE_ATTACKS' from Opp-Goldfish
2026-04-07 16:23:10,847 - engine - INFO - External will draw a card for turn
2026-04-07 16:23:10,848 - engine - INFO - Handling intent 'Action.PASS' for priority event 'PlayerEvent.MAIN_PHASE_EMPTY_STACK' from External
2026-04-07 16:23:10,848 - engine - INFO - Handling intent 'Action.PASS' for priority event 'PlayerEvent.DECLARE_ATTACKS' from External
2026-04-07 16:23:10,848 - engine - INFO - Opp-Goldfish will draw a card for turn
2026-04-07 16:23:10,848 - engine - INFO - Handling intent 'Action.PASS' for priority event 'PlayerEvent.MAIN_PHASE_EMPTY_STACK' from Opp-Goldfish
2026-04-07 16:23:10,849 - engine - INFO - Handling intent 'Action.PASS' for priority event 'PlayerEvent.DECLARE_ATTACKS' from Opp-Goldfish
2026-04-07 16:23:10,849 - engine - INFO - External will draw a card for turn
2026-04-07 16:23:10,850 - engine - INFO - Handling intent 'Action.PASS' for priority event 'PlayerEvent.MAIN_PHASE_EMPTY_STACK' from External
2026-04-07 16:23:10,850 - engine - INFO - Handling intent 'Action.ATTACK' for priority event 'PlayerEvent.DECLARE_ATTACKS' from External
2026-04-07 16:23:10,850 - engine - WARNING - Turn 13/2: External is attacking!
2026-04-07 16:23:10,850 - engine - WARNING - Opp-Goldfish died by having 0 or less life.
2026-04-07 16:23:10,850 - engine - INFO - Game ended by death of player(s)
2026-04-07 16:23:10,850 - engine - INFO - External won by survival
2026-04-07 16:23:10,851 - engine - INFO - Setting up the new player Player1
2026-04-07 16:23:10,851 - engine - INFO - Setting up the new player Player2
2026-04-07 16:23:10,852 - engine - INFO - Handling intent 'Action.PASS' for priority event 'PlayerEvent.MAIN_PHASE_EMPTY_STACK' from Opp-Goldfish
2026-04-07 16:23:10,853 - engine - INFO - Handling intent 'Action.PASS' for priority event 'PlayerEvent.DECLARE_ATTACKS' from Opp-Goldfish
2026-04-07 16:23:10,853 - engine - INFO - External will draw a card for turn
2026-04-07 16:23:10,853 - engine - INFO - Handling intent 'Action.PLAY_CARD' for priority event 'PlayerEvent.MAIN_PHASE_EMPTY_STACK' from External
2026-04-07 16:23:10,853 - engine - WARNING - Cards to play: Details are missing. NoOp instead!
2026-04-07 16:23:10,853 - engine - INFO - Handling intent 'Action.ATTACK' for priority event 'PlayerEvent.DECLARE_ATTACKS' from External
2026-04-07 16:23:10,853 - engine - WARNING - Turn 1/2: External is attacking!
2026-04-07 16:23:10,853 - engine - INFO - Opp-Goldfish will draw a card for turn
2026-04-07 16:23:10,853 - engine - INFO - Handling intent 'Action.PASS' for priority event 'PlayerEvent.MAIN_PHASE_EMPTY_STACK' from Opp-Goldfish
2026-04-07 16:23:10,853 - engine - INFO - Handling intent 'Action.PASS' for priority event 'PlayerEvent.DECLARE_ATTACKS' from Opp-Goldfish
2026-04-07 16:23:10,853 - engine - INFO - External will draw a card for turn
2026-04-07 16:23:10,854 - engine - INFO - Handling intent 'Action.PASS' for priority event 'PlayerEvent.MAIN_PHASE_EMPTY_STACK' from External
2026-04-07 16:23:10,854 - engine - INFO - Handling intent 'Action.PASS' for priority event 'PlayerEvent.DECLARE_ATTACKS' from External
2026-04-07 16:23:10,854 - engine - INFO - Opp-Goldfish will draw a card for turn
2026-04-07 16:23:10,854 - engine - INFO - Handling intent 'Action.PASS' for priority event 'PlayerEvent.MAIN_PHASE_EMPTY_STACK' from Opp-Goldfish
2026-04-07 16:23:10,854 - engine - INFO - Handling intent 'Action.PASS' for priority event 'PlayerEvent.DECLARE_ATTACKS' from Opp-Goldfish
2026-04-07 16:23:10,854 - engine - INFO - External will draw a card for turn
2026-04-07 16:23:10,854 - engine - INFO - Handling intent 'Action.PASS' for priority event 'PlayerEvent.MAIN_PHASE_EMPTY_STACK' from External
2026-04-07 16:23:10,855 - engine - INFO - Handling intent 'Action.PASS' for priority event 'PlayerEvent.DECLARE_ATTACKS' from External
2026-04-07 16:23:10,855 - engine - INFO - Opp-Goldfish will draw a card for turn
2026-04-07 16:23:10,855 - engine - INFO - Handling intent 'Action.PASS' for priority event 'PlayerEvent.MAIN_PHASE_EMPTY_STACK' from Opp-Goldfish
2026-04-07 16:23:10,855 - engine - INFO - Handling intent 'Action.PASS' for priority event 'PlayerEvent.DECLARE_ATTACKS' from Opp-Goldfish
2026-04-07 16:23:10,855 - engine - INFO - External will draw a card for turn
2026-04-07 16:23:10,855 - engine - INFO - Handling intent 'Action.PASS' for priority event 'PlayerEvent.MAIN_PHASE_EMPTY_STACK' from External
2026-04-07 16:23:10,855 - engine - INFO - Handling intent 'Action.PASS' for priority event 'PlayerEvent.DECLARE_ATTACKS' from External
2026-04-07 16:23:10,855 - engine - INFO - Opp-Goldfish will draw a card for turn
2026-04-07 16:23:10,855 - engine - INFO - Handling intent 'Action.PASS' for priority event 'PlayerEvent.MAIN_PHASE_EMPTY_STACK' from Opp-Goldfish
2026-04-07 16:23:10,855 - engine - INFO - Handling intent 'Action.PASS' for priority event 'PlayerEvent.DECLARE_ATTACKS' from Opp-Goldfish
2026-04-07 16:23:10,855 - engine - INFO - External will draw a card for turn
2026-04-07 16:23:10,856 - engine - INFO - Handling intent 'Action.PASS' for priority event 'PlayerEvent.MAIN_PHASE_EMPTY_STACK' from External
2026-04-07 16:23:10,856 - engine - INFO - Handling intent 'Action.PASS' for priority event 'PlayerEvent.DECLARE_ATTACKS' from External
2026-04-07 16:23:10,856 - engine - INFO - Opp-Goldfish will draw a card for turn
2026-04-07 16:23:10,856 - engine - INFO - Handling intent 'Action.PASS' for priority event 'PlayerEvent.MAIN_PHASE_EMPTY_STACK' from Opp-Goldfish
2026-04-07 16:23:10,856 - engine - INFO - Handling intent 'Action.PASS' for priority event 'PlayerEvent.DECLARE_ATTACKS' from Opp-Goldfish
2026-04-07 16:23:10,856 - engine - INFO - External will draw a card for turn
2026-04-07 16:23:10,856 - engine - INFO - Handling intent 'Action.PASS' for priority event 'PlayerEvent.MAIN_PHASE_EMPTY_STACK' from External
2026-04-07 16:23:10,857 - engine - INFO - Handling intent 'Action.PASS' for priority event 'PlayerEvent.DECLARE_ATTACKS' from External
2026-04-07 16:23:10,857 - engine - INFO - Opp-Goldfish will draw a card for turn
2026-04-07 16:23:10,857 - engine - INFO - Handling intent 'Action.PASS' for priority event 'PlayerEvent.MAIN_PHASE_EMPTY_STACK' from Opp-Goldfish
2026-04-07 16:23:10,857 - engine - INFO - Handling intent 'Action.PASS' for priority event 'PlayerEvent.DECLARE_ATTACKS' from Opp-Goldfish
2026-04-07 16:23:10,857 - engine - INFO - External will draw a card for turn
2026-04-07 16:23:10,857 - engine - INFO - Handling intent 'Action.PASS' for priority event 'PlayerEvent.MAIN_PHASE_EMPTY_STACK' from External
2026-04-07 16:23:10,857 - engine - INFO - Handling intent 'Action.PASS' for priority event 'PlayerEvent.DECLARE_ATTACKS' from External
2026-04-07 16:23:10,857 - engine - INFO - Opp-Goldfish will draw a card for turn
2026-04-07 16:23:10,858 - engine - INFO - Handling intent 'Action.PASS' for priority event 'PlayerEvent.MAIN_PHASE_EMPTY_STACK' from Opp-Goldfish
2026-04-07 16:23:10,858 - engine - INFO - Handling intent 'Action.PASS' for priority event 'PlayerEvent.DECLARE_ATTACKS' from Opp-Goldfish
2026-04-07 16:23:10,858 - engine - INFO - External will draw a card for turn
2026-04-07 16:23:10,858 - engine - INFO - Handling intent 'Action.PASS' for priority event 'PlayerEvent.MAIN_PHASE_EMPTY_STACK' from External
2026-04-07 16:23:10,858 - engine - INFO - Handling intent 'Action.PASS' for priority event 'PlayerEvent.DECLARE_ATTACKS' from External
2026-04-07 16:23:10,858 - engine - INFO - Opp-Goldfish will draw a card for turn
2026-04-07 16:23:10,858 - engine - INFO - Handling intent 'Action.PASS' for priority event 'PlayerEvent.MAIN_PHASE_EMPTY_STACK' from Opp-Goldfish
2026-04-07 16:23:10,858 - engine - INFO - Handling intent 'Action.PASS' for priority event 'PlayerEvent.DECLARE_ATTACKS' from Opp-Goldfish
2026-04-07 16:23:10,858 - engine - INFO - External will draw a card for turn
2026-04-07 16:23:10,859 - engine - INFO - Handling intent 'Action.PASS' for priority event 'PlayerEvent.MAIN_PHASE_EMPTY_STACK' from External
2026-04-07 16:23:10,859 - engine - INFO - Handling intent 'Action.ATTACK' for priority event 'PlayerEvent.DECLARE_ATTACKS' from External
2026-04-07 16:23:10,859 - engine - WARNING - Turn 17/2: External is attacking!
2026-04-07 16:23:10,859 - engine - INFO - Opp-Goldfish will draw a card for turn
2026-04-07 16:23:10,859 - engine - INFO - Handling intent 'Action.PASS' for priority event 'PlayerEvent.MAIN_PHASE_EMPTY_STACK' from Opp-Goldfish
2026-04-07 16:23:10,859 - engine - INFO - Handling intent 'Action.PASS' for priority event 'PlayerEvent.DECLARE_ATTACKS' from Opp-Goldfish
2026-04-07 16:23:10,859 - engine - INFO - External will draw a card for turn
2026-04-07 16:23:10,859 - engine - INFO - Handling intent 'Action.PLAY_CARD' for priority event 'PlayerEvent.MAIN_PHASE_EMPTY_STACK' from External
2026-04-07 16:23:10,860 - engine - WARNING - Cards to play: Details are missing. NoOp instead!
2026-04-07 16:23:10,860 - engine - INFO - Handling intent 'Action.ATTACK' for priority event 'PlayerEvent.DECLARE_ATTACKS' from External
2026-04-07 16:23:10,860 - engine - WARNING - Turn 19/2: External is attacking!
2026-04-07 16:23:10,860 - engine - INFO - Opp-Goldfish will draw a card for turn
2026-04-07 16:23:10,860 - engine - INFO - Handling intent 'Action.PASS' for priority event 'PlayerEvent.MAIN_PHASE_EMPTY_STACK' from Opp-Goldfish
2026-04-07 16:23:10,860 - engine - INFO - Handling intent 'Action.PASS' for priority event 'PlayerEvent.DECLARE_ATTACKS' from Opp-Goldfish
2026-04-07 16:23:10,860 - engine - INFO - External will draw a card for turn
2026-04-07 16:23:10,860 - engine - WARNING - External died by drawing from an empty library.
2026-04-07 16:23:10,860 - engine - INFO - Game ended by death of player(s)
2026-04-07 16:23:10,860 - engine - INFO - Opp-Goldfish won by survival
2026-04-07 16:23:10,861 - engine - INFO - Setting up the new player Player1
2026-04-07 16:23:10,861 - engine - INFO - Setting up the new player Player2
2026-04-07 16:23:10,862 - engine - INFO - Handling intent 'Action.PASS' for priority event 'PlayerEvent.MAIN_PHASE_EMPTY_STACK' from Opp-Goldfish
2026-04-07 16:23:10,863 - engine - INFO - Handling intent 'Action.PASS' for priority event 'PlayerEvent.DECLARE_ATTACKS' from Opp-Goldfish
2026-04-07 16:23:10,863 - engine - INFO - External will draw a card for turn
2026-04-07 16:23:10,863 - engine - INFO - Handling intent 'Action.PLAY_CARD' for priority event 'PlayerEvent.MAIN_PHASE_EMPTY_STACK' from External
2026-04-07 16:23:10,863 - engine - WARNING - Cards to play: Details are missing. NoOp instead!
2026-04-07 16:23:10,863 - engine - INFO - Handling intent 'Action.ATTACK' for priority event 'PlayerEvent.DECLARE_ATTACKS' from External
2026-04-07 16:23:10,863 - engine - WARNING - Turn 1/2: External is attacking!
2026-04-07 16:23:10,863 - engine - INFO - Opp-Goldfish will draw a card for turn
2026-04-07 16:23:10,864 - engine - INFO - Handling intent 'Action.PASS' for priority event 'PlayerEvent.MAIN_PHASE_EMPTY_STACK' from Opp-Goldfish
2026-04-07 16:23:10,864 - engine - INFO - Handling intent 'Action.PASS' for priority event 'PlayerEvent.DECLARE_ATTACKS' from Opp-Goldfish
2026-04-07 16:23:10,864 - engine - INFO - External will draw a card for turn
2026-04-07 16:23:10,864 - engine - INFO - Handling intent 'Action.PLAY_CARD' for priority event 'PlayerEvent.MAIN_PHASE_EMPTY_STACK' from External
2026-04-07 16:23:10,864 - engine - WARNING - Cards to play: Details are missing. NoOp instead!
2026-04-07 16:23:10,864 - engine - INFO - Handling intent 'Action.ATTACK' for priority event 'PlayerEvent.DECLARE_ATTACKS' from External
2026-04-07 16:23:10,864 - engine - WARNING - Turn 3/2: External is attacking!
2026-04-07 16:23:10,865 - engine - INFO - Opp-Goldfish will draw a card for turn
2026-04-07 16:23:10,865 - engine - INFO - Handling intent 'Action.PASS' for priority event 'PlayerEvent.MAIN_PHASE_EMPTY_STACK' from Opp-Goldfish
2026-04-07 16:23:10,865 - engine - INFO - Handling intent 'Action.PASS' for priority event 'PlayerEvent.DECLARE_ATTACKS' from Opp-Goldfish
2026-04-07 16:23:10,865 - engine - INFO - External will draw a card for turn
2026-04-07 16:23:10,865 - engine - INFO - Handling intent 'Action.PLAY_CARD' for priority event 'PlayerEvent.MAIN_PHASE_EMPTY_STACK' from External
2026-04-07 16:23:10,865 - engine - WARNING - Cards to play: Details are missing. NoOp instead!
2026-04-07 16:23:10,866 - engine - INFO - Handling intent 'Action.ATTACK' for priority event 'PlayerEvent.DECLARE_ATTACKS' from External
2026-04-07 16:23:10,866 - engine - WARNING - Turn 5/2: External is attacking!
2026-04-07 16:23:10,866 - engine - INFO - Opp-Goldfish will draw a card for turn
2026-04-07 16:23:10,866 - engine - INFO - Handling intent 'Action.PASS' for priority event 'PlayerEvent.MAIN_PHASE_EMPTY_STACK' from Opp-Goldfish
2026-04-07 16:23:10,867 - engine - INFO - Handling intent 'Action.PASS' for priority event 'PlayerEvent.DECLARE_ATTACKS' from Opp-Goldfish
2026-04-07 16:23:10,867 - engine - INFO - External will draw a card for turn
2026-04-07 16:23:10,867 - engine - INFO - Handling intent 'Action.PLAY_CARD' for priority event 'PlayerEvent.MAIN_PHASE_EMPTY_STACK' from External
2026-04-07 16:23:10,867 - engine - WARNING - Cards to play: Details are missing. NoOp instead!
2026-04-07 16:23:10,867 - engine - INFO - Handling intent 'Action.ATTACK' for priority event 'PlayerEvent.DECLARE_ATTACKS' from External
2026-04-07 16:23:10,867 - engine - WARNING - Turn 7/2: External is attacking!
2026-04-07 16:23:10,867 - engine - INFO - Opp-Goldfish will draw a card for turn
2026-04-07 16:23:10,867 - engine - INFO - Handling intent 'Action.PASS' for priority event 'PlayerEvent.MAIN_PHASE_EMPTY_STACK' from Opp-Goldfish
2026-04-07 16:23:10,867 - engine - INFO - Handling intent 'Action.PASS' for priority event 'PlayerEvent.DECLARE_ATTACKS' from Opp-Goldfish
2026-04-07 16:23:10,867 - engine - INFO - External will draw a card for turn
2026-04-07 16:23:10,868 - engine - INFO - Handling intent 'Action.PLAY_CARD' for priority event 'PlayerEvent.MAIN_PHASE_EMPTY_STACK' from External
2026-04-07 16:23:10,868 - engine - WARNING - Cards to play: Details are missing. NoOp instead!
2026-04-07 16:23:10,868 - engine - INFO - Handling intent 'Action.PASS' for priority event 'PlayerEvent.DECLARE_ATTACKS' from External
2026-04-07 16:23:10,868 - engine - INFO - Opp-Goldfish will draw a card for turn
2026-04-07 16:23:10,868 - engine - INFO - Handling intent 'Action.PASS' for priority event 'PlayerEvent.MAIN_PHASE_EMPTY_STACK' from Opp-Goldfish
2026-04-07 16:23:10,868 - engine - INFO - Handling intent 'Action.PASS' for priority event 'PlayerEvent.DECLARE_ATTACKS' from Opp-Goldfish
2026-04-07 16:23:10,868 - engine - INFO - External will draw a card for turn
2026-04-07 16:23:10,869 - engine - INFO - Handling intent 'Action.PASS' for priority event 'PlayerEvent.MAIN_PHASE_EMPTY_STACK' from External
2026-04-07 16:23:10,869 - engine - INFO - Handling intent 'Action.PASS' for priority event 'PlayerEvent.DECLARE_ATTACKS' from External
2026-04-07 16:23:10,869 - engine - INFO - Opp-Goldfish will draw a card for turn
2026-04-07 16:23:10,869 - engine - INFO - Handling intent 'Action.PASS' for priority event 'PlayerEvent.MAIN_PHASE_EMPTY_STACK' from Opp-Goldfish
2026-04-07 16:23:10,869 - engine - INFO - Handling intent 'Action.PASS' for priority event 'PlayerEvent.DECLARE_ATTACKS' from Opp-Goldfish
2026-04-07 16:23:10,869 - engine - INFO - External will draw a card for turn
2026-04-07 16:23:10,870 - engine - INFO - Handling intent 'Action.PLAY_CARD' for priority event 'PlayerEvent.MAIN_PHASE_EMPTY_STACK' from External
2026-04-07 16:23:10,870 - engine - WARNING - Cards to play: Details are missing. NoOp instead!
2026-04-07 16:23:10,870 - engine - INFO - Handling intent 'Action.PASS' for priority event 'PlayerEvent.DECLARE_ATTACKS' from External
2026-04-07 16:23:10,870 - engine - INFO - Opp-Goldfish will draw a card for turn
2026-04-07 16:23:10,870 - engine - INFO - Handling intent 'Action.PASS' for priority event 'PlayerEvent.MAIN_PHASE_EMPTY_STACK' from Opp-Goldfish
2026-04-07 16:23:10,870 - engine - INFO - Handling intent 'Action.PASS' for priority event 'PlayerEvent.DECLARE_ATTACKS' from Opp-Goldfish
2026-04-07 16:23:10,870 - engine - INFO - External will draw a card for turn
2026-04-07 16:23:10,871 - engine - INFO - Handling intent 'Action.PASS' for priority event 'PlayerEvent.MAIN_PHASE_EMPTY_STACK' from External
2026-04-07 16:23:10,871 - engine - INFO - Handling intent 'Action.PASS' for priority event 'PlayerEvent.DECLARE_ATTACKS' from External
2026-04-07 16:23:10,871 - engine - INFO - Opp-Goldfish will draw a card for turn
2026-04-07 16:23:10,871 - engine - INFO - Handling intent 'Action.PASS' for priority event 'PlayerEvent.MAIN_PHASE_EMPTY_STACK' from Opp-Goldfish
2026-04-07 16:23:10,871 - engine - INFO - Handling intent 'Action.PASS' for priority event 'PlayerEvent.DECLARE_ATTACKS' from Opp-Goldfish
2026-04-07 16:23:10,871 - engine - INFO - External will draw a card for turn
2026-04-07 16:23:10,872 - engine - INFO - Handling intent 'Action.PASS' for priority event 'PlayerEvent.MAIN_PHASE_EMPTY_STACK' from External
2026-04-07 16:23:10,872 - engine - INFO - Handling intent 'Action.PASS' for priority event 'PlayerEvent.DECLARE_ATTACKS' from External
2026-04-07 16:23:10,872 - engine - INFO - Opp-Goldfish will draw a card for turn
2026-04-07 16:23:10,872 - engine - INFO - Handling intent 'Action.PASS' for priority event 'PlayerEvent.MAIN_PHASE_EMPTY_STACK' from Opp-Goldfish
2026-04-07 16:23:10,872 - engine - INFO - Handling intent 'Action.PASS' for priority event 'PlayerEvent.DECLARE_ATTACKS' from Opp-Goldfish
2026-04-07 16:23:10,872 - engine - INFO - External will draw a card for turn
2026-04-07 16:23:10,873 - engine - INFO - Handling intent 'Action.PASS' for priority event 'PlayerEvent.MAIN_PHASE_EMPTY_STACK' from External
2026-04-07 16:23:10,873 - engine - INFO - Handling intent 'Action.ATTACK' for priority event 'PlayerEvent.DECLARE_ATTACKS' from External
2026-04-07 16:23:10,873 - engine - WARNING - Turn 19/2: External is attacking!
2026-04-07 16:23:10,873 - engine - WARNING - Opp-Goldfish died by having 0 or less life.
2026-04-07 16:23:10,873 - engine - INFO - Game ended by death of player(s)
2026-04-07 16:23:10,873 - engine - INFO - External won by survival
2026-04-07 16:23:10,873 - engine - INFO - Setting up the new player Player1
2026-04-07 16:23:10,874 - engine - INFO - Setting up the new player Player2
2026-04-07 16:23:10,875 - engine - INFO - Handling intent 'Action.PASS' for priority event 'PlayerEvent.MAIN_PHASE_EMPTY_STACK' from Opp-Goldfish
2026-04-07 16:23:10,875 - engine - INFO - Handling intent 'Action.PASS' for priority event 'PlayerEvent.DECLARE_ATTACKS' from Opp-Goldfish
2026-04-07 16:23:10,875 - engine - INFO - External will draw a card for turn
2026-04-07 16:23:10,875 - engine - INFO - Handling intent 'Action.PLAY_CARD' for priority event 'PlayerEvent.MAIN_PHASE_EMPTY_STACK' from External
2026-04-07 16:23:10,875 - engine - WARNING - Cards to play: Details are missing. NoOp instead!
2026-04-07 16:23:10,875 - engine - INFO - Handling intent 'Action.ATTACK' for priority event 'PlayerEvent.DECLARE_ATTACKS' from External
2026-04-07 16:23:10,875 - engine - WARNING - Turn 1/2: External is attacking!
2026-04-07 16:23:10,875 - engine - INFO - Opp-Goldfish will draw a card for turn
2026-04-07 16:23:10,876 - engine - INFO - Handling intent 'Action.PASS' for priority event 'PlayerEvent.MAIN_PHASE_EMPTY_STACK' from Opp-Goldfish
2026-04-07 16:23:10,876 - engine - INFO - Handling intent 'Action.PASS' for priority event 'PlayerEvent.DECLARE_ATTACKS' from Opp-Goldfish
2026-04-07 16:23:10,876 - engine - INFO - External will draw a card for turn
2026-04-07 16:23:10,876 - engine - INFO - Handling intent 'Action.PLAY_CARD' for priority event 'PlayerEvent.MAIN_PHASE_EMPTY_STACK' from External
2026-04-07 16:23:10,876 - engine - WARNING - Cards to play: Details are missing. NoOp instead!
2026-04-07 16:23:10,876 - engine - INFO - Handling intent 'Action.ATTACK' for priority event 'PlayerEvent.DECLARE_ATTACKS' from External
2026-04-07 16:23:10,876 - engine - WARNING - Turn 3/2: External is attacking!
2026-04-07 16:23:10,876 - engine - INFO - Opp-Goldfish will draw a card for turn
2026-04-07 16:23:10,876 - engine - INFO - Handling intent 'Action.PASS' for priority event 'PlayerEvent.MAIN_PHASE_EMPTY_STACK' from Opp-Goldfish
2026-04-07 16:23:10,877 - engine - INFO - Handling intent 'Action.PASS' for priority event 'PlayerEvent.DECLARE_ATTACKS' from Opp-Goldfish
2026-04-07 16:23:10,877 - engine - INFO - External will draw a card for turn
2026-04-07 16:23:10,877 - engine - INFO - Handling intent 'Action.PLAY_CARD' for priority event 'PlayerEvent.MAIN_PHASE_EMPTY_STACK' from External
2026-04-07 16:23:10,877 - engine - WARNING - Cards to play: Details are missing. NoOp instead!
2026-04-07 16:23:10,877 - engine - INFO - Handling intent 'Action.ATTACK' for priority event 'PlayerEvent.DECLARE_ATTACKS' from External
2026-04-07 16:23:10,877 - engine - WARNING - Turn 5/2: External is attacking!
2026-04-07 16:23:10,877 - engine - INFO - Opp-Goldfish will draw a card for turn
2026-04-07 16:23:10,877 - engine - INFO - Handling intent 'Action.PASS' for priority event 'PlayerEvent.MAIN_PHASE_EMPTY_STACK' from Opp-Goldfish
2026-04-07 16:23:10,877 - engine - INFO - Handling intent 'Action.PASS' for priority event 'PlayerEvent.DECLARE_ATTACKS' from Opp-Goldfish
2026-04-07 16:23:10,877 - engine - INFO - External will draw a card for turn
2026-04-07 16:23:10,878 - engine - INFO - Handling intent 'Action.PLAY_CARD' for priority event 'PlayerEvent.MAIN_PHASE_EMPTY_STACK' from External
2026-04-07 16:23:10,878 - engine - WARNING - Cards to play: Details are missing. NoOp instead!
2026-04-07 16:23:10,878 - engine - INFO - Handling intent 'Action.ATTACK' for priority event 'PlayerEvent.DECLARE_ATTACKS' from External
2026-04-07 16:23:10,878 - engine - WARNING - Turn 7/2: External is attacking!
2026-04-07 16:23:10,878 - engine - INFO - Opp-Goldfish will draw a card for turn
2026-04-07 16:23:10,878 - engine - INFO - Handling intent 'Action.PASS' for priority event 'PlayerEvent.MAIN_PHASE_EMPTY_STACK' from Opp-Goldfish
2026-04-07 16:23:10,878 - engine - INFO - Handling intent 'Action.PASS' for priority event 'PlayerEvent.DECLARE_ATTACKS' from Opp-Goldfish
2026-04-07 16:23:10,878 - engine - INFO - External will draw a card for turn
2026-04-07 16:23:10,879 - engine - INFO - Handling intent 'Action.PLAY_CARD' for priority event 'PlayerEvent.MAIN_PHASE_EMPTY_STACK' from External
2026-04-07 16:23:10,879 - engine - WARNING - Cards to play: Details are missing. NoOp instead!
2026-04-07 16:23:10,879 - engine - INFO - Handling intent 'Action.PASS' for priority event 'PlayerEvent.DECLARE_ATTACKS' from External
2026-04-07 16:23:10,879 - engine - INFO - Opp-Goldfish will draw a card for turn
2026-04-07 16:23:10,879 - engine - INFO - Handling intent 'Action.PASS' for priority event 'PlayerEvent.MAIN_PHASE_EMPTY_STACK' from Opp-Goldfish
2026-04-07 16:23:10,879 - engine - INFO - Handling intent 'Action.PASS' for priority event 'PlayerEvent.DECLARE_ATTACKS' from Opp-Goldfish
2026-04-07 16:23:10,879 - engine - INFO - External will draw a card for turn
2026-04-07 16:23:10,880 - engine - INFO - Handling intent 'Action.PASS' for priority event 'PlayerEvent.MAIN_PHASE_EMPTY_STACK' from External
2026-04-07 16:23:10,880 - engine - INFO - Handling intent 'Action.PASS' for priority event 'PlayerEvent.DECLARE_ATTACKS' from External
2026-04-07 16:23:10,880 - engine - INFO - Opp-Goldfish will draw a card for turn
2026-04-07 16:23:10,880 - engine - INFO - Handling intent 'Action.PASS' for priority event 'PlayerEvent.MAIN_PHASE_EMPTY_STACK' from Opp-Goldfish
2026-04-07 16:23:10,881 - engine - INFO - Handling intent 'Action.PASS' for priority event 'PlayerEvent.DECLARE_ATTACKS' from Opp-Goldfish
2026-04-07 16:23:10,881 - engine - INFO - External will draw a card for turn
2026-04-07 16:23:10,881 - engine - INFO - Handling intent 'Action.PLAY_CARD' for priority event 'PlayerEvent.MAIN_PHASE_EMPTY_STACK' from External
2026-04-07 16:23:10,881 - engine - WARNING - Cards to play: Details are missing. NoOp instead!
2026-04-07 16:23:10,881 - engine - INFO - Handling intent 'Action.PASS' for priority event 'PlayerEvent.DECLARE_ATTACKS' from External
2026-04-07 16:23:10,881 - engine - INFO - Opp-Goldfish will draw a card for turn
2026-04-07 16:23:10,882 - engine - INFO - Handling intent 'Action.PASS' for priority event 'PlayerEvent.MAIN_PHASE_EMPTY_STACK' from Opp-Goldfish
2026-04-07 16:23:10,882 - engine - INFO - Handling intent 'Action.PASS' for priority event 'PlayerEvent.DECLARE_ATTACKS' from Opp-Goldfish
2026-04-07 16:23:10,882 - engine - INFO - External will draw a card for turn
2026-04-07 16:23:10,882 - engine - INFO - Handling intent 'Action.PLAY_CARD' for priority event 'PlayerEvent.MAIN_PHASE_EMPTY_STACK' from External
2026-04-07 16:23:10,882 - engine - WARNING - Cards to play: Details are missing. NoOp instead!
2026-04-07 16:23:10,883 - engine - INFO - Handling intent 'Action.PASS' for priority event 'PlayerEvent.DECLARE_ATTACKS' from External
2026-04-07 16:23:10,883 - engine - INFO - Opp-Goldfish will draw a card for turn
2026-04-07 16:23:10,883 - engine - INFO - Handling intent 'Action.PASS' for priority event 'PlayerEvent.MAIN_PHASE_EMPTY_STACK' from Opp-Goldfish
2026-04-07 16:23:10,883 - engine - INFO - Handling intent 'Action.PASS' for priority event 'PlayerEvent.DECLARE_ATTACKS' from Opp-Goldfish
2026-04-07 16:23:10,883 - engine - INFO - External will draw a card for turn
2026-04-07 16:23:10,884 - engine - INFO - Handling intent 'Action.PLAY_CARD' for priority event 'PlayerEvent.MAIN_PHASE_EMPTY_STACK' from External
2026-04-07 16:23:10,884 - engine - WARNING - Cards to play: Details are missing. NoOp instead!
2026-04-07 16:23:10,884 - engine - INFO - Handling intent 'Action.PASS' for priority event 'PlayerEvent.DECLARE_ATTACKS' from External
2026-04-07 16:23:10,884 - engine - INFO - Opp-Goldfish will draw a card for turn
2026-04-07 16:23:10,884 - engine - INFO - Handling intent 'Action.PASS' for priority event 'PlayerEvent.MAIN_PHASE_EMPTY_STACK' from Opp-Goldfish
2026-04-07 16:23:10,885 - engine - INFO - Handling intent 'Action.PASS' for priority event 'PlayerEvent.DECLARE_ATTACKS' from Opp-Goldfish
2026-04-07 16:23:10,885 - engine - INFO - External will draw a card for turn
2026-04-07 16:23:10,885 - engine - INFO - Handling intent 'Action.PASS' for priority event 'PlayerEvent.MAIN_PHASE_EMPTY_STACK' from External
2026-04-07 16:23:10,885 - engine - INFO - Handling intent 'Action.ATTACK' for priority event 'PlayerEvent.DECLARE_ATTACKS' from External
2026-04-07 16:23:10,886 - engine - WARNING - Turn 19/2: External is attacking!
2026-04-07 16:23:10,886 - engine - WARNING - Opp-Goldfish died by having 0 or less life.
2026-04-07 16:23:10,886 - engine - INFO - Game ended by death of player(s)
2026-04-07 16:23:10,886 - engine - INFO - External won by survival
2026-04-07 16:23:10,886 - engine - INFO - Setting up the new player Player1
2026-04-07 16:23:10,886 - engine - INFO - Setting up the new player Player2
2026-04-07 16:23:10,887 - engine - INFO - Handling intent 'Action.PASS' for priority event 'PlayerEvent.MAIN_PHASE_EMPTY_STACK' from Opp-Goldfish
2026-04-07 16:23:10,887 - engine - INFO - Handling intent 'Action.PASS' for priority event 'PlayerEvent.DECLARE_ATTACKS' from Opp-Goldfish
2026-04-07 16:23:10,887 - engine - INFO - External will draw a card for turn
2026-04-07 16:23:10,887 - engine - INFO - Handling intent 'Action.PASS' for priority event 'PlayerEvent.MAIN_PHASE_EMPTY_STACK' from External
2026-04-07 16:23:10,888 - engine - INFO - Handling intent 'Action.ATTACK' for priority event 'PlayerEvent.DECLARE_ATTACKS' from External
2026-04-07 16:23:10,888 - engine - WARNING - Turn 1/2: External is attacking!
2026-04-07 16:23:10,888 - engine - INFO - Opp-Goldfish will draw a card for turn
2026-04-07 16:23:10,888 - engine - INFO - Handling intent 'Action.PASS' for priority event 'PlayerEvent.MAIN_PHASE_EMPTY_STACK' from Opp-Goldfish
2026-04-07 16:23:10,888 - engine - INFO - Handling intent 'Action.PASS' for priority event 'PlayerEvent.DECLARE_ATTACKS' from Opp-Goldfish
2026-04-07 16:23:10,888 - engine - INFO - External will draw a card for turn
2026-04-07 16:23:10,888 - engine - INFO - Handling intent 'Action.PASS' for priority event 'PlayerEvent.MAIN_PHASE_EMPTY_STACK' from External
2026-04-07 16:23:10,888 - engine - INFO - Handling intent 'Action.ATTACK' for priority event 'PlayerEvent.DECLARE_ATTACKS' from External
2026-04-07 16:23:10,888 - engine - WARNING - Turn 3/2: External is attacking!
2026-04-07 16:23:10,888 - engine - INFO - Opp-Goldfish will draw a card for turn
2026-04-07 16:23:10,889 - engine - INFO - Handling intent 'Action.PASS' for priority event 'PlayerEvent.MAIN_PHASE_EMPTY_STACK' from Opp-Goldfish
2026-04-07 16:23:10,889 - engine - INFO - Handling intent 'Action.PASS' for priority event 'PlayerEvent.DECLARE_ATTACKS' from Opp-Goldfish
2026-04-07 16:23:10,889 - engine - INFO - External will draw a card for turn
2026-04-07 16:23:10,889 - engine - INFO - Handling intent 'Action.PLAY_CARD' for priority event 'PlayerEvent.MAIN_PHASE_EMPTY_STACK' from External
2026-04-07 16:23:10,889 - engine - WARNING - Cards to play: Details are missing. NoOp instead!
2026-04-07 16:23:10,889 - engine - INFO - Handling intent 'Action.ATTACK' for priority event 'PlayerEvent.DECLARE_ATTACKS' from External
2026-04-07 16:23:10,889 - engine - WARNING - Turn 5/2: External is attacking!
2026-04-07 16:23:10,889 - engine - INFO - Opp-Goldfish will draw a card for turn
2026-04-07 16:23:10,889 - engine - INFO - Handling intent 'Action.PASS' for priority event 'PlayerEvent.MAIN_PHASE_EMPTY_STACK' from Opp-Goldfish
2026-04-07 16:23:10,889 - engine - INFO - Handling intent 'Action.PASS' for priority event 'PlayerEvent.DECLARE_ATTACKS' from Opp-Goldfish
2026-04-07 16:23:10,890 - engine - INFO - External will draw a card for turn
2026-04-07 16:23:10,890 - engine - INFO - Handling intent 'Action.PLAY_CARD' for priority event 'PlayerEvent.MAIN_PHASE_EMPTY_STACK' from External
2026-04-07 16:23:10,890 - engine - WARNING - Cards to play: Details are missing. NoOp instead!
2026-04-07 16:23:10,890 - engine - INFO - Handling intent 'Action.ATTACK' for priority event 'PlayerEvent.DECLARE_ATTACKS' from External
2026-04-07 16:23:10,890 - engine - WARNING - Turn 7/2: External is attacking!
2026-04-07 16:23:10,890 - engine - INFO - Opp-Goldfish will draw a card for turn
2026-04-07 16:23:10,890 - engine - INFO - Handling intent 'Action.PASS' for priority event 'PlayerEvent.MAIN_PHASE_EMPTY_STACK' from Opp-Goldfish
2026-04-07 16:23:10,890 - engine - INFO - Handling intent 'Action.PASS' for priority event 'PlayerEvent.DECLARE_ATTACKS' from Opp-Goldfish
2026-04-07 16:23:10,890 - engine - INFO - External will draw a card for turn
2026-04-07 16:23:10,891 - engine - INFO - Handling intent 'Action.PLAY_CARD' for priority event 'PlayerEvent.MAIN_PHASE_EMPTY_STACK' from External
2026-04-07 16:23:10,891 - engine - WARNING - Cards to play: Details are missing. NoOp instead!
2026-04-07 16:23:10,891 - engine - INFO - Handling intent 'Action.PASS' for priority event 'PlayerEvent.DECLARE_ATTACKS' from External
2026-04-07 16:23:10,891 - engine - INFO - Opp-Goldfish will draw a card for turn
2026-04-07 16:23:10,891 - engine - INFO - Handling intent 'Action.PASS' for priority event 'PlayerEvent.MAIN_PHASE_EMPTY_STACK' from Opp-Goldfish
2026-04-07 16:23:10,891 - engine - INFO - Handling intent 'Action.PASS' for priority event 'PlayerEvent.DECLARE_ATTACKS' from Opp-Goldfish
2026-04-07 16:23:10,891 - engine - INFO - External will draw a card for turn
2026-04-07 16:23:10,891 - engine - INFO - Handling intent 'Action.PASS' for priority event 'PlayerEvent.MAIN_PHASE_EMPTY_STACK' from External
2026-04-07 16:23:10,892 - engine - INFO - Handling intent 'Action.PASS' for priority event 'PlayerEvent.DECLARE_ATTACKS' from External
2026-04-07 16:23:10,892 - engine - INFO - Opp-Goldfish will draw a card for turn
2026-04-07 16:23:10,892 - engine - INFO - Handling intent 'Action.PASS' for priority event 'PlayerEvent.MAIN_PHASE_EMPTY_STACK' from Opp-Goldfish
2026-04-07 16:23:10,892 - engine - INFO - Handling intent 'Action.PASS' for priority event 'PlayerEvent.DECLARE_ATTACKS' from Opp-Goldfish
2026-04-07 16:23:10,892 - engine - INFO - External will draw a card for turn
2026-04-07 16:23:10,892 - engine - INFO - Handling intent 'Action.PASS' for priority event 'PlayerEvent.MAIN_PHASE_EMPTY_STACK' from External
2026-04-07 16:23:10,892 - engine - INFO - Handling intent 'Action.PASS' for priority event 'PlayerEvent.DECLARE_ATTACKS' from External
2026-04-07 16:23:10,893 - engine - INFO - Opp-Goldfish will draw a card for turn
2026-04-07 16:23:10,893 - engine - INFO - Handling intent 'Action.PASS' for priority event 'PlayerEvent.MAIN_PHASE_EMPTY_STACK' from Opp-Goldfish
2026-04-07 16:23:10,893 - engine - INFO - Handling intent 'Action.PASS' for priority event 'PlayerEvent.DECLARE_ATTACKS' from Opp-Goldfish
2026-04-07 16:23:10,893 - engine - INFO - External will draw a card for turn
2026-04-07 16:23:10,893 - engine - INFO - Handling intent 'Action.PASS' for priority event 'PlayerEvent.MAIN_PHASE_EMPTY_STACK' from External
2026-04-07 16:23:10,893 - engine - INFO - Handling intent 'Action.PASS' for priority event 'PlayerEvent.DECLARE_ATTACKS' from External
2026-04-07 16:23:10,893 - engine - INFO - Opp-Goldfish will draw a card for turn
2026-04-07 16:23:10,894 - engine - INFO - Handling intent 'Action.PASS' for priority event 'PlayerEvent.MAIN_PHASE_EMPTY_STACK' from Opp-Goldfish
2026-04-07 16:23:10,894 - engine - INFO - Handling intent 'Action.PASS' for priority event 'PlayerEvent.DECLARE_ATTACKS' from Opp-Goldfish
2026-04-07 16:23:10,894 - engine - INFO - External will draw a card for turn
2026-04-07 16:23:10,894 - engine - INFO - Handling intent 'Action.PASS' for priority event 'PlayerEvent.MAIN_PHASE_EMPTY_STACK' from External
2026-04-07 16:23:10,894 - engine - INFO - Handling intent 'Action.PASS' for priority event 'PlayerEvent.DECLARE_ATTACKS' from External
2026-04-07 16:23:10,894 - engine - INFO - Opp-Goldfish will draw a card for turn
2026-04-07 16:23:10,895 - engine - INFO - Handling intent 'Action.PASS' for priority event 'PlayerEvent.MAIN_PHASE_EMPTY_STACK' from Opp-Goldfish
2026-04-07 16:23:10,895 - engine - INFO - Handling intent 'Action.PASS' for priority event 'PlayerEvent.DECLARE_ATTACKS' from Opp-Goldfish
2026-04-07 16:23:10,895 - engine - INFO - External will draw a card for turn
2026-04-07 16:23:10,895 - engine - INFO - Handling intent 'Action.PASS' for priority event 'PlayerEvent.MAIN_PHASE_EMPTY_STACK' from External
2026-04-07 16:23:10,895 - engine - INFO - Handling intent 'Action.ATTACK' for priority event 'PlayerEvent.DECLARE_ATTACKS' from External
2026-04-07 16:23:10,895 - engine - WARNING - Turn 19/2: External is attacking!
2026-04-07 16:23:10,896 - engine - WARNING - Opp-Goldfish died by having 0 or less life.
2026-04-07 16:23:10,896 - engine - INFO - Game ended by death of player(s)
2026-04-07 16:23:10,896 - engine - INFO - External won by survival
2026-04-07 16:23:10,896 - engine - INFO - Setting up the new player Player1
2026-04-07 16:23:10,896 - engine - INFO - Setting up the new player Player2
2026-04-07 16:23:10,897 - engine - INFO - Handling intent 'Action.PASS' for priority event 'PlayerEvent.MAIN_PHASE_EMPTY_STACK' from Opp-Goldfish
2026-04-07 16:23:10,897 - engine - INFO - Handling intent 'Action.PASS' for priority event 'PlayerEvent.DECLARE_ATTACKS' from Opp-Goldfish
2026-04-07 16:23:10,897 - engine - INFO - External will draw a card for turn
2026-04-07 16:23:10,897 - engine - INFO - Handling intent 'Action.PLAY_CARD' for priority event 'PlayerEvent.MAIN_PHASE_EMPTY_STACK' from External
2026-04-07 16:23:10,897 - engine - WARNING - Cards to play: Details are missing. NoOp instead!
2026-04-07 16:23:10,898 - engine - INFO - Handling intent 'Action.ATTACK' for priority event 'PlayerEvent.DECLARE_ATTACKS' from External
2026-04-07 16:23:10,898 - engine - WARNING - Turn 1/2: External is attacking!
2026-04-07 16:23:10,898 - engine - INFO - Opp-Goldfish will draw a card for turn
2026-04-07 16:23:10,898 - engine - INFO - Handling intent 'Action.PASS' for priority event 'PlayerEvent.MAIN_PHASE_EMPTY_STACK' from Opp-Goldfish
2026-04-07 16:23:10,898 - engine - INFO - Handling intent 'Action.PASS' for priority event 'PlayerEvent.DECLARE_ATTACKS' from Opp-Goldfish
2026-04-07 16:23:10,898 - engine - INFO - External will draw a card for turn
2026-04-07 16:23:10,898 - engine - INFO - Handling intent 'Action.PLAY_CARD' for priority event 'PlayerEvent.MAIN_PHASE_EMPTY_STACK' from External
2026-04-07 16:23:10,898 - engine - WARNING - Cards to play: Details are missing. NoOp instead!
2026-04-07 16:23:10,898 - engine - INFO - Handling intent 'Action.ATTACK' for priority event 'PlayerEvent.DECLARE_ATTACKS' from External
2026-04-07 16:23:10,899 - engine - WARNING - Turn 3/2: External is attacking!
2026-04-07 16:23:10,899 - engine - INFO - Opp-Goldfish will draw a card for turn
2026-04-07 16:23:10,899 - engine - INFO - Handling intent 'Action.PASS' for priority event 'PlayerEvent.MAIN_PHASE_EMPTY_STACK' from Opp-Goldfish
2026-04-07 16:23:10,899 - engine - INFO - Handling intent 'Action.PASS' for priority event 'PlayerEvent.DECLARE_ATTACKS' from Opp-Goldfish
2026-04-07 16:23:10,899 - engine - INFO - External will draw a card for turn
2026-04-07 16:23:10,900 - engine - INFO - Handling intent 'Action.PLAY_CARD' for priority event 'PlayerEvent.MAIN_PHASE_EMPTY_STACK' from External
2026-04-07 16:23:10,900 - engine - WARNING - Cards to play: Details are missing. NoOp instead!
2026-04-07 16:23:10,900 - engine - INFO - Handling intent 'Action.ATTACK' for priority event 'PlayerEvent.DECLARE_ATTACKS' from External
2026-04-07 16:23:10,900 - engine - WARNING - Turn 5/2: External is attacking!
2026-04-07 16:23:10,900 - engine - INFO - Opp-Goldfish will draw a card for turn
2026-04-07 16:23:10,900 - engine - INFO - Handling intent 'Action.PASS' for priority event 'PlayerEvent.MAIN_PHASE_EMPTY_STACK' from Opp-Goldfish
2026-04-07 16:23:10,900 - engine - INFO - Handling intent 'Action.PASS' for priority event 'PlayerEvent.DECLARE_ATTACKS' from Opp-Goldfish
2026-04-07 16:23:10,900 - engine - INFO - External will draw a card for turn
2026-04-07 16:23:10,901 - engine - INFO - Handling intent 'Action.PLAY_CARD' for priority event 'PlayerEvent.MAIN_PHASE_EMPTY_STACK' from External
2026-04-07 16:23:10,901 - engine - WARNING - Cards to play: Details are missing. NoOp instead!
2026-04-07 16:23:10,901 - engine - INFO - Handling intent 'Action.ATTACK' for priority event 'PlayerEvent.DECLARE_ATTACKS' from External
2026-04-07 16:23:10,901 - engine - WARNING - Turn 7/2: External is attacking!
2026-04-07 16:23:10,901 - engine - INFO - Opp-Goldfish will draw a card for turn
2026-04-07 16:23:10,901 - engine - INFO - Handling intent 'Action.PASS' for priority event 'PlayerEvent.MAIN_PHASE_EMPTY_STACK' from Opp-Goldfish
2026-04-07 16:23:10,901 - engine - INFO - Handling intent 'Action.PASS' for priority event 'PlayerEvent.DECLARE_ATTACKS' from Opp-Goldfish
2026-04-07 16:23:10,901 - engine - INFO - External will draw a card for turn
2026-04-07 16:23:10,902 - engine - INFO - Handling intent 'Action.PLAY_CARD' for priority event 'PlayerEvent.MAIN_PHASE_EMPTY_STACK' from External
2026-04-07 16:23:10,902 - engine - WARNING - Cards to play: Details are missing. NoOp instead!
2026-04-07 16:23:10,902 - engine - INFO - Handling intent 'Action.ATTACK' for priority event 'PlayerEvent.DECLARE_ATTACKS' from External
2026-04-07 16:23:10,902 - engine - WARNING - Turn 9/2: External is attacking!
2026-04-07 16:23:10,902 - engine - WARNING - Opp-Goldfish died by having 0 or less life.
2026-04-07 16:23:10,902 - engine - INFO - Game ended by death of player(s)
2026-04-07 16:23:10,902 - engine - INFO - External won by survival
2026-04-07 16:23:10,903 - engine - INFO - Setting up the new player Player1
2026-04-07 16:23:10,903 - engine - INFO - Setting up the new player Player2
2026-04-07 16:23:10,904 - engine - INFO - Handling intent 'Action.PASS' for priority event 'PlayerEvent.MAIN_PHASE_EMPTY_STACK' from Opp-Goldfish
2026-04-07 16:23:10,904 - engine - INFO - Handling intent 'Action.PASS' for priority event 'PlayerEvent.DECLARE_ATTACKS' from Opp-Goldfish
2026-04-07 16:23:10,904 - engine - INFO - External will draw a card for turn
2026-04-07 16:23:10,904 - engine - INFO - Handling intent 'Action.PLAY_CARD' for priority event 'PlayerEvent.MAIN_PHASE_EMPTY_STACK' from External
2026-04-07 16:23:10,904 - engine - WARNING - Cards to play: Details are missing. NoOp instead!
2026-04-07 16:23:10,905 - engine - INFO - Handling intent 'Action.ATTACK' for priority event 'PlayerEvent.DECLARE_ATTACKS' from External
2026-04-07 16:23:10,905 - engine - WARNING - Turn 1/2: External is attacking!
2026-04-07 16:23:10,905 - engine - INFO - Opp-Goldfish will draw a card for turn
2026-04-07 16:23:10,905 - engine - INFO - Handling intent 'Action.PASS' for priority event 'PlayerEvent.MAIN_PHASE_EMPTY_STACK' from Opp-Goldfish
2026-04-07 16:23:10,905 - engine - INFO - Handling intent 'Action.PASS' for priority event 'PlayerEvent.DECLARE_ATTACKS' from Opp-Goldfish
2026-04-07 16:23:10,905 - engine - INFO - External will draw a card for turn
2026-04-07 16:23:10,905 - engine - INFO - Handling intent 'Action.PLAY_CARD' for priority event 'PlayerEvent.MAIN_PHASE_EMPTY_STACK' from External
2026-04-07 16:23:10,905 - engine - WARNING - Cards to play: Details are missing. NoOp instead!
2026-04-07 16:23:10,905 - engine - INFO - Handling intent 'Action.ATTACK' for priority event 'PlayerEvent.DECLARE_ATTACKS' from External
2026-04-07 16:23:10,905 - engine - WARNING - Turn 3/2: External is attacking!
2026-04-07 16:23:10,905 - engine - INFO - Opp-Goldfish will draw a card for turn
2026-04-07 16:23:10,906 - engine - INFO - Handling intent 'Action.PASS' for priority event 'PlayerEvent.MAIN_PHASE_EMPTY_STACK' from Opp-Goldfish
2026-04-07 16:23:10,906 - engine - INFO - Handling intent 'Action.PASS' for priority event 'PlayerEvent.DECLARE_ATTACKS' from Opp-Goldfish
2026-04-07 16:23:10,906 - engine - INFO - External will draw a card for turn
2026-04-07 16:23:10,906 - engine - INFO - Handling intent 'Action.PLAY_CARD' for priority event 'PlayerEvent.MAIN_PHASE_EMPTY_STACK' from External
2026-04-07 16:23:10,906 - engine - WARNING - Cards to play: Details are missing. NoOp instead!
2026-04-07 16:23:10,906 - engine - INFO - Handling intent 'Action.ATTACK' for priority event 'PlayerEvent.DECLARE_ATTACKS' from External
2026-04-07 16:23:10,906 - engine - WARNING - Turn 5/2: External is attacking!
2026-04-07 16:23:10,906 - engine - INFO - Opp-Goldfish will draw a card for turn
2026-04-07 16:23:10,906 - engine - INFO - Handling intent 'Action.PASS' for priority event 'PlayerEvent.MAIN_PHASE_EMPTY_STACK' from Opp-Goldfish
2026-04-07 16:23:10,906 - engine - INFO - Handling intent 'Action.PASS' for priority event 'PlayerEvent.DECLARE_ATTACKS' from Opp-Goldfish
2026-04-07 16:23:10,906 - engine - INFO - External will draw a card for turn
2026-04-07 16:23:10,907 - engine - INFO - Handling intent 'Action.PLAY_CARD' for priority event 'PlayerEvent.MAIN_PHASE_EMPTY_STACK' from External
2026-04-07 16:23:10,907 - engine - WARNING - Cards to play: Details are missing. NoOp instead!
2026-04-07 16:23:10,907 - engine - INFO - Handling intent 'Action.PASS' for priority event 'PlayerEvent.DECLARE_ATTACKS' from External
2026-04-07 16:23:10,907 - engine - INFO - Opp-Goldfish will draw a card for turn
2026-04-07 16:23:10,907 - engine - INFO - Handling intent 'Action.PASS' for priority event 'PlayerEvent.MAIN_PHASE_EMPTY_STACK' from Opp-Goldfish
2026-04-07 16:23:10,907 - engine - INFO - Handling intent 'Action.PASS' for priority event 'PlayerEvent.DECLARE_ATTACKS' from Opp-Goldfish
2026-04-07 16:23:10,907 - engine - INFO - External will draw a card for turn
2026-04-07 16:23:10,907 - engine - INFO - Handling intent 'Action.PASS' for priority event 'PlayerEvent.MAIN_PHASE_EMPTY_STACK' from External
2026-04-07 16:23:10,908 - engine - INFO - Handling intent 'Action.ATTACK' for priority event 'PlayerEvent.DECLARE_ATTACKS' from External
2026-04-07 16:23:10,908 - engine - WARNING - Turn 9/2: External is attacking!
2026-04-07 16:23:10,908 - engine - INFO - Opp-Goldfish will draw a card for turn
2026-04-07 16:23:10,908 - engine - INFO - Handling intent 'Action.PASS' for priority event 'PlayerEvent.MAIN_PHASE_EMPTY_STACK' from Opp-Goldfish
2026-04-07 16:23:10,908 - engine - INFO - Handling intent 'Action.PASS' for priority event 'PlayerEvent.DECLARE_ATTACKS' from Opp-Goldfish
2026-04-07 16:23:10,908 - engine - INFO - External will draw a card for turn
2026-04-07 16:23:10,908 - engine - INFO - Handling intent 'Action.PLAY_CARD' for priority event 'PlayerEvent.MAIN_PHASE_EMPTY_STACK' from External
2026-04-07 16:23:10,908 - engine - WARNING - Cards to play: Details are missing. NoOp instead!
2026-04-07 16:23:10,908 - engine - INFO - Handling intent 'Action.PASS' for priority event 'PlayerEvent.DECLARE_ATTACKS' from External
2026-04-07 16:23:10,909 - engine - INFO - Opp-Goldfish will draw a card for turn
2026-04-07 16:23:10,909 - engine - INFO - Handling intent 'Action.PASS' for priority event 'PlayerEvent.MAIN_PHASE_EMPTY_STACK' from Opp-Goldfish
2026-04-07 16:23:10,909 - engine - INFO - Handling intent 'Action.PASS' for priority event 'PlayerEvent.DECLARE_ATTACKS' from Opp-Goldfish
2026-04-07 16:23:10,909 - engine - INFO - External will draw a card for turn
2026-04-07 16:23:10,909 - engine - INFO - Handling intent 'Action.PASS' for priority event 'PlayerEvent.MAIN_PHASE_EMPTY_STACK' from External
2026-04-07 16:23:10,909 - engine - INFO - Handling intent 'Action.PASS' for priority event 'PlayerEvent.DECLARE_ATTACKS' from External
2026-04-07 16:23:10,909 - engine - INFO - Opp-Goldfish will draw a card for turn
2026-04-07 16:23:10,909 - engine - INFO - Handling intent 'Action.PASS' for priority event 'PlayerEvent.MAIN_PHASE_EMPTY_STACK' from Opp-Goldfish
2026-04-07 16:23:10,909 - engine - INFO - Handling intent 'Action.PASS' for priority event 'PlayerEvent.DECLARE_ATTACKS' from Opp-Goldfish
2026-04-07 16:23:10,909 - engine - INFO - External will draw a card for turn
2026-04-07 16:23:10,910 - engine - INFO - Handling intent 'Action.PASS' for priority event 'PlayerEvent.MAIN_PHASE_EMPTY_STACK' from External
2026-04-07 16:23:10,910 - engine - INFO - Handling intent 'Action.PASS' for priority event 'PlayerEvent.DECLARE_ATTACKS' from External
2026-04-07 16:23:10,910 - engine - INFO - Opp-Goldfish will draw a card for turn
2026-04-07 16:23:10,910 - engine - INFO - Handling intent 'Action.PASS' for priority event 'PlayerEvent.MAIN_PHASE_EMPTY_STACK' from Opp-Goldfish
2026-04-07 16:23:10,910 - engine - INFO - Handling intent 'Action.PASS' for priority event 'PlayerEvent.DECLARE_ATTACKS' from Opp-Goldfish
2026-04-07 16:23:10,910 - engine - INFO - External will draw a card for turn
2026-04-07 16:23:10,910 - engine - INFO - Handling intent 'Action.PASS' for priority event 'PlayerEvent.MAIN_PHASE_EMPTY_STACK' from External
2026-04-07 16:23:10,911 - engine - INFO - Handling intent 'Action.PASS' for priority event 'PlayerEvent.DECLARE_ATTACKS' from External
2026-04-07 16:23:10,911 - engine - INFO - Opp-Goldfish will draw a card for turn
2026-04-07 16:23:10,911 - engine - INFO - Handling intent 'Action.PASS' for priority event 'PlayerEvent.MAIN_PHASE_EMPTY_STACK' from Opp-Goldfish
2026-04-07 16:23:10,911 - engine - INFO - Handling intent 'Action.PASS' for priority event 'PlayerEvent.DECLARE_ATTACKS' from Opp-Goldfish
2026-04-07 16:23:10,911 - engine - INFO - External will draw a card for turn
2026-04-07 16:23:10,911 - engine - INFO - Handling intent 'Action.PASS' for priority event 'PlayerEvent.MAIN_PHASE_EMPTY_STACK' from External
2026-04-07 16:23:10,911 - engine - INFO - Handling intent 'Action.ATTACK' for priority event 'PlayerEvent.DECLARE_ATTACKS' from External
2026-04-07 16:23:10,911 - engine - WARNING - Turn 19/2: External is attacking!
2026-04-07 16:23:10,911 - engine - WARNING - Opp-Goldfish died by having 0 or less life.
2026-04-07 16:23:10,912 - engine - INFO - Game ended by death of player(s)
2026-04-07 16:23:10,912 - engine - INFO - External won by survival
2026-04-07 16:23:10,912 - engine - INFO - Setting up the new player Player1
2026-04-07 16:23:10,912 - engine - INFO - Setting up the new player Player2
2026-04-07 16:23:10,913 - engine - INFO - Handling intent 'Action.PASS' for priority event 'PlayerEvent.MAIN_PHASE_EMPTY_STACK' from Opp-Goldfish
2026-04-07 16:23:10,913 - engine - INFO - Handling intent 'Action.PASS' for priority event 'PlayerEvent.DECLARE_ATTACKS' from Opp-Goldfish
2026-04-07 16:23:10,914 - engine - INFO - External will draw a card for turn
2026-04-07 16:23:10,914 - engine - INFO - Handling intent 'Action.PLAY_CARD' for priority event 'PlayerEvent.MAIN_PHASE_EMPTY_STACK' from External
2026-04-07 16:23:10,914 - engine - WARNING - Cards to play: Details are missing. NoOp instead!
2026-04-07 16:23:10,914 - engine - INFO - Handling intent 'Action.ATTACK' for priority event 'PlayerEvent.DECLARE_ATTACKS' from External
2026-04-07 16:23:10,914 - engine - WARNING - Turn 1/2: External is attacking!
2026-04-07 16:23:10,914 - engine - INFO - Opp-Goldfish will draw a card for turn
2026-04-07 16:23:10,914 - engine - INFO - Handling intent 'Action.PASS' for priority event 'PlayerEvent.MAIN_PHASE_EMPTY_STACK' from Opp-Goldfish
2026-04-07 16:23:10,914 - engine - INFO - Handling intent 'Action.PASS' for priority event 'PlayerEvent.DECLARE_ATTACKS' from Opp-Goldfish
2026-04-07 16:23:10,914 - engine - INFO - External will draw a card for turn
2026-04-07 16:23:10,915 - engine - INFO - Handling intent 'Action.PLAY_CARD' for priority event 'PlayerEvent.MAIN_PHASE_EMPTY_STACK' from External
2026-04-07 16:23:10,915 - engine - WARNING - Cards to play: Details are missing. NoOp instead!
2026-04-07 16:23:10,915 - engine - INFO - Handling intent 'Action.ATTACK' for priority event 'PlayerEvent.DECLARE_ATTACKS' from External
2026-04-07 16:23:10,915 - engine - WARNING - Turn 3/2: External is attacking!
2026-04-07 16:23:10,915 - engine - INFO - Opp-Goldfish will draw a card for turn
2026-04-07 16:23:10,915 - engine - INFO - Handling intent 'Action.PASS' for priority event 'PlayerEvent.MAIN_PHASE_EMPTY_STACK' from Opp-Goldfish
2026-04-07 16:23:10,915 - engine - INFO - Handling intent 'Action.PASS' for priority event 'PlayerEvent.DECLARE_ATTACKS' from Opp-Goldfish
2026-04-07 16:23:10,915 - engine - INFO - External will draw a card for turn
2026-04-07 16:23:10,916 - engine - INFO - Handling intent 'Action.PLAY_CARD' for priority event 'PlayerEvent.MAIN_PHASE_EMPTY_STACK' from External
2026-04-07 16:23:10,916 - engine - WARNING - Cards to play: Details are missing. NoOp instead!
2026-04-07 16:23:10,916 - engine - INFO - Handling intent 'Action.ATTACK' for priority event 'PlayerEvent.DECLARE_ATTACKS' from External
2026-04-07 16:23:10,916 - engine - WARNING - Turn 5/2: External is attacking!
2026-04-07 16:23:10,916 - engine - INFO - Opp-Goldfish will draw a card for turn
2026-04-07 16:23:10,916 - engine - INFO - Handling intent 'Action.PASS' for priority event 'PlayerEvent.MAIN_PHASE_EMPTY_STACK' from Opp-Goldfish
2026-04-07 16:23:10,916 - engine - INFO - Handling intent 'Action.PASS' for priority event 'PlayerEvent.DECLARE_ATTACKS' from Opp-Goldfish
2026-04-07 16:23:10,916 - engine - INFO - External will draw a card for turn
2026-04-07 16:23:10,917 - engine - INFO - Handling intent 'Action.PLAY_CARD' for priority event 'PlayerEvent.MAIN_PHASE_EMPTY_STACK' from External
2026-04-07 16:23:10,917 - engine - WARNING - Cards to play: Details are missing. NoOp instead!
2026-04-07 16:23:10,917 - engine - INFO - Handling intent 'Action.PASS' for priority event 'PlayerEvent.DECLARE_ATTACKS' from External
2026-04-07 16:23:10,917 - engine - INFO - Opp-Goldfish will draw a card for turn
2026-04-07 16:23:10,917 - engine - INFO - Handling intent 'Action.PASS' for priority event 'PlayerEvent.MAIN_PHASE_EMPTY_STACK' from Opp-Goldfish
2026-04-07 16:23:10,917 - engine - INFO - Handling intent 'Action.PASS' for priority event 'PlayerEvent.DECLARE_ATTACKS' from Opp-Goldfish
2026-04-07 16:23:10,917 - engine - INFO - External will draw a card for turn
2026-04-07 16:23:10,917 - engine - INFO - Handling intent 'Action.PLAY_CARD' for priority event 'PlayerEvent.MAIN_PHASE_EMPTY_STACK' from External
2026-04-07 16:23:10,918 - engine - WARNING - Cards to play: Details are missing. NoOp instead!
2026-04-07 16:23:10,918 - engine - INFO - Handling intent 'Action.ATTACK' for priority event 'PlayerEvent.DECLARE_ATTACKS' from External
2026-04-07 16:23:10,918 - engine - WARNING - Turn 9/2: External is attacking!
2026-04-07 16:23:10,918 - engine - INFO - Opp-Goldfish will draw a card for turn
2026-04-07 16:23:10,918 - engine - INFO - Handling intent 'Action.PASS' for priority event 'PlayerEvent.MAIN_PHASE_EMPTY_STACK' from Opp-Goldfish
2026-04-07 16:23:10,918 - engine - INFO - Handling intent 'Action.PASS' for priority event 'PlayerEvent.DECLARE_ATTACKS' from Opp-Goldfish
2026-04-07 16:23:10,918 - engine - INFO - External will draw a card for turn
2026-04-07 16:23:10,918 - engine - INFO - Handling intent 'Action.PLAY_CARD' for priority event 'PlayerEvent.MAIN_PHASE_EMPTY_STACK' from External
2026-04-07 16:23:10,918 - engine - WARNING - Cards to play: Details are missing. NoOp instead!
2026-04-07 16:23:10,918 - engine - INFO - Handling intent 'Action.ATTACK' for priority event 'PlayerEvent.DECLARE_ATTACKS' from External
2026-04-07 16:23:10,919 - engine - WARNING - Turn 11/2: External is attacking!
2026-04-07 16:23:10,919 - engine - WARNING - Opp-Goldfish died by having 0 or less life.
2026-04-07 16:23:10,919 - engine - INFO - Game ended by death of player(s)
2026-04-07 16:23:10,919 - engine - INFO - External won by survival
2026-04-07 16:23:10,919 - engine - INFO - Setting up the new player Player1
2026-04-07 16:23:10,919 - engine - INFO - Setting up the new player Player2
2026-04-07 16:23:10,920 - engine - INFO - Handling intent 'Action.PASS' for priority event 'PlayerEvent.MAIN_PHASE_EMPTY_STACK' from Opp-Goldfish
2026-04-07 16:23:10,921 - engine - INFO - Handling intent 'Action.PASS' for priority event 'PlayerEvent.DECLARE_ATTACKS' from Opp-Goldfish
2026-04-07 16:23:10,921 - engine - INFO - External will draw a card for turn
2026-04-07 16:23:10,921 - engine - INFO - Handling intent 'Action.PLAY_CARD' for priority event 'PlayerEvent.MAIN_PHASE_EMPTY_STACK' from External
2026-04-07 16:23:10,921 - engine - WARNING - Cards to play: Details are missing. NoOp instead!
2026-04-07 16:23:10,922 - engine - INFO - Handling intent 'Action.PASS' for priority event 'PlayerEvent.DECLARE_ATTACKS' from External
2026-04-07 16:23:10,922 - engine - INFO - Opp-Goldfish will draw a card for turn
2026-04-07 16:23:10,922 - engine - INFO - Handling intent 'Action.PASS' for priority event 'PlayerEvent.MAIN_PHASE_EMPTY_STACK' from Opp-Goldfish
2026-04-07 16:23:10,922 - engine - INFO - Handling intent 'Action.PASS' for priority event 'PlayerEvent.DECLARE_ATTACKS' from Opp-Goldfish
2026-04-07 16:23:10,922 - engine - INFO - External will draw a card for turn
2026-04-07 16:23:10,922 - engine - INFO - Handling intent 'Action.PLAY_CARD' for priority event 'PlayerEvent.MAIN_PHASE_EMPTY_STACK' from External
2026-04-07 16:23:10,922 - engine - WARNING - Cards to play: Details are missing. NoOp instead!
2026-04-07 16:23:10,923 - engine - INFO - Handling intent 'Action.ATTACK' for priority event 'PlayerEvent.DECLARE_ATTACKS' from External
2026-04-07 16:23:10,923 - engine - WARNING - Turn 3/2: External is attacking!
2026-04-07 16:23:10,923 - engine - INFO - Opp-Goldfish will draw a card for turn
2026-04-07 16:23:10,923 - engine - INFO - Handling intent 'Action.PASS' for priority event 'PlayerEvent.MAIN_PHASE_EMPTY_STACK' from Opp-Goldfish
2026-04-07 16:23:10,923 - engine - INFO - Handling intent 'Action.PASS' for priority event 'PlayerEvent.DECLARE_ATTACKS' from Opp-Goldfish
2026-04-07 16:23:10,923 - engine - INFO - External will draw a card for turn
2026-04-07 16:23:10,924 - engine - INFO - Handling intent 'Action.PLAY_CARD' for priority event 'PlayerEvent.MAIN_PHASE_EMPTY_STACK' from External
2026-04-07 16:23:10,924 - engine - WARNING - Cards to play: Details are missing. NoOp instead!
2026-04-07 16:23:10,924 - engine - INFO - Handling intent 'Action.ATTACK' for priority event 'PlayerEvent.DECLARE_ATTACKS' from External
2026-04-07 16:23:10,924 - engine - WARNING - Turn 5/2: External is attacking!
2026-04-07 16:23:10,924 - engine - INFO - Opp-Goldfish will draw a card for turn
2026-04-07 16:23:10,924 - engine - INFO - Handling intent 'Action.PASS' for priority event 'PlayerEvent.MAIN_PHASE_EMPTY_STACK' from Opp-Goldfish
2026-04-07 16:23:10,924 - engine - INFO - Handling intent 'Action.PASS' for priority event 'PlayerEvent.DECLARE_ATTACKS' from Opp-Goldfish
2026-04-07 16:23:10,924 - engine - INFO - External will draw a card for turn
2026-04-07 16:23:10,925 - engine - INFO - Handling intent 'Action.PLAY_CARD' for priority event 'PlayerEvent.MAIN_PHASE_EMPTY_STACK' from External
2026-04-07 16:23:10,925 - engine - WARNING - Cards to play: Details are missing. NoOp instead!
2026-04-07 16:23:10,925 - engine - INFO - Handling intent 'Action.ATTACK' for priority event 'PlayerEvent.DECLARE_ATTACKS' from External
2026-04-07 16:23:10,925 - engine - WARNING - Turn 7/2: External is attacking!
2026-04-07 16:23:10,925 - engine - INFO - Opp-Goldfish will draw a card for turn
2026-04-07 16:23:10,925 - engine - INFO - Handling intent 'Action.PASS' for priority event 'PlayerEvent.MAIN_PHASE_EMPTY_STACK' from Opp-Goldfish
2026-04-07 16:23:10,925 - engine - INFO - Handling intent 'Action.PASS' for priority event 'PlayerEvent.DECLARE_ATTACKS' from Opp-Goldfish
2026-04-07 16:23:10,925 - engine - INFO - External will draw a card for turn
2026-04-07 16:23:10,926 - engine - INFO - Handling intent 'Action.PLAY_CARD' for priority event 'PlayerEvent.MAIN_PHASE_EMPTY_STACK' from External
2026-04-07 16:23:10,926 - engine - WARNING - Cards to play: Details are missing. NoOp instead!
2026-04-07 16:23:10,926 - engine - INFO - Handling intent 'Action.ATTACK' for priority event 'PlayerEvent.DECLARE_ATTACKS' from External
2026-04-07 16:23:10,926 - engine - WARNING - Turn 9/2: External is attacking!
2026-04-07 16:23:10,926 - engine - INFO - Opp-Goldfish will draw a card for turn
2026-04-07 16:23:10,926 - engine - INFO - Handling intent 'Action.PASS' for priority event 'PlayerEvent.MAIN_PHASE_EMPTY_STACK' from Opp-Goldfish
2026-04-07 16:23:10,926 - engine - INFO - Handling intent 'Action.PASS' for priority event 'PlayerEvent.DECLARE_ATTACKS' from Opp-Goldfish
2026-04-07 16:23:10,926 - engine - INFO - External will draw a card for turn
2026-04-07 16:23:10,926 - engine - INFO - Handling intent 'Action.PLAY_CARD' for priority event 'PlayerEvent.MAIN_PHASE_EMPTY_STACK' from External
2026-04-07 16:23:10,927 - engine - WARNING - Cards to play: Details are missing. NoOp instead!
2026-04-07 16:23:10,927 - engine - INFO - Handling intent 'Action.PASS' for priority event 'PlayerEvent.DECLARE_ATTACKS' from External
2026-04-07 16:23:10,927 - engine - INFO - Opp-Goldfish will draw a card for turn
2026-04-07 16:23:10,927 - engine - INFO - Handling intent 'Action.PASS' for priority event 'PlayerEvent.MAIN_PHASE_EMPTY_STACK' from Opp-Goldfish
2026-04-07 16:23:10,927 - engine - INFO - Handling intent 'Action.PASS' for priority event 'PlayerEvent.DECLARE_ATTACKS' from Opp-Goldfish
2026-04-07 16:23:10,927 - engine - INFO - External will draw a card for turn
2026-04-07 16:23:10,927 - engine - INFO - Handling intent 'Action.PLAY_CARD' for priority event 'PlayerEvent.MAIN_PHASE_EMPTY_STACK' from External
2026-04-07 16:23:10,928 - engine - WARNING - Cards to play: Details are missing. NoOp instead!
2026-04-07 16:23:10,928 - engine - INFO - Handling intent 'Action.PASS' for priority event 'PlayerEvent.DECLARE_ATTACKS' from External
2026-04-07 16:23:10,928 - engine - INFO - Opp-Goldfish will draw a card for turn
2026-04-07 16:23:10,928 - engine - INFO - Handling intent 'Action.PASS' for priority event 'PlayerEvent.MAIN_PHASE_EMPTY_STACK' from Opp-Goldfish
2026-04-07 16:23:10,928 - engine - INFO - Handling intent 'Action.PASS' for priority event 'PlayerEvent.DECLARE_ATTACKS' from Opp-Goldfish
2026-04-07 16:23:10,928 - engine - INFO - External will draw a card for turn
2026-04-07 16:23:10,929 - engine - INFO - Handling intent 'Action.PLAY_CARD' for priority event 'PlayerEvent.MAIN_PHASE_EMPTY_STACK' from External
2026-04-07 16:23:10,929 - engine - WARNING - Cards to play: Details are missing. NoOp instead!
2026-04-07 16:23:10,929 - engine - INFO - Handling intent 'Action.PASS' for priority event 'PlayerEvent.DECLARE_ATTACKS' from External
2026-04-07 16:23:10,929 - engine - INFO - Opp-Goldfish will draw a card for turn
2026-04-07 16:23:10,929 - engine - INFO - Handling intent 'Action.PASS' for priority event 'PlayerEvent.MAIN_PHASE_EMPTY_STACK' from Opp-Goldfish
2026-04-07 16:23:10,929 - engine - INFO - Handling intent 'Action.PASS' for priority event 'PlayerEvent.DECLARE_ATTACKS' from Opp-Goldfish
2026-04-07 16:23:10,929 - engine - INFO - External will draw a card for turn
2026-04-07 16:23:10,930 - engine - INFO - Handling intent 'Action.PASS' for priority event 'PlayerEvent.MAIN_PHASE_EMPTY_STACK' from External
2026-04-07 16:23:10,930 - engine - INFO - Handling intent 'Action.PASS' for priority event 'PlayerEvent.DECLARE_ATTACKS' from External
2026-04-07 16:23:10,930 - engine - INFO - Opp-Goldfish will draw a card for turn
2026-04-07 16:23:10,930 - engine - INFO - Handling intent 'Action.PASS' for priority event 'PlayerEvent.MAIN_PHASE_EMPTY_STACK' from Opp-Goldfish
2026-04-07 16:23:10,931 - engine - INFO - Handling intent 'Action.PASS' for priority event 'PlayerEvent.DECLARE_ATTACKS' from Opp-Goldfish
2026-04-07 16:23:10,931 - engine - INFO - External will draw a card for turn
2026-04-07 16:23:10,931 - engine - INFO - Handling intent 'Action.PASS' for priority event 'PlayerEvent.MAIN_PHASE_EMPTY_STACK' from External
2026-04-07 16:23:10,932 - engine - INFO - Handling intent 'Action.PASS' for priority event 'PlayerEvent.DECLARE_ATTACKS' from External
2026-04-07 16:23:10,932 - engine - INFO - Opp-Goldfish will draw a card for turn
2026-04-07 16:23:10,932 - engine - INFO - Handling intent 'Action.PASS' for priority event 'PlayerEvent.MAIN_PHASE_EMPTY_STACK' from Opp-Goldfish
2026-04-07 16:23:10,933 - engine - INFO - Handling intent 'Action.PASS' for priority event 'PlayerEvent.DECLARE_ATTACKS' from Opp-Goldfish
2026-04-07 16:23:10,933 - engine - INFO - External will draw a card for turn
2026-04-07 16:23:10,933 - engine - WARNING - External died by drawing from an empty library.
2026-04-07 16:23:10,933 - engine - INFO - Game ended by death of player(s)
2026-04-07 16:23:10,933 - engine - INFO - Opp-Goldfish won by survival
2026-04-07 16:23:10,933 - engine - INFO - Setting up the new player Player1
2026-04-07 16:23:10,933 - engine - INFO - Setting up the new player Player2
2026-04-07 16:23:10,934 - engine - INFO - Handling intent 'Action.PASS' for priority event 'PlayerEvent.MAIN_PHASE_EMPTY_STACK' from Opp-Goldfish
2026-04-07 16:23:10,935 - engine - INFO - Handling intent 'Action.PASS' for priority event 'PlayerEvent.DECLARE_ATTACKS' from Opp-Goldfish
2026-04-07 16:23:10,935 - engine - INFO - External will draw a card for turn
2026-04-07 16:23:10,935 - engine - INFO - Handling intent 'Action.PLAY_CARD' for priority event 'PlayerEvent.MAIN_PHASE_EMPTY_STACK' from External
2026-04-07 16:23:10,935 - engine - WARNING - Cards to play: Details are missing. NoOp instead!
2026-04-07 16:23:10,935 - engine - INFO - Handling intent 'Action.ATTACK' for priority event 'PlayerEvent.DECLARE_ATTACKS' from External
2026-04-07 16:23:10,935 - engine - WARNING - Turn 1/2: External is attacking!
2026-04-07 16:23:10,935 - engine - INFO - Opp-Goldfish will draw a card for turn
2026-04-07 16:23:10,935 - engine - INFO - Handling intent 'Action.PASS' for priority event 'PlayerEvent.MAIN_PHASE_EMPTY_STACK' from Opp-Goldfish
2026-04-07 16:23:10,936 - engine - INFO - Handling intent 'Action.PASS' for priority event 'PlayerEvent.DECLARE_ATTACKS' from Opp-Goldfish
2026-04-07 16:23:10,936 - engine - INFO - External will draw a card for turn
2026-04-07 16:23:10,936 - engine - INFO - Handling intent 'Action.PLAY_CARD' for priority event 'PlayerEvent.MAIN_PHASE_EMPTY_STACK' from External
2026-04-07 16:23:10,936 - engine - WARNING - Cards to play: Details are missing. NoOp instead!
2026-04-07 16:23:10,936 - engine - INFO - Handling intent 'Action.ATTACK' for priority event 'PlayerEvent.DECLARE_ATTACKS' from External
2026-04-07 16:23:10,936 - engine - WARNING - Turn 3/2: External is attacking!
2026-04-07 16:23:10,936 - engine - INFO - Opp-Goldfish will draw a card for turn
2026-04-07 16:23:10,936 - engine - INFO - Handling intent 'Action.PASS' for priority event 'PlayerEvent.MAIN_PHASE_EMPTY_STACK' from Opp-Goldfish
2026-04-07 16:23:10,936 - engine - INFO - Handling intent 'Action.PASS' for priority event 'PlayerEvent.DECLARE_ATTACKS' from Opp-Goldfish
2026-04-07 16:23:10,937 - engine - INFO - External will draw a card for turn
2026-04-07 16:23:10,937 - engine - INFO - Handling intent 'Action.PLAY_CARD' for priority event 'PlayerEvent.MAIN_PHASE_EMPTY_STACK' from External
2026-04-07 16:23:10,937 - engine - WARNING - Cards to play: Details are missing. NoOp instead!
2026-04-07 16:23:10,937 - engine - INFO - Handling intent 'Action.ATTACK' for priority event 'PlayerEvent.DECLARE_ATTACKS' from External
2026-04-07 16:23:10,937 - engine - WARNING - Turn 5/2: External is attacking!
2026-04-07 16:23:10,937 - engine - INFO - Opp-Goldfish will draw a card for turn
2026-04-07 16:23:10,937 - engine - INFO - Handling intent 'Action.PASS' for priority event 'PlayerEvent.MAIN_PHASE_EMPTY_STACK' from Opp-Goldfish
2026-04-07 16:23:10,937 - engine - INFO - Handling intent 'Action.PASS' for priority event 'PlayerEvent.DECLARE_ATTACKS' from Opp-Goldfish
2026-04-07 16:23:10,937 - engine - INFO - External will draw a card for turn
2026-04-07 16:23:10,938 - engine - INFO - Handling intent 'Action.PLAY_CARD' for priority event 'PlayerEvent.MAIN_PHASE_EMPTY_STACK' from External
2026-04-07 16:23:10,938 - engine - WARNING - Cards to play: Details are missing. NoOp instead!
2026-04-07 16:23:10,938 - engine - INFO - Handling intent 'Action.ATTACK' for priority event 'PlayerEvent.DECLARE_ATTACKS' from External
2026-04-07 16:23:10,938 - engine - WARNING - Turn 7/2: External is attacking!
2026-04-07 16:23:10,938 - engine - INFO - Opp-Goldfish will draw a card for turn
2026-04-07 16:23:10,938 - engine - INFO - Handling intent 'Action.PASS' for priority event 'PlayerEvent.MAIN_PHASE_EMPTY_STACK' from Opp-Goldfish
2026-04-07 16:23:10,938 - engine - INFO - Handling intent 'Action.PASS' for priority event 'PlayerEvent.DECLARE_ATTACKS' from Opp-Goldfish
2026-04-07 16:23:10,938 - engine - INFO - External will draw a card for turn
2026-04-07 16:23:10,938 - engine - INFO - Handling intent 'Action.PLAY_CARD' for priority event 'PlayerEvent.MAIN_PHASE_EMPTY_STACK' from External
2026-04-07 16:23:10,938 - engine - WARNING - Cards to play: Details are missing. NoOp instead!
2026-04-07 16:23:10,939 - engine - INFO - Handling intent 'Action.PASS' for priority event 'PlayerEvent.DECLARE_ATTACKS' from External
2026-04-07 16:23:10,939 - engine - INFO - Opp-Goldfish will draw a card for turn
2026-04-07 16:23:10,939 - engine - INFO - Handling intent 'Action.PASS' for priority event 'PlayerEvent.MAIN_PHASE_EMPTY_STACK' from Opp-Goldfish
2026-04-07 16:23:10,939 - engine - INFO - Handling intent 'Action.PASS' for priority event 'PlayerEvent.DECLARE_ATTACKS' from Opp-Goldfish
2026-04-07 16:23:10,939 - engine - INFO - External will draw a card for turn
2026-04-07 16:23:10,939 - engine - INFO - Handling intent 'Action.PASS' for priority event 'PlayerEvent.MAIN_PHASE_EMPTY_STACK' from External
2026-04-07 16:23:10,939 - engine - INFO - Handling intent 'Action.PASS' for priority event 'PlayerEvent.DECLARE_ATTACKS' from External
2026-04-07 16:23:10,939 - engine - INFO - Opp-Goldfish will draw a card for turn
2026-04-07 16:23:10,940 - engine - INFO - Handling intent 'Action.PASS' for priority event 'PlayerEvent.MAIN_PHASE_EMPTY_STACK' from Opp-Goldfish
2026-04-07 16:23:10,940 - engine - INFO - Handling intent 'Action.PASS' for priority event 'PlayerEvent.DECLARE_ATTACKS' from Opp-Goldfish
2026-04-07 16:23:10,940 - engine - INFO - External will draw a card for turn
2026-04-07 16:23:10,940 - engine - INFO - Handling intent 'Action.PLAY_CARD' for priority event 'PlayerEvent.MAIN_PHASE_EMPTY_STACK' from External
2026-04-07 16:23:10,940 - engine - WARNING - Cards to play: Details are missing. NoOp instead!
2026-04-07 16:23:10,940 - engine - INFO - Handling intent 'Action.PASS' for priority event 'PlayerEvent.DECLARE_ATTACKS' from External
2026-04-07 16:23:10,940 - engine - INFO - Opp-Goldfish will draw a card for turn
2026-04-07 16:23:10,940 - engine - INFO - Handling intent 'Action.PASS' for priority event 'PlayerEvent.MAIN_PHASE_EMPTY_STACK' from Opp-Goldfish
2026-04-07 16:23:10,941 - engine - INFO - Handling intent 'Action.PASS' for priority event 'PlayerEvent.DECLARE_ATTACKS' from Opp-Goldfish
2026-04-07 16:23:10,941 - engine - INFO - External will draw a card for turn
2026-04-07 16:23:10,941 - engine - INFO - Handling intent 'Action.PASS' for priority event 'PlayerEvent.MAIN_PHASE_EMPTY_STACK' from External
2026-04-07 16:23:10,941 - engine - INFO - Handling intent 'Action.PASS' for priority event 'PlayerEvent.DECLARE_ATTACKS' from External
2026-04-07 16:23:10,941 - engine - INFO - Opp-Goldfish will draw a card for turn
2026-04-07 16:23:10,941 - engine - INFO - Handling intent 'Action.PASS' for priority event 'PlayerEvent.MAIN_PHASE_EMPTY_STACK' from Opp-Goldfish
2026-04-07 16:23:10,941 - engine - INFO - Handling intent 'Action.PASS' for priority event 'PlayerEvent.DECLARE_ATTACKS' from Opp-Goldfish
2026-04-07 16:23:10,941 - engine - INFO - External will draw a card for turn
2026-04-07 16:23:10,942 - engine - INFO - Handling intent 'Action.PASS' for priority event 'PlayerEvent.MAIN_PHASE_EMPTY_STACK' from External
2026-04-07 16:23:10,942 - engine - INFO - Handling intent 'Action.PASS' for priority event 'PlayerEvent.DECLARE_ATTACKS' from External
2026-04-07 16:23:10,942 - engine - INFO - Opp-Goldfish will draw a card for turn
2026-04-07 16:23:10,942 - engine - INFO - Handling intent 'Action.PASS' for priority event 'PlayerEvent.MAIN_PHASE_EMPTY_STACK' from Opp-Goldfish
2026-04-07 16:23:10,942 - engine - INFO - Handling intent 'Action.PASS' for priority event 'PlayerEvent.DECLARE_ATTACKS' from Opp-Goldfish
2026-04-07 16:23:10,942 - engine - INFO - External will draw a card for turn
2026-04-07 16:23:10,942 - engine - INFO - Handling intent 'Action.PASS' for priority event 'PlayerEvent.MAIN_PHASE_EMPTY_STACK' from External
2026-04-07 16:23:10,943 - engine - INFO - Handling intent 'Action.ATTACK' for priority event 'PlayerEvent.DECLARE_ATTACKS' from External
2026-04-07 16:23:10,943 - engine - WARNING - Turn 19/2: External is attacking!
2026-04-07 16:23:10,943 - engine - WARNING - Opp-Goldfish died by having 0 or less life.
2026-04-07 16:23:10,943 - engine - INFO - Game ended by death of player(s)
2026-04-07 16:23:10,943 - engine - INFO - External won by survival
2026-04-07 16:23:10,943 - engine - INFO - Setting up the new player Player1
2026-04-07 16:23:10,943 - engine - INFO - Setting up the new player Player2
2026-04-07 16:23:10,944 - engine - INFO - Handling intent 'Action.PASS' for priority event 'PlayerEvent.MAIN_PHASE_EMPTY_STACK' from Opp-Goldfish
2026-04-07 16:23:10,944 - engine - INFO - Handling intent 'Action.PASS' for priority event 'PlayerEvent.DECLARE_ATTACKS' from Opp-Goldfish
2026-04-07 16:23:10,944 - engine - INFO - External will draw a card for turn
2026-04-07 16:23:10,945 - engine - INFO - Handling intent 'Action.PLAY_CARD' for priority event 'PlayerEvent.MAIN_PHASE_EMPTY_STACK' from External
2026-04-07 16:23:10,945 - engine - WARNING - Cards to play: Details are missing. NoOp instead!
2026-04-07 16:23:10,945 - engine - INFO - Handling intent 'Action.ATTACK' for priority event 'PlayerEvent.DECLARE_ATTACKS' from External
2026-04-07 16:23:10,945 - engine - WARNING - Turn 1/2: External is attacking!
2026-04-07 16:23:10,945 - engine - INFO - Opp-Goldfish will draw a card for turn
2026-04-07 16:23:10,945 - engine - INFO - Handling intent 'Action.PASS' for priority event 'PlayerEvent.MAIN_PHASE_EMPTY_STACK' from Opp-Goldfish
2026-04-07 16:23:10,945 - engine - INFO - Handling intent 'Action.PASS' for priority event 'PlayerEvent.DECLARE_ATTACKS' from Opp-Goldfish
2026-04-07 16:23:10,945 - engine - INFO - External will draw a card for turn
2026-04-07 16:23:10,946 - engine - INFO - Handling intent 'Action.PASS' for priority event 'PlayerEvent.MAIN_PHASE_EMPTY_STACK' from External
2026-04-07 16:23:10,946 - engine - INFO - Handling intent 'Action.ATTACK' for priority event 'PlayerEvent.DECLARE_ATTACKS' from External
2026-04-07 16:23:10,946 - engine - WARNING - Turn 3/2: External is attacking!
2026-04-07 16:23:10,946 - engine - INFO - Opp-Goldfish will draw a card for turn
2026-04-07 16:23:10,947 - engine - INFO - Handling intent 'Action.PASS' for priority event 'PlayerEvent.MAIN_PHASE_EMPTY_STACK' from Opp-Goldfish
2026-04-07 16:23:10,947 - engine - INFO - Handling intent 'Action.PASS' for priority event 'PlayerEvent.DECLARE_ATTACKS' from Opp-Goldfish
2026-04-07 16:23:10,947 - engine - INFO - External will draw a card for turn
2026-04-07 16:23:10,947 - engine - INFO - Handling intent 'Action.PLAY_CARD' for priority event 'PlayerEvent.MAIN_PHASE_EMPTY_STACK' from External
2026-04-07 16:23:10,947 - engine - WARNING - Cards to play: Details are missing. NoOp instead!
2026-04-07 16:23:10,948 - engine - INFO - Handling intent 'Action.ATTACK' for priority event 'PlayerEvent.DECLARE_ATTACKS' from External
2026-04-07 16:23:10,948 - engine - WARNING - Turn 5/2: External is attacking!
2026-04-07 16:23:10,948 - engine - INFO - Opp-Goldfish will draw a card for turn
2026-04-07 16:23:10,948 - engine - INFO - Handling intent 'Action.PASS' for priority event 'PlayerEvent.MAIN_PHASE_EMPTY_STACK' from Opp-Goldfish
2026-04-07 16:23:10,948 - engine - INFO - Handling intent 'Action.PASS' for priority event 'PlayerEvent.DECLARE_ATTACKS' from Opp-Goldfish
2026-04-07 16:23:10,948 - engine - INFO - External will draw a card for turn
2026-04-07 16:23:10,949 - engine - INFO - Handling intent 'Action.PLAY_CARD' for priority event 'PlayerEvent.MAIN_PHASE_EMPTY_STACK' from External
2026-04-07 16:23:10,949 - engine - WARNING - Cards to play: Details are missing. NoOp instead!
2026-04-07 16:23:10,949 - engine - INFO - Handling intent 'Action.ATTACK' for priority event 'PlayerEvent.DECLARE_ATTACKS' from External
2026-04-07 16:23:10,949 - engine - WARNING - Turn 7/2: External is attacking!
2026-04-07 16:23:10,949 - engine - INFO - Opp-Goldfish will draw a card for turn
2026-04-07 16:23:10,950 - engine - INFO - Handling intent 'Action.PASS' for priority event 'PlayerEvent.MAIN_PHASE_EMPTY_STACK' from Opp-Goldfish
2026-04-07 16:23:10,950 - engine - INFO - Handling intent 'Action.PASS' for priority event 'PlayerEvent.DECLARE_ATTACKS' from Opp-Goldfish
2026-04-07 16:23:10,950 - engine - INFO - External will draw a card for turn
2026-04-07 16:23:10,950 - engine - INFO - Handling intent 'Action.PLAY_CARD' for priority event 'PlayerEvent.MAIN_PHASE_EMPTY_STACK' from External
2026-04-07 16:23:10,950 - engine - WARNING - Cards to play: Details are missing. NoOp instead!
2026-04-07 16:23:10,950 - engine - INFO - Handling intent 'Action.ATTACK' for priority event 'PlayerEvent.DECLARE_ATTACKS' from External
2026-04-07 16:23:10,950 - engine - WARNING - Turn 9/2: External is attacking!
2026-04-07 16:23:10,950 - engine - WARNING - Opp-Goldfish died by having 0 or less life.
2026-04-07 16:23:10,950 - engine - INFO - Game ended by death of player(s)
2026-04-07 16:23:10,950 - engine - INFO - External won by survival
2026-04-07 16:23:10,951 - engine - INFO - Setting up the new player Player1
2026-04-07 16:23:10,951 - engine - INFO - Setting up the new player Player2
2026-04-07 16:23:10,964 - engine - INFO - Handling intent 'Action.PASS' for priority event 'PlayerEvent.MAIN_PHASE_EMPTY_STACK' from Opp-Goldfish
2026-04-07 16:23:10,964 - engine - INFO - Handling intent 'Action.PASS' for priority event 'PlayerEvent.DECLARE_ATTACKS' from Opp-Goldfish
2026-04-07 16:23:10,964 - engine - INFO - External will draw a card for turn
2026-04-07 16:23:10,965 - engine - INFO - Handling intent 'Action.PLAY_CARD' for priority event 'PlayerEvent.MAIN_PHASE_EMPTY_STACK' from External
2026-04-07 16:23:10,965 - engine - WARNING - Cards to play: Details are missing. NoOp instead!
2026-04-07 16:23:10,965 - engine - INFO - Handling intent 'Action.ATTACK' for priority event 'PlayerEvent.DECLARE_ATTACKS' from External
2026-04-07 16:23:10,965 - engine - WARNING - Turn 1/2: External is attacking!
2026-04-07 16:23:10,965 - engine - INFO - Opp-Goldfish will draw a card for turn
2026-04-07 16:23:10,965 - engine - INFO - Handling intent 'Action.PASS' for priority event 'PlayerEvent.MAIN_PHASE_EMPTY_STACK' from Opp-Goldfish
2026-04-07 16:23:10,965 - engine - INFO - Handling intent 'Action.PASS' for priority event 'PlayerEvent.DECLARE_ATTACKS' from Opp-Goldfish
2026-04-07 16:23:10,965 - engine - INFO - External will draw a card for turn
2026-04-07 16:23:10,966 - engine - INFO - Handling intent 'Action.PLAY_CARD' for priority event 'PlayerEvent.MAIN_PHASE_EMPTY_STACK' from External
2026-04-07 16:23:10,966 - engine - WARNING - Cards to play: Details are missing. NoOp instead!
2026-04-07 16:23:10,967 - engine - INFO - Handling intent 'Action.ATTACK' for priority event 'PlayerEvent.DECLARE_ATTACKS' from External
2026-04-07 16:23:10,967 - engine - WARNING - Turn 3/2: External is attacking!
2026-04-07 16:23:10,967 - engine - INFO - Opp-Goldfish will draw a card for turn
2026-04-07 16:23:10,967 - engine - INFO - Handling intent 'Action.PASS' for priority event 'PlayerEvent.MAIN_PHASE_EMPTY_STACK' from Opp-Goldfish
2026-04-07 16:23:10,967 - engine - INFO - Handling intent 'Action.PASS' for priority event 'PlayerEvent.DECLARE_ATTACKS' from Opp-Goldfish
2026-04-07 16:23:10,967 - engine - INFO - External will draw a card for turn
2026-04-07 16:23:10,967 - engine - INFO - Handling intent 'Action.PLAY_CARD' for priority event 'PlayerEvent.MAIN_PHASE_EMPTY_STACK' from External
2026-04-07 16:23:10,967 - engine - WARNING - Cards to play: Details are missing. NoOp instead!
2026-04-07 16:23:10,968 - engine - INFO - Handling intent 'Action.ATTACK' for priority event 'PlayerEvent.DECLARE_ATTACKS' from External
2026-04-07 16:23:10,968 - engine - WARNING - Turn 5/2: External is attacking!
2026-04-07 16:23:10,968 - engine - INFO - Opp-Goldfish will draw a card for turn
2026-04-07 16:23:10,968 - engine - INFO - Handling intent 'Action.PASS' for priority event 'PlayerEvent.MAIN_PHASE_EMPTY_STACK' from Opp-Goldfish
2026-04-07 16:23:10,968 - engine - INFO - Handling intent 'Action.PASS' for priority event 'PlayerEvent.DECLARE_ATTACKS' from Opp-Goldfish
2026-04-07 16:23:10,968 - engine - INFO - External will draw a card for turn
2026-04-07 16:23:10,968 - engine - INFO - Handling intent 'Action.PLAY_CARD' for priority event 'PlayerEvent.MAIN_PHASE_EMPTY_STACK' from External
2026-04-07 16:23:10,968 - engine - WARNING - Cards to play: Details are missing. NoOp instead!
2026-04-07 16:23:10,969 - engine - INFO - Handling intent 'Action.ATTACK' for priority event 'PlayerEvent.DECLARE_ATTACKS' from External
2026-04-07 16:23:10,969 - engine - WARNING - Turn 7/2: External is attacking!
2026-04-07 16:23:10,969 - engine - INFO - Opp-Goldfish will draw a card for turn
2026-04-07 16:23:10,969 - engine - INFO - Handling intent 'Action.PASS' for priority event 'PlayerEvent.MAIN_PHASE_EMPTY_STACK' from Opp-Goldfish
2026-04-07 16:23:10,969 - engine - INFO - Handling intent 'Action.PASS' for priority event 'PlayerEvent.DECLARE_ATTACKS' from Opp-Goldfish
2026-04-07 16:23:10,969 - engine - INFO - External will draw a card for turn
2026-04-07 16:23:10,970 - engine - INFO - Handling intent 'Action.PLAY_CARD' for priority event 'PlayerEvent.MAIN_PHASE_EMPTY_STACK' from External
2026-04-07 16:23:10,970 - engine - WARNING - Cards to play: Details are missing. NoOp instead!
2026-04-07 16:23:10,970 - engine - INFO - Handling intent 'Action.ATTACK' for priority event 'PlayerEvent.DECLARE_ATTACKS' from External
2026-04-07 16:23:10,970 - engine - WARNING - Turn 9/2: External is attacking!
2026-04-07 16:23:10,970 - engine - WARNING - Opp-Goldfish died by having 0 or less life.
2026-04-07 16:23:10,970 - engine - INFO - Game ended by death of player(s)
2026-04-07 16:23:10,970 - engine - INFO - External won by survival
2026-04-07 16:23:10,971 - engine - INFO - Setting up the new player Player1
2026-04-07 16:23:10,971 - engine - INFO - Setting up the new player Player2
2026-04-07 16:23:10,972 - engine - INFO - Handling intent 'Action.PASS' for priority event 'PlayerEvent.MAIN_PHASE_EMPTY_STACK' from Opp-Goldfish
2026-04-07 16:23:10,972 - engine - INFO - Handling intent 'Action.PASS' for priority event 'PlayerEvent.DECLARE_ATTACKS' from Opp-Goldfish
2026-04-07 16:23:10,972 - engine - INFO - External will draw a card for turn
2026-04-07 16:23:10,972 - engine - INFO - Handling intent 'Action.PLAY_CARD' for priority event 'PlayerEvent.MAIN_PHASE_EMPTY_STACK' from External
2026-04-07 16:23:10,972 - engine - WARNING - Cards to play: Details are missing. NoOp instead!
2026-04-07 16:23:10,972 - engine - INFO - Handling intent 'Action.ATTACK' for priority event 'PlayerEvent.DECLARE_ATTACKS' from External
2026-04-07 16:23:10,972 - engine - WARNING - Turn 1/2: External is attacking!
2026-04-07 16:23:10,973 - engine - INFO - Opp-Goldfish will draw a card for turn
2026-04-07 16:23:10,973 - engine - INFO - Handling intent 'Action.PASS' for priority event 'PlayerEvent.MAIN_PHASE_EMPTY_STACK' from Opp-Goldfish
2026-04-07 16:23:10,973 - engine - INFO - Handling intent 'Action.PASS' for priority event 'PlayerEvent.DECLARE_ATTACKS' from Opp-Goldfish
2026-04-07 16:23:10,973 - engine - INFO - External will draw a card for turn
2026-04-07 16:23:10,973 - engine - INFO - Handling intent 'Action.PLAY_CARD' for priority event 'PlayerEvent.MAIN_PHASE_EMPTY_STACK' from External
2026-04-07 16:23:10,973 - engine - WARNING - Cards to play: Details are missing. NoOp instead!
2026-04-07 16:23:10,973 - engine - INFO - Handling intent 'Action.ATTACK' for priority event 'PlayerEvent.DECLARE_ATTACKS' from External
2026-04-07 16:23:10,973 - engine - WARNING - Turn 3/2: External is attacking!
2026-04-07 16:23:10,973 - engine - INFO - Opp-Goldfish will draw a card for turn
2026-04-07 16:23:10,974 - engine - INFO - Handling intent 'Action.PASS' for priority event 'PlayerEvent.MAIN_PHASE_EMPTY_STACK' from Opp-Goldfish
2026-04-07 16:23:10,974 - engine - INFO - Handling intent 'Action.PASS' for priority event 'PlayerEvent.DECLARE_ATTACKS' from Opp-Goldfish
2026-04-07 16:23:10,974 - engine - INFO - External will draw a card for turn
2026-04-07 16:23:10,974 - engine - INFO - Handling intent 'Action.PASS' for priority event 'PlayerEvent.MAIN_PHASE_EMPTY_STACK' from External
2026-04-07 16:23:10,974 - engine - INFO - Handling intent 'Action.PASS' for priority event 'PlayerEvent.DECLARE_ATTACKS' from External
2026-04-07 16:23:10,974 - engine - INFO - Opp-Goldfish will draw a card for turn
2026-04-07 16:23:10,974 - engine - INFO - Handling intent 'Action.PASS' for priority event 'PlayerEvent.MAIN_PHASE_EMPTY_STACK' from Opp-Goldfish
2026-04-07 16:23:10,975 - engine - INFO - Handling intent 'Action.PASS' for priority event 'PlayerEvent.DECLARE_ATTACKS' from Opp-Goldfish
2026-04-07 16:23:10,975 - engine - INFO - External will draw a card for turn
2026-04-07 16:23:10,975 - engine - INFO - Handling intent 'Action.PLAY_CARD' for priority event 'PlayerEvent.MAIN_PHASE_EMPTY_STACK' from External
2026-04-07 16:23:10,975 - engine - WARNING - Cards to play: Details are missing. NoOp instead!
2026-04-07 16:23:10,975 - engine - INFO - Handling intent 'Action.ATTACK' for priority event 'PlayerEvent.DECLARE_ATTACKS' from External
2026-04-07 16:23:10,975 - engine - WARNING - Turn 7/2: External is attacking!
2026-04-07 16:23:10,975 - engine - INFO - Opp-Goldfish will draw a card for turn
2026-04-07 16:23:10,975 - engine - INFO - Handling intent 'Action.PASS' for priority event 'PlayerEvent.MAIN_PHASE_EMPTY_STACK' from Opp-Goldfish
2026-04-07 16:23:10,975 - engine - INFO - Handling intent 'Action.PASS' for priority event 'PlayerEvent.DECLARE_ATTACKS' from Opp-Goldfish
2026-04-07 16:23:10,975 - engine - INFO - External will draw a card for turn
2026-04-07 16:23:10,976 - engine - INFO - Handling intent 'Action.PASS' for priority event 'PlayerEvent.MAIN_PHASE_EMPTY_STACK' from External
2026-04-07 16:23:10,976 - engine - INFO - Handling intent 'Action.ATTACK' for priority event 'PlayerEvent.DECLARE_ATTACKS' from External
2026-04-07 16:23:10,976 - engine - WARNING - Turn 9/2: External is attacking!
2026-04-07 16:23:10,976 - engine - INFO - Opp-Goldfish will draw a card for turn
2026-04-07 16:23:10,976 - engine - INFO - Handling intent 'Action.PASS' for priority event 'PlayerEvent.MAIN_PHASE_EMPTY_STACK' from Opp-Goldfish
2026-04-07 16:23:10,976 - engine - INFO - Handling intent 'Action.PASS' for priority event 'PlayerEvent.DECLARE_ATTACKS' from Opp-Goldfish
2026-04-07 16:23:10,976 - engine - INFO - External will draw a card for turn
2026-04-07 16:23:10,977 - engine - INFO - Handling intent 'Action.PASS' for priority event 'PlayerEvent.MAIN_PHASE_EMPTY_STACK' from External
2026-04-07 16:23:10,977 - engine - INFO - Handling intent 'Action.ATTACK' for priority event 'PlayerEvent.DECLARE_ATTACKS' from External
2026-04-07 16:23:10,977 - engine - WARNING - Turn 11/2: External is attacking!
2026-04-07 16:23:10,977 - engine - WARNING - Opp-Goldfish died by having 0 or less life.
2026-04-07 16:23:10,977 - engine - INFO - Game ended by death of player(s)
2026-04-07 16:23:10,977 - engine - INFO - External won by survival
2026-04-07 16:23:10,977 - engine - INFO - Setting up the new player Player1
2026-04-07 16:23:10,977 - engine - INFO - Setting up the new player Player2
2026-04-07 16:23:10,978 - engine - INFO - Handling intent 'Action.PASS' for priority event 'PlayerEvent.MAIN_PHASE_EMPTY_STACK' from Opp-Goldfish
2026-04-07 16:23:10,978 - engine - INFO - Handling intent 'Action.PASS' for priority event 'PlayerEvent.DECLARE_ATTACKS' from Opp-Goldfish
2026-04-07 16:23:10,979 - engine - INFO - External will draw a card for turn
2026-04-07 16:23:10,979 - engine - INFO - Handling intent 'Action.PLAY_CARD' for priority event 'PlayerEvent.MAIN_PHASE_EMPTY_STACK' from External
2026-04-07 16:23:10,979 - engine - WARNING - Cards to play: Details are missing. NoOp instead!
2026-04-07 16:23:10,979 - engine - INFO - Handling intent 'Action.ATTACK' for priority event 'PlayerEvent.DECLARE_ATTACKS' from External
2026-04-07 16:23:10,979 - engine - WARNING - Turn 1/2: External is attacking!
2026-04-07 16:23:10,979 - engine - INFO - Opp-Goldfish will draw a card for turn
2026-04-07 16:23:10,979 - engine - INFO - Handling intent 'Action.PASS' for priority event 'PlayerEvent.MAIN_PHASE_EMPTY_STACK' from Opp-Goldfish
2026-04-07 16:23:10,980 - engine - INFO - Handling intent 'Action.PASS' for priority event 'PlayerEvent.DECLARE_ATTACKS' from Opp-Goldfish
2026-04-07 16:23:10,980 - engine - INFO - External will draw a card for turn
2026-04-07 16:23:10,980 - engine - INFO - Handling intent 'Action.PLAY_CARD' for priority event 'PlayerEvent.MAIN_PHASE_EMPTY_STACK' from External
2026-04-07 16:23:10,980 - engine - WARNING - Cards to play: Details are missing. NoOp instead!
2026-04-07 16:23:10,980 - engine - INFO - Handling intent 'Action.ATTACK' for priority event 'PlayerEvent.DECLARE_ATTACKS' from External
2026-04-07 16:23:10,980 - engine - WARNING - Turn 3/2: External is attacking!
2026-04-07 16:23:10,980 - engine - INFO - Opp-Goldfish will draw a card for turn
2026-04-07 16:23:10,980 - engine - INFO - Handling intent 'Action.PASS' for priority event 'PlayerEvent.MAIN_PHASE_EMPTY_STACK' from Opp-Goldfish
2026-04-07 16:23:10,980 - engine - INFO - Handling intent 'Action.PASS' for priority event 'PlayerEvent.DECLARE_ATTACKS' from Opp-Goldfish
2026-04-07 16:23:10,980 - engine - INFO - External will draw a card for turn
2026-04-07 16:23:10,981 - engine - INFO - Handling intent 'Action.PASS' for priority event 'PlayerEvent.MAIN_PHASE_EMPTY_STACK' from External
2026-04-07 16:23:10,981 - engine - INFO - Handling intent 'Action.ATTACK' for priority event 'PlayerEvent.DECLARE_ATTACKS' from External
2026-04-07 16:23:10,981 - engine - WARNING - Turn 5/2: External is attacking!
2026-04-07 16:23:10,981 - engine - INFO - Opp-Goldfish will draw a card for turn
2026-04-07 16:23:10,981 - engine - INFO - Handling intent 'Action.PASS' for priority event 'PlayerEvent.MAIN_PHASE_EMPTY_STACK' from Opp-Goldfish
2026-04-07 16:23:10,981 - engine - INFO - Handling intent 'Action.PASS' for priority event 'PlayerEvent.DECLARE_ATTACKS' from Opp-Goldfish
2026-04-07 16:23:10,981 - engine - INFO - External will draw a card for turn
2026-04-07 16:23:10,982 - engine - INFO - Handling intent 'Action.PLAY_CARD' for priority event 'PlayerEvent.MAIN_PHASE_EMPTY_STACK' from External
2026-04-07 16:23:10,982 - engine - WARNING - Cards to play: Details are missing. NoOp instead!
2026-04-07 16:23:10,982 - engine - INFO - Handling intent 'Action.PASS' for priority event 'PlayerEvent.DECLARE_ATTACKS' from External
2026-04-07 16:23:10,982 - engine - INFO - Opp-Goldfish will draw a card for turn
2026-04-07 16:23:10,982 - engine - INFO - Handling intent 'Action.PASS' for priority event 'PlayerEvent.MAIN_PHASE_EMPTY_STACK' from Opp-Goldfish
2026-04-07 16:23:10,983 - engine - INFO - Handling intent 'Action.PASS' for priority event 'PlayerEvent.DECLARE_ATTACKS' from Opp-Goldfish
2026-04-07 16:23:10,983 - engine - INFO - External will draw a card for turn
2026-04-07 16:23:10,983 - engine - INFO - Handling intent 'Action.PLAY_CARD' for priority event 'PlayerEvent.MAIN_PHASE_EMPTY_STACK' from External
2026-04-07 16:23:10,983 - engine - WARNING - Cards to play: Details are missing. NoOp instead!
2026-04-07 16:23:10,983 - engine - INFO - Handling intent 'Action.ATTACK' for priority event 'PlayerEvent.DECLARE_ATTACKS' from External
2026-04-07 16:23:10,983 - engine - WARNING - Turn 9/2: External is attacking!
2026-04-07 16:23:10,983 - engine - INFO - Opp-Goldfish will draw a card for turn
2026-04-07 16:23:10,984 - engine - INFO - Handling intent 'Action.PASS' for priority event 'PlayerEvent.MAIN_PHASE_EMPTY_STACK' from Opp-Goldfish
2026-04-07 16:23:10,984 - engine - INFO - Handling intent 'Action.PASS' for priority event 'PlayerEvent.DECLARE_ATTACKS' from Opp-Goldfish
2026-04-07 16:23:10,984 - engine - INFO - External will draw a card for turn
2026-04-07 16:23:10,984 - engine - INFO - Handling intent 'Action.PLAY_CARD' for priority event 'PlayerEvent.MAIN_PHASE_EMPTY_STACK' from External
2026-04-07 16:23:10,984 - engine - WARNING - Cards to play: Details are missing. NoOp instead!
2026-04-07 16:23:10,984 - engine - INFO - Handling intent 'Action.ATTACK' for priority event 'PlayerEvent.DECLARE_ATTACKS' from External
2026-04-07 16:23:10,984 - engine - WARNING - Turn 11/2: External is attacking!
2026-04-07 16:23:10,984 - engine - WARNING - Opp-Goldfish died by having 0 or less life.
2026-04-07 16:23:10,984 - engine - INFO - Game ended by death of player(s)
2026-04-07 16:23:10,985 - engine - INFO - External won by survival
2026-04-07 16:23:10,985 - engine - INFO - Setting up the new player Player1
2026-04-07 16:23:10,985 - engine - INFO - Setting up the new player Player2
2026-04-07 16:23:10,986 - engine - INFO - Handling intent 'Action.PASS' for priority event 'PlayerEvent.MAIN_PHASE_EMPTY_STACK' from Opp-Goldfish
2026-04-07 16:23:10,986 - engine - INFO - Handling intent 'Action.PASS' for priority event 'PlayerEvent.DECLARE_ATTACKS' from Opp-Goldfish
2026-04-07 16:23:10,986 - engine - INFO - External will draw a card for turn
2026-04-07 16:23:10,987 - engine - INFO - Handling intent 'Action.PLAY_CARD' for priority event 'PlayerEvent.MAIN_PHASE_EMPTY_STACK' from External
2026-04-07 16:23:10,987 - engine - WARNING - Cards to play: Details are missing. NoOp instead!
2026-04-07 16:23:10,987 - engine - INFO - Handling intent 'Action.ATTACK' for priority event 'PlayerEvent.DECLARE_ATTACKS' from External
2026-04-07 16:23:10,987 - engine - WARNING - Turn 1/2: External is attacking!
2026-04-07 16:23:10,987 - engine - INFO - Opp-Goldfish will draw a card for turn
2026-04-07 16:23:10,987 - engine - INFO - Handling intent 'Action.PASS' for priority event 'PlayerEvent.MAIN_PHASE_EMPTY_STACK' from Opp-Goldfish
2026-04-07 16:23:10,987 - engine - INFO - Handling intent 'Action.PASS' for priority event 'PlayerEvent.DECLARE_ATTACKS' from Opp-Goldfish
2026-04-07 16:23:10,987 - engine - INFO - External will draw a card for turn
2026-04-07 16:23:10,988 - engine - INFO - Handling intent 'Action.PLAY_CARD' for priority event 'PlayerEvent.MAIN_PHASE_EMPTY_STACK' from External
2026-04-07 16:23:10,988 - engine - WARNING - Cards to play: Details are missing. NoOp instead!
2026-04-07 16:23:10,988 - engine - INFO - Handling intent 'Action.PASS' for priority event 'PlayerEvent.DECLARE_ATTACKS' from External
2026-04-07 16:23:10,988 - engine - INFO - Opp-Goldfish will draw a card for turn
2026-04-07 16:23:10,988 - engine - INFO - Handling intent 'Action.PASS' for priority event 'PlayerEvent.MAIN_PHASE_EMPTY_STACK' from Opp-Goldfish
2026-04-07 16:23:10,988 - engine - INFO - Handling intent 'Action.PASS' for priority event 'PlayerEvent.DECLARE_ATTACKS' from Opp-Goldfish
2026-04-07 16:23:10,988 - engine - INFO - External will draw a card for turn
2026-04-07 16:23:10,989 - engine - INFO - Handling intent 'Action.PLAY_CARD' for priority event 'PlayerEvent.MAIN_PHASE_EMPTY_STACK' from External
2026-04-07 16:23:10,989 - engine - WARNING - Cards to play: Details are missing. NoOp instead!
2026-04-07 16:23:10,989 - engine - INFO - Handling intent 'Action.ATTACK' for priority event 'PlayerEvent.DECLARE_ATTACKS' from External
2026-04-07 16:23:10,989 - engine - WARNING - Turn 5/2: External is attacking!
2026-04-07 16:23:10,989 - engine - INFO - Opp-Goldfish will draw a card for turn
2026-04-07 16:23:10,989 - engine - INFO - Handling intent 'Action.PASS' for priority event 'PlayerEvent.MAIN_PHASE_EMPTY_STACK' from Opp-Goldfish
2026-04-07 16:23:10,989 - engine - INFO - Handling intent 'Action.PASS' for priority event 'PlayerEvent.DECLARE_ATTACKS' from Opp-Goldfish
2026-04-07 16:23:10,989 - engine - INFO - External will draw a card for turn
2026-04-07 16:23:10,990 - engine - INFO - Handling intent 'Action.PLAY_CARD' for priority event 'PlayerEvent.MAIN_PHASE_EMPTY_STACK' from External
2026-04-07 16:23:10,990 - engine - WARNING - Cards to play: Details are missing. NoOp instead!
2026-04-07 16:23:10,990 - engine - INFO - Handling intent 'Action.ATTACK' for priority event 'PlayerEvent.DECLARE_ATTACKS' from External
2026-04-07 16:23:10,990 - engine - WARNING - Turn 7/2: External is attacking!
2026-04-07 16:23:10,990 - engine - INFO - Opp-Goldfish will draw a card for turn
2026-04-07 16:23:10,990 - engine - INFO - Handling intent 'Action.PASS' for priority event 'PlayerEvent.MAIN_PHASE_EMPTY_STACK' from Opp-Goldfish
2026-04-07 16:23:10,990 - engine - INFO - Handling intent 'Action.PASS' for priority event 'PlayerEvent.DECLARE_ATTACKS' from Opp-Goldfish
2026-04-07 16:23:10,990 - engine - INFO - External will draw a card for turn
2026-04-07 16:23:10,991 - engine - INFO - Handling intent 'Action.PLAY_CARD' for priority event 'PlayerEvent.MAIN_PHASE_EMPTY_STACK' from External
2026-04-07 16:23:10,991 - engine - WARNING - Cards to play: Details are missing. NoOp instead!
2026-04-07 16:23:10,991 - engine - INFO - Handling intent 'Action.PASS' for priority event 'PlayerEvent.DECLARE_ATTACKS' from External
2026-04-07 16:23:10,991 - engine - INFO - Opp-Goldfish will draw a card for turn
2026-04-07 16:23:10,991 - engine - INFO - Handling intent 'Action.PASS' for priority event 'PlayerEvent.MAIN_PHASE_EMPTY_STACK' from Opp-Goldfish
2026-04-07 16:23:10,991 - engine - INFO - Handling intent 'Action.PASS' for priority event 'PlayerEvent.DECLARE_ATTACKS' from Opp-Goldfish
2026-04-07 16:23:10,991 - engine - INFO - External will draw a card for turn
2026-04-07 16:23:10,992 - engine - INFO - Handling intent 'Action.PASS' for priority event 'PlayerEvent.MAIN_PHASE_EMPTY_STACK' from External
2026-04-07 16:23:10,992 - engine - INFO - Handling intent 'Action.ATTACK' for priority event 'PlayerEvent.DECLARE_ATTACKS' from External
2026-04-07 16:23:10,992 - engine - WARNING - Turn 11/2: External is attacking!
2026-04-07 16:23:10,992 - engine - INFO - Opp-Goldfish will draw a card for turn
2026-04-07 16:23:10,992 - engine - INFO - Handling intent 'Action.PASS' for priority event 'PlayerEvent.MAIN_PHASE_EMPTY_STACK' from Opp-Goldfish
2026-04-07 16:23:10,992 - engine - INFO - Handling intent 'Action.PASS' for priority event 'PlayerEvent.DECLARE_ATTACKS' from Opp-Goldfish
2026-04-07 16:23:10,992 - engine - INFO - External will draw a card for turn
2026-04-07 16:23:10,993 - engine - INFO - Handling intent 'Action.PLAY_CARD' for priority event 'PlayerEvent.MAIN_PHASE_EMPTY_STACK' from External
2026-04-07 16:23:10,993 - engine - WARNING - Cards to play: Details are missing. NoOp instead!
2026-04-07 16:23:10,993 - engine - INFO - Handling intent 'Action.ATTACK' for priority event 'PlayerEvent.DECLARE_ATTACKS' from External
2026-04-07 16:23:10,993 - engine - WARNING - Turn 13/2: External is attacking!
2026-04-07 16:23:10,993 - engine - WARNING - Opp-Goldfish died by having 0 or less life.
2026-04-07 16:23:10,993 - engine - INFO - Game ended by death of player(s)
2026-04-07 16:23:10,993 - engine - INFO - External won by survival
2026-04-07 16:23:10,994 - engine - INFO - Setting up the new player Player1
2026-04-07 16:23:10,994 - engine - INFO - Setting up the new player Player2
2026-04-07 16:23:10,995 - engine - INFO - Handling intent 'Action.PASS' for priority event 'PlayerEvent.MAIN_PHASE_EMPTY_STACK' from Opp-Goldfish
2026-04-07 16:23:10,995 - engine - INFO - Handling intent 'Action.PASS' for priority event 'PlayerEvent.DECLARE_ATTACKS' from Opp-Goldfish
2026-04-07 16:23:10,995 - engine - INFO - External will draw a card for turn
2026-04-07 16:23:10,995 - engine - INFO - Handling intent 'Action.PLAY_CARD' for priority event 'PlayerEvent.MAIN_PHASE_EMPTY_STACK' from External
2026-04-07 16:23:10,995 - engine - WARNING - Cards to play: Details are missing. NoOp instead!
2026-04-07 16:23:10,996 - engine - INFO - Handling intent 'Action.ATTACK' for priority event 'PlayerEvent.DECLARE_ATTACKS' from External
2026-04-07 16:23:10,996 - engine - WARNING - Turn 1/2: External is attacking!
2026-04-07 16:23:10,996 - engine - INFO - Opp-Goldfish will draw a card for turn
2026-04-07 16:23:10,996 - engine - INFO - Handling intent 'Action.PASS' for priority event 'PlayerEvent.MAIN_PHASE_EMPTY_STACK' from Opp-Goldfish
2026-04-07 16:23:10,996 - engine - INFO - Handling intent 'Action.PASS' for priority event 'PlayerEvent.DECLARE_ATTACKS' from Opp-Goldfish
2026-04-07 16:23:10,996 - engine - INFO - External will draw a card for turn
2026-04-07 16:23:10,996 - engine - INFO - Handling intent 'Action.PLAY_CARD' for priority event 'PlayerEvent.MAIN_PHASE_EMPTY_STACK' from External
2026-04-07 16:23:10,996 - engine - WARNING - Cards to play: Details are missing. NoOp instead!
2026-04-07 16:23:10,997 - engine - INFO - Handling intent 'Action.ATTACK' for priority event 'PlayerEvent.DECLARE_ATTACKS' from External
2026-04-07 16:23:10,997 - engine - WARNING - Turn 3/2: External is attacking!
2026-04-07 16:23:10,997 - engine - INFO - Opp-Goldfish will draw a card for turn
2026-04-07 16:23:10,997 - engine - INFO - Handling intent 'Action.PASS' for priority event 'PlayerEvent.MAIN_PHASE_EMPTY_STACK' from Opp-Goldfish
2026-04-07 16:23:10,997 - engine - INFO - Handling intent 'Action.PASS' for priority event 'PlayerEvent.DECLARE_ATTACKS' from Opp-Goldfish
2026-04-07 16:23:10,997 - engine - INFO - External will draw a card for turn
2026-04-07 16:23:10,997 - engine - INFO - Handling intent 'Action.PLAY_CARD' for priority event 'PlayerEvent.MAIN_PHASE_EMPTY_STACK' from External
2026-04-07 16:23:10,997 - engine - WARNING - Cards to play: Details are missing. NoOp instead!
2026-04-07 16:23:10,998 - engine - INFO - Handling intent 'Action.PASS' for priority event 'PlayerEvent.DECLARE_ATTACKS' from External
2026-04-07 16:23:10,998 - engine - INFO - Opp-Goldfish will draw a card for turn
2026-04-07 16:23:10,998 - engine - INFO - Handling intent 'Action.PASS' for priority event 'PlayerEvent.MAIN_PHASE_EMPTY_STACK' from Opp-Goldfish
2026-04-07 16:23:10,998 - engine - INFO - Handling intent 'Action.PASS' for priority event 'PlayerEvent.DECLARE_ATTACKS' from Opp-Goldfish
2026-04-07 16:23:10,998 - engine - INFO - External will draw a card for turn
2026-04-07 16:23:10,998 - engine - INFO - Handling intent 'Action.PASS' for priority event 'PlayerEvent.MAIN_PHASE_EMPTY_STACK' from External
2026-04-07 16:23:10,999 - engine - INFO - Handling intent 'Action.ATTACK' for priority event 'PlayerEvent.DECLARE_ATTACKS' from External
2026-04-07 16:23:10,999 - engine - WARNING - Turn 7/2: External is attacking!
2026-04-07 16:23:10,999 - engine - INFO - Opp-Goldfish will draw a card for turn
2026-04-07 16:23:10,999 - engine - INFO - Handling intent 'Action.PASS' for priority event 'PlayerEvent.MAIN_PHASE_EMPTY_STACK' from Opp-Goldfish
2026-04-07 16:23:10,999 - engine - INFO - Handling intent 'Action.PASS' for priority event 'PlayerEvent.DECLARE_ATTACKS' from Opp-Goldfish
2026-04-07 16:23:10,999 - engine - INFO - External will draw a card for turn
2026-04-07 16:23:11,000 - engine - INFO - Handling intent 'Action.PASS' for priority event 'PlayerEvent.MAIN_PHASE_EMPTY_STACK' from External
2026-04-07 16:23:11,000 - engine - INFO - Handling intent 'Action.ATTACK' for priority event 'PlayerEvent.DECLARE_ATTACKS' from External
2026-04-07 16:23:11,000 - engine - WARNING - Turn 9/2: External is attacking!
2026-04-07 16:23:11,000 - engine - INFO - Opp-Goldfish will draw a card for turn
2026-04-07 16:23:11,000 - engine - INFO - Handling intent 'Action.PASS' for priority event 'PlayerEvent.MAIN_PHASE_EMPTY_STACK' from Opp-Goldfish
2026-04-07 16:23:11,000 - engine - INFO - Handling intent 'Action.PASS' for priority event 'PlayerEvent.DECLARE_ATTACKS' from Opp-Goldfish
2026-04-07 16:23:11,000 - engine - INFO - External will draw a card for turn
2026-04-07 16:23:11,001 - engine - INFO - Handling intent 'Action.PLAY_CARD' for priority event 'PlayerEvent.MAIN_PHASE_EMPTY_STACK' from External
2026-04-07 16:23:11,001 - engine - WARNING - Cards to play: Details are missing. NoOp instead!
2026-04-07 16:23:11,001 - engine - INFO - Handling intent 'Action.ATTACK' for priority event 'PlayerEvent.DECLARE_ATTACKS' from External
2026-04-07 16:23:11,001 - engine - WARNING - Turn 11/2: External is attacking!
2026-04-07 16:23:11,001 - engine - WARNING - Opp-Goldfish died by having 0 or less life.
2026-04-07 16:23:11,001 - engine - INFO - Game ended by death of player(s)
2026-04-07 16:23:11,001 - engine - INFO - External won by survival
2026-04-07 16:23:11,002 - engine - INFO - Setting up the new player Player1
2026-04-07 16:23:11,002 - engine - INFO - Setting up the new player Player2
2026-04-07 16:23:11,003 - engine - INFO - Handling intent 'Action.PASS' for priority event 'PlayerEvent.MAIN_PHASE_EMPTY_STACK' from Opp-Goldfish
2026-04-07 16:23:11,003 - engine - INFO - Handling intent 'Action.PASS' for priority event 'PlayerEvent.DECLARE_ATTACKS' from Opp-Goldfish
2026-04-07 16:23:11,003 - engine - INFO - External will draw a card for turn
2026-04-07 16:23:11,003 - engine - INFO - Handling intent 'Action.PASS' for priority event 'PlayerEvent.MAIN_PHASE_EMPTY_STACK' from External
2026-04-07 16:23:11,004 - engine - INFO - Handling intent 'Action.ATTACK' for priority event 'PlayerEvent.DECLARE_ATTACKS' from External
2026-04-07 16:23:11,004 - engine - WARNING - Turn 1/2: External is attacking!
2026-04-07 16:23:11,004 - engine - INFO - Opp-Goldfish will draw a card for turn
2026-04-07 16:23:11,004 - engine - INFO - Handling intent 'Action.PASS' for priority event 'PlayerEvent.MAIN_PHASE_EMPTY_STACK' from Opp-Goldfish
2026-04-07 16:23:11,004 - engine - INFO - Handling intent 'Action.PASS' for priority event 'PlayerEvent.DECLARE_ATTACKS' from Opp-Goldfish
2026-04-07 16:23:11,004 - engine - INFO - External will draw a card for turn
2026-04-07 16:23:11,004 - engine - INFO - Handling intent 'Action.PLAY_CARD' for priority event 'PlayerEvent.MAIN_PHASE_EMPTY_STACK' from External
2026-04-07 16:23:11,004 - engine - WARNING - Cards to play: Details are missing. NoOp instead!
2026-04-07 16:23:11,004 - engine - INFO - Handling intent 'Action.ATTACK' for priority event 'PlayerEvent.DECLARE_ATTACKS' from External
2026-04-07 16:23:11,004 - engine - WARNING - Turn 3/2: External is attacking!
2026-04-07 16:23:11,004 - engine - INFO - Opp-Goldfish will draw a card for turn
2026-04-07 16:23:11,005 - engine - INFO - Handling intent 'Action.PASS' for priority event 'PlayerEvent.MAIN_PHASE_EMPTY_STACK' from Opp-Goldfish
2026-04-07 16:23:11,005 - engine - INFO - Handling intent 'Action.PASS' for priority event 'PlayerEvent.DECLARE_ATTACKS' from Opp-Goldfish
2026-04-07 16:23:11,005 - engine - INFO - External will draw a card for turn
2026-04-07 16:23:11,005 - engine - INFO - Handling intent 'Action.PLAY_CARD' for priority event 'PlayerEvent.MAIN_PHASE_EMPTY_STACK' from External
2026-04-07 16:23:11,005 - engine - WARNING - Cards to play: Details are missing. NoOp instead!
2026-04-07 16:23:11,005 - engine - INFO - Handling intent 'Action.ATTACK' for priority event 'PlayerEvent.DECLARE_ATTACKS' from External
2026-04-07 16:23:11,005 - engine - WARNING - Turn 5/2: External is attacking!
2026-04-07 16:23:11,005 - engine - INFO - Opp-Goldfish will draw a card for turn
2026-04-07 16:23:11,005 - engine - INFO - Handling intent 'Action.PASS' for priority event 'PlayerEvent.MAIN_PHASE_EMPTY_STACK' from Opp-Goldfish
2026-04-07 16:23:11,005 - engine - INFO - Handling intent 'Action.PASS' for priority event 'PlayerEvent.DECLARE_ATTACKS' from Opp-Goldfish
2026-04-07 16:23:11,005 - engine - INFO - External will draw a card for turn
2026-04-07 16:23:11,006 - engine - INFO - Handling intent 'Action.PLAY_CARD' for priority event 'PlayerEvent.MAIN_PHASE_EMPTY_STACK' from External
2026-04-07 16:23:11,006 - engine - WARNING - Cards to play: Details are missing. NoOp instead!
2026-04-07 16:23:11,006 - engine - INFO - Handling intent 'Action.ATTACK' for priority event 'PlayerEvent.DECLARE_ATTACKS' from External
2026-04-07 16:23:11,006 - engine - WARNING - Turn 7/2: External is attacking!
2026-04-07 16:23:11,006 - engine - INFO - Opp-Goldfish will draw a card for turn
2026-04-07 16:23:11,006 - engine - INFO - Handling intent 'Action.PASS' for priority event 'PlayerEvent.MAIN_PHASE_EMPTY_STACK' from Opp-Goldfish
2026-04-07 16:23:11,007 - engine - INFO - Handling intent 'Action.PASS' for priority event 'PlayerEvent.DECLARE_ATTACKS' from Opp-Goldfish
2026-04-07 16:23:11,007 - engine - INFO - External will draw a card for turn
2026-04-07 16:23:11,007 - engine - INFO - Handling intent 'Action.PLAY_CARD' for priority event 'PlayerEvent.MAIN_PHASE_EMPTY_STACK' from External
2026-04-07 16:23:11,007 - engine - WARNING - Cards to play: Details are missing. NoOp instead!
2026-04-07 16:23:11,007 - engine - INFO - Handling intent 'Action.ATTACK' for priority event 'PlayerEvent.DECLARE_ATTACKS' from External
2026-04-07 16:23:11,007 - engine - WARNING - Turn 9/2: External is attacking!
2026-04-07 16:23:11,007 - engine - WARNING - Opp-Goldfish died by having 0 or less life.
2026-04-07 16:23:11,007 - engine - INFO - Game ended by death of player(s)
2026-04-07 16:23:11,007 - engine - INFO - External won by survival
2026-04-07 16:23:11,008 - engine - INFO - Setting up the new player Player1
2026-04-07 16:23:11,008 - engine - INFO - Setting up the new player Player2
2026-04-07 16:23:11,009 - engine - INFO - Handling intent 'Action.PASS' for priority event 'PlayerEvent.MAIN_PHASE_EMPTY_STACK' from Opp-Goldfish
2026-04-07 16:23:11,010 - engine - INFO - Handling intent 'Action.PASS' for priority event 'PlayerEvent.DECLARE_ATTACKS' from Opp-Goldfish
2026-04-07 16:23:11,010 - engine - INFO - External will draw a card for turn
2026-04-07 16:23:11,010 - engine - INFO - Handling intent 'Action.PLAY_CARD' for priority event 'PlayerEvent.MAIN_PHASE_EMPTY_STACK' from External
2026-04-07 16:23:11,010 - engine - WARNING - Cards to play: Details are missing. NoOp instead!
2026-04-07 16:23:11,010 - engine - INFO - Handling intent 'Action.ATTACK' for priority event 'PlayerEvent.DECLARE_ATTACKS' from External
2026-04-07 16:23:11,010 - engine - WARNING - Turn 1/2: External is attacking!
2026-04-07 16:23:11,010 - engine - INFO - Opp-Goldfish will draw a card for turn
2026-04-07 16:23:11,010 - engine - INFO - Handling intent 'Action.PASS' for priority event 'PlayerEvent.MAIN_PHASE_EMPTY_STACK' from Opp-Goldfish
2026-04-07 16:23:11,011 - engine - INFO - Handling intent 'Action.PASS' for priority event 'PlayerEvent.DECLARE_ATTACKS' from Opp-Goldfish
2026-04-07 16:23:11,011 - engine - INFO - External will draw a card for turn
2026-04-07 16:23:11,011 - engine - INFO - Handling intent 'Action.PLAY_CARD' for priority event 'PlayerEvent.MAIN_PHASE_EMPTY_STACK' from External
2026-04-07 16:23:11,011 - engine - WARNING - Cards to play: Details are missing. NoOp instead!
2026-04-07 16:23:11,011 - engine - INFO - Handling intent 'Action.ATTACK' for priority event 'PlayerEvent.DECLARE_ATTACKS' from External
2026-04-07 16:23:11,011 - engine - WARNING - Turn 3/2: External is attacking!
2026-04-07 16:23:11,011 - engine - INFO - Opp-Goldfish will draw a card for turn
2026-04-07 16:23:11,011 - engine - INFO - Handling intent 'Action.PASS' for priority event 'PlayerEvent.MAIN_PHASE_EMPTY_STACK' from Opp-Goldfish
2026-04-07 16:23:11,012 - engine - INFO - Handling intent 'Action.PASS' for priority event 'PlayerEvent.DECLARE_ATTACKS' from Opp-Goldfish
2026-04-07 16:23:11,012 - engine - INFO - External will draw a card for turn
2026-04-07 16:23:11,012 - engine - INFO - Handling intent 'Action.PLAY_CARD' for priority event 'PlayerEvent.MAIN_PHASE_EMPTY_STACK' from External
2026-04-07 16:23:11,012 - engine - WARNING - Cards to play: Details are missing. NoOp instead!
2026-04-07 16:23:11,012 - engine - INFO - Handling intent 'Action.ATTACK' for priority event 'PlayerEvent.DECLARE_ATTACKS' from External
2026-04-07 16:23:11,012 - engine - WARNING - Turn 5/2: External is attacking!
2026-04-07 16:23:11,012 - engine - INFO - Opp-Goldfish will draw a card for turn
2026-04-07 16:23:11,012 - engine - INFO - Handling intent 'Action.PASS' for priority event 'PlayerEvent.MAIN_PHASE_EMPTY_STACK' from Opp-Goldfish
2026-04-07 16:23:11,012 - engine - INFO - Handling intent 'Action.PASS' for priority event 'PlayerEvent.DECLARE_ATTACKS' from Opp-Goldfish
2026-04-07 16:23:11,012 - engine - INFO - External will draw a card for turn
2026-04-07 16:23:11,013 - engine - INFO - Handling intent 'Action.PLAY_CARD' for priority event 'PlayerEvent.MAIN_PHASE_EMPTY_STACK' from External
2026-04-07 16:23:11,013 - engine - WARNING - Cards to play: Details are missing. NoOp instead!
2026-04-07 16:23:11,013 - engine - INFO - Handling intent 'Action.ATTACK' for priority event 'PlayerEvent.DECLARE_ATTACKS' from External
2026-04-07 16:23:11,013 - engine - WARNING - Turn 7/2: External is attacking!
2026-04-07 16:23:11,013 - engine - INFO - Opp-Goldfish will draw a card for turn
2026-04-07 16:23:11,013 - engine - INFO - Handling intent 'Action.PASS' for priority event 'PlayerEvent.MAIN_PHASE_EMPTY_STACK' from Opp-Goldfish
2026-04-07 16:23:11,014 - engine - INFO - Handling intent 'Action.PASS' for priority event 'PlayerEvent.DECLARE_ATTACKS' from Opp-Goldfish
2026-04-07 16:23:11,014 - engine - INFO - External will draw a card for turn
2026-04-07 16:23:11,014 - engine - INFO - Handling intent 'Action.PLAY_CARD' for priority event 'PlayerEvent.MAIN_PHASE_EMPTY_STACK' from External
2026-04-07 16:23:11,014 - engine - WARNING - Cards to play: Details are missing. NoOp instead!
2026-04-07 16:23:11,014 - engine - INFO - Handling intent 'Action.ATTACK' for priority event 'PlayerEvent.DECLARE_ATTACKS' from External
2026-04-07 16:23:11,014 - engine - WARNING - Turn 9/2: External is attacking!
2026-04-07 16:23:11,014 - engine - WARNING - Opp-Goldfish died by having 0 or less life.
2026-04-07 16:23:11,014 - engine - INFO - Game ended by death of player(s)
2026-04-07 16:23:11,014 - engine - INFO - External won by survival
2026-04-07 16:23:11,015 - engine - INFO - Setting up the new player Player1
2026-04-07 16:23:11,015 - engine - INFO - Setting up the new player Player2
2026-04-07 16:23:11,016 - engine - INFO - Handling intent 'Action.PASS' for priority event 'PlayerEvent.MAIN_PHASE_EMPTY_STACK' from Opp-Goldfish
2026-04-07 16:23:11,017 - engine - INFO - Handling intent 'Action.PASS' for priority event 'PlayerEvent.DECLARE_ATTACKS' from Opp-Goldfish
2026-04-07 16:23:11,017 - engine - INFO - External will draw a card for turn
2026-04-07 16:23:11,017 - engine - INFO - Handling intent 'Action.PLAY_CARD' for priority event 'PlayerEvent.MAIN_PHASE_EMPTY_STACK' from External
2026-04-07 16:23:11,017 - engine - WARNING - Cards to play: Details are missing. NoOp instead!
2026-04-07 16:23:11,017 - engine - INFO - Handling intent 'Action.ATTACK' for priority event 'PlayerEvent.DECLARE_ATTACKS' from External
2026-04-07 16:23:11,017 - engine - WARNING - Turn 1/2: External is attacking!
2026-04-07 16:23:11,017 - engine - INFO - Opp-Goldfish will draw a card for turn
2026-04-07 16:23:11,017 - engine - INFO - Handling intent 'Action.PASS' for priority event 'PlayerEvent.MAIN_PHASE_EMPTY_STACK' from Opp-Goldfish
2026-04-07 16:23:11,018 - engine - INFO - Handling intent 'Action.PASS' for priority event 'PlayerEvent.DECLARE_ATTACKS' from Opp-Goldfish
2026-04-07 16:23:11,018 - engine - INFO - External will draw a card for turn
2026-04-07 16:23:11,018 - engine - INFO - Handling intent 'Action.PLAY_CARD' for priority event 'PlayerEvent.MAIN_PHASE_EMPTY_STACK' from External
2026-04-07 16:23:11,018 - engine - WARNING - Cards to play: Details are missing. NoOp instead!
2026-04-07 16:23:11,018 - engine - INFO - Handling intent 'Action.ATTACK' for priority event 'PlayerEvent.DECLARE_ATTACKS' from External
2026-04-07 16:23:11,018 - engine - WARNING - Turn 3/2: External is attacking!
2026-04-07 16:23:11,018 - engine - INFO - Opp-Goldfish will draw a card for turn
2026-04-07 16:23:11,019 - engine - INFO - Handling intent 'Action.PASS' for priority event 'PlayerEvent.MAIN_PHASE_EMPTY_STACK' from Opp-Goldfish
2026-04-07 16:23:11,019 - engine - INFO - Handling intent 'Action.PASS' for priority event 'PlayerEvent.DECLARE_ATTACKS' from Opp-Goldfish
2026-04-07 16:23:11,019 - engine - INFO - External will draw a card for turn
2026-04-07 16:23:11,019 - engine - INFO - Handling intent 'Action.PLAY_CARD' for priority event 'PlayerEvent.MAIN_PHASE_EMPTY_STACK' from External
2026-04-07 16:23:11,019 - engine - WARNING - Cards to play: Details are missing. NoOp instead!
2026-04-07 16:23:11,019 - engine - INFO - Handling intent 'Action.ATTACK' for priority event 'PlayerEvent.DECLARE_ATTACKS' from External
2026-04-07 16:23:11,019 - engine - WARNING - Turn 5/2: External is attacking!
2026-04-07 16:23:11,019 - engine - INFO - Opp-Goldfish will draw a card for turn
2026-04-07 16:23:11,020 - engine - INFO - Handling intent 'Action.PASS' for priority event 'PlayerEvent.MAIN_PHASE_EMPTY_STACK' from Opp-Goldfish
2026-04-07 16:23:11,020 - engine - INFO - Handling intent 'Action.PASS' for priority event 'PlayerEvent.DECLARE_ATTACKS' from Opp-Goldfish
2026-04-07 16:23:11,020 - engine - INFO - External will draw a card for turn
2026-04-07 16:23:11,020 - engine - INFO - Handling intent 'Action.PLAY_CARD' for priority event 'PlayerEvent.MAIN_PHASE_EMPTY_STACK' from External
2026-04-07 16:23:11,020 - engine - WARNING - Cards to play: Details are missing. NoOp instead!
2026-04-07 16:23:11,021 - engine - INFO - Handling intent 'Action.ATTACK' for priority event 'PlayerEvent.DECLARE_ATTACKS' from External
2026-04-07 16:23:11,021 - engine - WARNING - Turn 7/2: External is attacking!
2026-04-07 16:23:11,021 - engine - INFO - Opp-Goldfish will draw a card for turn
2026-04-07 16:23:11,021 - engine - INFO - Handling intent 'Action.PASS' for priority event 'PlayerEvent.MAIN_PHASE_EMPTY_STACK' from Opp-Goldfish
2026-04-07 16:23:11,021 - engine - INFO - Handling intent 'Action.PASS' for priority event 'PlayerEvent.DECLARE_ATTACKS' from Opp-Goldfish
2026-04-07 16:23:11,021 - engine - INFO - External will draw a card for turn
2026-04-07 16:23:11,021 - engine - INFO - Handling intent 'Action.PLAY_CARD' for priority event 'PlayerEvent.MAIN_PHASE_EMPTY_STACK' from External
2026-04-07 16:23:11,021 - engine - WARNING - Cards to play: Details are missing. NoOp instead!
2026-04-07 16:23:11,022 - engine - INFO - Handling intent 'Action.ATTACK' for priority event 'PlayerEvent.DECLARE_ATTACKS' from External
2026-04-07 16:23:11,022 - engine - WARNING - Turn 9/2: External is attacking!
2026-04-07 16:23:11,022 - engine - WARNING - Opp-Goldfish died by having 0 or less life.
2026-04-07 16:23:11,022 - engine - INFO - Game ended by death of player(s)
2026-04-07 16:23:11,022 - engine - INFO - External won by survival
2026-04-07 16:23:11,023 - engine - INFO - Setting up the new player Player1
2026-04-07 16:23:11,023 - engine - INFO - Setting up the new player Player2
2026-04-07 16:23:11,024 - engine - INFO - Handling intent 'Action.PASS' for priority event 'PlayerEvent.MAIN_PHASE_EMPTY_STACK' from Opp-Goldfish
2026-04-07 16:23:11,024 - engine - INFO - Handling intent 'Action.PASS' for priority event 'PlayerEvent.DECLARE_ATTACKS' from Opp-Goldfish
2026-04-07 16:23:11,024 - engine - INFO - External will draw a card for turn
2026-04-07 16:23:11,024 - engine - INFO - Handling intent 'Action.PLAY_CARD' for priority event 'PlayerEvent.MAIN_PHASE_EMPTY_STACK' from External
2026-04-07 16:23:11,024 - engine - WARNING - Cards to play: Details are missing. NoOp instead!
2026-04-07 16:23:11,025 - engine - INFO - Handling intent 'Action.ATTACK' for priority event 'PlayerEvent.DECLARE_ATTACKS' from External
2026-04-07 16:23:11,025 - engine - WARNING - Turn 1/2: External is attacking!
2026-04-07 16:23:11,025 - engine - INFO - Opp-Goldfish will draw a card for turn
2026-04-07 16:23:11,025 - engine - INFO - Handling intent 'Action.PASS' for priority event 'PlayerEvent.MAIN_PHASE_EMPTY_STACK' from Opp-Goldfish
2026-04-07 16:23:11,025 - engine - INFO - Handling intent 'Action.PASS' for priority event 'PlayerEvent.DECLARE_ATTACKS' from Opp-Goldfish
2026-04-07 16:23:11,025 - engine - INFO - External will draw a card for turn
2026-04-07 16:23:11,026 - engine - INFO - Handling intent 'Action.PLAY_CARD' for priority event 'PlayerEvent.MAIN_PHASE_EMPTY_STACK' from External
2026-04-07 16:23:11,026 - engine - WARNING - Cards to play: Details are missing. NoOp instead!
2026-04-07 16:23:11,026 - engine - INFO - Handling intent 'Action.ATTACK' for priority event 'PlayerEvent.DECLARE_ATTACKS' from External
2026-04-07 16:23:11,026 - engine - WARNING - Turn 3/2: External is attacking!
2026-04-07 16:23:11,026 - engine - INFO - Opp-Goldfish will draw a card for turn
2026-04-07 16:23:11,026 - engine - INFO - Handling intent 'Action.PASS' for priority event 'PlayerEvent.MAIN_PHASE_EMPTY_STACK' from Opp-Goldfish
2026-04-07 16:23:11,027 - engine - INFO - Handling intent 'Action.PASS' for priority event 'PlayerEvent.DECLARE_ATTACKS' from Opp-Goldfish
2026-04-07 16:23:11,027 - engine - INFO - External will draw a card for turn
2026-04-07 16:23:11,027 - engine - INFO - Handling intent 'Action.PLAY_CARD' for priority event 'PlayerEvent.MAIN_PHASE_EMPTY_STACK' from External
2026-04-07 16:23:11,027 - engine - WARNING - Cards to play: Details are missing. NoOp instead!
2026-04-07 16:23:11,027 - engine - INFO - Handling intent 'Action.ATTACK' for priority event 'PlayerEvent.DECLARE_ATTACKS' from External
2026-04-07 16:23:11,027 - engine - WARNING - Turn 5/2: External is attacking!
2026-04-07 16:23:11,027 - engine - INFO - Opp-Goldfish will draw a card for turn
2026-04-07 16:23:11,027 - engine - INFO - Handling intent 'Action.PASS' for priority event 'PlayerEvent.MAIN_PHASE_EMPTY_STACK' from Opp-Goldfish
2026-04-07 16:23:11,028 - engine - INFO - Handling intent 'Action.PASS' for priority event 'PlayerEvent.DECLARE_ATTACKS' from Opp-Goldfish
2026-04-07 16:23:11,028 - engine - INFO - External will draw a card for turn
2026-04-07 16:23:11,028 - engine - INFO - Handling intent 'Action.PLAY_CARD' for priority event 'PlayerEvent.MAIN_PHASE_EMPTY_STACK' from External
2026-04-07 16:23:11,028 - engine - WARNING - Cards to play: Details are missing. NoOp instead!
2026-04-07 16:23:11,028 - engine - INFO - Handling intent 'Action.ATTACK' for priority event 'PlayerEvent.DECLARE_ATTACKS' from External
2026-04-07 16:23:11,028 - engine - WARNING - Turn 7/2: External is attacking!
2026-04-07 16:23:11,028 - engine - INFO - Opp-Goldfish will draw a card for turn
2026-04-07 16:23:11,028 - engine - INFO - Handling intent 'Action.PASS' for priority event 'PlayerEvent.MAIN_PHASE_EMPTY_STACK' from Opp-Goldfish
2026-04-07 16:23:11,028 - engine - INFO - Handling intent 'Action.PASS' for priority event 'PlayerEvent.DECLARE_ATTACKS' from Opp-Goldfish
2026-04-07 16:23:11,028 - engine - INFO - External will draw a card for turn
2026-04-07 16:23:11,029 - engine - INFO - Handling intent 'Action.PLAY_CARD' for priority event 'PlayerEvent.MAIN_PHASE_EMPTY_STACK' from External
2026-04-07 16:23:11,029 - engine - WARNING - Cards to play: Details are missing. NoOp instead!
2026-04-07 16:23:11,029 - engine - INFO - Handling intent 'Action.ATTACK' for priority event 'PlayerEvent.DECLARE_ATTACKS' from External
2026-04-07 16:23:11,029 - engine - WARNING - Turn 9/2: External is attacking!
2026-04-07 16:23:11,029 - engine - WARNING - Opp-Goldfish died by having 0 or less life.
2026-04-07 16:23:11,029 - engine - INFO - Game ended by death of player(s)
2026-04-07 16:23:11,029 - engine - INFO - External won by survival
2026-04-07 16:23:11,030 - engine - INFO - Setting up the new player Player1
2026-04-07 16:23:11,030 - engine - INFO - Setting up the new player Player2
2026-04-07 16:23:11,031 - engine - INFO - Handling intent 'Action.PASS' for priority event 'PlayerEvent.MAIN_PHASE_EMPTY_STACK' from Opp-Goldfish
2026-04-07 16:23:11,031 - engine - INFO - Handling intent 'Action.PASS' for priority event 'PlayerEvent.DECLARE_ATTACKS' from Opp-Goldfish
2026-04-07 16:23:11,031 - engine - INFO - External will draw a card for turn
2026-04-07 16:23:11,031 - engine - INFO - Handling intent 'Action.PLAY_CARD' for priority event 'PlayerEvent.MAIN_PHASE_EMPTY_STACK' from External
2026-04-07 16:23:11,032 - engine - WARNING - Cards to play: Details are missing. NoOp instead!
2026-04-07 16:23:11,032 - engine - INFO - Handling intent 'Action.ATTACK' for priority event 'PlayerEvent.DECLARE_ATTACKS' from External
2026-04-07 16:23:11,032 - engine - WARNING - Turn 1/2: External is attacking!
2026-04-07 16:23:11,032 - engine - INFO - Opp-Goldfish will draw a card for turn
2026-04-07 16:23:11,032 - engine - INFO - Handling intent 'Action.PASS' for priority event 'PlayerEvent.MAIN_PHASE_EMPTY_STACK' from Opp-Goldfish
2026-04-07 16:23:11,032 - engine - INFO - Handling intent 'Action.PASS' for priority event 'PlayerEvent.DECLARE_ATTACKS' from Opp-Goldfish
2026-04-07 16:23:11,032 - engine - INFO - External will draw a card for turn
2026-04-07 16:23:11,033 - engine - INFO - Handling intent 'Action.PLAY_CARD' for priority event 'PlayerEvent.MAIN_PHASE_EMPTY_STACK' from External
2026-04-07 16:23:11,033 - engine - WARNING - Cards to play: Details are missing. NoOp instead!
2026-04-07 16:23:11,033 - engine - INFO - Handling intent 'Action.ATTACK' for priority event 'PlayerEvent.DECLARE_ATTACKS' from External
2026-04-07 16:23:11,033 - engine - WARNING - Turn 3/2: External is attacking!
2026-04-07 16:23:11,033 - engine - INFO - Opp-Goldfish will draw a card for turn
2026-04-07 16:23:11,034 - engine - INFO - Handling intent 'Action.PASS' for priority event 'PlayerEvent.MAIN_PHASE_EMPTY_STACK' from Opp-Goldfish
2026-04-07 16:23:11,034 - engine - INFO - Handling intent 'Action.PASS' for priority event 'PlayerEvent.DECLARE_ATTACKS' from Opp-Goldfish
2026-04-07 16:23:11,034 - engine - INFO - External will draw a card for turn
2026-04-07 16:23:11,034 - engine - INFO - Handling intent 'Action.PLAY_CARD' for priority event 'PlayerEvent.MAIN_PHASE_EMPTY_STACK' from External
2026-04-07 16:23:11,034 - engine - WARNING - Cards to play: Details are missing. NoOp instead!
2026-04-07 16:23:11,034 - engine - INFO - Handling intent 'Action.ATTACK' for priority event 'PlayerEvent.DECLARE_ATTACKS' from External
2026-04-07 16:23:11,034 - engine - WARNING - Turn 5/2: External is attacking!
2026-04-07 16:23:11,034 - engine - INFO - Opp-Goldfish will draw a card for turn
2026-04-07 16:23:11,034 - engine - INFO - Handling intent 'Action.PASS' for priority event 'PlayerEvent.MAIN_PHASE_EMPTY_STACK' from Opp-Goldfish
2026-04-07 16:23:11,035 - engine - INFO - Handling intent 'Action.PASS' for priority event 'PlayerEvent.DECLARE_ATTACKS' from Opp-Goldfish
2026-04-07 16:23:11,035 - engine - INFO - External will draw a card for turn
2026-04-07 16:23:11,035 - engine - INFO - Handling intent 'Action.PLAY_CARD' for priority event 'PlayerEvent.MAIN_PHASE_EMPTY_STACK' from External
2026-04-07 16:23:11,035 - engine - WARNING - Cards to play: Details are missing. NoOp instead!
2026-04-07 16:23:11,035 - engine - INFO - Handling intent 'Action.ATTACK' for priority event 'PlayerEvent.DECLARE_ATTACKS' from External
2026-04-07 16:23:11,035 - engine - WARNING - Turn 7/2: External is attacking!
2026-04-07 16:23:11,035 - engine - INFO - Opp-Goldfish will draw a card for turn
2026-04-07 16:23:11,035 - engine - INFO - Handling intent 'Action.PASS' for priority event 'PlayerEvent.MAIN_PHASE_EMPTY_STACK' from Opp-Goldfish
2026-04-07 16:23:11,035 - engine - INFO - Handling intent 'Action.PASS' for priority event 'PlayerEvent.DECLARE_ATTACKS' from Opp-Goldfish
2026-04-07 16:23:11,036 - engine - INFO - External will draw a card for turn
2026-04-07 16:23:11,036 - engine - INFO - Handling intent 'Action.PLAY_CARD' for priority event 'PlayerEvent.MAIN_PHASE_EMPTY_STACK' from External
2026-04-07 16:23:11,036 - engine - WARNING - Cards to play: Details are missing. NoOp instead!
2026-04-07 16:23:11,036 - engine - INFO - Handling intent 'Action.ATTACK' for priority event 'PlayerEvent.DECLARE_ATTACKS' from External
2026-04-07 16:23:11,036 - engine - WARNING - Turn 9/2: External is attacking!
2026-04-07 16:23:11,036 - engine - WARNING - Opp-Goldfish died by having 0 or less life.
2026-04-07 16:23:11,036 - engine - INFO - Game ended by death of player(s)
2026-04-07 16:23:11,036 - engine - INFO - External won by survival
2026-04-07 16:23:11,037 - engine - INFO - Setting up the new player Player1
2026-04-07 16:23:11,037 - engine - INFO - Setting up the new player Player2
2026-04-07 16:23:11,038 - engine - INFO - Handling intent 'Action.PASS' for priority event 'PlayerEvent.MAIN_PHASE_EMPTY_STACK' from Opp-Goldfish
2026-04-07 16:23:11,038 - engine - INFO - Handling intent 'Action.PASS' for priority event 'PlayerEvent.DECLARE_ATTACKS' from Opp-Goldfish
2026-04-07 16:23:11,038 - engine - INFO - External will draw a card for turn
2026-04-07 16:23:11,038 - engine - INFO - Handling intent 'Action.PLAY_CARD' for priority event 'PlayerEvent.MAIN_PHASE_EMPTY_STACK' from External
2026-04-07 16:23:11,038 - engine - WARNING - Cards to play: Details are missing. NoOp instead!
2026-04-07 16:23:11,038 - engine - INFO - Handling intent 'Action.ATTACK' for priority event 'PlayerEvent.DECLARE_ATTACKS' from External
2026-04-07 16:23:11,038 - engine - WARNING - Turn 1/2: External is attacking!
2026-04-07 16:23:11,039 - engine - INFO - Opp-Goldfish will draw a card for turn
2026-04-07 16:23:11,039 - engine - INFO - Handling intent 'Action.PASS' for priority event 'PlayerEvent.MAIN_PHASE_EMPTY_STACK' from Opp-Goldfish
2026-04-07 16:23:11,039 - engine - INFO - Handling intent 'Action.PASS' for priority event 'PlayerEvent.DECLARE_ATTACKS' from Opp-Goldfish
2026-04-07 16:23:11,039 - engine - INFO - External will draw a card for turn
2026-04-07 16:23:11,039 - engine - INFO - Handling intent 'Action.PLAY_CARD' for priority event 'PlayerEvent.MAIN_PHASE_EMPTY_STACK' from External
2026-04-07 16:23:11,039 - engine - WARNING - Cards to play: Details are missing. NoOp instead!
2026-04-07 16:23:11,039 - engine - INFO - Handling intent 'Action.ATTACK' for priority event 'PlayerEvent.DECLARE_ATTACKS' from External
2026-04-07 16:23:11,039 - engine - WARNING - Turn 3/2: External is attacking!
2026-04-07 16:23:11,039 - engine - INFO - Opp-Goldfish will draw a card for turn
2026-04-07 16:23:11,040 - engine - INFO - Handling intent 'Action.PASS' for priority event 'PlayerEvent.MAIN_PHASE_EMPTY_STACK' from Opp-Goldfish
2026-04-07 16:23:11,040 - engine - INFO - Handling intent 'Action.PASS' for priority event 'PlayerEvent.DECLARE_ATTACKS' from Opp-Goldfish
2026-04-07 16:23:11,040 - engine - INFO - External will draw a card for turn
2026-04-07 16:23:11,040 - engine - INFO - Handling intent 'Action.PLAY_CARD' for priority event 'PlayerEvent.MAIN_PHASE_EMPTY_STACK' from External
2026-04-07 16:23:11,040 - engine - WARNING - Cards to play: Details are missing. NoOp instead!
2026-04-07 16:23:11,040 - engine - INFO - Handling intent 'Action.ATTACK' for priority event 'PlayerEvent.DECLARE_ATTACKS' from External
2026-04-07 16:23:11,040 - engine - WARNING - Turn 5/2: External is attacking!
2026-04-07 16:23:11,040 - engine - INFO - Opp-Goldfish will draw a card for turn
2026-04-07 16:23:11,040 - engine - INFO - Handling intent 'Action.PASS' for priority event 'PlayerEvent.MAIN_PHASE_EMPTY_STACK' from Opp-Goldfish
2026-04-07 16:23:11,040 - engine - INFO - Handling intent 'Action.PASS' for priority event 'PlayerEvent.DECLARE_ATTACKS' from Opp-Goldfish
2026-04-07 16:23:11,040 - engine - INFO - External will draw a card for turn
2026-04-07 16:23:11,041 - engine - INFO - Handling intent 'Action.PLAY_CARD' for priority event 'PlayerEvent.MAIN_PHASE_EMPTY_STACK' from External
2026-04-07 16:23:11,041 - engine - WARNING - Cards to play: Details are missing. NoOp instead!
2026-04-07 16:23:11,041 - engine - INFO - Handling intent 'Action.ATTACK' for priority event 'PlayerEvent.DECLARE_ATTACKS' from External
2026-04-07 16:23:11,041 - engine - WARNING - Turn 7/2: External is attacking!
2026-04-07 16:23:11,041 - engine - INFO - Opp-Goldfish will draw a card for turn
2026-04-07 16:23:11,041 - engine - INFO - Handling intent 'Action.PASS' for priority event 'PlayerEvent.MAIN_PHASE_EMPTY_STACK' from Opp-Goldfish
2026-04-07 16:23:11,041 - engine - INFO - Handling intent 'Action.PASS' for priority event 'PlayerEvent.DECLARE_ATTACKS' from Opp-Goldfish
2026-04-07 16:23:11,041 - engine - INFO - External will draw a card for turn
2026-04-07 16:23:11,042 - engine - INFO - Handling intent 'Action.PLAY_CARD' for priority event 'PlayerEvent.MAIN_PHASE_EMPTY_STACK' from External
2026-04-07 16:23:11,042 - engine - WARNING - Cards to play: Details are missing. NoOp instead!
2026-04-07 16:23:11,042 - engine - INFO - Handling intent 'Action.ATTACK' for priority event 'PlayerEvent.DECLARE_ATTACKS' from External
2026-04-07 16:23:11,042 - engine - WARNING - Turn 9/2: External is attacking!
2026-04-07 16:23:11,042 - engine - WARNING - Opp-Goldfish died by having 0 or less life.
2026-04-07 16:23:11,042 - engine - INFO - Game ended by death of player(s)
2026-04-07 16:23:11,042 - engine - INFO - External won by survival
2026-04-07 16:23:11,043 - engine - INFO - Setting up the new player Player1
2026-04-07 16:23:11,043 - engine - INFO - Setting up the new player Player2
2026-04-07 16:23:11,044 - engine - INFO - Handling intent 'Action.PASS' for priority event 'PlayerEvent.MAIN_PHASE_EMPTY_STACK' from Opp-Goldfish
2026-04-07 16:23:11,044 - engine - INFO - Handling intent 'Action.PASS' for priority event 'PlayerEvent.DECLARE_ATTACKS' from Opp-Goldfish
2026-04-07 16:23:11,044 - engine - INFO - External will draw a card for turn
2026-04-07 16:23:11,044 - engine - INFO - Handling intent 'Action.PLAY_CARD' for priority event 'PlayerEvent.MAIN_PHASE_EMPTY_STACK' from External
2026-04-07 16:23:11,045 - engine - WARNING - Cards to play: Details are missing. NoOp instead!
2026-04-07 16:23:11,045 - engine - INFO - Handling intent 'Action.ATTACK' for priority event 'PlayerEvent.DECLARE_ATTACKS' from External
2026-04-07 16:23:11,045 - engine - WARNING - Turn 1/2: External is attacking!
2026-04-07 16:23:11,045 - engine - INFO - Opp-Goldfish will draw a card for turn
2026-04-07 16:23:11,045 - engine - INFO - Handling intent 'Action.PASS' for priority event 'PlayerEvent.MAIN_PHASE_EMPTY_STACK' from Opp-Goldfish
2026-04-07 16:23:11,045 - engine - INFO - Handling intent 'Action.PASS' for priority event 'PlayerEvent.DECLARE_ATTACKS' from Opp-Goldfish
2026-04-07 16:23:11,045 - engine - INFO - External will draw a card for turn
2026-04-07 16:23:11,046 - engine - INFO - Handling intent 'Action.PLAY_CARD' for priority event 'PlayerEvent.MAIN_PHASE_EMPTY_STACK' from External
2026-04-07 16:23:11,046 - engine - WARNING - Cards to play: Details are missing. NoOp instead!
2026-04-07 16:23:11,046 - engine - INFO - Handling intent 'Action.ATTACK' for priority event 'PlayerEvent.DECLARE_ATTACKS' from External
2026-04-07 16:23:11,046 - engine - WARNING - Turn 3/2: External is attacking!
2026-04-07 16:23:11,046 - engine - INFO - Opp-Goldfish will draw a card for turn
2026-04-07 16:23:11,047 - engine - INFO - Handling intent 'Action.PASS' for priority event 'PlayerEvent.MAIN_PHASE_EMPTY_STACK' from Opp-Goldfish
2026-04-07 16:23:11,047 - engine - INFO - Handling intent 'Action.PASS' for priority event 'PlayerEvent.DECLARE_ATTACKS' from Opp-Goldfish
2026-04-07 16:23:11,047 - engine - INFO - External will draw a card for turn
2026-04-07 16:23:11,047 - engine - INFO - Handling intent 'Action.PLAY_CARD' for priority event 'PlayerEvent.MAIN_PHASE_EMPTY_STACK' from External
2026-04-07 16:23:11,048 - engine - WARNING - Cards to play: Details are missing. NoOp instead!
2026-04-07 16:23:11,048 - engine - INFO - Handling intent 'Action.ATTACK' for priority event 'PlayerEvent.DECLARE_ATTACKS' from External
2026-04-07 16:23:11,048 - engine - WARNING - Turn 5/2: External is attacking!
2026-04-07 16:23:11,048 - engine - INFO - Opp-Goldfish will draw a card for turn
2026-04-07 16:23:11,048 - engine - INFO - Handling intent 'Action.PASS' for priority event 'PlayerEvent.MAIN_PHASE_EMPTY_STACK' from Opp-Goldfish
2026-04-07 16:23:11,048 - engine - INFO - Handling intent 'Action.PASS' for priority event 'PlayerEvent.DECLARE_ATTACKS' from Opp-Goldfish
2026-04-07 16:23:11,048 - engine - INFO - External will draw a card for turn
2026-04-07 16:23:11,049 - engine - INFO - Handling intent 'Action.PLAY_CARD' for priority event 'PlayerEvent.MAIN_PHASE_EMPTY_STACK' from External
2026-04-07 16:23:11,049 - engine - WARNING - Cards to play: Details are missing. NoOp instead!
2026-04-07 16:23:11,049 - engine - INFO - Handling intent 'Action.PASS' for priority event 'PlayerEvent.DECLARE_ATTACKS' from External
2026-04-07 16:23:11,049 - engine - INFO - Opp-Goldfish will draw a card for turn
2026-04-07 16:23:11,050 - engine - INFO - Handling intent 'Action.PASS' for priority event 'PlayerEvent.MAIN_PHASE_EMPTY_STACK' from Opp-Goldfish
2026-04-07 16:23:11,050 - engine - INFO - Handling intent 'Action.PASS' for priority event 'PlayerEvent.DECLARE_ATTACKS' from Opp-Goldfish
2026-04-07 16:23:11,050 - engine - INFO - External will draw a card for turn
2026-04-07 16:23:11,050 - engine - INFO - Handling intent 'Action.PLAY_CARD' for priority event 'PlayerEvent.MAIN_PHASE_EMPTY_STACK' from External
2026-04-07 16:23:11,050 - engine - WARNING - Cards to play: Details are missing. NoOp instead!
2026-04-07 16:23:11,051 - engine - INFO - Handling intent 'Action.ATTACK' for priority event 'PlayerEvent.DECLARE_ATTACKS' from External
2026-04-07 16:23:11,051 - engine - WARNING - Turn 9/2: External is attacking!
2026-04-07 16:23:11,051 - engine - INFO - Opp-Goldfish will draw a card for turn
2026-04-07 16:23:11,051 - engine - INFO - Handling intent 'Action.PASS' for priority event 'PlayerEvent.MAIN_PHASE_EMPTY_STACK' from Opp-Goldfish
2026-04-07 16:23:11,051 - engine - INFO - Handling intent 'Action.PASS' for priority event 'PlayerEvent.DECLARE_ATTACKS' from Opp-Goldfish
2026-04-07 16:23:11,051 - engine - INFO - External will draw a card for turn
2026-04-07 16:23:11,052 - engine - INFO - Handling intent 'Action.PLAY_CARD' for priority event 'PlayerEvent.MAIN_PHASE_EMPTY_STACK' from External
2026-04-07 16:23:11,052 - engine - WARNING - Cards to play: Details are missing. NoOp instead!
2026-04-07 16:23:11,052 - engine - INFO - Handling intent 'Action.PASS' for priority event 'PlayerEvent.DECLARE_ATTACKS' from External
2026-04-07 16:23:11,052 - engine - INFO - Opp-Goldfish will draw a card for turn
2026-04-07 16:23:11,052 - engine - INFO - Handling intent 'Action.PASS' for priority event 'PlayerEvent.MAIN_PHASE_EMPTY_STACK' from Opp-Goldfish
2026-04-07 16:23:11,052 - engine - INFO - Handling intent 'Action.PASS' for priority event 'PlayerEvent.DECLARE_ATTACKS' from Opp-Goldfish
2026-04-07 16:23:11,052 - engine - INFO - External will draw a card for turn
2026-04-07 16:23:11,053 - engine - INFO - Handling intent 'Action.PLAY_CARD' for priority event 'PlayerEvent.MAIN_PHASE_EMPTY_STACK' from External
2026-04-07 16:23:11,053 - engine - WARNING - Cards to play: Details are missing. NoOp instead!
2026-04-07 16:23:11,053 - engine - INFO - Handling intent 'Action.PASS' for priority event 'PlayerEvent.DECLARE_ATTACKS' from External
2026-04-07 16:23:11,053 - engine - INFO - Opp-Goldfish will draw a card for turn
2026-04-07 16:23:11,053 - engine - INFO - Handling intent 'Action.PASS' for priority event 'PlayerEvent.MAIN_PHASE_EMPTY_STACK' from Opp-Goldfish
2026-04-07 16:23:11,054 - engine - INFO - Handling intent 'Action.PASS' for priority event 'PlayerEvent.DECLARE_ATTACKS' from Opp-Goldfish
2026-04-07 16:23:11,054 - engine - INFO - External will draw a card for turn
2026-04-07 16:23:11,054 - engine - INFO - Handling intent 'Action.PLAY_CARD' for priority event 'PlayerEvent.MAIN_PHASE_EMPTY_STACK' from External
2026-04-07 16:23:11,054 - engine - WARNING - Cards to play: Details are missing. NoOp instead!
2026-04-07 16:23:11,055 - engine - INFO - Handling intent 'Action.ATTACK' for priority event 'PlayerEvent.DECLARE_ATTACKS' from External
2026-04-07 16:23:11,055 - engine - WARNING - Turn 15/2: External is attacking!
2026-04-07 16:23:11,055 - engine - WARNING - Opp-Goldfish died by having 0 or less life.
2026-04-07 16:23:11,055 - engine - INFO - Game ended by death of player(s)
2026-04-07 16:23:11,055 - engine - INFO - External won by survival
2026-04-07 16:23:11,056 - engine - INFO - Setting up the new player Player1
2026-04-07 16:23:11,056 - engine - INFO - Setting up the new player Player2
2026-04-07 16:23:11,057 - engine - INFO - Handling intent 'Action.PASS' for priority event 'PlayerEvent.MAIN_PHASE_EMPTY_STACK' from Opp-Goldfish
2026-04-07 16:23:11,057 - engine - INFO - Handling intent 'Action.PASS' for priority event 'PlayerEvent.DECLARE_ATTACKS' from Opp-Goldfish
2026-04-07 16:23:11,057 - engine - INFO - External will draw a card for turn
2026-04-07 16:23:11,057 - engine - INFO - Handling intent 'Action.PLAY_CARD' for priority event 'PlayerEvent.MAIN_PHASE_EMPTY_STACK' from External
2026-04-07 16:23:11,057 - engine - WARNING - Cards to play: Details are missing. NoOp instead!
2026-04-07 16:23:11,058 - engine - INFO - Handling intent 'Action.ATTACK' for priority event 'PlayerEvent.DECLARE_ATTACKS' from External
2026-04-07 16:23:11,058 - engine - WARNING - Turn 1/2: External is attacking!
2026-04-07 16:23:11,058 - engine - INFO - Opp-Goldfish will draw a card for turn
2026-04-07 16:23:11,058 - engine - INFO - Handling intent 'Action.PASS' for priority event 'PlayerEvent.MAIN_PHASE_EMPTY_STACK' from Opp-Goldfish
2026-04-07 16:23:11,058 - engine - INFO - Handling intent 'Action.PASS' for priority event 'PlayerEvent.DECLARE_ATTACKS' from Opp-Goldfish
2026-04-07 16:23:11,058 - engine - INFO - External will draw a card for turn
2026-04-07 16:23:11,058 - engine - INFO - Handling intent 'Action.PLAY_CARD' for priority event 'PlayerEvent.MAIN_PHASE_EMPTY_STACK' from External
2026-04-07 16:23:11,058 - engine - WARNING - Cards to play: Details are missing. NoOp instead!
2026-04-07 16:23:11,059 - engine - INFO - Handling intent 'Action.ATTACK' for priority event 'PlayerEvent.DECLARE_ATTACKS' from External
2026-04-07 16:23:11,059 - engine - WARNING - Turn 3/2: External is attacking!
2026-04-07 16:23:11,059 - engine - INFO - Opp-Goldfish will draw a card for turn
2026-04-07 16:23:11,059 - engine - INFO - Handling intent 'Action.PASS' for priority event 'PlayerEvent.MAIN_PHASE_EMPTY_STACK' from Opp-Goldfish
2026-04-07 16:23:11,059 - engine - INFO - Handling intent 'Action.PASS' for priority event 'PlayerEvent.DECLARE_ATTACKS' from Opp-Goldfish
2026-04-07 16:23:11,059 - engine - INFO - External will draw a card for turn
2026-04-07 16:23:11,059 - engine - INFO - Handling intent 'Action.PLAY_CARD' for priority event 'PlayerEvent.MAIN_PHASE_EMPTY_STACK' from External
2026-04-07 16:23:11,059 - engine - WARNING - Cards to play: Details are missing. NoOp instead!
2026-04-07 16:23:11,060 - engine - INFO - Handling intent 'Action.ATTACK' for priority event 'PlayerEvent.DECLARE_ATTACKS' from External
2026-04-07 16:23:11,060 - engine - WARNING - Turn 5/2: External is attacking!
2026-04-07 16:23:11,060 - engine - INFO - Opp-Goldfish will draw a card for turn
2026-04-07 16:23:11,060 - engine - INFO - Handling intent 'Action.PASS' for priority event 'PlayerEvent.MAIN_PHASE_EMPTY_STACK' from Opp-Goldfish
2026-04-07 16:23:11,060 - engine - INFO - Handling intent 'Action.PASS' for priority event 'PlayerEvent.DECLARE_ATTACKS' from Opp-Goldfish
2026-04-07 16:23:11,060 - engine - INFO - External will draw a card for turn
2026-04-07 16:23:11,060 - engine - INFO - Handling intent 'Action.PLAY_CARD' for priority event 'PlayerEvent.MAIN_PHASE_EMPTY_STACK' from External
2026-04-07 16:23:11,060 - engine - WARNING - Cards to play: Details are missing. NoOp instead!
2026-04-07 16:23:11,061 - engine - INFO - Handling intent 'Action.ATTACK' for priority event 'PlayerEvent.DECLARE_ATTACKS' from External
2026-04-07 16:23:11,061 - engine - WARNING - Turn 7/2: External is attacking!
2026-04-07 16:23:11,061 - engine - INFO - Opp-Goldfish will draw a card for turn
2026-04-07 16:23:11,061 - engine - INFO - Handling intent 'Action.PASS' for priority event 'PlayerEvent.MAIN_PHASE_EMPTY_STACK' from Opp-Goldfish
2026-04-07 16:23:11,061 - engine - INFO - Handling intent 'Action.PASS' for priority event 'PlayerEvent.DECLARE_ATTACKS' from Opp-Goldfish
2026-04-07 16:23:11,061 - engine - INFO - External will draw a card for turn
2026-04-07 16:23:11,062 - engine - INFO - Handling intent 'Action.PLAY_CARD' for priority event 'PlayerEvent.MAIN_PHASE_EMPTY_STACK' from External
2026-04-07 16:23:11,062 - engine - WARNING - Cards to play: Details are missing. NoOp instead!
2026-04-07 16:23:11,062 - engine - INFO - Handling intent 'Action.ATTACK' for priority event 'PlayerEvent.DECLARE_ATTACKS' from External
2026-04-07 16:23:11,062 - engine - WARNING - Turn 9/2: External is attacking!
2026-04-07 16:23:11,062 - engine - WARNING - Opp-Goldfish died by having 0 or less life.
2026-04-07 16:23:11,062 - engine - INFO - Game ended by death of player(s)
2026-04-07 16:23:11,062 - engine - INFO - External won by survival
2026-04-07 16:23:11,062 - engine - INFO - Setting up the new player Player1
2026-04-07 16:23:11,063 - engine - INFO - Setting up the new player Player2
2026-04-07 16:23:11,064 - engine - INFO - Handling intent 'Action.PASS' for priority event 'PlayerEvent.MAIN_PHASE_EMPTY_STACK' from Opp-Goldfish
2026-04-07 16:23:11,064 - engine - INFO - Handling intent 'Action.PASS' for priority event 'PlayerEvent.DECLARE_ATTACKS' from Opp-Goldfish
2026-04-07 16:23:11,064 - engine - INFO - External will draw a card for turn
2026-04-07 16:23:11,065 - engine - INFO - Handling intent 'Action.PLAY_CARD' for priority event 'PlayerEvent.MAIN_PHASE_EMPTY_STACK' from External
2026-04-07 16:23:11,065 - engine - WARNING - Cards to play: Details are missing. NoOp instead!
2026-04-07 16:23:11,065 - engine - INFO - Handling intent 'Action.ATTACK' for priority event 'PlayerEvent.DECLARE_ATTACKS' from External
2026-04-07 16:23:11,065 - engine - WARNING - Turn 1/2: External is attacking!
2026-04-07 16:23:11,065 - engine - INFO - Opp-Goldfish will draw a card for turn
2026-04-07 16:23:11,065 - engine - INFO - Handling intent 'Action.PASS' for priority event 'PlayerEvent.MAIN_PHASE_EMPTY_STACK' from Opp-Goldfish
2026-04-07 16:23:11,066 - engine - INFO - Handling intent 'Action.PASS' for priority event 'PlayerEvent.DECLARE_ATTACKS' from Opp-Goldfish
2026-04-07 16:23:11,066 - engine - INFO - External will draw a card for turn
2026-04-07 16:23:11,067 - engine - INFO - Handling intent 'Action.PLAY_CARD' for priority event 'PlayerEvent.MAIN_PHASE_EMPTY_STACK' from External
2026-04-07 16:23:11,067 - engine - WARNING - Cards to play: Details are missing. NoOp instead!
2026-04-07 16:23:11,067 - engine - INFO - Handling intent 'Action.ATTACK' for priority event 'PlayerEvent.DECLARE_ATTACKS' from External
2026-04-07 16:23:11,067 - engine - WARNING - Turn 3/2: External is attacking!
2026-04-07 16:23:11,067 - engine - INFO - Opp-Goldfish will draw a card for turn
2026-04-07 16:23:11,068 - engine - INFO - Handling intent 'Action.PASS' for priority event 'PlayerEvent.MAIN_PHASE_EMPTY_STACK' from Opp-Goldfish
2026-04-07 16:23:11,068 - engine - INFO - Handling intent 'Action.PASS' for priority event 'PlayerEvent.DECLARE_ATTACKS' from Opp-Goldfish
2026-04-07 16:23:11,068 - engine - INFO - External will draw a card for turn
2026-04-07 16:23:11,068 - engine - INFO - Handling intent 'Action.PLAY_CARD' for priority event 'PlayerEvent.MAIN_PHASE_EMPTY_STACK' from External
2026-04-07 16:23:11,068 - engine - WARNING - Cards to play: Details are missing. NoOp instead!
2026-04-07 16:23:11,069 - engine - INFO - Handling intent 'Action.ATTACK' for priority event 'PlayerEvent.DECLARE_ATTACKS' from External
2026-04-07 16:23:11,069 - engine - WARNING - Turn 5/2: External is attacking!
2026-04-07 16:23:11,069 - engine - INFO - Opp-Goldfish will draw a card for turn
2026-04-07 16:23:11,069 - engine - INFO - Handling intent 'Action.PASS' for priority event 'PlayerEvent.MAIN_PHASE_EMPTY_STACK' from Opp-Goldfish
2026-04-07 16:23:11,069 - engine - INFO - Handling intent 'Action.PASS' for priority event 'PlayerEvent.DECLARE_ATTACKS' from Opp-Goldfish
2026-04-07 16:23:11,069 - engine - INFO - External will draw a card for turn
2026-04-07 16:23:11,069 - engine - INFO - Handling intent 'Action.PLAY_CARD' for priority event 'PlayerEvent.MAIN_PHASE_EMPTY_STACK' from External
2026-04-07 16:23:11,069 - engine - WARNING - Cards to play: Details are missing. NoOp instead!
2026-04-07 16:23:11,070 - engine - INFO - Handling intent 'Action.ATTACK' for priority event 'PlayerEvent.DECLARE_ATTACKS' from External
2026-04-07 16:23:11,070 - engine - WARNING - Turn 7/2: External is attacking!
2026-04-07 16:23:11,070 - engine - INFO - Opp-Goldfish will draw a card for turn
2026-04-07 16:23:11,070 - engine - INFO - Handling intent 'Action.PASS' for priority event 'PlayerEvent.MAIN_PHASE_EMPTY_STACK' from Opp-Goldfish
2026-04-07 16:23:11,070 - engine - INFO - Handling intent 'Action.PASS' for priority event 'PlayerEvent.DECLARE_ATTACKS' from Opp-Goldfish
2026-04-07 16:23:11,070 - engine - INFO - External will draw a card for turn
2026-04-07 16:23:11,071 - engine - INFO - Handling intent 'Action.PLAY_CARD' for priority event 'PlayerEvent.MAIN_PHASE_EMPTY_STACK' from External
2026-04-07 16:23:11,071 - engine - WARNING - Cards to play: Details are missing. NoOp instead!
2026-04-07 16:23:11,071 - engine - INFO - Handling intent 'Action.ATTACK' for priority event 'PlayerEvent.DECLARE_ATTACKS' from External
2026-04-07 16:23:11,071 - engine - WARNING - Turn 9/2: External is attacking!
2026-04-07 16:23:11,071 - engine - WARNING - Opp-Goldfish died by having 0 or less life.
2026-04-07 16:23:11,071 - engine - INFO - Game ended by death of player(s)
2026-04-07 16:23:11,071 - engine - INFO - External won by survival
2026-04-07 16:23:11,072 - engine - INFO - Setting up the new player Player1
2026-04-07 16:23:11,072 - engine - INFO - Setting up the new player Player2
2026-04-07 16:23:11,073 - engine - INFO - Handling intent 'Action.PASS' for priority event 'PlayerEvent.MAIN_PHASE_EMPTY_STACK' from Opp-Goldfish
2026-04-07 16:23:11,073 - engine - INFO - Handling intent 'Action.PASS' for priority event 'PlayerEvent.DECLARE_ATTACKS' from Opp-Goldfish
2026-04-07 16:23:11,073 - engine - INFO - External will draw a card for turn
2026-04-07 16:23:11,073 - engine - INFO - Handling intent 'Action.PLAY_CARD' for priority event 'PlayerEvent.MAIN_PHASE_EMPTY_STACK' from External
2026-04-07 16:23:11,073 - engine - WARNING - Cards to play: Details are missing. NoOp instead!
2026-04-07 16:23:11,073 - engine - INFO - Handling intent 'Action.ATTACK' for priority event 'PlayerEvent.DECLARE_ATTACKS' from External
2026-04-07 16:23:11,074 - engine - WARNING - Turn 1/2: External is attacking!
2026-04-07 16:23:11,074 - engine - INFO - Opp-Goldfish will draw a card for turn
2026-04-07 16:23:11,074 - engine - INFO - Handling intent 'Action.PASS' for priority event 'PlayerEvent.MAIN_PHASE_EMPTY_STACK' from Opp-Goldfish
2026-04-07 16:23:11,074 - engine - INFO - Handling intent 'Action.PASS' for priority event 'PlayerEvent.DECLARE_ATTACKS' from Opp-Goldfish
2026-04-07 16:23:11,074 - engine - INFO - External will draw a card for turn
2026-04-07 16:23:11,074 - engine - INFO - Handling intent 'Action.PLAY_CARD' for priority event 'PlayerEvent.MAIN_PHASE_EMPTY_STACK' from External
2026-04-07 16:23:11,074 - engine - WARNING - Cards to play: Details are missing. NoOp instead!
2026-04-07 16:23:11,075 - engine - INFO - Handling intent 'Action.ATTACK' for priority event 'PlayerEvent.DECLARE_ATTACKS' from External
2026-04-07 16:23:11,075 - engine - WARNING - Turn 3/2: External is attacking!
2026-04-07 16:23:11,075 - engine - INFO - Opp-Goldfish will draw a card for turn
2026-04-07 16:23:11,075 - engine - INFO - Handling intent 'Action.PASS' for priority event 'PlayerEvent.MAIN_PHASE_EMPTY_STACK' from Opp-Goldfish
2026-04-07 16:23:11,075 - engine - INFO - Handling intent 'Action.PASS' for priority event 'PlayerEvent.DECLARE_ATTACKS' from Opp-Goldfish
2026-04-07 16:23:11,075 - engine - INFO - External will draw a card for turn
2026-04-07 16:23:11,075 - engine - INFO - Handling intent 'Action.PLAY_CARD' for priority event 'PlayerEvent.MAIN_PHASE_EMPTY_STACK' from External
2026-04-07 16:23:11,075 - engine - WARNING - Cards to play: Details are missing. NoOp instead!
2026-04-07 16:23:11,076 - engine - INFO - Handling intent 'Action.ATTACK' for priority event 'PlayerEvent.DECLARE_ATTACKS' from External
2026-04-07 16:23:11,076 - engine - WARNING - Turn 5/2: External is attacking!
2026-04-07 16:23:11,076 - engine - INFO - Opp-Goldfish will draw a card for turn
2026-04-07 16:23:11,076 - engine - INFO - Handling intent 'Action.PASS' for priority event 'PlayerEvent.MAIN_PHASE_EMPTY_STACK' from Opp-Goldfish
2026-04-07 16:23:11,076 - engine - INFO - Handling intent 'Action.PASS' for priority event 'PlayerEvent.DECLARE_ATTACKS' from Opp-Goldfish
2026-04-07 16:23:11,076 - engine - INFO - External will draw a card for turn
2026-04-07 16:23:11,076 - engine - INFO - Handling intent 'Action.PLAY_CARD' for priority event 'PlayerEvent.MAIN_PHASE_EMPTY_STACK' from External
2026-04-07 16:23:11,076 - engine - WARNING - Cards to play: Details are missing. NoOp instead!
2026-04-07 16:23:11,077 - engine - INFO - Handling intent 'Action.ATTACK' for priority event 'PlayerEvent.DECLARE_ATTACKS' from External
2026-04-07 16:23:11,077 - engine - WARNING - Turn 7/2: External is attacking!
2026-04-07 16:23:11,077 - engine - INFO - Opp-Goldfish will draw a card for turn
2026-04-07 16:23:11,077 - engine - INFO - Handling intent 'Action.PASS' for priority event 'PlayerEvent.MAIN_PHASE_EMPTY_STACK' from Opp-Goldfish
2026-04-07 16:23:11,077 - engine - INFO - Handling intent 'Action.PASS' for priority event 'PlayerEvent.DECLARE_ATTACKS' from Opp-Goldfish
2026-04-07 16:23:11,077 - engine - INFO - External will draw a card for turn
2026-04-07 16:23:11,077 - engine - INFO - Handling intent 'Action.PLAY_CARD' for priority event 'PlayerEvent.MAIN_PHASE_EMPTY_STACK' from External
2026-04-07 16:23:11,077 - engine - WARNING - Cards to play: Details are missing. NoOp instead!
2026-04-07 16:23:11,077 - engine - INFO - Handling intent 'Action.ATTACK' for priority event 'PlayerEvent.DECLARE_ATTACKS' from External
2026-04-07 16:23:11,078 - engine - WARNING - Turn 9/2: External is attacking!
2026-04-07 16:23:11,078 - engine - WARNING - Opp-Goldfish died by having 0 or less life.
2026-04-07 16:23:11,078 - engine - INFO - Game ended by death of player(s)
2026-04-07 16:23:11,078 - engine - INFO - External won by survival
2026-04-07 16:23:11,078 - engine - INFO - Setting up the new player Player1
2026-04-07 16:23:11,078 - engine - INFO - Setting up the new player Player2
2026-04-07 16:23:11,079 - engine - INFO - Handling intent 'Action.PASS' for priority event 'PlayerEvent.MAIN_PHASE_EMPTY_STACK' from Opp-Goldfish
2026-04-07 16:23:11,080 - engine - INFO - Handling intent 'Action.PASS' for priority event 'PlayerEvent.DECLARE_ATTACKS' from Opp-Goldfish
2026-04-07 16:23:11,080 - engine - INFO - External will draw a card for turn
2026-04-07 16:23:11,080 - engine - INFO - Handling intent 'Action.PLAY_CARD' for priority event 'PlayerEvent.MAIN_PHASE_EMPTY_STACK' from External
2026-04-07 16:23:11,080 - engine - WARNING - Cards to play: Details are missing. NoOp instead!
2026-04-07 16:23:11,081 - engine - INFO - Handling intent 'Action.ATTACK' for priority event 'PlayerEvent.DECLARE_ATTACKS' from External
2026-04-07 16:23:11,081 - engine - WARNING - Turn 1/2: External is attacking!
2026-04-07 16:23:11,081 - engine - INFO - Opp-Goldfish will draw a card for turn
2026-04-07 16:23:11,081 - engine - INFO - Handling intent 'Action.PASS' for priority event 'PlayerEvent.MAIN_PHASE_EMPTY_STACK' from Opp-Goldfish
2026-04-07 16:23:11,081 - engine - INFO - Handling intent 'Action.PASS' for priority event 'PlayerEvent.DECLARE_ATTACKS' from Opp-Goldfish
2026-04-07 16:23:11,081 - engine - INFO - External will draw a card for turn
2026-04-07 16:23:11,082 - engine - INFO - Handling intent 'Action.PLAY_CARD' for priority event 'PlayerEvent.MAIN_PHASE_EMPTY_STACK' from External
2026-04-07 16:23:11,082 - engine - WARNING - Cards to play: Details are missing. NoOp instead!
2026-04-07 16:23:11,082 - engine - INFO - Handling intent 'Action.ATTACK' for priority event 'PlayerEvent.DECLARE_ATTACKS' from External
2026-04-07 16:23:11,082 - engine - WARNING - Turn 3/2: External is attacking!
2026-04-07 16:23:11,082 - engine - INFO - Opp-Goldfish will draw a card for turn
2026-04-07 16:23:11,082 - engine - INFO - Handling intent 'Action.PASS' for priority event 'PlayerEvent.MAIN_PHASE_EMPTY_STACK' from Opp-Goldfish
2026-04-07 16:23:11,083 - engine - INFO - Handling intent 'Action.PASS' for priority event 'PlayerEvent.DECLARE_ATTACKS' from Opp-Goldfish
2026-04-07 16:23:11,083 - engine - INFO - External will draw a card for turn
2026-04-07 16:23:11,083 - engine - INFO - Handling intent 'Action.PLAY_CARD' for priority event 'PlayerEvent.MAIN_PHASE_EMPTY_STACK' from External
2026-04-07 16:23:11,083 - engine - WARNING - Cards to play: Details are missing. NoOp instead!
2026-04-07 16:23:11,083 - engine - INFO - Handling intent 'Action.PASS' for priority event 'PlayerEvent.DECLARE_ATTACKS' from External
2026-04-07 16:23:11,083 - engine - INFO - Opp-Goldfish will draw a card for turn
2026-04-07 16:23:11,084 - engine - INFO - Handling intent 'Action.PASS' for priority event 'PlayerEvent.MAIN_PHASE_EMPTY_STACK' from Opp-Goldfish
2026-04-07 16:23:11,084 - engine - INFO - Handling intent 'Action.PASS' for priority event 'PlayerEvent.DECLARE_ATTACKS' from Opp-Goldfish
2026-04-07 16:23:11,084 - engine - INFO - External will draw a card for turn
2026-04-07 16:23:11,084 - engine - INFO - Handling intent 'Action.PLAY_CARD' for priority event 'PlayerEvent.MAIN_PHASE_EMPTY_STACK' from External
2026-04-07 16:23:11,084 - engine - WARNING - Cards to play: Details are missing. NoOp instead!
2026-04-07 16:23:11,085 - engine - INFO - Handling intent 'Action.ATTACK' for priority event 'PlayerEvent.DECLARE_ATTACKS' from External
2026-04-07 16:23:11,085 - engine - WARNING - Turn 7/2: External is attacking!
2026-04-07 16:23:11,085 - engine - INFO - Opp-Goldfish will draw a card for turn
2026-04-07 16:23:11,085 - engine - INFO - Handling intent 'Action.PASS' for priority event 'PlayerEvent.MAIN_PHASE_EMPTY_STACK' from Opp-Goldfish
2026-04-07 16:23:11,085 - engine - INFO - Handling intent 'Action.PASS' for priority event 'PlayerEvent.DECLARE_ATTACKS' from Opp-Goldfish
2026-04-07 16:23:11,085 - engine - INFO - External will draw a card for turn
2026-04-07 16:23:11,085 - engine - INFO - Handling intent 'Action.PASS' for priority event 'PlayerEvent.MAIN_PHASE_EMPTY_STACK' from External
2026-04-07 16:23:11,086 - engine - INFO - Handling intent 'Action.ATTACK' for priority event 'PlayerEvent.DECLARE_ATTACKS' from External
2026-04-07 16:23:11,086 - engine - WARNING - Turn 9/2: External is attacking!
2026-04-07 16:23:11,086 - engine - INFO - Opp-Goldfish will draw a card for turn
2026-04-07 16:23:11,086 - engine - INFO - Handling intent 'Action.PASS' for priority event 'PlayerEvent.MAIN_PHASE_EMPTY_STACK' from Opp-Goldfish
2026-04-07 16:23:11,086 - engine - INFO - Handling intent 'Action.PASS' for priority event 'PlayerEvent.DECLARE_ATTACKS' from Opp-Goldfish
2026-04-07 16:23:11,086 - engine - INFO - External will draw a card for turn
2026-04-07 16:23:11,086 - engine - INFO - Handling intent 'Action.PLAY_CARD' for priority event 'PlayerEvent.MAIN_PHASE_EMPTY_STACK' from External
2026-04-07 16:23:11,086 - engine - WARNING - Cards to play: Details are missing. NoOp instead!
2026-04-07 16:23:11,087 - engine - INFO - Handling intent 'Action.ATTACK' for priority event 'PlayerEvent.DECLARE_ATTACKS' from External
2026-04-07 16:23:11,087 - engine - WARNING - Turn 11/2: External is attacking!
2026-04-07 16:23:11,087 - engine - WARNING - Opp-Goldfish died by having 0 or less life.
2026-04-07 16:23:11,087 - engine - INFO - Game ended by death of player(s)
2026-04-07 16:23:11,087 - engine - INFO - External won by survival
2026-04-07 16:23:11,087 - engine - INFO - Setting up the new player Player1
2026-04-07 16:23:11,087 - engine - INFO - Setting up the new player Player2
2026-04-07 16:23:11,088 - engine - INFO - Handling intent 'Action.PASS' for priority event 'PlayerEvent.MAIN_PHASE_EMPTY_STACK' from Opp-Goldfish
2026-04-07 16:23:11,088 - engine - INFO - Handling intent 'Action.PASS' for priority event 'PlayerEvent.DECLARE_ATTACKS' from Opp-Goldfish
2026-04-07 16:23:11,088 - engine - INFO - External will draw a card for turn
2026-04-07 16:23:11,089 - engine - INFO - Handling intent 'Action.PLAY_CARD' for priority event 'PlayerEvent.MAIN_PHASE_EMPTY_STACK' from External
2026-04-07 16:23:11,089 - engine - WARNING - Cards to play: Details are missing. NoOp instead!
2026-04-07 16:23:11,089 - engine - INFO - Handling intent 'Action.ATTACK' for priority event 'PlayerEvent.DECLARE_ATTACKS' from External
2026-04-07 16:23:11,089 - engine - WARNING - Turn 1/2: External is attacking!
2026-04-07 16:23:11,089 - engine - INFO - Opp-Goldfish will draw a card for turn
2026-04-07 16:23:11,089 - engine - INFO - Handling intent 'Action.PASS' for priority event 'PlayerEvent.MAIN_PHASE_EMPTY_STACK' from Opp-Goldfish
2026-04-07 16:23:11,089 - engine - INFO - Handling intent 'Action.PASS' for priority event 'PlayerEvent.DECLARE_ATTACKS' from Opp-Goldfish
2026-04-07 16:23:11,089 - engine - INFO - External will draw a card for turn
2026-04-07 16:23:11,089 - engine - INFO - Handling intent 'Action.PLAY_CARD' for priority event 'PlayerEvent.MAIN_PHASE_EMPTY_STACK' from External
2026-04-07 16:23:11,089 - engine - WARNING - Cards to play: Details are missing. NoOp instead!
2026-04-07 16:23:11,090 - engine - INFO - Handling intent 'Action.ATTACK' for priority event 'PlayerEvent.DECLARE_ATTACKS' from External
2026-04-07 16:23:11,090 - engine - WARNING - Turn 3/2: External is attacking!
2026-04-07 16:23:11,090 - engine - INFO - Opp-Goldfish will draw a card for turn
2026-04-07 16:23:11,090 - engine - INFO - Handling intent 'Action.PASS' for priority event 'PlayerEvent.MAIN_PHASE_EMPTY_STACK' from Opp-Goldfish
2026-04-07 16:23:11,090 - engine - INFO - Handling intent 'Action.PASS' for priority event 'PlayerEvent.DECLARE_ATTACKS' from Opp-Goldfish
2026-04-07 16:23:11,090 - engine - INFO - External will draw a card for turn
2026-04-07 16:23:11,090 - engine - INFO - Handling intent 'Action.PASS' for priority event 'PlayerEvent.MAIN_PHASE_EMPTY_STACK' from External
2026-04-07 16:23:11,091 - engine - INFO - Handling intent 'Action.PASS' for priority event 'PlayerEvent.DECLARE_ATTACKS' from External
2026-04-07 16:23:11,091 - engine - INFO - Opp-Goldfish will draw a card for turn
2026-04-07 16:23:11,091 - engine - INFO - Handling intent 'Action.PASS' for priority event 'PlayerEvent.MAIN_PHASE_EMPTY_STACK' from Opp-Goldfish
2026-04-07 16:23:11,091 - engine - INFO - Handling intent 'Action.PASS' for priority event 'PlayerEvent.DECLARE_ATTACKS' from Opp-Goldfish
2026-04-07 16:23:11,091 - engine - INFO - External will draw a card for turn
2026-04-07 16:23:11,091 - engine - INFO - Handling intent 'Action.PASS' for priority event 'PlayerEvent.MAIN_PHASE_EMPTY_STACK' from External
2026-04-07 16:23:11,091 - engine - INFO - Handling intent 'Action.ATTACK' for priority event 'PlayerEvent.DECLARE_ATTACKS' from External
2026-04-07 16:23:11,091 - engine - WARNING - Turn 7/2: External is attacking!
2026-04-07 16:23:11,091 - engine - INFO - Opp-Goldfish will draw a card for turn
2026-04-07 16:23:11,092 - engine - INFO - Handling intent 'Action.PASS' for priority event 'PlayerEvent.MAIN_PHASE_EMPTY_STACK' from Opp-Goldfish
2026-04-07 16:23:11,092 - engine - INFO - Handling intent 'Action.PASS' for priority event 'PlayerEvent.DECLARE_ATTACKS' from Opp-Goldfish
2026-04-07 16:23:11,092 - engine - INFO - External will draw a card for turn
2026-04-07 16:23:11,092 - engine - INFO - Handling intent 'Action.PLAY_CARD' for priority event 'PlayerEvent.MAIN_PHASE_EMPTY_STACK' from External
2026-04-07 16:23:11,092 - engine - WARNING - Cards to play: Details are missing. NoOp instead!
2026-04-07 16:23:11,092 - engine - INFO - Handling intent 'Action.ATTACK' for priority event 'PlayerEvent.DECLARE_ATTACKS' from External
2026-04-07 16:23:11,092 - engine - WARNING - Turn 9/2: External is attacking!
2026-04-07 16:23:11,092 - engine - INFO - Opp-Goldfish will draw a card for turn
2026-04-07 16:23:11,092 - engine - INFO - Handling intent 'Action.PASS' for priority event 'PlayerEvent.MAIN_PHASE_EMPTY_STACK' from Opp-Goldfish
2026-04-07 16:23:11,092 - engine - INFO - Handling intent 'Action.PASS' for priority event 'PlayerEvent.DECLARE_ATTACKS' from Opp-Goldfish
2026-04-07 16:23:11,092 - engine - INFO - External will draw a card for turn
2026-04-07 16:23:11,093 - engine - INFO - Handling intent 'Action.PLAY_CARD' for priority event 'PlayerEvent.MAIN_PHASE_EMPTY_STACK' from External
2026-04-07 16:23:11,093 - engine - WARNING - Cards to play: Details are missing. NoOp instead!
2026-04-07 16:23:11,093 - engine - INFO - Handling intent 'Action.ATTACK' for priority event 'PlayerEvent.DECLARE_ATTACKS' from External
2026-04-07 16:23:11,093 - engine - WARNING - Turn 11/2: External is attacking!
2026-04-07 16:23:11,093 - engine - WARNING - Opp-Goldfish died by having 0 or less life.
2026-04-07 16:23:11,093 - engine - INFO - Game ended by death of player(s)
2026-04-07 16:23:11,093 - engine - INFO - External won by survival
2026-04-07 16:23:11,094 - engine - INFO - Setting up the new player Player1
2026-04-07 16:23:11,094 - engine - INFO - Setting up the new player Player2
2026-04-07 16:23:11,095 - engine - INFO - Handling intent 'Action.PASS' for priority event 'PlayerEvent.MAIN_PHASE_EMPTY_STACK' from Opp-Goldfish
2026-04-07 16:23:11,095 - engine - INFO - Handling intent 'Action.PASS' for priority event 'PlayerEvent.DECLARE_ATTACKS' from Opp-Goldfish
2026-04-07 16:23:11,095 - engine - INFO - External will draw a card for turn
2026-04-07 16:23:11,095 - engine - INFO - Handling intent 'Action.PLAY_CARD' for priority event 'PlayerEvent.MAIN_PHASE_EMPTY_STACK' from External
2026-04-07 16:23:11,095 - engine - WARNING - Cards to play: Details are missing. NoOp instead!
2026-04-07 16:23:11,095 - engine - INFO - Handling intent 'Action.ATTACK' for priority event 'PlayerEvent.DECLARE_ATTACKS' from External
2026-04-07 16:23:11,095 - engine - WARNING - Turn 1/2: External is attacking!
2026-04-07 16:23:11,095 - engine - INFO - Opp-Goldfish will draw a card for turn
2026-04-07 16:23:11,096 - engine - INFO - Handling intent 'Action.PASS' for priority event 'PlayerEvent.MAIN_PHASE_EMPTY_STACK' from Opp-Goldfish
2026-04-07 16:23:11,096 - engine - INFO - Handling intent 'Action.PASS' for priority event 'PlayerEvent.DECLARE_ATTACKS' from Opp-Goldfish
2026-04-07 16:23:11,096 - engine - INFO - External will draw a card for turn
2026-04-07 16:23:11,096 - engine - INFO - Handling intent 'Action.PLAY_CARD' for priority event 'PlayerEvent.MAIN_PHASE_EMPTY_STACK' from External
2026-04-07 16:23:11,096 - engine - WARNING - Cards to play: Details are missing. NoOp instead!
2026-04-07 16:23:11,097 - engine - INFO - Handling intent 'Action.ATTACK' for priority event 'PlayerEvent.DECLARE_ATTACKS' from External
2026-04-07 16:23:11,097 - engine - WARNING - Turn 3/2: External is attacking!
2026-04-07 16:23:11,097 - engine - INFO - Opp-Goldfish will draw a card for turn
2026-04-07 16:23:11,097 - engine - INFO - Handling intent 'Action.PASS' for priority event 'PlayerEvent.MAIN_PHASE_EMPTY_STACK' from Opp-Goldfish
2026-04-07 16:23:11,097 - engine - INFO - Handling intent 'Action.PASS' for priority event 'PlayerEvent.DECLARE_ATTACKS' from Opp-Goldfish
2026-04-07 16:23:11,097 - engine - INFO - External will draw a card for turn
2026-04-07 16:23:11,098 - engine - INFO - Handling intent 'Action.PLAY_CARD' for priority event 'PlayerEvent.MAIN_PHASE_EMPTY_STACK' from External
2026-04-07 16:23:11,098 - engine - WARNING - Cards to play: Details are missing. NoOp instead!
2026-04-07 16:23:11,098 - engine - INFO - Handling intent 'Action.ATTACK' for priority event 'PlayerEvent.DECLARE_ATTACKS' from External
2026-04-07 16:23:11,098 - engine - WARNING - Turn 5/2: External is attacking!
2026-04-07 16:23:11,098 - engine - INFO - Opp-Goldfish will draw a card for turn
2026-04-07 16:23:11,098 - engine - INFO - Handling intent 'Action.PASS' for priority event 'PlayerEvent.MAIN_PHASE_EMPTY_STACK' from Opp-Goldfish
2026-04-07 16:23:11,098 - engine - INFO - Handling intent 'Action.PASS' for priority event 'PlayerEvent.DECLARE_ATTACKS' from Opp-Goldfish
2026-04-07 16:23:11,098 - engine - INFO - External will draw a card for turn
2026-04-07 16:23:11,099 - engine - INFO - Handling intent 'Action.PLAY_CARD' for priority event 'PlayerEvent.MAIN_PHASE_EMPTY_STACK' from External
2026-04-07 16:23:11,099 - engine - WARNING - Cards to play: Details are missing. NoOp instead!
2026-04-07 16:23:11,100 - engine - INFO - Handling intent 'Action.ATTACK' for priority event 'PlayerEvent.DECLARE_ATTACKS' from External
2026-04-07 16:23:11,100 - engine - WARNING - Turn 7/2: External is attacking!
2026-04-07 16:23:11,100 - engine - INFO - Opp-Goldfish will draw a card for turn
2026-04-07 16:23:11,100 - engine - INFO - Handling intent 'Action.PASS' for priority event 'PlayerEvent.MAIN_PHASE_EMPTY_STACK' from Opp-Goldfish
2026-04-07 16:23:11,100 - engine - INFO - Handling intent 'Action.PASS' for priority event 'PlayerEvent.DECLARE_ATTACKS' from Opp-Goldfish
2026-04-07 16:23:11,100 - engine - INFO - External will draw a card for turn
2026-04-07 16:23:11,101 - engine - INFO - Handling intent 'Action.PLAY_CARD' for priority event 'PlayerEvent.MAIN_PHASE_EMPTY_STACK' from External
2026-04-07 16:23:11,101 - engine - WARNING - Cards to play: Details are missing. NoOp instead!
2026-04-07 16:23:11,101 - engine - INFO - Handling intent 'Action.ATTACK' for priority event 'PlayerEvent.DECLARE_ATTACKS' from External
2026-04-07 16:23:11,101 - engine - WARNING - Turn 9/2: External is attacking!
2026-04-07 16:23:11,101 - engine - WARNING - Opp-Goldfish died by having 0 or less life.
2026-04-07 16:23:11,101 - engine - INFO - Game ended by death of player(s)
2026-04-07 16:23:11,101 - engine - INFO - External won by survival
2026-04-07 16:23:11,101 - engine - INFO - Setting up the new player Player1
2026-04-07 16:23:11,101 - engine - INFO - Setting up the new player Player2
2026-04-07 16:23:11,102 - engine - INFO - Handling intent 'Action.PASS' for priority event 'PlayerEvent.MAIN_PHASE_EMPTY_STACK' from Opp-Goldfish
2026-04-07 16:23:11,102 - engine - INFO - Handling intent 'Action.PASS' for priority event 'PlayerEvent.DECLARE_ATTACKS' from Opp-Goldfish
2026-04-07 16:23:11,103 - engine - INFO - External will draw a card for turn
2026-04-07 16:23:11,103 - engine - INFO - Handling intent 'Action.PLAY_CARD' for priority event 'PlayerEvent.MAIN_PHASE_EMPTY_STACK' from External
2026-04-07 16:23:11,103 - engine - WARNING - Cards to play: Details are missing. NoOp instead!
2026-04-07 16:23:11,103 - engine - INFO - Handling intent 'Action.ATTACK' for priority event 'PlayerEvent.DECLARE_ATTACKS' from External
2026-04-07 16:23:11,103 - engine - WARNING - Turn 1/2: External is attacking!
2026-04-07 16:23:11,103 - engine - INFO - Opp-Goldfish will draw a card for turn
2026-04-07 16:23:11,103 - engine - INFO - Handling intent 'Action.PASS' for priority event 'PlayerEvent.MAIN_PHASE_EMPTY_STACK' from Opp-Goldfish
2026-04-07 16:23:11,103 - engine - INFO - Handling intent 'Action.PASS' for priority event 'PlayerEvent.DECLARE_ATTACKS' from Opp-Goldfish
2026-04-07 16:23:11,104 - engine - INFO - External will draw a card for turn
2026-04-07 16:23:11,104 - engine - INFO - Handling intent 'Action.PLAY_CARD' for priority event 'PlayerEvent.MAIN_PHASE_EMPTY_STACK' from External
2026-04-07 16:23:11,104 - engine - WARNING - Cards to play: Details are missing. NoOp instead!
2026-04-07 16:23:11,104 - engine - INFO - Handling intent 'Action.ATTACK' for priority event 'PlayerEvent.DECLARE_ATTACKS' from External
2026-04-07 16:23:11,104 - engine - WARNING - Turn 3/2: External is attacking!
2026-04-07 16:23:11,104 - engine - INFO - Opp-Goldfish will draw a card for turn
2026-04-07 16:23:11,104 - engine - INFO - Handling intent 'Action.PASS' for priority event 'PlayerEvent.MAIN_PHASE_EMPTY_STACK' from Opp-Goldfish
2026-04-07 16:23:11,104 - engine - INFO - Handling intent 'Action.PASS' for priority event 'PlayerEvent.DECLARE_ATTACKS' from Opp-Goldfish
2026-04-07 16:23:11,104 - engine - INFO - External will draw a card for turn
2026-04-07 16:23:11,105 - engine - INFO - Handling intent 'Action.PLAY_CARD' for priority event 'PlayerEvent.MAIN_PHASE_EMPTY_STACK' from External
2026-04-07 16:23:11,105 - engine - WARNING - Cards to play: Details are missing. NoOp instead!
2026-04-07 16:23:11,105 - engine - INFO - Handling intent 'Action.ATTACK' for priority event 'PlayerEvent.DECLARE_ATTACKS' from External
2026-04-07 16:23:11,105 - engine - WARNING - Turn 5/2: External is attacking!
2026-04-07 16:23:11,105 - engine - INFO - Opp-Goldfish will draw a card for turn
2026-04-07 16:23:11,105 - engine - INFO - Handling intent 'Action.PASS' for priority event 'PlayerEvent.MAIN_PHASE_EMPTY_STACK' from Opp-Goldfish
2026-04-07 16:23:11,105 - engine - INFO - Handling intent 'Action.PASS' for priority event 'PlayerEvent.DECLARE_ATTACKS' from Opp-Goldfish
2026-04-07 16:23:11,105 - engine - INFO - External will draw a card for turn
2026-04-07 16:23:11,106 - engine - INFO - Handling intent 'Action.PLAY_CARD' for priority event 'PlayerEvent.MAIN_PHASE_EMPTY_STACK' from External
2026-04-07 16:23:11,106 - engine - WARNING - Cards to play: Details are missing. NoOp instead!
2026-04-07 16:23:11,106 - engine - INFO - Handling intent 'Action.ATTACK' for priority event 'PlayerEvent.DECLARE_ATTACKS' from External
2026-04-07 16:23:11,106 - engine - WARNING - Turn 7/2: External is attacking!
2026-04-07 16:23:11,106 - engine - INFO - Opp-Goldfish will draw a card for turn
2026-04-07 16:23:11,106 - engine - INFO - Handling intent 'Action.PASS' for priority event 'PlayerEvent.MAIN_PHASE_EMPTY_STACK' from Opp-Goldfish
2026-04-07 16:23:11,106 - engine - INFO - Handling intent 'Action.PASS' for priority event 'PlayerEvent.DECLARE_ATTACKS' from Opp-Goldfish
2026-04-07 16:23:11,106 - engine - INFO - External will draw a card for turn
2026-04-07 16:23:11,107 - engine - INFO - Handling intent 'Action.PLAY_CARD' for priority event 'PlayerEvent.MAIN_PHASE_EMPTY_STACK' from External
2026-04-07 16:23:11,107 - engine - WARNING - Cards to play: Details are missing. NoOp instead!
2026-04-07 16:23:11,107 - engine - INFO - Handling intent 'Action.ATTACK' for priority event 'PlayerEvent.DECLARE_ATTACKS' from External
2026-04-07 16:23:11,107 - engine - WARNING - Turn 9/2: External is attacking!
2026-04-07 16:23:11,107 - engine - WARNING - Opp-Goldfish died by having 0 or less life.
2026-04-07 16:23:11,107 - engine - INFO - Game ended by death of player(s)
2026-04-07 16:23:11,107 - engine - INFO - External won by survival
2026-04-07 16:23:11,107 - engine - INFO - Setting up the new player Player1
2026-04-07 16:23:11,107 - engine - INFO - Setting up the new player Player2
2026-04-07 16:23:11,108 - engine - INFO - Handling intent 'Action.PASS' for priority event 'PlayerEvent.MAIN_PHASE_EMPTY_STACK' from Opp-Goldfish
2026-04-07 16:23:11,108 - engine - INFO - Handling intent 'Action.PASS' for priority event 'PlayerEvent.DECLARE_ATTACKS' from Opp-Goldfish
2026-04-07 16:23:11,108 - engine - INFO - External will draw a card for turn
2026-04-07 16:23:11,109 - engine - INFO - Handling intent 'Action.PLAY_CARD' for priority event 'PlayerEvent.MAIN_PHASE_EMPTY_STACK' from External
2026-04-07 16:23:11,109 - engine - WARNING - Cards to play: Details are missing. NoOp instead!
2026-04-07 16:23:11,109 - engine - INFO - Handling intent 'Action.PASS' for priority event 'PlayerEvent.DECLARE_ATTACKS' from External
2026-04-07 16:23:11,109 - engine - INFO - Opp-Goldfish will draw a card for turn
2026-04-07 16:23:11,109 - engine - INFO - Handling intent 'Action.PASS' for priority event 'PlayerEvent.MAIN_PHASE_EMPTY_STACK' from Opp-Goldfish
2026-04-07 16:23:11,110 - engine - INFO - Handling intent 'Action.PASS' for priority event 'PlayerEvent.DECLARE_ATTACKS' from Opp-Goldfish
2026-04-07 16:23:11,110 - engine - INFO - External will draw a card for turn
2026-04-07 16:23:11,110 - engine - INFO - Handling intent 'Action.PLAY_CARD' for priority event 'PlayerEvent.MAIN_PHASE_EMPTY_STACK' from External
2026-04-07 16:23:11,110 - engine - WARNING - Cards to play: Details are missing. NoOp instead!
2026-04-07 16:23:11,110 - engine - INFO - Handling intent 'Action.ATTACK' for priority event 'PlayerEvent.DECLARE_ATTACKS' from External
2026-04-07 16:23:11,110 - engine - WARNING - Turn 3/2: External is attacking!
2026-04-07 16:23:11,110 - engine - INFO - Opp-Goldfish will draw a card for turn
2026-04-07 16:23:11,110 - engine - INFO - Handling intent 'Action.PASS' for priority event 'PlayerEvent.MAIN_PHASE_EMPTY_STACK' from Opp-Goldfish
2026-04-07 16:23:11,111 - engine - INFO - Handling intent 'Action.PASS' for priority event 'PlayerEvent.DECLARE_ATTACKS' from Opp-Goldfish
2026-04-07 16:23:11,111 - engine - INFO - External will draw a card for turn
2026-04-07 16:23:11,111 - engine - INFO - Handling intent 'Action.PLAY_CARD' for priority event 'PlayerEvent.MAIN_PHASE_EMPTY_STACK' from External
2026-04-07 16:23:11,111 - engine - WARNING - Cards to play: Details are missing. NoOp instead!
2026-04-07 16:23:11,111 - engine - INFO - Handling intent 'Action.PASS' for priority event 'PlayerEvent.DECLARE_ATTACKS' from External
2026-04-07 16:23:11,111 - engine - INFO - Opp-Goldfish will draw a card for turn
2026-04-07 16:23:11,112 - engine - INFO - Handling intent 'Action.PASS' for priority event 'PlayerEvent.MAIN_PHASE_EMPTY_STACK' from Opp-Goldfish
2026-04-07 16:23:11,112 - engine - INFO - Handling intent 'Action.PASS' for priority event 'PlayerEvent.DECLARE_ATTACKS' from Opp-Goldfish
2026-04-07 16:23:11,112 - engine - INFO - External will draw a card for turn
2026-04-07 16:23:11,112 - engine - INFO - Handling intent 'Action.PLAY_CARD' for priority event 'PlayerEvent.MAIN_PHASE_EMPTY_STACK' from External
2026-04-07 16:23:11,112 - engine - WARNING - Cards to play: Details are missing. NoOp instead!
2026-04-07 16:23:11,113 - engine - INFO - Handling intent 'Action.ATTACK' for priority event 'PlayerEvent.DECLARE_ATTACKS' from External
2026-04-07 16:23:11,113 - engine - WARNING - Turn 7/2: External is attacking!
2026-04-07 16:23:11,113 - engine - INFO - Opp-Goldfish will draw a card for turn
2026-04-07 16:23:11,113 - engine - INFO - Handling intent 'Action.PASS' for priority event 'PlayerEvent.MAIN_PHASE_EMPTY_STACK' from Opp-Goldfish
2026-04-07 16:23:11,113 - engine - INFO - Handling intent 'Action.PASS' for priority event 'PlayerEvent.DECLARE_ATTACKS' from Opp-Goldfish
2026-04-07 16:23:11,113 - engine - INFO - External will draw a card for turn
2026-04-07 16:23:11,113 - engine - INFO - Handling intent 'Action.PLAY_CARD' for priority event 'PlayerEvent.MAIN_PHASE_EMPTY_STACK' from External
2026-04-07 16:23:11,113 - engine - WARNING - Cards to play: Details are missing. NoOp instead!
2026-04-07 16:23:11,114 - engine - INFO - Handling intent 'Action.ATTACK' for priority event 'PlayerEvent.DECLARE_ATTACKS' from External
2026-04-07 16:23:11,114 - engine - WARNING - Turn 9/2: External is attacking!
2026-04-07 16:23:11,114 - engine - INFO - Opp-Goldfish will draw a card for turn
2026-04-07 16:23:11,114 - engine - INFO - Handling intent 'Action.PASS' for priority event 'PlayerEvent.MAIN_PHASE_EMPTY_STACK' from Opp-Goldfish
2026-04-07 16:23:11,114 - engine - INFO - Handling intent 'Action.PASS' for priority event 'PlayerEvent.DECLARE_ATTACKS' from Opp-Goldfish
2026-04-07 16:23:11,114 - engine - INFO - External will draw a card for turn
2026-04-07 16:23:11,115 - engine - INFO - Handling intent 'Action.PLAY_CARD' for priority event 'PlayerEvent.MAIN_PHASE_EMPTY_STACK' from External
2026-04-07 16:23:11,115 - engine - WARNING - Cards to play: Details are missing. NoOp instead!
2026-04-07 16:23:11,115 - engine - INFO - Handling intent 'Action.ATTACK' for priority event 'PlayerEvent.DECLARE_ATTACKS' from External
2026-04-07 16:23:11,115 - engine - WARNING - Turn 11/2: External is attacking!
2026-04-07 16:23:11,115 - engine - INFO - Opp-Goldfish will draw a card for turn
2026-04-07 16:23:11,115 - engine - INFO - Handling intent 'Action.PASS' for priority event 'PlayerEvent.MAIN_PHASE_EMPTY_STACK' from Opp-Goldfish
2026-04-07 16:23:11,115 - engine - INFO - Handling intent 'Action.PASS' for priority event 'PlayerEvent.DECLARE_ATTACKS' from Opp-Goldfish
2026-04-07 16:23:11,115 - engine - INFO - External will draw a card for turn
2026-04-07 16:23:11,116 - engine - INFO - Handling intent 'Action.PLAY_CARD' for priority event 'PlayerEvent.MAIN_PHASE_EMPTY_STACK' from External
2026-04-07 16:23:11,116 - engine - WARNING - Cards to play: Details are missing. NoOp instead!
2026-04-07 16:23:11,117 - engine - INFO - Handling intent 'Action.ATTACK' for priority event 'PlayerEvent.DECLARE_ATTACKS' from External
2026-04-07 16:23:11,117 - engine - WARNING - Turn 13/2: External is attacking!
2026-04-07 16:23:11,117 - engine - WARNING - Opp-Goldfish died by having 0 or less life.
2026-04-07 16:23:11,117 - engine - INFO - Game ended by death of player(s)
2026-04-07 16:23:11,117 - engine - INFO - External won by survival
2026-04-07 16:23:11,117 - engine - INFO - Setting up the new player Player1
2026-04-07 16:23:11,117 - engine - INFO - Setting up the new player Player2
2026-04-07 16:23:11,118 - engine - INFO - Handling intent 'Action.PASS' for priority event 'PlayerEvent.MAIN_PHASE_EMPTY_STACK' from Opp-Goldfish
2026-04-07 16:23:11,118 - engine - INFO - Handling intent 'Action.PASS' for priority event 'PlayerEvent.DECLARE_ATTACKS' from Opp-Goldfish
2026-04-07 16:23:11,118 - engine - INFO - External will draw a card for turn
2026-04-07 16:23:11,119 - engine - INFO - Handling intent 'Action.PLAY_CARD' for priority event 'PlayerEvent.MAIN_PHASE_EMPTY_STACK' from External
2026-04-07 16:23:11,119 - engine - WARNING - Cards to play: Details are missing. NoOp instead!
2026-04-07 16:23:11,119 - engine - INFO - Handling intent 'Action.ATTACK' for priority event 'PlayerEvent.DECLARE_ATTACKS' from External
2026-04-07 16:23:11,119 - engine - WARNING - Turn 1/2: External is attacking!
2026-04-07 16:23:11,119 - engine - INFO - Opp-Goldfish will draw a card for turn
2026-04-07 16:23:11,119 - engine - INFO - Handling intent 'Action.PASS' for priority event 'PlayerEvent.MAIN_PHASE_EMPTY_STACK' from Opp-Goldfish
2026-04-07 16:23:11,120 - engine - INFO - Handling intent 'Action.PASS' for priority event 'PlayerEvent.DECLARE_ATTACKS' from Opp-Goldfish
2026-04-07 16:23:11,120 - engine - INFO - External will draw a card for turn
2026-04-07 16:23:11,120 - engine - INFO - Handling intent 'Action.PLAY_CARD' for priority event 'PlayerEvent.MAIN_PHASE_EMPTY_STACK' from External
2026-04-07 16:23:11,120 - engine - WARNING - Cards to play: Details are missing. NoOp instead!
2026-04-07 16:23:11,120 - engine - INFO - Handling intent 'Action.ATTACK' for priority event 'PlayerEvent.DECLARE_ATTACKS' from External
2026-04-07 16:23:11,120 - engine - WARNING - Turn 3/2: External is attacking!
2026-04-07 16:23:11,120 - engine - INFO - Opp-Goldfish will draw a card for turn
2026-04-07 16:23:11,120 - engine - INFO - Handling intent 'Action.PASS' for priority event 'PlayerEvent.MAIN_PHASE_EMPTY_STACK' from Opp-Goldfish
2026-04-07 16:23:11,121 - engine - INFO - Handling intent 'Action.PASS' for priority event 'PlayerEvent.DECLARE_ATTACKS' from Opp-Goldfish
2026-04-07 16:23:11,121 - engine - INFO - External will draw a card for turn
2026-04-07 16:23:11,121 - engine - INFO - Handling intent 'Action.PLAY_CARD' for priority event 'PlayerEvent.MAIN_PHASE_EMPTY_STACK' from External
2026-04-07 16:23:11,121 - engine - WARNING - Cards to play: Details are missing. NoOp instead!
2026-04-07 16:23:11,121 - engine - INFO - Handling intent 'Action.ATTACK' for priority event 'PlayerEvent.DECLARE_ATTACKS' from External
2026-04-07 16:23:11,121 - engine - WARNING - Turn 5/2: External is attacking!
2026-04-07 16:23:11,122 - engine - INFO - Opp-Goldfish will draw a card for turn
2026-04-07 16:23:11,122 - engine - INFO - Handling intent 'Action.PASS' for priority event 'PlayerEvent.MAIN_PHASE_EMPTY_STACK' from Opp-Goldfish
2026-04-07 16:23:11,122 - engine - INFO - Handling intent 'Action.PASS' for priority event 'PlayerEvent.DECLARE_ATTACKS' from Opp-Goldfish
2026-04-07 16:23:11,122 - engine - INFO - External will draw a card for turn
2026-04-07 16:23:11,122 - engine - INFO - Handling intent 'Action.PLAY_CARD' for priority event 'PlayerEvent.MAIN_PHASE_EMPTY_STACK' from External
2026-04-07 16:23:11,122 - engine - WARNING - Cards to play: Details are missing. NoOp instead!
2026-04-07 16:23:11,123 - engine - INFO - Handling intent 'Action.ATTACK' for priority event 'PlayerEvent.DECLARE_ATTACKS' from External
2026-04-07 16:23:11,123 - engine - WARNING - Turn 7/2: External is attacking!
2026-04-07 16:23:11,123 - engine - INFO - Opp-Goldfish will draw a card for turn
2026-04-07 16:23:11,123 - engine - INFO - Handling intent 'Action.PASS' for priority event 'PlayerEvent.MAIN_PHASE_EMPTY_STACK' from Opp-Goldfish
2026-04-07 16:23:11,123 - engine - INFO - Handling intent 'Action.PASS' for priority event 'PlayerEvent.DECLARE_ATTACKS' from Opp-Goldfish
2026-04-07 16:23:11,123 - engine - INFO - External will draw a card for turn
2026-04-07 16:23:11,124 - engine - INFO - Handling intent 'Action.PLAY_CARD' for priority event 'PlayerEvent.MAIN_PHASE_EMPTY_STACK' from External
2026-04-07 16:23:11,124 - engine - WARNING - Cards to play: Details are missing. NoOp instead!
2026-04-07 16:23:11,124 - engine - INFO - Handling intent 'Action.ATTACK' for priority event 'PlayerEvent.DECLARE_ATTACKS' from External
2026-04-07 16:23:11,124 - engine - WARNING - Turn 9/2: External is attacking!
2026-04-07 16:23:11,124 - engine - WARNING - Opp-Goldfish died by having 0 or less life.
2026-04-07 16:23:11,124 - engine - INFO - Game ended by death of player(s)
2026-04-07 16:23:11,124 - engine - INFO - External won by survival
2026-04-07 16:23:11,125 - engine - INFO - Setting up the new player Player1
2026-04-07 16:23:11,125 - engine - INFO - Setting up the new player Player2
2026-04-07 16:23:11,126 - engine - INFO - Handling intent 'Action.PASS' for priority event 'PlayerEvent.MAIN_PHASE_EMPTY_STACK' from Opp-Goldfish
2026-04-07 16:23:11,126 - engine - INFO - Handling intent 'Action.PASS' for priority event 'PlayerEvent.DECLARE_ATTACKS' from Opp-Goldfish
2026-04-07 16:23:11,126 - engine - INFO - External will draw a card for turn
2026-04-07 16:23:11,126 - engine - INFO - Handling intent 'Action.PLAY_CARD' for priority event 'PlayerEvent.MAIN_PHASE_EMPTY_STACK' from External
2026-04-07 16:23:11,127 - engine - WARNING - Cards to play: Details are missing. NoOp instead!
2026-04-07 16:23:11,127 - engine - INFO - Handling intent 'Action.ATTACK' for priority event 'PlayerEvent.DECLARE_ATTACKS' from External
2026-04-07 16:23:11,127 - engine - WARNING - Turn 1/2: External is attacking!
2026-04-07 16:23:11,127 - engine - INFO - Opp-Goldfish will draw a card for turn
2026-04-07 16:23:11,127 - engine - INFO - Handling intent 'Action.PASS' for priority event 'PlayerEvent.MAIN_PHASE_EMPTY_STACK' from Opp-Goldfish
2026-04-07 16:23:11,127 - engine - INFO - Handling intent 'Action.PASS' for priority event 'PlayerEvent.DECLARE_ATTACKS' from Opp-Goldfish
2026-04-07 16:23:11,127 - engine - INFO - External will draw a card for turn
2026-04-07 16:23:11,128 - engine - INFO - Handling intent 'Action.PLAY_CARD' for priority event 'PlayerEvent.MAIN_PHASE_EMPTY_STACK' from External
2026-04-07 16:23:11,128 - engine - WARNING - Cards to play: Details are missing. NoOp instead!
2026-04-07 16:23:11,128 - engine - INFO - Handling intent 'Action.ATTACK' for priority event 'PlayerEvent.DECLARE_ATTACKS' from External
2026-04-07 16:23:11,128 - engine - WARNING - Turn 3/2: External is attacking!
2026-04-07 16:23:11,128 - engine - INFO - Opp-Goldfish will draw a card for turn
2026-04-07 16:23:11,128 - engine - INFO - Handling intent 'Action.PASS' for priority event 'PlayerEvent.MAIN_PHASE_EMPTY_STACK' from Opp-Goldfish
2026-04-07 16:23:11,128 - engine - INFO - Handling intent 'Action.PASS' for priority event 'PlayerEvent.DECLARE_ATTACKS' from Opp-Goldfish
2026-04-07 16:23:11,128 - engine - INFO - External will draw a card for turn
2026-04-07 16:23:11,129 - engine - INFO - Handling intent 'Action.PLAY_CARD' for priority event 'PlayerEvent.MAIN_PHASE_EMPTY_STACK' from External
2026-04-07 16:23:11,129 - engine - WARNING - Cards to play: Details are missing. NoOp instead!
2026-04-07 16:23:11,129 - engine - INFO - Handling intent 'Action.ATTACK' for priority event 'PlayerEvent.DECLARE_ATTACKS' from External
2026-04-07 16:23:11,129 - engine - WARNING - Turn 5/2: External is attacking!
2026-04-07 16:23:11,129 - engine - INFO - Opp-Goldfish will draw a card for turn
2026-04-07 16:23:11,129 - engine - INFO - Handling intent 'Action.PASS' for priority event 'PlayerEvent.MAIN_PHASE_EMPTY_STACK' from Opp-Goldfish
2026-04-07 16:23:11,129 - engine - INFO - Handling intent 'Action.PASS' for priority event 'PlayerEvent.DECLARE_ATTACKS' from Opp-Goldfish
2026-04-07 16:23:11,129 - engine - INFO - External will draw a card for turn
2026-04-07 16:23:11,130 - engine - INFO - Handling intent 'Action.PLAY_CARD' for priority event 'PlayerEvent.MAIN_PHASE_EMPTY_STACK' from External
2026-04-07 16:23:11,130 - engine - WARNING - Cards to play: Details are missing. NoOp instead!
2026-04-07 16:23:11,130 - engine - INFO - Handling intent 'Action.ATTACK' for priority event 'PlayerEvent.DECLARE_ATTACKS' from External
2026-04-07 16:23:11,130 - engine - WARNING - Turn 7/2: External is attacking!
2026-04-07 16:23:11,130 - engine - INFO - Opp-Goldfish will draw a card for turn
2026-04-07 16:23:11,130 - engine - INFO - Handling intent 'Action.PASS' for priority event 'PlayerEvent.MAIN_PHASE_EMPTY_STACK' from Opp-Goldfish
2026-04-07 16:23:11,131 - engine - INFO - Handling intent 'Action.PASS' for priority event 'PlayerEvent.DECLARE_ATTACKS' from Opp-Goldfish
2026-04-07 16:23:11,131 - engine - INFO - External will draw a card for turn
2026-04-07 16:23:11,131 - engine - INFO - Handling intent 'Action.PLAY_CARD' for priority event 'PlayerEvent.MAIN_PHASE_EMPTY_STACK' from External
2026-04-07 16:23:11,131 - engine - WARNING - Cards to play: Details are missing. NoOp instead!
2026-04-07 16:23:11,131 - engine - INFO - Handling intent 'Action.ATTACK' for priority event 'PlayerEvent.DECLARE_ATTACKS' from External
2026-04-07 16:23:11,131 - engine - WARNING - Turn 9/2: External is attacking!
2026-04-07 16:23:11,131 - engine - WARNING - Opp-Goldfish died by having 0 or less life.
2026-04-07 16:23:11,132 - engine - INFO - Game ended by death of player(s)
2026-04-07 16:23:11,132 - engine - INFO - External won by survival
2026-04-07 16:23:11,132 - engine - INFO - Setting up the new player Player1
2026-04-07 16:23:11,132 - engine - INFO - Setting up the new player Player2
2026-04-07 16:23:11,134 - engine - INFO - Handling intent 'Action.PASS' for priority event 'PlayerEvent.MAIN_PHASE_EMPTY_STACK' from Opp-Goldfish
2026-04-07 16:23:11,134 - engine - INFO - Handling intent 'Action.PASS' for priority event 'PlayerEvent.DECLARE_ATTACKS' from Opp-Goldfish
2026-04-07 16:23:11,134 - engine - INFO - External will draw a card for turn
2026-04-07 16:23:11,134 - engine - INFO - Handling intent 'Action.PLAY_CARD' for priority event 'PlayerEvent.MAIN_PHASE_EMPTY_STACK' from External
2026-04-07 16:23:11,134 - engine - WARNING - Cards to play: Details are missing. NoOp instead!
2026-04-07 16:23:11,134 - engine - INFO - Handling intent 'Action.ATTACK' for priority event 'PlayerEvent.DECLARE_ATTACKS' from External
2026-04-07 16:23:11,134 - engine - WARNING - Turn 1/2: External is attacking!
2026-04-07 16:23:11,134 - engine - INFO - Opp-Goldfish will draw a card for turn
2026-04-07 16:23:11,135 - engine - INFO - Handling intent 'Action.PASS' for priority event 'PlayerEvent.MAIN_PHASE_EMPTY_STACK' from Opp-Goldfish
2026-04-07 16:23:11,135 - engine - INFO - Handling intent 'Action.PASS' for priority event 'PlayerEvent.DECLARE_ATTACKS' from Opp-Goldfish
2026-04-07 16:23:11,135 - engine - INFO - External will draw a card for turn
2026-04-07 16:23:11,135 - engine - INFO - Handling intent 'Action.PASS' for priority event 'PlayerEvent.MAIN_PHASE_EMPTY_STACK' from External
2026-04-07 16:23:11,135 - engine - INFO - Handling intent 'Action.ATTACK' for priority event 'PlayerEvent.DECLARE_ATTACKS' from External
2026-04-07 16:23:11,135 - engine - WARNING - Turn 3/2: External is attacking!
2026-04-07 16:23:11,135 - engine - INFO - Opp-Goldfish will draw a card for turn
2026-04-07 16:23:11,136 - engine - INFO - Handling intent 'Action.PASS' for priority event 'PlayerEvent.MAIN_PHASE_EMPTY_STACK' from Opp-Goldfish
2026-04-07 16:23:11,136 - engine - INFO - Handling intent 'Action.PASS' for priority event 'PlayerEvent.DECLARE_ATTACKS' from Opp-Goldfish
2026-04-07 16:23:11,136 - engine - INFO - External will draw a card for turn
2026-04-07 16:23:11,136 - engine - INFO - Handling intent 'Action.PLAY_CARD' for priority event 'PlayerEvent.MAIN_PHASE_EMPTY_STACK' from External
2026-04-07 16:23:11,136 - engine - WARNING - Cards to play: Details are missing. NoOp instead!
2026-04-07 16:23:11,136 - engine - INFO - Handling intent 'Action.ATTACK' for priority event 'PlayerEvent.DECLARE_ATTACKS' from External
2026-04-07 16:23:11,136 - engine - WARNING - Turn 5/2: External is attacking!
2026-04-07 16:23:11,136 - engine - INFO - Opp-Goldfish will draw a card for turn
2026-04-07 16:23:11,136 - engine - INFO - Handling intent 'Action.PASS' for priority event 'PlayerEvent.MAIN_PHASE_EMPTY_STACK' from Opp-Goldfish
2026-04-07 16:23:11,136 - engine - INFO - Handling intent 'Action.PASS' for priority event 'PlayerEvent.DECLARE_ATTACKS' from Opp-Goldfish
2026-04-07 16:23:11,136 - engine - INFO - External will draw a card for turn
2026-04-07 16:23:11,137 - engine - INFO - Handling intent 'Action.PASS' for priority event 'PlayerEvent.MAIN_PHASE_EMPTY_STACK' from External
2026-04-07 16:23:11,137 - engine - INFO - Handling intent 'Action.ATTACK' for priority event 'PlayerEvent.DECLARE_ATTACKS' from External
2026-04-07 16:23:11,137 - engine - WARNING - Turn 7/2: External is attacking!
2026-04-07 16:23:11,137 - engine - INFO - Opp-Goldfish will draw a card for turn
2026-04-07 16:23:11,137 - engine - INFO - Handling intent 'Action.PASS' for priority event 'PlayerEvent.MAIN_PHASE_EMPTY_STACK' from Opp-Goldfish
2026-04-07 16:23:11,137 - engine - INFO - Handling intent 'Action.PASS' for priority event 'PlayerEvent.DECLARE_ATTACKS' from Opp-Goldfish
2026-04-07 16:23:11,137 - engine - INFO - External will draw a card for turn
2026-04-07 16:23:11,138 - engine - INFO - Handling intent 'Action.PLAY_CARD' for priority event 'PlayerEvent.MAIN_PHASE_EMPTY_STACK' from External
2026-04-07 16:23:11,138 - engine - WARNING - Cards to play: Details are missing. NoOp instead!
2026-04-07 16:23:11,138 - engine - INFO - Handling intent 'Action.ATTACK' for priority event 'PlayerEvent.DECLARE_ATTACKS' from External
2026-04-07 16:23:11,138 - engine - WARNING - Turn 9/2: External is attacking!
2026-04-07 16:23:11,138 - engine - WARNING - Opp-Goldfish died by having 0 or less life.
2026-04-07 16:23:11,138 - engine - INFO - Game ended by death of player(s)
2026-04-07 16:23:11,138 - engine - INFO - External won by survival
2026-04-07 16:23:11,139 - engine - INFO - Setting up the new player Player1
2026-04-07 16:23:11,139 - engine - INFO - Setting up the new player Player2
2026-04-07 16:23:11,140 - engine - INFO - Handling intent 'Action.PASS' for priority event 'PlayerEvent.MAIN_PHASE_EMPTY_STACK' from Opp-Goldfish
2026-04-07 16:23:11,140 - engine - INFO - Handling intent 'Action.PASS' for priority event 'PlayerEvent.DECLARE_ATTACKS' from Opp-Goldfish
2026-04-07 16:23:11,140 - engine - INFO - External will draw a card for turn
2026-04-07 16:23:11,140 - engine - INFO - Handling intent 'Action.PLAY_CARD' for priority event 'PlayerEvent.MAIN_PHASE_EMPTY_STACK' from External
2026-04-07 16:23:11,140 - engine - WARNING - Cards to play: Details are missing. NoOp instead!
2026-04-07 16:23:11,140 - engine - INFO - Handling intent 'Action.ATTACK' for priority event 'PlayerEvent.DECLARE_ATTACKS' from External
2026-04-07 16:23:11,140 - engine - WARNING - Turn 1/2: External is attacking!
2026-04-07 16:23:11,140 - engine - INFO - Opp-Goldfish will draw a card for turn
2026-04-07 16:23:11,140 - engine - INFO - Handling intent 'Action.PASS' for priority event 'PlayerEvent.MAIN_PHASE_EMPTY_STACK' from Opp-Goldfish
2026-04-07 16:23:11,141 - engine - INFO - Handling intent 'Action.PASS' for priority event 'PlayerEvent.DECLARE_ATTACKS' from Opp-Goldfish
2026-04-07 16:23:11,141 - engine - INFO - External will draw a card for turn
2026-04-07 16:23:11,141 - engine - INFO - Handling intent 'Action.PLAY_CARD' for priority event 'PlayerEvent.MAIN_PHASE_EMPTY_STACK' from External
2026-04-07 16:23:11,141 - engine - WARNING - Cards to play: Details are missing. NoOp instead!
2026-04-07 16:23:11,141 - engine - INFO - Handling intent 'Action.ATTACK' for priority event 'PlayerEvent.DECLARE_ATTACKS' from External
2026-04-07 16:23:11,141 - engine - WARNING - Turn 3/2: External is attacking!
2026-04-07 16:23:11,141 - engine - INFO - Opp-Goldfish will draw a card for turn
2026-04-07 16:23:11,141 - engine - INFO - Handling intent 'Action.PASS' for priority event 'PlayerEvent.MAIN_PHASE_EMPTY_STACK' from Opp-Goldfish
2026-04-07 16:23:11,141 - engine - INFO - Handling intent 'Action.PASS' for priority event 'PlayerEvent.DECLARE_ATTACKS' from Opp-Goldfish
2026-04-07 16:23:11,142 - engine - INFO - External will draw a card for turn
2026-04-07 16:23:11,142 - engine - INFO - Handling intent 'Action.PLAY_CARD' for priority event 'PlayerEvent.MAIN_PHASE_EMPTY_STACK' from External
2026-04-07 16:23:11,142 - engine - WARNING - Cards to play: Details are missing. NoOp instead!
2026-04-07 16:23:11,142 - engine - INFO - Handling intent 'Action.ATTACK' for priority event 'PlayerEvent.DECLARE_ATTACKS' from External
2026-04-07 16:23:11,142 - engine - WARNING - Turn 5/2: External is attacking!
2026-04-07 16:23:11,142 - engine - INFO - Opp-Goldfish will draw a card for turn
2026-04-07 16:23:11,142 - engine - INFO - Handling intent 'Action.PASS' for priority event 'PlayerEvent.MAIN_PHASE_EMPTY_STACK' from Opp-Goldfish
2026-04-07 16:23:11,142 - engine - INFO - Handling intent 'Action.PASS' for priority event 'PlayerEvent.DECLARE_ATTACKS' from Opp-Goldfish
2026-04-07 16:23:11,142 - engine - INFO - External will draw a card for turn
2026-04-07 16:23:11,143 - engine - INFO - Handling intent 'Action.PLAY_CARD' for priority event 'PlayerEvent.MAIN_PHASE_EMPTY_STACK' from External
2026-04-07 16:23:11,143 - engine - WARNING - Cards to play: Details are missing. NoOp instead!
2026-04-07 16:23:11,143 - engine - INFO - Handling intent 'Action.ATTACK' for priority event 'PlayerEvent.DECLARE_ATTACKS' from External
2026-04-07 16:23:11,143 - engine - WARNING - Turn 7/2: External is attacking!
2026-04-07 16:23:11,143 - engine - INFO - Opp-Goldfish will draw a card for turn
2026-04-07 16:23:11,143 - engine - INFO - Handling intent 'Action.PASS' for priority event 'PlayerEvent.MAIN_PHASE_EMPTY_STACK' from Opp-Goldfish
2026-04-07 16:23:11,143 - engine - INFO - Handling intent 'Action.PASS' for priority event 'PlayerEvent.DECLARE_ATTACKS' from Opp-Goldfish
2026-04-07 16:23:11,143 - engine - INFO - External will draw a card for turn
2026-04-07 16:23:11,143 - engine - INFO - Handling intent 'Action.PLAY_CARD' for priority event 'PlayerEvent.MAIN_PHASE_EMPTY_STACK' from External
2026-04-07 16:23:11,144 - engine - WARNING - Cards to play: Details are missing. NoOp instead!
2026-04-07 16:23:11,144 - engine - INFO - Handling intent 'Action.ATTACK' for priority event 'PlayerEvent.DECLARE_ATTACKS' from External
2026-04-07 16:23:11,144 - engine - WARNING - Turn 9/2: External is attacking!
2026-04-07 16:23:11,144 - engine - WARNING - Opp-Goldfish died by having 0 or less life.
2026-04-07 16:23:11,144 - engine - INFO - Game ended by death of player(s)
2026-04-07 16:23:11,144 - engine - INFO - External won by survival
2026-04-07 16:23:11,144 - engine - INFO - Setting up the new player Player1
2026-04-07 16:23:11,144 - engine - INFO - Setting up the new player Player2
2026-04-07 16:23:11,145 - engine - INFO - Handling intent 'Action.PASS' for priority event 'PlayerEvent.MAIN_PHASE_EMPTY_STACK' from Opp-Goldfish
2026-04-07 16:23:11,145 - engine - INFO - Handling intent 'Action.PASS' for priority event 'PlayerEvent.DECLARE_ATTACKS' from Opp-Goldfish
2026-04-07 16:23:11,145 - engine - INFO - External will draw a card for turn
2026-04-07 16:23:11,146 - engine - INFO - Handling intent 'Action.PLAY_CARD' for priority event 'PlayerEvent.MAIN_PHASE_EMPTY_STACK' from External
2026-04-07 16:23:11,146 - engine - WARNING - Cards to play: Details are missing. NoOp instead!
2026-04-07 16:23:11,146 - engine - INFO - Handling intent 'Action.ATTACK' for priority event 'PlayerEvent.DECLARE_ATTACKS' from External
2026-04-07 16:23:11,146 - engine - WARNING - Turn 1/2: External is attacking!
2026-04-07 16:23:11,146 - engine - INFO - Opp-Goldfish will draw a card for turn
2026-04-07 16:23:11,146 - engine - INFO - Handling intent 'Action.PASS' for priority event 'PlayerEvent.MAIN_PHASE_EMPTY_STACK' from Opp-Goldfish
2026-04-07 16:23:11,147 - engine - INFO - Handling intent 'Action.PASS' for priority event 'PlayerEvent.DECLARE_ATTACKS' from Opp-Goldfish
2026-04-07 16:23:11,147 - engine - INFO - External will draw a card for turn
2026-04-07 16:23:11,147 - engine - INFO - Handling intent 'Action.PLAY_CARD' for priority event 'PlayerEvent.MAIN_PHASE_EMPTY_STACK' from External
2026-04-07 16:23:11,147 - engine - WARNING - Cards to play: Details are missing. NoOp instead!
2026-04-07 16:23:11,147 - engine - INFO - Handling intent 'Action.ATTACK' for priority event 'PlayerEvent.DECLARE_ATTACKS' from External
2026-04-07 16:23:11,147 - engine - WARNING - Turn 3/2: External is attacking!
2026-04-07 16:23:11,147 - engine - INFO - Opp-Goldfish will draw a card for turn
2026-04-07 16:23:11,148 - engine - INFO - Handling intent 'Action.PASS' for priority event 'PlayerEvent.MAIN_PHASE_EMPTY_STACK' from Opp-Goldfish
2026-04-07 16:23:11,148 - engine - INFO - Handling intent 'Action.PASS' for priority event 'PlayerEvent.DECLARE_ATTACKS' from Opp-Goldfish
2026-04-07 16:23:11,148 - engine - INFO - External will draw a card for turn
2026-04-07 16:23:11,148 - engine - INFO - Handling intent 'Action.PLAY_CARD' for priority event 'PlayerEvent.MAIN_PHASE_EMPTY_STACK' from External
2026-04-07 16:23:11,148 - engine - WARNING - Cards to play: Details are missing. NoOp instead!
2026-04-07 16:23:11,148 - engine - INFO - Handling intent 'Action.ATTACK' for priority event 'PlayerEvent.DECLARE_ATTACKS' from External
2026-04-07 16:23:11,149 - engine - WARNING - Turn 5/2: External is attacking!
2026-04-07 16:23:11,149 - engine - INFO - Opp-Goldfish will draw a card for turn
2026-04-07 16:23:11,149 - engine - INFO - Handling intent 'Action.PASS' for priority event 'PlayerEvent.MAIN_PHASE_EMPTY_STACK' from Opp-Goldfish
2026-04-07 16:23:11,149 - engine - INFO - Handling intent 'Action.PASS' for priority event 'PlayerEvent.DECLARE_ATTACKS' from Opp-Goldfish
2026-04-07 16:23:11,149 - engine - INFO - External will draw a card for turn
2026-04-07 16:23:11,150 - engine - INFO - Handling intent 'Action.PLAY_CARD' for priority event 'PlayerEvent.MAIN_PHASE_EMPTY_STACK' from External
2026-04-07 16:23:11,150 - engine - WARNING - Cards to play: Details are missing. NoOp instead!
2026-04-07 16:23:11,150 - engine - INFO - Handling intent 'Action.ATTACK' for priority event 'PlayerEvent.DECLARE_ATTACKS' from External
2026-04-07 16:23:11,150 - engine - WARNING - Turn 7/2: External is attacking!
2026-04-07 16:23:11,150 - engine - INFO - Opp-Goldfish will draw a card for turn
2026-04-07 16:23:11,150 - engine - INFO - Handling intent 'Action.PASS' for priority event 'PlayerEvent.MAIN_PHASE_EMPTY_STACK' from Opp-Goldfish
2026-04-07 16:23:11,150 - engine - INFO - Handling intent 'Action.PASS' for priority event 'PlayerEvent.DECLARE_ATTACKS' from Opp-Goldfish
2026-04-07 16:23:11,150 - engine - INFO - External will draw a card for turn
2026-04-07 16:23:11,151 - engine - INFO - Handling intent 'Action.PLAY_CARD' for priority event 'PlayerEvent.MAIN_PHASE_EMPTY_STACK' from External
2026-04-07 16:23:11,151 - engine - WARNING - Cards to play: Details are missing. NoOp instead!
2026-04-07 16:23:11,151 - engine - INFO - Handling intent 'Action.ATTACK' for priority event 'PlayerEvent.DECLARE_ATTACKS' from External
2026-04-07 16:23:11,151 - engine - WARNING - Turn 9/2: External is attacking!
2026-04-07 16:23:11,151 - engine - WARNING - Opp-Goldfish died by having 0 or less life.
2026-04-07 16:23:11,151 - engine - INFO - Game ended by death of player(s)
2026-04-07 16:23:11,151 - engine - INFO - External won by survival
2026-04-07 16:23:11,151 - engine - INFO - Setting up the new player Player1
2026-04-07 16:23:11,151 - engine - INFO - Setting up the new player Player2
2026-04-07 16:23:11,152 - engine - INFO - Handling intent 'Action.PASS' for priority event 'PlayerEvent.MAIN_PHASE_EMPTY_STACK' from Opp-Goldfish
2026-04-07 16:23:11,153 - engine - INFO - Handling intent 'Action.PASS' for priority event 'PlayerEvent.DECLARE_ATTACKS' from Opp-Goldfish
2026-04-07 16:23:11,153 - engine - INFO - External will draw a card for turn
2026-04-07 16:23:11,153 - engine - INFO - Handling intent 'Action.PLAY_CARD' for priority event 'PlayerEvent.MAIN_PHASE_EMPTY_STACK' from External
2026-04-07 16:23:11,153 - engine - WARNING - Cards to play: Details are missing. NoOp instead!
2026-04-07 16:23:11,153 - engine - INFO - Handling intent 'Action.ATTACK' for priority event 'PlayerEvent.DECLARE_ATTACKS' from External
2026-04-07 16:23:11,153 - engine - WARNING - Turn 1/2: External is attacking!
2026-04-07 16:23:11,153 - engine - INFO - Opp-Goldfish will draw a card for turn
2026-04-07 16:23:11,154 - engine - INFO - Handling intent 'Action.PASS' for priority event 'PlayerEvent.MAIN_PHASE_EMPTY_STACK' from Opp-Goldfish
2026-04-07 16:23:11,154 - engine - INFO - Handling intent 'Action.PASS' for priority event 'PlayerEvent.DECLARE_ATTACKS' from Opp-Goldfish
2026-04-07 16:23:11,154 - engine - INFO - External will draw a card for turn
2026-04-07 16:23:11,154 - engine - INFO - Handling intent 'Action.PLAY_CARD' for priority event 'PlayerEvent.MAIN_PHASE_EMPTY_STACK' from External
2026-04-07 16:23:11,154 - engine - WARNING - Cards to play: Details are missing. NoOp instead!
2026-04-07 16:23:11,154 - engine - INFO - Handling intent 'Action.ATTACK' for priority event 'PlayerEvent.DECLARE_ATTACKS' from External
2026-04-07 16:23:11,154 - engine - WARNING - Turn 3/2: External is attacking!
2026-04-07 16:23:11,154 - engine - INFO - Opp-Goldfish will draw a card for turn
2026-04-07 16:23:11,154 - engine - INFO - Handling intent 'Action.PASS' for priority event 'PlayerEvent.MAIN_PHASE_EMPTY_STACK' from Opp-Goldfish
2026-04-07 16:23:11,155 - engine - INFO - Handling intent 'Action.PASS' for priority event 'PlayerEvent.DECLARE_ATTACKS' from Opp-Goldfish
2026-04-07 16:23:11,155 - engine - INFO - External will draw a card for turn
2026-04-07 16:23:11,155 - engine - INFO - Handling intent 'Action.PLAY_CARD' for priority event 'PlayerEvent.MAIN_PHASE_EMPTY_STACK' from External
2026-04-07 16:23:11,155 - engine - WARNING - Cards to play: Details are missing. NoOp instead!
2026-04-07 16:23:11,155 - engine - INFO - Handling intent 'Action.ATTACK' for priority event 'PlayerEvent.DECLARE_ATTACKS' from External
2026-04-07 16:23:11,155 - engine - WARNING - Turn 5/2: External is attacking!
2026-04-07 16:23:11,155 - engine - INFO - Opp-Goldfish will draw a card for turn
2026-04-07 16:23:11,156 - engine - INFO - Handling intent 'Action.PASS' for priority event 'PlayerEvent.MAIN_PHASE_EMPTY_STACK' from Opp-Goldfish
2026-04-07 16:23:11,156 - engine - INFO - Handling intent 'Action.PASS' for priority event 'PlayerEvent.DECLARE_ATTACKS' from Opp-Goldfish
2026-04-07 16:23:11,156 - engine - INFO - External will draw a card for turn
2026-04-07 16:23:11,156 - engine - INFO - Handling intent 'Action.PLAY_CARD' for priority event 'PlayerEvent.MAIN_PHASE_EMPTY_STACK' from External
2026-04-07 16:23:11,156 - engine - WARNING - Cards to play: Details are missing. NoOp instead!
2026-04-07 16:23:11,156 - engine - INFO - Handling intent 'Action.ATTACK' for priority event 'PlayerEvent.DECLARE_ATTACKS' from External
2026-04-07 16:23:11,156 - engine - WARNING - Turn 7/2: External is attacking!
2026-04-07 16:23:11,156 - engine - INFO - Opp-Goldfish will draw a card for turn
2026-04-07 16:23:11,156 - engine - INFO - Handling intent 'Action.PASS' for priority event 'PlayerEvent.MAIN_PHASE_EMPTY_STACK' from Opp-Goldfish
2026-04-07 16:23:11,157 - engine - INFO - Handling intent 'Action.PASS' for priority event 'PlayerEvent.DECLARE_ATTACKS' from Opp-Goldfish
2026-04-07 16:23:11,157 - engine - INFO - External will draw a card for turn
2026-04-07 16:23:11,157 - engine - INFO - Handling intent 'Action.PLAY_CARD' for priority event 'PlayerEvent.MAIN_PHASE_EMPTY_STACK' from External
2026-04-07 16:23:11,157 - engine - WARNING - Cards to play: Details are missing. NoOp instead!
2026-04-07 16:23:11,157 - engine - INFO - Handling intent 'Action.ATTACK' for priority event 'PlayerEvent.DECLARE_ATTACKS' from External
2026-04-07 16:23:11,157 - engine - WARNING - Turn 9/2: External is attacking!
2026-04-07 16:23:11,157 - engine - WARNING - Opp-Goldfish died by having 0 or less life.
2026-04-07 16:23:11,157 - engine - INFO - Game ended by death of player(s)
2026-04-07 16:23:11,157 - engine - INFO - External won by survival
2026-04-07 16:23:11,158 - engine - INFO - Setting up the new player Player1
2026-04-07 16:23:11,158 - engine - INFO - Setting up the new player Player2
2026-04-07 16:23:11,159 - engine - INFO - Handling intent 'Action.PASS' for priority event 'PlayerEvent.MAIN_PHASE_EMPTY_STACK' from Opp-Goldfish
2026-04-07 16:23:11,159 - engine - INFO - Handling intent 'Action.PASS' for priority event 'PlayerEvent.DECLARE_ATTACKS' from Opp-Goldfish
2026-04-07 16:23:11,159 - engine - INFO - External will draw a card for turn
2026-04-07 16:23:11,159 - engine - INFO - Handling intent 'Action.PLAY_CARD' for priority event 'PlayerEvent.MAIN_PHASE_EMPTY_STACK' from External
2026-04-07 16:23:11,159 - engine - WARNING - Cards to play: Details are missing. NoOp instead!
2026-04-07 16:23:11,160 - engine - INFO - Handling intent 'Action.ATTACK' for priority event 'PlayerEvent.DECLARE_ATTACKS' from External
2026-04-07 16:23:11,160 - engine - WARNING - Turn 1/2: External is attacking!
2026-04-07 16:23:11,160 - engine - INFO - Opp-Goldfish will draw a card for turn
2026-04-07 16:23:11,160 - engine - INFO - Handling intent 'Action.PASS' for priority event 'PlayerEvent.MAIN_PHASE_EMPTY_STACK' from Opp-Goldfish
2026-04-07 16:23:11,160 - engine - INFO - Handling intent 'Action.PASS' for priority event 'PlayerEvent.DECLARE_ATTACKS' from Opp-Goldfish
2026-04-07 16:23:11,160 - engine - INFO - External will draw a card for turn
2026-04-07 16:23:11,160 - engine - INFO - Handling intent 'Action.PLAY_CARD' for priority event 'PlayerEvent.MAIN_PHASE_EMPTY_STACK' from External
2026-04-07 16:23:11,160 - engine - WARNING - Cards to play: Details are missing. NoOp instead!
2026-04-07 16:23:11,160 - engine - INFO - Handling intent 'Action.ATTACK' for priority event 'PlayerEvent.DECLARE_ATTACKS' from External
2026-04-07 16:23:11,160 - engine - WARNING - Turn 3/2: External is attacking!
2026-04-07 16:23:11,160 - engine - INFO - Opp-Goldfish will draw a card for turn
2026-04-07 16:23:11,161 - engine - INFO - Handling intent 'Action.PASS' for priority event 'PlayerEvent.MAIN_PHASE_EMPTY_STACK' from Opp-Goldfish
2026-04-07 16:23:11,161 - engine - INFO - Handling intent 'Action.PASS' for priority event 'PlayerEvent.DECLARE_ATTACKS' from Opp-Goldfish
2026-04-07 16:23:11,161 - engine - INFO - External will draw a card for turn
2026-04-07 16:23:11,161 - engine - INFO - Handling intent 'Action.PLAY_CARD' for priority event 'PlayerEvent.MAIN_PHASE_EMPTY_STACK' from External
2026-04-07 16:23:11,161 - engine - WARNING - Cards to play: Details are missing. NoOp instead!
2026-04-07 16:23:11,161 - engine - INFO - Handling intent 'Action.ATTACK' for priority event 'PlayerEvent.DECLARE_ATTACKS' from External
2026-04-07 16:23:11,161 - engine - WARNING - Turn 5/2: External is attacking!
2026-04-07 16:23:11,161 - engine - INFO - Opp-Goldfish will draw a card for turn
2026-04-07 16:23:11,161 - engine - INFO - Handling intent 'Action.PASS' for priority event 'PlayerEvent.MAIN_PHASE_EMPTY_STACK' from Opp-Goldfish
2026-04-07 16:23:11,162 - engine - INFO - Handling intent 'Action.PASS' for priority event 'PlayerEvent.DECLARE_ATTACKS' from Opp-Goldfish
2026-04-07 16:23:11,162 - engine - INFO - External will draw a card for turn
2026-04-07 16:23:11,162 - engine - INFO - Handling intent 'Action.PLAY_CARD' for priority event 'PlayerEvent.MAIN_PHASE_EMPTY_STACK' from External
2026-04-07 16:23:11,162 - engine - WARNING - Cards to play: Details are missing. NoOp instead!
2026-04-07 16:23:11,162 - engine - INFO - Handling intent 'Action.ATTACK' for priority event 'PlayerEvent.DECLARE_ATTACKS' from External
2026-04-07 16:23:11,162 - engine - WARNING - Turn 7/2: External is attacking!
2026-04-07 16:23:11,162 - engine - INFO - Opp-Goldfish will draw a card for turn
2026-04-07 16:23:11,162 - engine - INFO - Handling intent 'Action.PASS' for priority event 'PlayerEvent.MAIN_PHASE_EMPTY_STACK' from Opp-Goldfish
2026-04-07 16:23:11,163 - engine - INFO - Handling intent 'Action.PASS' for priority event 'PlayerEvent.DECLARE_ATTACKS' from Opp-Goldfish
2026-04-07 16:23:11,163 - engine - INFO - External will draw a card for turn
2026-04-07 16:23:11,163 - engine - INFO - Handling intent 'Action.PLAY_CARD' for priority event 'PlayerEvent.MAIN_PHASE_EMPTY_STACK' from External
2026-04-07 16:23:11,163 - engine - WARNING - Cards to play: Details are missing. NoOp instead!
2026-04-07 16:23:11,164 - engine - INFO - Handling intent 'Action.ATTACK' for priority event 'PlayerEvent.DECLARE_ATTACKS' from External
2026-04-07 16:23:11,164 - engine - WARNING - Turn 9/2: External is attacking!
2026-04-07 16:23:11,164 - engine - WARNING - Opp-Goldfish died by having 0 or less life.
2026-04-07 16:23:11,164 - engine - INFO - Game ended by death of player(s)
2026-04-07 16:23:11,164 - engine - INFO - External won by survival
2026-04-07 16:23:11,164 - engine - INFO - Setting up the new player Player1
2026-04-07 16:23:11,164 - engine - INFO - Setting up the new player Player2
2026-04-07 16:23:11,165 - engine - INFO - Handling intent 'Action.PASS' for priority event 'PlayerEvent.MAIN_PHASE_EMPTY_STACK' from Opp-Goldfish
2026-04-07 16:23:11,165 - engine - INFO - Handling intent 'Action.PASS' for priority event 'PlayerEvent.DECLARE_ATTACKS' from Opp-Goldfish
2026-04-07 16:23:11,165 - engine - INFO - External will draw a card for turn
2026-04-07 16:23:11,166 - engine - INFO - Handling intent 'Action.PLAY_CARD' for priority event 'PlayerEvent.MAIN_PHASE_EMPTY_STACK' from External
2026-04-07 16:23:11,166 - engine - WARNING - Cards to play: Details are missing. NoOp instead!
2026-04-07 16:23:11,166 - engine - INFO - Handling intent 'Action.ATTACK' for priority event 'PlayerEvent.DECLARE_ATTACKS' from External
2026-04-07 16:23:11,166 - engine - WARNING - Turn 1/2: External is attacking!
2026-04-07 16:23:11,166 - engine - INFO - Opp-Goldfish will draw a card for turn
2026-04-07 16:23:11,166 - engine - INFO - Handling intent 'Action.PASS' for priority event 'PlayerEvent.MAIN_PHASE_EMPTY_STACK' from Opp-Goldfish
2026-04-07 16:23:11,167 - engine - INFO - Handling intent 'Action.PASS' for priority event 'PlayerEvent.DECLARE_ATTACKS' from Opp-Goldfish
2026-04-07 16:23:11,167 - engine - INFO - External will draw a card for turn
2026-04-07 16:23:11,167 - engine - INFO - Handling intent 'Action.PLAY_CARD' for priority event 'PlayerEvent.MAIN_PHASE_EMPTY_STACK' from External
2026-04-07 16:23:11,167 - engine - WARNING - Cards to play: Details are missing. NoOp instead!
2026-04-07 16:23:11,167 - engine - INFO - Handling intent 'Action.ATTACK' for priority event 'PlayerEvent.DECLARE_ATTACKS' from External
2026-04-07 16:23:11,167 - engine - WARNING - Turn 3/2: External is attacking!
2026-04-07 16:23:11,167 - engine - INFO - Opp-Goldfish will draw a card for turn
2026-04-07 16:23:11,167 - engine - INFO - Handling intent 'Action.PASS' for priority event 'PlayerEvent.MAIN_PHASE_EMPTY_STACK' from Opp-Goldfish
2026-04-07 16:23:11,167 - engine - INFO - Handling intent 'Action.PASS' for priority event 'PlayerEvent.DECLARE_ATTACKS' from Opp-Goldfish
2026-04-07 16:23:11,167 - engine - INFO - External will draw a card for turn
2026-04-07 16:23:11,168 - engine - INFO - Handling intent 'Action.PLAY_CARD' for priority event 'PlayerEvent.MAIN_PHASE_EMPTY_STACK' from External
2026-04-07 16:23:11,168 - engine - WARNING - Cards to play: Details are missing. NoOp instead!
2026-04-07 16:23:11,168 - engine - INFO - Handling intent 'Action.ATTACK' for priority event 'PlayerEvent.DECLARE_ATTACKS' from External
2026-04-07 16:23:11,168 - engine - WARNING - Turn 5/2: External is attacking!
2026-04-07 16:23:11,168 - engine - INFO - Opp-Goldfish will draw a card for turn
2026-04-07 16:23:11,168 - engine - INFO - Handling intent 'Action.PASS' for priority event 'PlayerEvent.MAIN_PHASE_EMPTY_STACK' from Opp-Goldfish
2026-04-07 16:23:11,168 - engine - INFO - Handling intent 'Action.PASS' for priority event 'PlayerEvent.DECLARE_ATTACKS' from Opp-Goldfish
2026-04-07 16:23:11,168 - engine - INFO - External will draw a card for turn
2026-04-07 16:23:11,169 - engine - INFO - Handling intent 'Action.PLAY_CARD' for priority event 'PlayerEvent.MAIN_PHASE_EMPTY_STACK' from External
2026-04-07 16:23:11,169 - engine - WARNING - Cards to play: Details are missing. NoOp instead!
2026-04-07 16:23:11,169 - engine - INFO - Handling intent 'Action.ATTACK' for priority event 'PlayerEvent.DECLARE_ATTACKS' from External
2026-04-07 16:23:11,169 - engine - WARNING - Turn 7/2: External is attacking!
2026-04-07 16:23:11,169 - engine - INFO - Opp-Goldfish will draw a card for turn
2026-04-07 16:23:11,169 - engine - INFO - Handling intent 'Action.PASS' for priority event 'PlayerEvent.MAIN_PHASE_EMPTY_STACK' from Opp-Goldfish
2026-04-07 16:23:11,169 - engine - INFO - Handling intent 'Action.PASS' for priority event 'PlayerEvent.DECLARE_ATTACKS' from Opp-Goldfish
2026-04-07 16:23:11,169 - engine - INFO - External will draw a card for turn
2026-04-07 16:23:11,170 - engine - INFO - Handling intent 'Action.PLAY_CARD' for priority event 'PlayerEvent.MAIN_PHASE_EMPTY_STACK' from External
2026-04-07 16:23:11,170 - engine - WARNING - Cards to play: Details are missing. NoOp instead!
2026-04-07 16:23:11,170 - engine - INFO - Handling intent 'Action.ATTACK' for priority event 'PlayerEvent.DECLARE_ATTACKS' from External
2026-04-07 16:23:11,170 - engine - WARNING - Turn 9/2: External is attacking!
2026-04-07 16:23:11,170 - engine - WARNING - Opp-Goldfish died by having 0 or less life.
2026-04-07 16:23:11,170 - engine - INFO - Game ended by death of player(s)
2026-04-07 16:23:11,170 - engine - INFO - External won by survival
2026-04-07 16:23:11,170 - engine - INFO - Setting up the new player Player1
2026-04-07 16:23:11,171 - engine - INFO - Setting up the new player Player2
2026-04-07 16:23:11,172 - engine - INFO - Handling intent 'Action.PASS' for priority event 'PlayerEvent.MAIN_PHASE_EMPTY_STACK' from Opp-Goldfish
2026-04-07 16:23:11,172 - engine - INFO - Handling intent 'Action.PASS' for priority event 'PlayerEvent.DECLARE_ATTACKS' from Opp-Goldfish
2026-04-07 16:23:11,172 - engine - INFO - External will draw a card for turn
2026-04-07 16:23:11,172 - engine - INFO - Handling intent 'Action.PLAY_CARD' for priority event 'PlayerEvent.MAIN_PHASE_EMPTY_STACK' from External
2026-04-07 16:23:11,172 - engine - WARNING - Cards to play: Details are missing. NoOp instead!
2026-04-07 16:23:11,172 - engine - INFO - Handling intent 'Action.ATTACK' for priority event 'PlayerEvent.DECLARE_ATTACKS' from External
2026-04-07 16:23:11,172 - engine - WARNING - Turn 1/2: External is attacking!
2026-04-07 16:23:11,172 - engine - INFO - Opp-Goldfish will draw a card for turn
2026-04-07 16:23:11,173 - engine - INFO - Handling intent 'Action.PASS' for priority event 'PlayerEvent.MAIN_PHASE_EMPTY_STACK' from Opp-Goldfish
2026-04-07 16:23:11,173 - engine - INFO - Handling intent 'Action.PASS' for priority event 'PlayerEvent.DECLARE_ATTACKS' from Opp-Goldfish
2026-04-07 16:23:11,173 - engine - INFO - External will draw a card for turn
2026-04-07 16:23:11,173 - engine - INFO - Handling intent 'Action.PLAY_CARD' for priority event 'PlayerEvent.MAIN_PHASE_EMPTY_STACK' from External
2026-04-07 16:23:11,173 - engine - WARNING - Cards to play: Details are missing. NoOp instead!
2026-04-07 16:23:11,173 - engine - INFO - Handling intent 'Action.ATTACK' for priority event 'PlayerEvent.DECLARE_ATTACKS' from External
2026-04-07 16:23:11,173 - engine - WARNING - Turn 3/2: External is attacking!
2026-04-07 16:23:11,173 - engine - INFO - Opp-Goldfish will draw a card for turn
2026-04-07 16:23:11,173 - engine - INFO - Handling intent 'Action.PASS' for priority event 'PlayerEvent.MAIN_PHASE_EMPTY_STACK' from Opp-Goldfish
2026-04-07 16:23:11,174 - engine - INFO - Handling intent 'Action.PASS' for priority event 'PlayerEvent.DECLARE_ATTACKS' from Opp-Goldfish
2026-04-07 16:23:11,174 - engine - INFO - External will draw a card for turn
2026-04-07 16:23:11,174 - engine - INFO - Handling intent 'Action.PLAY_CARD' for priority event 'PlayerEvent.MAIN_PHASE_EMPTY_STACK' from External
2026-04-07 16:23:11,174 - engine - WARNING - Cards to play: Details are missing. NoOp instead!
2026-04-07 16:23:11,174 - engine - INFO - Handling intent 'Action.ATTACK' for priority event 'PlayerEvent.DECLARE_ATTACKS' from External
2026-04-07 16:23:11,174 - engine - WARNING - Turn 5/2: External is attacking!
2026-04-07 16:23:11,174 - engine - INFO - Opp-Goldfish will draw a card for turn
2026-04-07 16:23:11,174 - engine - INFO - Handling intent 'Action.PASS' for priority event 'PlayerEvent.MAIN_PHASE_EMPTY_STACK' from Opp-Goldfish
2026-04-07 16:23:11,175 - engine - INFO - Handling intent 'Action.PASS' for priority event 'PlayerEvent.DECLARE_ATTACKS' from Opp-Goldfish
2026-04-07 16:23:11,175 - engine - INFO - External will draw a card for turn
2026-04-07 16:23:11,175 - engine - INFO - Handling intent 'Action.PLAY_CARD' for priority event 'PlayerEvent.MAIN_PHASE_EMPTY_STACK' from External
2026-04-07 16:23:11,175 - engine - WARNING - Cards to play: Details are missing. NoOp instead!
2026-04-07 16:23:11,175 - engine - INFO - Handling intent 'Action.ATTACK' for priority event 'PlayerEvent.DECLARE_ATTACKS' from External
2026-04-07 16:23:11,175 - engine - WARNING - Turn 7/2: External is attacking!
2026-04-07 16:23:11,175 - engine - INFO - Opp-Goldfish will draw a card for turn
2026-04-07 16:23:11,175 - engine - INFO - Handling intent 'Action.PASS' for priority event 'PlayerEvent.MAIN_PHASE_EMPTY_STACK' from Opp-Goldfish
2026-04-07 16:23:11,175 - engine - INFO - Handling intent 'Action.PASS' for priority event 'PlayerEvent.DECLARE_ATTACKS' from Opp-Goldfish
2026-04-07 16:23:11,176 - engine - INFO - External will draw a card for turn
2026-04-07 16:23:11,176 - engine - INFO - Handling intent 'Action.PLAY_CARD' for priority event 'PlayerEvent.MAIN_PHASE_EMPTY_STACK' from External
2026-04-07 16:23:11,176 - engine - WARNING - Cards to play: Details are missing. NoOp instead!
2026-04-07 16:23:11,176 - engine - INFO - Handling intent 'Action.ATTACK' for priority event 'PlayerEvent.DECLARE_ATTACKS' from External
2026-04-07 16:23:11,176 - engine - WARNING - Turn 9/2: External is attacking!
2026-04-07 16:23:11,176 - engine - WARNING - Opp-Goldfish died by having 0 or less life.
2026-04-07 16:23:11,176 - engine - INFO - Game ended by death of player(s)
2026-04-07 16:23:11,176 - engine - INFO - External won by survival
2026-04-07 16:23:11,177 - engine - INFO - Setting up the new player Player1
2026-04-07 16:23:11,177 - engine - INFO - Setting up the new player Player2
2026-04-07 16:23:11,178 - engine - INFO - Handling intent 'Action.PASS' for priority event 'PlayerEvent.MAIN_PHASE_EMPTY_STACK' from Opp-Goldfish
2026-04-07 16:23:11,178 - engine - INFO - Handling intent 'Action.PASS' for priority event 'PlayerEvent.DECLARE_ATTACKS' from Opp-Goldfish
2026-04-07 16:23:11,178 - engine - INFO - External will draw a card for turn
2026-04-07 16:23:11,179 - engine - INFO - Handling intent 'Action.PLAY_CARD' for priority event 'PlayerEvent.MAIN_PHASE_EMPTY_STACK' from External
2026-04-07 16:23:11,179 - engine - WARNING - Cards to play: Details are missing. NoOp instead!
2026-04-07 16:23:11,179 - engine - INFO - Handling intent 'Action.ATTACK' for priority event 'PlayerEvent.DECLARE_ATTACKS' from External
2026-04-07 16:23:11,179 - engine - WARNING - Turn 1/2: External is attacking!
2026-04-07 16:23:11,179 - engine - INFO - Opp-Goldfish will draw a card for turn
2026-04-07 16:23:11,179 - engine - INFO - Handling intent 'Action.PASS' for priority event 'PlayerEvent.MAIN_PHASE_EMPTY_STACK' from Opp-Goldfish
2026-04-07 16:23:11,179 - engine - INFO - Handling intent 'Action.PASS' for priority event 'PlayerEvent.DECLARE_ATTACKS' from Opp-Goldfish
2026-04-07 16:23:11,179 - engine - INFO - External will draw a card for turn
2026-04-07 16:23:11,180 - engine - INFO - Handling intent 'Action.PLAY_CARD' for priority event 'PlayerEvent.MAIN_PHASE_EMPTY_STACK' from External
2026-04-07 16:23:11,180 - engine - WARNING - Cards to play: Details are missing. NoOp instead!
2026-04-07 16:23:11,180 - engine - INFO - Handling intent 'Action.ATTACK' for priority event 'PlayerEvent.DECLARE_ATTACKS' from External
2026-04-07 16:23:11,180 - engine - WARNING - Turn 3/2: External is attacking!
2026-04-07 16:23:11,180 - engine - INFO - Opp-Goldfish will draw a card for turn
2026-04-07 16:23:11,180 - engine - INFO - Handling intent 'Action.PASS' for priority event 'PlayerEvent.MAIN_PHASE_EMPTY_STACK' from Opp-Goldfish
2026-04-07 16:23:11,180 - engine - INFO - Handling intent 'Action.PASS' for priority event 'PlayerEvent.DECLARE_ATTACKS' from Opp-Goldfish
2026-04-07 16:23:11,180 - engine - INFO - External will draw a card for turn
2026-04-07 16:23:11,181 - engine - INFO - Handling intent 'Action.PLAY_CARD' for priority event 'PlayerEvent.MAIN_PHASE_EMPTY_STACK' from External
2026-04-07 16:23:11,181 - engine - WARNING - Cards to play: Details are missing. NoOp instead!
2026-04-07 16:23:11,181 - engine - INFO - Handling intent 'Action.ATTACK' for priority event 'PlayerEvent.DECLARE_ATTACKS' from External
2026-04-07 16:23:11,181 - engine - WARNING - Turn 5/2: External is attacking!
2026-04-07 16:23:11,181 - engine - INFO - Opp-Goldfish will draw a card for turn
2026-04-07 16:23:11,181 - engine - INFO - Handling intent 'Action.PASS' for priority event 'PlayerEvent.MAIN_PHASE_EMPTY_STACK' from Opp-Goldfish
2026-04-07 16:23:11,181 - engine - INFO - Handling intent 'Action.PASS' for priority event 'PlayerEvent.DECLARE_ATTACKS' from Opp-Goldfish
2026-04-07 16:23:11,182 - engine - INFO - External will draw a card for turn
2026-04-07 16:23:11,182 - engine - INFO - Handling intent 'Action.PASS' for priority event 'PlayerEvent.MAIN_PHASE_EMPTY_STACK' from External
2026-04-07 16:23:11,182 - engine - INFO - Handling intent 'Action.ATTACK' for priority event 'PlayerEvent.DECLARE_ATTACKS' from External
2026-04-07 16:23:11,183 - engine - WARNING - Turn 7/2: External is attacking!
2026-04-07 16:23:11,183 - engine - INFO - Opp-Goldfish will draw a card for turn
2026-04-07 16:23:11,183 - engine - INFO - Handling intent 'Action.PASS' for priority event 'PlayerEvent.MAIN_PHASE_EMPTY_STACK' from Opp-Goldfish
2026-04-07 16:23:11,183 - engine - INFO - Handling intent 'Action.PASS' for priority event 'PlayerEvent.DECLARE_ATTACKS' from Opp-Goldfish
2026-04-07 16:23:11,183 - engine - INFO - External will draw a card for turn
2026-04-07 16:23:11,183 - engine - INFO - Handling intent 'Action.PLAY_CARD' for priority event 'PlayerEvent.MAIN_PHASE_EMPTY_STACK' from External
2026-04-07 16:23:11,183 - engine - WARNING - Cards to play: Details are missing. NoOp instead!
2026-04-07 16:23:11,184 - engine - INFO - Handling intent 'Action.PASS' for priority event 'PlayerEvent.DECLARE_ATTACKS' from External
2026-04-07 16:23:11,184 - engine - INFO - Opp-Goldfish will draw a card for turn
2026-04-07 16:23:11,184 - engine - INFO - Handling intent 'Action.PASS' for priority event 'PlayerEvent.MAIN_PHASE_EMPTY_STACK' from Opp-Goldfish
2026-04-07 16:23:11,184 - engine - INFO - Handling intent 'Action.PASS' for priority event 'PlayerEvent.DECLARE_ATTACKS' from Opp-Goldfish
2026-04-07 16:23:11,184 - engine - INFO - External will draw a card for turn
2026-04-07 16:23:11,184 - engine - INFO - Handling intent 'Action.PLAY_CARD' for priority event 'PlayerEvent.MAIN_PHASE_EMPTY_STACK' from External
2026-04-07 16:23:11,184 - engine - WARNING - Cards to play: Details are missing. NoOp instead!
2026-04-07 16:23:11,185 - engine - INFO - Handling intent 'Action.ATTACK' for priority event 'PlayerEvent.DECLARE_ATTACKS' from External
2026-04-07 16:23:11,185 - engine - WARNING - Turn 11/2: External is attacking!
2026-04-07 16:23:11,185 - engine - WARNING - Opp-Goldfish died by having 0 or less life.
2026-04-07 16:23:11,185 - engine - INFO - Game ended by death of player(s)
2026-04-07 16:23:11,185 - engine - INFO - External won by survival
2026-04-07 16:23:11,185 - engine - INFO - Setting up the new player Player1
2026-04-07 16:23:11,185 - engine - INFO - Setting up the new player Player2
2026-04-07 16:23:11,186 - engine - INFO - Handling intent 'Action.PASS' for priority event 'PlayerEvent.MAIN_PHASE_EMPTY_STACK' from Opp-Goldfish
2026-04-07 16:23:11,186 - engine - INFO - Handling intent 'Action.PASS' for priority event 'PlayerEvent.DECLARE_ATTACKS' from Opp-Goldfish
2026-04-07 16:23:11,186 - engine - INFO - External will draw a card for turn
2026-04-07 16:23:11,187 - engine - INFO - Handling intent 'Action.PASS' for priority event 'PlayerEvent.MAIN_PHASE_EMPTY_STACK' from External
2026-04-07 16:23:11,187 - engine - INFO - Handling intent 'Action.ATTACK' for priority event 'PlayerEvent.DECLARE_ATTACKS' from External
2026-04-07 16:23:11,187 - engine - WARNING - Turn 1/2: External is attacking!
2026-04-07 16:23:11,187 - engine - INFO - Opp-Goldfish will draw a card for turn
2026-04-07 16:23:11,187 - engine - INFO - Handling intent 'Action.PASS' for priority event 'PlayerEvent.MAIN_PHASE_EMPTY_STACK' from Opp-Goldfish
2026-04-07 16:23:11,187 - engine - INFO - Handling intent 'Action.PASS' for priority event 'PlayerEvent.DECLARE_ATTACKS' from Opp-Goldfish
2026-04-07 16:23:11,187 - engine - INFO - External will draw a card for turn
2026-04-07 16:23:11,187 - engine - INFO - Handling intent 'Action.PLAY_CARD' for priority event 'PlayerEvent.MAIN_PHASE_EMPTY_STACK' from External
2026-04-07 16:23:11,187 - engine - WARNING - Cards to play: Details are missing. NoOp instead!
2026-04-07 16:23:11,188 - engine - INFO - Handling intent 'Action.ATTACK' for priority event 'PlayerEvent.DECLARE_ATTACKS' from External
2026-04-07 16:23:11,188 - engine - WARNING - Turn 3/2: External is attacking!
2026-04-07 16:23:11,188 - engine - INFO - Opp-Goldfish will draw a card for turn
2026-04-07 16:23:11,188 - engine - INFO - Handling intent 'Action.PASS' for priority event 'PlayerEvent.MAIN_PHASE_EMPTY_STACK' from Opp-Goldfish
2026-04-07 16:23:11,188 - engine - INFO - Handling intent 'Action.PASS' for priority event 'PlayerEvent.DECLARE_ATTACKS' from Opp-Goldfish
2026-04-07 16:23:11,188 - engine - INFO - External will draw a card for turn
2026-04-07 16:23:11,188 - engine - INFO - Handling intent 'Action.PLAY_CARD' for priority event 'PlayerEvent.MAIN_PHASE_EMPTY_STACK' from External
2026-04-07 16:23:11,188 - engine - WARNING - Cards to play: Details are missing. NoOp instead!
2026-04-07 16:23:11,188 - engine - INFO - Handling intent 'Action.ATTACK' for priority event 'PlayerEvent.DECLARE_ATTACKS' from External
2026-04-07 16:23:11,188 - engine - WARNING - Turn 5/2: External is attacking!
2026-04-07 16:23:11,189 - engine - INFO - Opp-Goldfish will draw a card for turn
2026-04-07 16:23:11,189 - engine - INFO - Handling intent 'Action.PASS' for priority event 'PlayerEvent.MAIN_PHASE_EMPTY_STACK' from Opp-Goldfish
2026-04-07 16:23:11,189 - engine - INFO - Handling intent 'Action.PASS' for priority event 'PlayerEvent.DECLARE_ATTACKS' from Opp-Goldfish
2026-04-07 16:23:11,189 - engine - INFO - External will draw a card for turn
2026-04-07 16:23:11,189 - engine - INFO - Handling intent 'Action.PLAY_CARD' for priority event 'PlayerEvent.MAIN_PHASE_EMPTY_STACK' from External
2026-04-07 16:23:11,189 - engine - WARNING - Cards to play: Details are missing. NoOp instead!
2026-04-07 16:23:11,189 - engine - INFO - Handling intent 'Action.ATTACK' for priority event 'PlayerEvent.DECLARE_ATTACKS' from External
2026-04-07 16:23:11,189 - engine - WARNING - Turn 7/2: External is attacking!
2026-04-07 16:23:11,189 - engine - INFO - Opp-Goldfish will draw a card for turn
2026-04-07 16:23:11,189 - engine - INFO - Handling intent 'Action.PASS' for priority event 'PlayerEvent.MAIN_PHASE_EMPTY_STACK' from Opp-Goldfish
2026-04-07 16:23:11,189 - engine - INFO - Handling intent 'Action.PASS' for priority event 'PlayerEvent.DECLARE_ATTACKS' from Opp-Goldfish
2026-04-07 16:23:11,189 - engine - INFO - External will draw a card for turn
2026-04-07 16:23:11,190 - engine - INFO - Handling intent 'Action.PLAY_CARD' for priority event 'PlayerEvent.MAIN_PHASE_EMPTY_STACK' from External
2026-04-07 16:23:11,190 - engine - WARNING - Cards to play: Details are missing. NoOp instead!
2026-04-07 16:23:11,190 - engine - INFO - Handling intent 'Action.ATTACK' for priority event 'PlayerEvent.DECLARE_ATTACKS' from External
2026-04-07 16:23:11,190 - engine - WARNING - Turn 9/2: External is attacking!
2026-04-07 16:23:11,190 - engine - WARNING - Opp-Goldfish died by having 0 or less life.
2026-04-07 16:23:11,190 - engine - INFO - Game ended by death of player(s)
2026-04-07 16:23:11,190 - engine - INFO - External won by survival
2026-04-07 16:23:11,190 - engine - INFO - Setting up the new player Player1
2026-04-07 16:23:11,190 - engine - INFO - Setting up the new player Player2
2026-04-07 16:23:11,191 - engine - INFO - Handling intent 'Action.PASS' for priority event 'PlayerEvent.MAIN_PHASE_EMPTY_STACK' from Opp-Goldfish
2026-04-07 16:23:11,192 - engine - INFO - Handling intent 'Action.PASS' for priority event 'PlayerEvent.DECLARE_ATTACKS' from Opp-Goldfish
2026-04-07 16:23:11,192 - engine - INFO - External will draw a card for turn
2026-04-07 16:23:11,192 - engine - INFO - Handling intent 'Action.PLAY_CARD' for priority event 'PlayerEvent.MAIN_PHASE_EMPTY_STACK' from External
2026-04-07 16:23:11,192 - engine - WARNING - Cards to play: Details are missing. NoOp instead!
2026-04-07 16:23:11,192 - engine - INFO - Handling intent 'Action.ATTACK' for priority event 'PlayerEvent.DECLARE_ATTACKS' from External
2026-04-07 16:23:11,192 - engine - WARNING - Turn 1/2: External is attacking!
2026-04-07 16:23:11,192 - engine - INFO - Opp-Goldfish will draw a card for turn
2026-04-07 16:23:11,193 - engine - INFO - Handling intent 'Action.PASS' for priority event 'PlayerEvent.MAIN_PHASE_EMPTY_STACK' from Opp-Goldfish
2026-04-07 16:23:11,193 - engine - INFO - Handling intent 'Action.PASS' for priority event 'PlayerEvent.DECLARE_ATTACKS' from Opp-Goldfish
2026-04-07 16:23:11,193 - engine - INFO - External will draw a card for turn
2026-04-07 16:23:11,193 - engine - INFO - Handling intent 'Action.PLAY_CARD' for priority event 'PlayerEvent.MAIN_PHASE_EMPTY_STACK' from External
2026-04-07 16:23:11,193 - engine - WARNING - Cards to play: Details are missing. NoOp instead!
2026-04-07 16:23:11,193 - engine - INFO - Handling intent 'Action.ATTACK' for priority event 'PlayerEvent.DECLARE_ATTACKS' from External
2026-04-07 16:23:11,193 - engine - WARNING - Turn 3/2: External is attacking!
2026-04-07 16:23:11,193 - engine - INFO - Opp-Goldfish will draw a card for turn
2026-04-07 16:23:11,193 - engine - INFO - Handling intent 'Action.PASS' for priority event 'PlayerEvent.MAIN_PHASE_EMPTY_STACK' from Opp-Goldfish
2026-04-07 16:23:11,193 - engine - INFO - Handling intent 'Action.PASS' for priority event 'PlayerEvent.DECLARE_ATTACKS' from Opp-Goldfish
2026-04-07 16:23:11,193 - engine - INFO - External will draw a card for turn
2026-04-07 16:23:11,194 - engine - INFO - Handling intent 'Action.PLAY_CARD' for priority event 'PlayerEvent.MAIN_PHASE_EMPTY_STACK' from External
2026-04-07 16:23:11,194 - engine - WARNING - Cards to play: Details are missing. NoOp instead!
2026-04-07 16:23:11,194 - engine - INFO - Handling intent 'Action.ATTACK' for priority event 'PlayerEvent.DECLARE_ATTACKS' from External
2026-04-07 16:23:11,194 - engine - WARNING - Turn 5/2: External is attacking!
2026-04-07 16:23:11,194 - engine - INFO - Opp-Goldfish will draw a card for turn
2026-04-07 16:23:11,194 - engine - INFO - Handling intent 'Action.PASS' for priority event 'PlayerEvent.MAIN_PHASE_EMPTY_STACK' from Opp-Goldfish
2026-04-07 16:23:11,194 - engine - INFO - Handling intent 'Action.PASS' for priority event 'PlayerEvent.DECLARE_ATTACKS' from Opp-Goldfish
2026-04-07 16:23:11,194 - engine - INFO - External will draw a card for turn
2026-04-07 16:23:11,194 - engine - INFO - Handling intent 'Action.PLAY_CARD' for priority event 'PlayerEvent.MAIN_PHASE_EMPTY_STACK' from External
2026-04-07 16:23:11,194 - engine - WARNING - Cards to play: Details are missing. NoOp instead!
2026-04-07 16:23:11,195 - engine - INFO - Handling intent 'Action.ATTACK' for priority event 'PlayerEvent.DECLARE_ATTACKS' from External
2026-04-07 16:23:11,195 - engine - WARNING - Turn 7/2: External is attacking!
2026-04-07 16:23:11,195 - engine - INFO - Opp-Goldfish will draw a card for turn
2026-04-07 16:23:11,195 - engine - INFO - Handling intent 'Action.PASS' for priority event 'PlayerEvent.MAIN_PHASE_EMPTY_STACK' from Opp-Goldfish
2026-04-07 16:23:11,195 - engine - INFO - Handling intent 'Action.PASS' for priority event 'PlayerEvent.DECLARE_ATTACKS' from Opp-Goldfish
2026-04-07 16:23:11,195 - engine - INFO - External will draw a card for turn
2026-04-07 16:23:11,195 - engine - INFO - Handling intent 'Action.PLAY_CARD' for priority event 'PlayerEvent.MAIN_PHASE_EMPTY_STACK' from External
2026-04-07 16:23:11,195 - engine - WARNING - Cards to play: Details are missing. NoOp instead!
2026-04-07 16:23:11,195 - engine - INFO - Handling intent 'Action.ATTACK' for priority event 'PlayerEvent.DECLARE_ATTACKS' from External
2026-04-07 16:23:11,195 - engine - WARNING - Turn 9/2: External is attacking!
2026-04-07 16:23:11,195 - engine - WARNING - Opp-Goldfish died by having 0 or less life.
2026-04-07 16:23:11,195 - engine - INFO - Game ended by death of player(s)
2026-04-07 16:23:11,195 - engine - INFO - External won by survival
2026-04-07 16:23:11,196 - engine - INFO - Setting up the new player Player1
2026-04-07 16:23:11,196 - engine - INFO - Setting up the new player Player2
2026-04-07 16:23:11,197 - engine - INFO - Handling intent 'Action.PASS' for priority event 'PlayerEvent.MAIN_PHASE_EMPTY_STACK' from Opp-Goldfish
2026-04-07 16:23:11,197 - engine - INFO - Handling intent 'Action.PASS' for priority event 'PlayerEvent.DECLARE_ATTACKS' from Opp-Goldfish
2026-04-07 16:23:11,197 - engine - INFO - External will draw a card for turn
2026-04-07 16:23:11,198 - engine - INFO - Handling intent 'Action.PLAY_CARD' for priority event 'PlayerEvent.MAIN_PHASE_EMPTY_STACK' from External
2026-04-07 16:23:11,198 - engine - WARNING - Cards to play: Details are missing. NoOp instead!
2026-04-07 16:23:11,198 - engine - INFO - Handling intent 'Action.ATTACK' for priority event 'PlayerEvent.DECLARE_ATTACKS' from External
2026-04-07 16:23:11,198 - engine - WARNING - Turn 1/2: External is attacking!
2026-04-07 16:23:11,198 - engine - INFO - Opp-Goldfish will draw a card for turn
2026-04-07 16:23:11,198 - engine - INFO - Handling intent 'Action.PASS' for priority event 'PlayerEvent.MAIN_PHASE_EMPTY_STACK' from Opp-Goldfish
2026-04-07 16:23:11,198 - engine - INFO - Handling intent 'Action.PASS' for priority event 'PlayerEvent.DECLARE_ATTACKS' from Opp-Goldfish
2026-04-07 16:23:11,198 - engine - INFO - External will draw a card for turn
2026-04-07 16:23:11,199 - engine - INFO - Handling intent 'Action.PLAY_CARD' for priority event 'PlayerEvent.MAIN_PHASE_EMPTY_STACK' from External
2026-04-07 16:23:11,199 - engine - WARNING - Cards to play: Details are missing. NoOp instead!
2026-04-07 16:23:11,199 - engine - INFO - Handling intent 'Action.ATTACK' for priority event 'PlayerEvent.DECLARE_ATTACKS' from External
2026-04-07 16:23:11,200 - engine - WARNING - Turn 3/2: External is attacking!
2026-04-07 16:23:11,200 - engine - INFO - Opp-Goldfish will draw a card for turn
2026-04-07 16:23:11,200 - engine - INFO - Handling intent 'Action.PASS' for priority event 'PlayerEvent.MAIN_PHASE_EMPTY_STACK' from Opp-Goldfish
2026-04-07 16:23:11,200 - engine - INFO - Handling intent 'Action.PASS' for priority event 'PlayerEvent.DECLARE_ATTACKS' from Opp-Goldfish
2026-04-07 16:23:11,200 - engine - INFO - External will draw a card for turn
2026-04-07 16:23:11,200 - engine - INFO - Handling intent 'Action.PLAY_CARD' for priority event 'PlayerEvent.MAIN_PHASE_EMPTY_STACK' from External
2026-04-07 16:23:11,200 - engine - WARNING - Cards to play: Details are missing. NoOp instead!
2026-04-07 16:23:11,201 - engine - INFO - Handling intent 'Action.ATTACK' for priority event 'PlayerEvent.DECLARE_ATTACKS' from External
2026-04-07 16:23:11,201 - engine - WARNING - Turn 5/2: External is attacking!
2026-04-07 16:23:11,201 - engine - INFO - Opp-Goldfish will draw a card for turn
2026-04-07 16:23:11,201 - engine - INFO - Handling intent 'Action.PASS' for priority event 'PlayerEvent.MAIN_PHASE_EMPTY_STACK' from Opp-Goldfish
2026-04-07 16:23:11,201 - engine - INFO - Handling intent 'Action.PASS' for priority event 'PlayerEvent.DECLARE_ATTACKS' from Opp-Goldfish
2026-04-07 16:23:11,201 - engine - INFO - External will draw a card for turn
2026-04-07 16:23:11,201 - engine - INFO - Handling intent 'Action.PLAY_CARD' for priority event 'PlayerEvent.MAIN_PHASE_EMPTY_STACK' from External
2026-04-07 16:23:11,201 - engine - WARNING - Cards to play: Details are missing. NoOp instead!
2026-04-07 16:23:11,202 - engine - INFO - Handling intent 'Action.ATTACK' for priority event 'PlayerEvent.DECLARE_ATTACKS' from External
2026-04-07 16:23:11,202 - engine - WARNING - Turn 7/2: External is attacking!
2026-04-07 16:23:11,202 - engine - INFO - Opp-Goldfish will draw a card for turn
2026-04-07 16:23:11,202 - engine - INFO - Handling intent 'Action.PASS' for priority event 'PlayerEvent.MAIN_PHASE_EMPTY_STACK' from Opp-Goldfish
2026-04-07 16:23:11,202 - engine - INFO - Handling intent 'Action.PASS' for priority event 'PlayerEvent.DECLARE_ATTACKS' from Opp-Goldfish
2026-04-07 16:23:11,202 - engine - INFO - External will draw a card for turn
2026-04-07 16:23:11,202 - engine - INFO - Handling intent 'Action.PASS' for priority event 'PlayerEvent.MAIN_PHASE_EMPTY_STACK' from External
2026-04-07 16:23:11,202 - engine - INFO - Handling intent 'Action.ATTACK' for priority event 'PlayerEvent.DECLARE_ATTACKS' from External
2026-04-07 16:23:11,202 - engine - WARNING - Turn 9/2: External is attacking!
2026-04-07 16:23:11,203 - engine - WARNING - Opp-Goldfish died by having 0 or less life.
2026-04-07 16:23:11,203 - engine - INFO - Game ended by death of player(s)
2026-04-07 16:23:11,203 - engine - INFO - External won by survival
2026-04-07 16:23:11,203 - engine - INFO - Setting up the new player Player1
2026-04-07 16:23:11,203 - engine - INFO - Setting up the new player Player2
2026-04-07 16:23:11,204 - engine - INFO - Handling intent 'Action.PASS' for priority event 'PlayerEvent.MAIN_PHASE_EMPTY_STACK' from Opp-Goldfish
2026-04-07 16:23:11,204 - engine - INFO - Handling intent 'Action.PASS' for priority event 'PlayerEvent.DECLARE_ATTACKS' from Opp-Goldfish
2026-04-07 16:23:11,204 - engine - INFO - External will draw a card for turn
2026-04-07 16:23:11,204 - engine - INFO - Handling intent 'Action.PLAY_CARD' for priority event 'PlayerEvent.MAIN_PHASE_EMPTY_STACK' from External
2026-04-07 16:23:11,204 - engine - WARNING - Cards to play: Details are missing. NoOp instead!
2026-04-07 16:23:11,204 - engine - INFO - Handling intent 'Action.ATTACK' for priority event 'PlayerEvent.DECLARE_ATTACKS' from External
2026-04-07 16:23:11,204 - engine - WARNING - Turn 1/2: External is attacking!
2026-04-07 16:23:11,204 - engine - INFO - Opp-Goldfish will draw a card for turn
2026-04-07 16:23:11,205 - engine - INFO - Handling intent 'Action.PASS' for priority event 'PlayerEvent.MAIN_PHASE_EMPTY_STACK' from Opp-Goldfish
2026-04-07 16:23:11,205 - engine - INFO - Handling intent 'Action.PASS' for priority event 'PlayerEvent.DECLARE_ATTACKS' from Opp-Goldfish
2026-04-07 16:23:11,205 - engine - INFO - External will draw a card for turn
2026-04-07 16:23:11,205 - engine - INFO - Handling intent 'Action.PASS' for priority event 'PlayerEvent.MAIN_PHASE_EMPTY_STACK' from External
2026-04-07 16:23:11,205 - engine - INFO - Handling intent 'Action.ATTACK' for priority event 'PlayerEvent.DECLARE_ATTACKS' from External
2026-04-07 16:23:11,205 - engine - WARNING - Turn 3/2: External is attacking!
2026-04-07 16:23:11,205 - engine - INFO - Opp-Goldfish will draw a card for turn
2026-04-07 16:23:11,205 - engine - INFO - Handling intent 'Action.PASS' for priority event 'PlayerEvent.MAIN_PHASE_EMPTY_STACK' from Opp-Goldfish
2026-04-07 16:23:11,205 - engine - INFO - Handling intent 'Action.PASS' for priority event 'PlayerEvent.DECLARE_ATTACKS' from Opp-Goldfish
2026-04-07 16:23:11,205 - engine - INFO - External will draw a card for turn
2026-04-07 16:23:11,206 - engine - INFO - Handling intent 'Action.PLAY_CARD' for priority event 'PlayerEvent.MAIN_PHASE_EMPTY_STACK' from External
2026-04-07 16:23:11,206 - engine - WARNING - Cards to play: Details are missing. NoOp instead!
2026-04-07 16:23:11,206 - engine - INFO - Handling intent 'Action.ATTACK' for priority event 'PlayerEvent.DECLARE_ATTACKS' from External
2026-04-07 16:23:11,206 - engine - WARNING - Turn 5/2: External is attacking!
2026-04-07 16:23:11,206 - engine - INFO - Opp-Goldfish will draw a card for turn
2026-04-07 16:23:11,206 - engine - INFO - Handling intent 'Action.PASS' for priority event 'PlayerEvent.MAIN_PHASE_EMPTY_STACK' from Opp-Goldfish
2026-04-07 16:23:11,206 - engine - INFO - Handling intent 'Action.PASS' for priority event 'PlayerEvent.DECLARE_ATTACKS' from Opp-Goldfish
2026-04-07 16:23:11,206 - engine - INFO - External will draw a card for turn
2026-04-07 16:23:11,207 - engine - INFO - Handling intent 'Action.PLAY_CARD' for priority event 'PlayerEvent.MAIN_PHASE_EMPTY_STACK' from External
2026-04-07 16:23:11,207 - engine - WARNING - Cards to play: Details are missing. NoOp instead!
2026-04-07 16:23:11,207 - engine - INFO - Handling intent 'Action.ATTACK' for priority event 'PlayerEvent.DECLARE_ATTACKS' from External
2026-04-07 16:23:11,207 - engine - WARNING - Turn 7/2: External is attacking!
2026-04-07 16:23:11,207 - engine - INFO - Opp-Goldfish will draw a card for turn
2026-04-07 16:23:11,207 - engine - INFO - Handling intent 'Action.PASS' for priority event 'PlayerEvent.MAIN_PHASE_EMPTY_STACK' from Opp-Goldfish
2026-04-07 16:23:11,207 - engine - INFO - Handling intent 'Action.PASS' for priority event 'PlayerEvent.DECLARE_ATTACKS' from Opp-Goldfish
2026-04-07 16:23:11,207 - engine - INFO - External will draw a card for turn
2026-04-07 16:23:11,208 - engine - INFO - Handling intent 'Action.PLAY_CARD' for priority event 'PlayerEvent.MAIN_PHASE_EMPTY_STACK' from External
2026-04-07 16:23:11,208 - engine - WARNING - Cards to play: Details are missing. NoOp instead!
2026-04-07 16:23:11,208 - engine - INFO - Handling intent 'Action.ATTACK' for priority event 'PlayerEvent.DECLARE_ATTACKS' from External
2026-04-07 16:23:11,208 - engine - WARNING - Turn 9/2: External is attacking!
2026-04-07 16:23:11,208 - engine - WARNING - Opp-Goldfish died by having 0 or less life.
2026-04-07 16:23:11,208 - engine - INFO - Game ended by death of player(s)
2026-04-07 16:23:11,208 - engine - INFO - External won by survival
2026-04-07 16:23:11,209 - engine - INFO - Setting up the new player Player1
2026-04-07 16:23:11,209 - engine - INFO - Setting up the new player Player2
2026-04-07 16:23:11,210 - engine - INFO - Handling intent 'Action.PASS' for priority event 'PlayerEvent.MAIN_PHASE_EMPTY_STACK' from Opp-Goldfish
2026-04-07 16:23:11,210 - engine - INFO - Handling intent 'Action.PASS' for priority event 'PlayerEvent.DECLARE_ATTACKS' from Opp-Goldfish
2026-04-07 16:23:11,210 - engine - INFO - External will draw a card for turn
2026-04-07 16:23:11,210 - engine - INFO - Handling intent 'Action.PLAY_CARD' for priority event 'PlayerEvent.MAIN_PHASE_EMPTY_STACK' from External
2026-04-07 16:23:11,210 - engine - WARNING - Cards to play: Details are missing. NoOp instead!
2026-04-07 16:23:11,211 - engine - INFO - Handling intent 'Action.ATTACK' for priority event 'PlayerEvent.DECLARE_ATTACKS' from External
2026-04-07 16:23:11,211 - engine - WARNING - Turn 1/2: External is attacking!
2026-04-07 16:23:11,211 - engine - INFO - Opp-Goldfish will draw a card for turn
2026-04-07 16:23:11,211 - engine - INFO - Handling intent 'Action.PASS' for priority event 'PlayerEvent.MAIN_PHASE_EMPTY_STACK' from Opp-Goldfish
2026-04-07 16:23:11,211 - engine - INFO - Handling intent 'Action.PASS' for priority event 'PlayerEvent.DECLARE_ATTACKS' from Opp-Goldfish
2026-04-07 16:23:11,211 - engine - INFO - External will draw a card for turn
2026-04-07 16:23:11,211 - engine - INFO - Handling intent 'Action.PLAY_CARD' for priority event 'PlayerEvent.MAIN_PHASE_EMPTY_STACK' from External
2026-04-07 16:23:11,211 - engine - WARNING - Cards to play: Details are missing. NoOp instead!
2026-04-07 16:23:11,212 - engine - INFO - Handling intent 'Action.PASS' for priority event 'PlayerEvent.DECLARE_ATTACKS' from External
2026-04-07 16:23:11,212 - engine - INFO - Opp-Goldfish will draw a card for turn
2026-04-07 16:23:11,212 - engine - INFO - Handling intent 'Action.PASS' for priority event 'PlayerEvent.MAIN_PHASE_EMPTY_STACK' from Opp-Goldfish
2026-04-07 16:23:11,212 - engine - INFO - Handling intent 'Action.PASS' for priority event 'PlayerEvent.DECLARE_ATTACKS' from Opp-Goldfish
2026-04-07 16:23:11,212 - engine - INFO - External will draw a card for turn
2026-04-07 16:23:11,212 - engine - INFO - Handling intent 'Action.PLAY_CARD' for priority event 'PlayerEvent.MAIN_PHASE_EMPTY_STACK' from External
2026-04-07 16:23:11,212 - engine - WARNING - Cards to play: Details are missing. NoOp instead!
2026-04-07 16:23:11,213 - engine - INFO - Handling intent 'Action.ATTACK' for priority event 'PlayerEvent.DECLARE_ATTACKS' from External
2026-04-07 16:23:11,213 - engine - WARNING - Turn 5/2: External is attacking!
2026-04-07 16:23:11,213 - engine - INFO - Opp-Goldfish will draw a card for turn
2026-04-07 16:23:11,213 - engine - INFO - Handling intent 'Action.PASS' for priority event 'PlayerEvent.MAIN_PHASE_EMPTY_STACK' from Opp-Goldfish
2026-04-07 16:23:11,213 - engine - INFO - Handling intent 'Action.PASS' for priority event 'PlayerEvent.DECLARE_ATTACKS' from Opp-Goldfish
2026-04-07 16:23:11,213 - engine - INFO - External will draw a card for turn
2026-04-07 16:23:11,213 - engine - INFO - Handling intent 'Action.PLAY_CARD' for priority event 'PlayerEvent.MAIN_PHASE_EMPTY_STACK' from External
2026-04-07 16:23:11,213 - engine - WARNING - Cards to play: Details are missing. NoOp instead!
2026-04-07 16:23:11,214 - engine - INFO - Handling intent 'Action.ATTACK' for priority event 'PlayerEvent.DECLARE_ATTACKS' from External
2026-04-07 16:23:11,214 - engine - WARNING - Turn 7/2: External is attacking!
2026-04-07 16:23:11,214 - engine - INFO - Opp-Goldfish will draw a card for turn
2026-04-07 16:23:11,214 - engine - INFO - Handling intent 'Action.PASS' for priority event 'PlayerEvent.MAIN_PHASE_EMPTY_STACK' from Opp-Goldfish
2026-04-07 16:23:11,214 - engine - INFO - Handling intent 'Action.PASS' for priority event 'PlayerEvent.DECLARE_ATTACKS' from Opp-Goldfish
2026-04-07 16:23:11,214 - engine - INFO - External will draw a card for turn
2026-04-07 16:23:11,215 - engine - INFO - Handling intent 'Action.PLAY_CARD' for priority event 'PlayerEvent.MAIN_PHASE_EMPTY_STACK' from External
2026-04-07 16:23:11,215 - engine - WARNING - Cards to play: Details are missing. NoOp instead!
2026-04-07 16:23:11,215 - engine - INFO - Handling intent 'Action.ATTACK' for priority event 'PlayerEvent.DECLARE_ATTACKS' from External
2026-04-07 16:23:11,215 - engine - WARNING - Turn 9/2: External is attacking!
2026-04-07 16:23:11,215 - engine - INFO - Opp-Goldfish will draw a card for turn
2026-04-07 16:23:11,215 - engine - INFO - Handling intent 'Action.PASS' for priority event 'PlayerEvent.MAIN_PHASE_EMPTY_STACK' from Opp-Goldfish
2026-04-07 16:23:11,215 - engine - INFO - Handling intent 'Action.PASS' for priority event 'PlayerEvent.DECLARE_ATTACKS' from Opp-Goldfish
2026-04-07 16:23:11,215 - engine - INFO - External will draw a card for turn
2026-04-07 16:23:11,216 - engine - INFO - Handling intent 'Action.PLAY_CARD' for priority event 'PlayerEvent.MAIN_PHASE_EMPTY_STACK' from External
2026-04-07 16:23:11,216 - engine - WARNING - Cards to play: Details are missing. NoOp instead!
2026-04-07 16:23:11,216 - engine - INFO - Handling intent 'Action.ATTACK' for priority event 'PlayerEvent.DECLARE_ATTACKS' from External
2026-04-07 16:23:11,216 - engine - WARNING - Turn 11/2: External is attacking!
2026-04-07 16:23:11,217 - engine - WARNING - Opp-Goldfish died by having 0 or less life.
2026-04-07 16:23:11,217 - engine - INFO - Game ended by death of player(s)
2026-04-07 16:23:11,217 - engine - INFO - External won by survival
2026-04-07 16:23:11,217 - engine - INFO - Setting up the new player Player1
2026-04-07 16:23:11,217 - engine - INFO - Setting up the new player Player2
2026-04-07 16:23:11,218 - engine - INFO - Handling intent 'Action.PASS' for priority event 'PlayerEvent.MAIN_PHASE_EMPTY_STACK' from Opp-Goldfish
2026-04-07 16:23:11,218 - engine - INFO - Handling intent 'Action.PASS' for priority event 'PlayerEvent.DECLARE_ATTACKS' from Opp-Goldfish
2026-04-07 16:23:11,218 - engine - INFO - External will draw a card for turn
2026-04-07 16:23:11,218 - engine - INFO - Handling intent 'Action.PLAY_CARD' for priority event 'PlayerEvent.MAIN_PHASE_EMPTY_STACK' from External
2026-04-07 16:23:11,218 - engine - WARNING - Cards to play: Details are missing. NoOp instead!
2026-04-07 16:23:11,219 - engine - INFO - Handling intent 'Action.ATTACK' for priority event 'PlayerEvent.DECLARE_ATTACKS' from External
2026-04-07 16:23:11,219 - engine - WARNING - Turn 1/2: External is attacking!
2026-04-07 16:23:11,219 - engine - INFO - Opp-Goldfish will draw a card for turn
2026-04-07 16:23:11,219 - engine - INFO - Handling intent 'Action.PASS' for priority event 'PlayerEvent.MAIN_PHASE_EMPTY_STACK' from Opp-Goldfish
2026-04-07 16:23:11,219 - engine - INFO - Handling intent 'Action.PASS' for priority event 'PlayerEvent.DECLARE_ATTACKS' from Opp-Goldfish
2026-04-07 16:23:11,219 - engine - INFO - External will draw a card for turn
2026-04-07 16:23:11,219 - engine - INFO - Handling intent 'Action.PLAY_CARD' for priority event 'PlayerEvent.MAIN_PHASE_EMPTY_STACK' from External
2026-04-07 16:23:11,219 - engine - WARNING - Cards to play: Details are missing. NoOp instead!
2026-04-07 16:23:11,220 - engine - INFO - Handling intent 'Action.ATTACK' for priority event 'PlayerEvent.DECLARE_ATTACKS' from External
2026-04-07 16:23:11,220 - engine - WARNING - Turn 3/2: External is attacking!
2026-04-07 16:23:11,220 - engine - INFO - Opp-Goldfish will draw a card for turn
2026-04-07 16:23:11,220 - engine - INFO - Handling intent 'Action.PASS' for priority event 'PlayerEvent.MAIN_PHASE_EMPTY_STACK' from Opp-Goldfish
2026-04-07 16:23:11,220 - engine - INFO - Handling intent 'Action.PASS' for priority event 'PlayerEvent.DECLARE_ATTACKS' from Opp-Goldfish
2026-04-07 16:23:11,220 - engine - INFO - External will draw a card for turn
2026-04-07 16:23:11,220 - engine - INFO - Handling intent 'Action.PLAY_CARD' for priority event 'PlayerEvent.MAIN_PHASE_EMPTY_STACK' from External
2026-04-07 16:23:11,220 - engine - WARNING - Cards to play: Details are missing. NoOp instead!
2026-04-07 16:23:11,221 - engine - INFO - Handling intent 'Action.PASS' for priority event 'PlayerEvent.DECLARE_ATTACKS' from External
2026-04-07 16:23:11,221 - engine - INFO - Opp-Goldfish will draw a card for turn
2026-04-07 16:23:11,221 - engine - INFO - Handling intent 'Action.PASS' for priority event 'PlayerEvent.MAIN_PHASE_EMPTY_STACK' from Opp-Goldfish
2026-04-07 16:23:11,221 - engine - INFO - Handling intent 'Action.PASS' for priority event 'PlayerEvent.DECLARE_ATTACKS' from Opp-Goldfish
2026-04-07 16:23:11,221 - engine - INFO - External will draw a card for turn
2026-04-07 16:23:11,221 - engine - INFO - Handling intent 'Action.PLAY_CARD' for priority event 'PlayerEvent.MAIN_PHASE_EMPTY_STACK' from External
2026-04-07 16:23:11,221 - engine - WARNING - Cards to play: Details are missing. NoOp instead!
2026-04-07 16:23:11,222 - engine - INFO - Handling intent 'Action.ATTACK' for priority event 'PlayerEvent.DECLARE_ATTACKS' from External
2026-04-07 16:23:11,222 - engine - WARNING - Turn 7/2: External is attacking!
2026-04-07 16:23:11,222 - engine - INFO - Opp-Goldfish will draw a card for turn
2026-04-07 16:23:11,222 - engine - INFO - Handling intent 'Action.PASS' for priority event 'PlayerEvent.MAIN_PHASE_EMPTY_STACK' from Opp-Goldfish
2026-04-07 16:23:11,222 - engine - INFO - Handling intent 'Action.PASS' for priority event 'PlayerEvent.DECLARE_ATTACKS' from Opp-Goldfish
2026-04-07 16:23:11,222 - engine - INFO - External will draw a card for turn
2026-04-07 16:23:11,222 - engine - INFO - Handling intent 'Action.PLAY_CARD' for priority event 'PlayerEvent.MAIN_PHASE_EMPTY_STACK' from External
2026-04-07 16:23:11,222 - engine - WARNING - Cards to play: Details are missing. NoOp instead!
2026-04-07 16:23:11,223 - engine - INFO - Handling intent 'Action.PASS' for priority event 'PlayerEvent.DECLARE_ATTACKS' from External
2026-04-07 16:23:11,223 - engine - INFO - Opp-Goldfish will draw a card for turn
2026-04-07 16:23:11,223 - engine - INFO - Handling intent 'Action.PASS' for priority event 'PlayerEvent.MAIN_PHASE_EMPTY_STACK' from Opp-Goldfish
2026-04-07 16:23:11,223 - engine - INFO - Handling intent 'Action.PASS' for priority event 'PlayerEvent.DECLARE_ATTACKS' from Opp-Goldfish
2026-04-07 16:23:11,223 - engine - INFO - External will draw a card for turn
2026-04-07 16:23:11,223 - engine - INFO - Handling intent 'Action.PLAY_CARD' for priority event 'PlayerEvent.MAIN_PHASE_EMPTY_STACK' from External
2026-04-07 16:23:11,223 - engine - WARNING - Cards to play: Details are missing. NoOp instead!
2026-04-07 16:23:11,223 - engine - INFO - Handling intent 'Action.ATTACK' for priority event 'PlayerEvent.DECLARE_ATTACKS' from External
2026-04-07 16:23:11,224 - engine - WARNING - Turn 11/2: External is attacking!
2026-04-07 16:23:11,224 - engine - INFO - Opp-Goldfish will draw a card for turn
2026-04-07 16:23:11,224 - engine - INFO - Handling intent 'Action.PASS' for priority event 'PlayerEvent.MAIN_PHASE_EMPTY_STACK' from Opp-Goldfish
2026-04-07 16:23:11,224 - engine - INFO - Handling intent 'Action.PASS' for priority event 'PlayerEvent.DECLARE_ATTACKS' from Opp-Goldfish
2026-04-07 16:23:11,224 - engine - INFO - External will draw a card for turn
2026-04-07 16:23:11,224 - engine - INFO - Handling intent 'Action.PLAY_CARD' for priority event 'PlayerEvent.MAIN_PHASE_EMPTY_STACK' from External
2026-04-07 16:23:11,224 - engine - WARNING - Cards to play: Details are missing. NoOp instead!
2026-04-07 16:23:11,225 - engine - INFO - Handling intent 'Action.ATTACK' for priority event 'PlayerEvent.DECLARE_ATTACKS' from External
2026-04-07 16:23:11,225 - engine - WARNING - Turn 13/2: External is attacking!
2026-04-07 16:23:11,225 - engine - WARNING - Opp-Goldfish died by having 0 or less life.
2026-04-07 16:23:11,225 - engine - INFO - Game ended by death of player(s)
2026-04-07 16:23:11,225 - engine - INFO - External won by survival
2026-04-07 16:23:11,225 - engine - INFO - Setting up the new player Player1
2026-04-07 16:23:11,225 - engine - INFO - Setting up the new player Player2
2026-04-07 16:23:11,226 - engine - INFO - Handling intent 'Action.PASS' for priority event 'PlayerEvent.MAIN_PHASE_EMPTY_STACK' from Opp-Goldfish
2026-04-07 16:23:11,226 - engine - INFO - Handling intent 'Action.PASS' for priority event 'PlayerEvent.DECLARE_ATTACKS' from Opp-Goldfish
2026-04-07 16:23:11,226 - engine - INFO - External will draw a card for turn
2026-04-07 16:23:11,227 - engine - INFO - Handling intent 'Action.PLAY_CARD' for priority event 'PlayerEvent.MAIN_PHASE_EMPTY_STACK' from External
2026-04-07 16:23:11,227 - engine - WARNING - Cards to play: Details are missing. NoOp instead!
2026-04-07 16:23:11,227 - engine - INFO - Handling intent 'Action.ATTACK' for priority event 'PlayerEvent.DECLARE_ATTACKS' from External
2026-04-07 16:23:11,227 - engine - WARNING - Turn 1/2: External is attacking!
2026-04-07 16:23:11,227 - engine - INFO - Opp-Goldfish will draw a card for turn
2026-04-07 16:23:11,227 - engine - INFO - Handling intent 'Action.PASS' for priority event 'PlayerEvent.MAIN_PHASE_EMPTY_STACK' from Opp-Goldfish
2026-04-07 16:23:11,227 - engine - INFO - Handling intent 'Action.PASS' for priority event 'PlayerEvent.DECLARE_ATTACKS' from Opp-Goldfish
2026-04-07 16:23:11,227 - engine - INFO - External will draw a card for turn
2026-04-07 16:23:11,228 - engine - INFO - Handling intent 'Action.PLAY_CARD' for priority event 'PlayerEvent.MAIN_PHASE_EMPTY_STACK' from External
2026-04-07 16:23:11,228 - engine - WARNING - Cards to play: Details are missing. NoOp instead!
2026-04-07 16:23:11,228 - engine - INFO - Handling intent 'Action.ATTACK' for priority event 'PlayerEvent.DECLARE_ATTACKS' from External
2026-04-07 16:23:11,228 - engine - WARNING - Turn 3/2: External is attacking!
2026-04-07 16:23:11,228 - engine - INFO - Opp-Goldfish will draw a card for turn
2026-04-07 16:23:11,228 - engine - INFO - Handling intent 'Action.PASS' for priority event 'PlayerEvent.MAIN_PHASE_EMPTY_STACK' from Opp-Goldfish
2026-04-07 16:23:11,228 - engine - INFO - Handling intent 'Action.PASS' for priority event 'PlayerEvent.DECLARE_ATTACKS' from Opp-Goldfish
2026-04-07 16:23:11,228 - engine - INFO - External will draw a card for turn
2026-04-07 16:23:11,229 - engine - INFO - Handling intent 'Action.PLAY_CARD' for priority event 'PlayerEvent.MAIN_PHASE_EMPTY_STACK' from External
2026-04-07 16:23:11,229 - engine - WARNING - Cards to play: Details are missing. NoOp instead!
2026-04-07 16:23:11,229 - engine - INFO - Handling intent 'Action.ATTACK' for priority event 'PlayerEvent.DECLARE_ATTACKS' from External
2026-04-07 16:23:11,229 - engine - WARNING - Turn 5/2: External is attacking!
2026-04-07 16:23:11,229 - engine - INFO - Opp-Goldfish will draw a card for turn
2026-04-07 16:23:11,229 - engine - INFO - Handling intent 'Action.PASS' for priority event 'PlayerEvent.MAIN_PHASE_EMPTY_STACK' from Opp-Goldfish
2026-04-07 16:23:11,229 - engine - INFO - Handling intent 'Action.PASS' for priority event 'PlayerEvent.DECLARE_ATTACKS' from Opp-Goldfish
2026-04-07 16:23:11,229 - engine - INFO - External will draw a card for turn
2026-04-07 16:23:11,230 - engine - INFO - Handling intent 'Action.PLAY_CARD' for priority event 'PlayerEvent.MAIN_PHASE_EMPTY_STACK' from External
2026-04-07 16:23:11,230 - engine - WARNING - Cards to play: Details are missing. NoOp instead!
2026-04-07 16:23:11,230 - engine - INFO - Handling intent 'Action.ATTACK' for priority event 'PlayerEvent.DECLARE_ATTACKS' from External
2026-04-07 16:23:11,230 - engine - WARNING - Turn 7/2: External is attacking!
2026-04-07 16:23:11,230 - engine - INFO - Opp-Goldfish will draw a card for turn
2026-04-07 16:23:11,230 - engine - INFO - Handling intent 'Action.PASS' for priority event 'PlayerEvent.MAIN_PHASE_EMPTY_STACK' from Opp-Goldfish
2026-04-07 16:23:11,230 - engine - INFO - Handling intent 'Action.PASS' for priority event 'PlayerEvent.DECLARE_ATTACKS' from Opp-Goldfish
2026-04-07 16:23:11,230 - engine - INFO - External will draw a card for turn
2026-04-07 16:23:11,231 - engine - INFO - Handling intent 'Action.PLAY_CARD' for priority event 'PlayerEvent.MAIN_PHASE_EMPTY_STACK' from External
2026-04-07 16:23:11,231 - engine - WARNING - Cards to play: Details are missing. NoOp instead!
2026-04-07 16:23:11,231 - engine - INFO - Handling intent 'Action.ATTACK' for priority event 'PlayerEvent.DECLARE_ATTACKS' from External
2026-04-07 16:23:11,231 - engine - WARNING - Turn 9/2: External is attacking!
2026-04-07 16:23:11,231 - engine - WARNING - Opp-Goldfish died by having 0 or less life.
2026-04-07 16:23:11,231 - engine - INFO - Game ended by death of player(s)
2026-04-07 16:23:11,231 - engine - INFO - External won by survival
2026-04-07 16:23:11,232 - engine - INFO - Setting up the new player Player1
2026-04-07 16:23:11,232 - engine - INFO - Setting up the new player Player2
2026-04-07 16:23:11,234 - engine - INFO - Handling intent 'Action.PASS' for priority event 'PlayerEvent.MAIN_PHASE_EMPTY_STACK' from Opp-Goldfish
2026-04-07 16:23:11,234 - engine - INFO - Handling intent 'Action.PASS' for priority event 'PlayerEvent.DECLARE_ATTACKS' from Opp-Goldfish
2026-04-07 16:23:11,234 - engine - INFO - External will draw a card for turn
2026-04-07 16:23:11,234 - engine - INFO - Handling intent 'Action.PLAY_CARD' for priority event 'PlayerEvent.MAIN_PHASE_EMPTY_STACK' from External
2026-04-07 16:23:11,234 - engine - WARNING - Cards to play: Details are missing. NoOp instead!
2026-04-07 16:23:11,234 - engine - INFO - Handling intent 'Action.ATTACK' for priority event 'PlayerEvent.DECLARE_ATTACKS' from External
2026-04-07 16:23:11,234 - engine - WARNING - Turn 1/2: External is attacking!
2026-04-07 16:23:11,234 - engine - INFO - Opp-Goldfish will draw a card for turn
2026-04-07 16:23:11,235 - engine - INFO - Handling intent 'Action.PASS' for priority event 'PlayerEvent.MAIN_PHASE_EMPTY_STACK' from Opp-Goldfish
2026-04-07 16:23:11,235 - engine - INFO - Handling intent 'Action.PASS' for priority event 'PlayerEvent.DECLARE_ATTACKS' from Opp-Goldfish
2026-04-07 16:23:11,235 - engine - INFO - External will draw a card for turn
2026-04-07 16:23:11,235 - engine - INFO - Handling intent 'Action.PLAY_CARD' for priority event 'PlayerEvent.MAIN_PHASE_EMPTY_STACK' from External
2026-04-07 16:23:11,235 - engine - WARNING - Cards to play: Details are missing. NoOp instead!
2026-04-07 16:23:11,235 - engine - INFO - Handling intent 'Action.ATTACK' for priority event 'PlayerEvent.DECLARE_ATTACKS' from External
2026-04-07 16:23:11,235 - engine - WARNING - Turn 3/2: External is attacking!
2026-04-07 16:23:11,236 - engine - INFO - Opp-Goldfish will draw a card for turn
2026-04-07 16:23:11,236 - engine - INFO - Handling intent 'Action.PASS' for priority event 'PlayerEvent.MAIN_PHASE_EMPTY_STACK' from Opp-Goldfish
2026-04-07 16:23:11,236 - engine - INFO - Handling intent 'Action.PASS' for priority event 'PlayerEvent.DECLARE_ATTACKS' from Opp-Goldfish
2026-04-07 16:23:11,236 - engine - INFO - External will draw a card for turn
2026-04-07 16:23:11,236 - engine - INFO - Handling intent 'Action.PLAY_CARD' for priority event 'PlayerEvent.MAIN_PHASE_EMPTY_STACK' from External
2026-04-07 16:23:11,236 - engine - WARNING - Cards to play: Details are missing. NoOp instead!
2026-04-07 16:23:11,236 - engine - INFO - Handling intent 'Action.ATTACK' for priority event 'PlayerEvent.DECLARE_ATTACKS' from External
2026-04-07 16:23:11,237 - engine - WARNING - Turn 5/2: External is attacking!
2026-04-07 16:23:11,237 - engine - INFO - Opp-Goldfish will draw a card for turn
2026-04-07 16:23:11,237 - engine - INFO - Handling intent 'Action.PASS' for priority event 'PlayerEvent.MAIN_PHASE_EMPTY_STACK' from Opp-Goldfish
2026-04-07 16:23:11,237 - engine - INFO - Handling intent 'Action.PASS' for priority event 'PlayerEvent.DECLARE_ATTACKS' from Opp-Goldfish
2026-04-07 16:23:11,237 - engine - INFO - External will draw a card for turn
2026-04-07 16:23:11,237 - engine - INFO - Handling intent 'Action.PLAY_CARD' for priority event 'PlayerEvent.MAIN_PHASE_EMPTY_STACK' from External
2026-04-07 16:23:11,237 - engine - WARNING - Cards to play: Details are missing. NoOp instead!
2026-04-07 16:23:11,237 - engine - INFO - Handling intent 'Action.ATTACK' for priority event 'PlayerEvent.DECLARE_ATTACKS' from External
2026-04-07 16:23:11,237 - engine - WARNING - Turn 7/2: External is attacking!
2026-04-07 16:23:11,237 - engine - INFO - Opp-Goldfish will draw a card for turn
2026-04-07 16:23:11,238 - engine - INFO - Handling intent 'Action.PASS' for priority event 'PlayerEvent.MAIN_PHASE_EMPTY_STACK' from Opp-Goldfish
2026-04-07 16:23:11,238 - engine - INFO - Handling intent 'Action.PASS' for priority event 'PlayerEvent.DECLARE_ATTACKS' from Opp-Goldfish
2026-04-07 16:23:11,238 - engine - INFO - External will draw a card for turn
2026-04-07 16:23:11,238 - engine - INFO - Handling intent 'Action.PLAY_CARD' for priority event 'PlayerEvent.MAIN_PHASE_EMPTY_STACK' from External
2026-04-07 16:23:11,238 - engine - WARNING - Cards to play: Details are missing. NoOp instead!
2026-04-07 16:23:11,238 - engine - INFO - Handling intent 'Action.ATTACK' for priority event 'PlayerEvent.DECLARE_ATTACKS' from External
2026-04-07 16:23:11,238 - engine - WARNING - Turn 9/2: External is attacking!
2026-04-07 16:23:11,238 - engine - WARNING - Opp-Goldfish died by having 0 or less life.
2026-04-07 16:23:11,238 - engine - INFO - Game ended by death of player(s)
2026-04-07 16:23:11,238 - engine - INFO - External won by survival
2026-04-07 16:23:11,239 - engine - INFO - Setting up the new player Player1
2026-04-07 16:23:11,239 - engine - INFO - Setting up the new player Player2
2026-04-07 16:23:11,240 - engine - INFO - Handling intent 'Action.PASS' for priority event 'PlayerEvent.MAIN_PHASE_EMPTY_STACK' from Opp-Goldfish
2026-04-07 16:23:11,240 - engine - INFO - Handling intent 'Action.PASS' for priority event 'PlayerEvent.DECLARE_ATTACKS' from Opp-Goldfish
2026-04-07 16:23:11,240 - engine - INFO - External will draw a card for turn
2026-04-07 16:23:11,240 - engine - INFO - Handling intent 'Action.PLAY_CARD' for priority event 'PlayerEvent.MAIN_PHASE_EMPTY_STACK' from External
2026-04-07 16:23:11,240 - engine - WARNING - Cards to play: Details are missing. NoOp instead!
2026-04-07 16:23:11,241 - engine - INFO - Handling intent 'Action.ATTACK' for priority event 'PlayerEvent.DECLARE_ATTACKS' from External
2026-04-07 16:23:11,241 - engine - WARNING - Turn 1/2: External is attacking!
2026-04-07 16:23:11,241 - engine - INFO - Opp-Goldfish will draw a card for turn
2026-04-07 16:23:11,241 - engine - INFO - Handling intent 'Action.PASS' for priority event 'PlayerEvent.MAIN_PHASE_EMPTY_STACK' from Opp-Goldfish
2026-04-07 16:23:11,241 - engine - INFO - Handling intent 'Action.PASS' for priority event 'PlayerEvent.DECLARE_ATTACKS' from Opp-Goldfish
2026-04-07 16:23:11,241 - engine - INFO - External will draw a card for turn
2026-04-07 16:23:11,241 - engine - INFO - Handling intent 'Action.PLAY_CARD' for priority event 'PlayerEvent.MAIN_PHASE_EMPTY_STACK' from External
2026-04-07 16:23:11,241 - engine - WARNING - Cards to play: Details are missing. NoOp instead!
2026-04-07 16:23:11,242 - engine - INFO - Handling intent 'Action.PASS' for priority event 'PlayerEvent.DECLARE_ATTACKS' from External
2026-04-07 16:23:11,242 - engine - INFO - Opp-Goldfish will draw a card for turn
2026-04-07 16:23:11,242 - engine - INFO - Handling intent 'Action.PASS' for priority event 'PlayerEvent.MAIN_PHASE_EMPTY_STACK' from Opp-Goldfish
2026-04-07 16:23:11,242 - engine - INFO - Handling intent 'Action.PASS' for priority event 'PlayerEvent.DECLARE_ATTACKS' from Opp-Goldfish
2026-04-07 16:23:11,242 - engine - INFO - External will draw a card for turn
2026-04-07 16:23:11,242 - engine - INFO - Handling intent 'Action.PLAY_CARD' for priority event 'PlayerEvent.MAIN_PHASE_EMPTY_STACK' from External
2026-04-07 16:23:11,242 - engine - WARNING - Cards to play: Details are missing. NoOp instead!
2026-04-07 16:23:11,242 - engine - INFO - Handling intent 'Action.ATTACK' for priority event 'PlayerEvent.DECLARE_ATTACKS' from External
2026-04-07 16:23:11,242 - engine - WARNING - Turn 5/2: External is attacking!
2026-04-07 16:23:11,242 - engine - INFO - Opp-Goldfish will draw a card for turn
2026-04-07 16:23:11,243 - engine - INFO - Handling intent 'Action.PASS' for priority event 'PlayerEvent.MAIN_PHASE_EMPTY_STACK' from Opp-Goldfish
2026-04-07 16:23:11,243 - engine - INFO - Handling intent 'Action.PASS' for priority event 'PlayerEvent.DECLARE_ATTACKS' from Opp-Goldfish
2026-04-07 16:23:11,243 - engine - INFO - External will draw a card for turn
2026-04-07 16:23:11,243 - engine - INFO - Handling intent 'Action.PLAY_CARD' for priority event 'PlayerEvent.MAIN_PHASE_EMPTY_STACK' from External
2026-04-07 16:23:11,243 - engine - WARNING - Cards to play: Details are missing. NoOp instead!
2026-04-07 16:23:11,243 - engine - INFO - Handling intent 'Action.ATTACK' for priority event 'PlayerEvent.DECLARE_ATTACKS' from External
2026-04-07 16:23:11,243 - engine - WARNING - Turn 7/2: External is attacking!
2026-04-07 16:23:11,243 - engine - INFO - Opp-Goldfish will draw a card for turn
2026-04-07 16:23:11,243 - engine - INFO - Handling intent 'Action.PASS' for priority event 'PlayerEvent.MAIN_PHASE_EMPTY_STACK' from Opp-Goldfish
2026-04-07 16:23:11,244 - engine - INFO - Handling intent 'Action.PASS' for priority event 'PlayerEvent.DECLARE_ATTACKS' from Opp-Goldfish
2026-04-07 16:23:11,244 - engine - INFO - External will draw a card for turn
2026-04-07 16:23:11,244 - engine - INFO - Handling intent 'Action.PLAY_CARD' for priority event 'PlayerEvent.MAIN_PHASE_EMPTY_STACK' from External
2026-04-07 16:23:11,244 - engine - WARNING - Cards to play: Details are missing. NoOp instead!
2026-04-07 16:23:11,244 - engine - INFO - Handling intent 'Action.ATTACK' for priority event 'PlayerEvent.DECLARE_ATTACKS' from External
2026-04-07 16:23:11,244 - engine - WARNING - Turn 9/2: External is attacking!
2026-04-07 16:23:11,244 - engine - INFO - Opp-Goldfish will draw a card for turn
2026-04-07 16:23:11,244 - engine - INFO - Handling intent 'Action.PASS' for priority event 'PlayerEvent.MAIN_PHASE_EMPTY_STACK' from Opp-Goldfish
2026-04-07 16:23:11,244 - engine - INFO - Handling intent 'Action.PASS' for priority event 'PlayerEvent.DECLARE_ATTACKS' from Opp-Goldfish
2026-04-07 16:23:11,244 - engine - INFO - External will draw a card for turn
2026-04-07 16:23:11,245 - engine - INFO - Handling intent 'Action.PLAY_CARD' for priority event 'PlayerEvent.MAIN_PHASE_EMPTY_STACK' from External
2026-04-07 16:23:11,245 - engine - WARNING - Cards to play: Details are missing. NoOp instead!
2026-04-07 16:23:11,245 - engine - INFO - Handling intent 'Action.ATTACK' for priority event 'PlayerEvent.DECLARE_ATTACKS' from External
2026-04-07 16:23:11,245 - engine - WARNING - Turn 11/2: External is attacking!
2026-04-07 16:23:11,245 - engine - WARNING - Opp-Goldfish died by having 0 or less life.
2026-04-07 16:23:11,245 - engine - INFO - Game ended by death of player(s)
2026-04-07 16:23:11,245 - engine - INFO - External won by survival
2026-04-07 16:23:11,246 - engine - INFO - Setting up the new player Player1
2026-04-07 16:23:11,246 - engine - INFO - Setting up the new player Player2
2026-04-07 16:23:11,247 - engine - INFO - Handling intent 'Action.PASS' for priority event 'PlayerEvent.MAIN_PHASE_EMPTY_STACK' from Opp-Goldfish
2026-04-07 16:23:11,248 - engine - INFO - Handling intent 'Action.PASS' for priority event 'PlayerEvent.DECLARE_ATTACKS' from Opp-Goldfish
2026-04-07 16:23:11,248 - engine - INFO - External will draw a card for turn
2026-04-07 16:23:11,248 - engine - INFO - Handling intent 'Action.PLAY_CARD' for priority event 'PlayerEvent.MAIN_PHASE_EMPTY_STACK' from External
2026-04-07 16:23:11,248 - engine - WARNING - Cards to play: Details are missing. NoOp instead!
2026-04-07 16:23:11,249 - engine - INFO - Handling intent 'Action.ATTACK' for priority event 'PlayerEvent.DECLARE_ATTACKS' from External
2026-04-07 16:23:11,249 - engine - WARNING - Turn 1/2: External is attacking!
2026-04-07 16:23:11,249 - engine - INFO - Opp-Goldfish will draw a card for turn
2026-04-07 16:23:11,249 - engine - INFO - Handling intent 'Action.PASS' for priority event 'PlayerEvent.MAIN_PHASE_EMPTY_STACK' from Opp-Goldfish
2026-04-07 16:23:11,250 - engine - INFO - Handling intent 'Action.PASS' for priority event 'PlayerEvent.DECLARE_ATTACKS' from Opp-Goldfish
2026-04-07 16:23:11,250 - engine - INFO - External will draw a card for turn
2026-04-07 16:23:11,250 - engine - INFO - Handling intent 'Action.PLAY_CARD' for priority event 'PlayerEvent.MAIN_PHASE_EMPTY_STACK' from External
2026-04-07 16:23:11,250 - engine - WARNING - Cards to play: Details are missing. NoOp instead!
2026-04-07 16:23:11,251 - engine - INFO - Handling intent 'Action.ATTACK' for priority event 'PlayerEvent.DECLARE_ATTACKS' from External
2026-04-07 16:23:11,251 - engine - WARNING - Turn 3/2: External is attacking!
2026-04-07 16:23:11,251 - engine - INFO - Opp-Goldfish will draw a card for turn
2026-04-07 16:23:11,251 - engine - INFO - Handling intent 'Action.PASS' for priority event 'PlayerEvent.MAIN_PHASE_EMPTY_STACK' from Opp-Goldfish
2026-04-07 16:23:11,251 - engine - INFO - Handling intent 'Action.PASS' for priority event 'PlayerEvent.DECLARE_ATTACKS' from Opp-Goldfish
2026-04-07 16:23:11,251 - engine - INFO - External will draw a card for turn
2026-04-07 16:23:11,252 - engine - INFO - Handling intent 'Action.PLAY_CARD' for priority event 'PlayerEvent.MAIN_PHASE_EMPTY_STACK' from External
2026-04-07 16:23:11,252 - engine - WARNING - Cards to play: Details are missing. NoOp instead!
2026-04-07 16:23:11,252 - engine - INFO - Handling intent 'Action.ATTACK' for priority event 'PlayerEvent.DECLARE_ATTACKS' from External
2026-04-07 16:23:11,252 - engine - WARNING - Turn 5/2: External is attacking!
2026-04-07 16:23:11,252 - engine - INFO - Opp-Goldfish will draw a card for turn
2026-04-07 16:23:11,252 - engine - INFO - Handling intent 'Action.PASS' for priority event 'PlayerEvent.MAIN_PHASE_EMPTY_STACK' from Opp-Goldfish
2026-04-07 16:23:11,252 - engine - INFO - Handling intent 'Action.PASS' for priority event 'PlayerEvent.DECLARE_ATTACKS' from Opp-Goldfish
2026-04-07 16:23:11,252 - engine - INFO - External will draw a card for turn
2026-04-07 16:23:11,253 - engine - INFO - Handling intent 'Action.PASS' for priority event 'PlayerEvent.MAIN_PHASE_EMPTY_STACK' from External
2026-04-07 16:23:11,253 - engine - INFO - Handling intent 'Action.ATTACK' for priority event 'PlayerEvent.DECLARE_ATTACKS' from External
2026-04-07 16:23:11,253 - engine - WARNING - Turn 7/2: External is attacking!
2026-04-07 16:23:11,253 - engine - INFO - Opp-Goldfish will draw a card for turn
2026-04-07 16:23:11,253 - engine - INFO - Handling intent 'Action.PASS' for priority event 'PlayerEvent.MAIN_PHASE_EMPTY_STACK' from Opp-Goldfish
2026-04-07 16:23:11,253 - engine - INFO - Handling intent 'Action.PASS' for priority event 'PlayerEvent.DECLARE_ATTACKS' from Opp-Goldfish
2026-04-07 16:23:11,253 - engine - INFO - External will draw a card for turn
2026-04-07 16:23:11,254 - engine - INFO - Handling intent 'Action.PLAY_CARD' for priority event 'PlayerEvent.MAIN_PHASE_EMPTY_STACK' from External
2026-04-07 16:23:11,254 - engine - WARNING - Cards to play: Details are missing. NoOp instead!
2026-04-07 16:23:11,254 - engine - INFO - Handling intent 'Action.ATTACK' for priority event 'PlayerEvent.DECLARE_ATTACKS' from External
2026-04-07 16:23:11,254 - engine - WARNING - Turn 9/2: External is attacking!
2026-04-07 16:23:11,254 - engine - WARNING - Opp-Goldfish died by having 0 or less life.
2026-04-07 16:23:11,254 - engine - INFO - Game ended by death of player(s)
2026-04-07 16:23:11,254 - engine - INFO - External won by survival
