2026-06-11 17:21:23,434 - session - DEBUG - SessionTick: Running GameLoop
2026-06-11 17:21:23,436 - session - DEBUG - Waiting for more players...
2026-06-11 17:21:23,436 - session - DEBUG - SessionTick: Running GameLoop
2026-06-11 17:21:23,435 - session - INFO - Seated agent at seat 1 with new player Opp-Goldfish
2026-06-11 17:21:23,436 - session - DEBUG - Waiting for more players...
2026-06-11 17:21:23,436 - session - DEBUG - SessionTick: Running GameLoop
2026-06-11 17:21:23,436 - session - DEBUG - Waiting for more players...
2026-06-11 17:21:23,436 - session - DEBUG - SessionTick: Running GameLoop
2026-06-11 17:21:23,436 - session - DEBUG - Waiting for more players...
2026-06-11 17:21:23,436 - session - DEBUG - SessionTick: Running GameLoop
2026-06-11 17:21:23,438 - session - INFO - Seated agent at seat 0 with new player Tim
2026-06-11 17:21:23,438 - session - DEBUG - SessionTick: Tim: Prompting Player with state ---------------------------------------------
---------------- Environment ----------------
---------------------------------------------
Active Player Index: 0
---------------------------------------------
Completed Halfturns: 0
Upcoming Event: MAIN_PHASE_EMPTY_STACK
Active Player Index: 0
Game over: False
---------------------------------------------
Player 0:
Name: Tim
Current Life: 20
Cards in Hand:
[72cbf6d5-8c89-4e6a-b405-1d48561e8e5e] alpha-myr | [2817d7a8-4db9-4ccd-9bdf-187dc346a6d3] wastes | [7fe1a33e-d5dd-4b16-b68b-acc497bedc37] wastes
Cards in Library: [<mtggympy.gameengine.gameobjects.WastesInstance object at 0x728e7c500150>, <mtggympy.gameengine.gameobjects.WastesInstance object at 0x728e7c500650>, <mtggympy.gameengine.gameobjects.CardInstance object at 0x728e7c5006d0>, <mtggympy.gameengine.gameobjects.WastesInstance object at 0x728e7c500750>, <mtggympy.gameengine.gameobjects.WastesInstance object at 0x728e7c500710>, <mtggympy.gameengine.gameobjects.CardInstance object at 0x728e7c54a290>, <mtggympy.gameengine.gameobjects.WastesInstance object at 0x728e7c54a310>, <mtggympy.gameengine.gameobjects.WastesInstance object at 0x728e7c54a450>, <mtggympy.gameengine.gameobjects.CardInstance object at 0x728e7c54a550>, <mtggympy.gameengine.gameobjects.WastesInstance object at 0x728e7c5007d0>, <mtggympy.gameengine.gameobjects.WastesInstance object at 0x728e7c54a690>, <mtggympy.gameengine.gameobjects.CardInstance object at 0x728e7c54a750>, <mtggympy.gameengine.gameobjects.WastesInstance object at 0x728e7c54a7d0>, <mtggympy.gameengine.gameobjects.WastesInstance object at 0x728e7c54a950>, <mtggympy.gameengine.gameobjects.CardInstance object at 0x728e7c54aa50>, <mtggympy.gameengine.gameobjects.WastesInstance object at 0x728e7c54aa90>, <mtggympy.gameengine.gameobjects.WastesInstance object at 0x728e7c54abd0>, <mtggympy.gameengine.gameobjects.CardInstance object at 0x728e7c54acd0>, <mtggympy.gameengine.gameobjects.WastesInstance object at 0x728e7c54ad10>, <mtggympy.gameengine.gameobjects.WastesInstance object at 0x728e7c54ae50>, <mtggympy.gameengine.gameobjects.CardInstance object at 0x728e7c54af50>, <mtggympy.gameengine.gameobjects.WastesInstance object at 0x728e7c54af90>, <mtggympy.gameengine.gameobjects.WastesInstance object at 0x728e7c54bd50>, <mtggympy.gameengine.gameobjects.CardInstance object at 0x728e7c54bdd0>, <mtggympy.gameengine.gameobjects.WastesInstance object at 0x728e7c54be10>, <mtggympy.gameengine.gameobjects.WastesInstance object at 0x728e7c54bed0>, <mtggympy.gameengine.gameobjects.CardInstance object at 0x728e7c54bf50>, <mtggympy.gameengine.gameobjects.WastesInstance object at 0x728e7c54bf90>, <mtggympy.gameengine.gameobjects.WastesInstance object at 0x728e7c554090>, <mtggympy.gameengine.gameobjects.CardInstance object at 0x728e7c554110>, <mtggympy.gameengine.gameobjects.WastesInstance object at 0x728e7c554150>, <mtggympy.gameengine.gameobjects.WastesInstance object at 0x728e7c554210>, <mtggympy.gameengine.gameobjects.CardInstance object at 0x728e7c554290>, <mtggympy.gameengine.gameobjects.WastesInstance object at 0x728e7c5542d0>, <mtggympy.gameengine.gameobjects.WastesInstance object at 0x728e7c554390>, <mtggympy.gameengine.gameobjects.CardInstance object at 0x728e7c554410>, <mtggympy.gameengine.gameobjects.WastesInstance object at 0x728e7c554450>, <mtggympy.gameengine.gameobjects.WastesInstance object at 0x728e7c554510>, <mtggympy.gameengine.gameobjects.CardInstance object at 0x728e7c554590>, <mtggympy.gameengine.gameobjects.WastesInstance object at 0x728e7c5545d0>]
---------------------------------------------
Player 1:
Name: Opp-Goldfish
Current Life: 20
Cards in Hand:
[8eee0ee8-95ec-4b18-a510-a4c22e45e9d1] alpha-myr | [3b764281-9195-4a42-913f-9c05d9908c4c] wastes | [0c01aeb0-7240-4534-8f05-1a699e1e14bf] wastes
Cards in Library: [<mtggympy.gameengine.gameobjects.WastesInstance object at 0x728e7c554890>, <mtggympy.gameengine.gameobjects.WastesInstance object at 0x728e7c554910>, <mtggympy.gameengine.gameobjects.CardInstance object at 0x728e7c554990>, <mtggympy.gameengine.gameobjects.WastesInstance object at 0x728e7c5549d0>, <mtggympy.gameengine.gameobjects.WastesInstance object at 0x728e7c554a90>, <mtggympy.gameengine.gameobjects.CardInstance object at 0x728e7c554b50>, <mtggympy.gameengine.gameobjects.WastesInstance object at 0x728e7c554b90>, <mtggympy.gameengine.gameobjects.WastesInstance object at 0x728e7c554c50>, <mtggympy.gameengine.gameobjects.CardInstance object at 0x728e7c554cd0>, <mtggympy.gameengine.gameobjects.WastesInstance object at 0x728e7c554b10>, <mtggympy.gameengine.gameobjects.WastesInstance object at 0x728e7c554d90>, <mtggympy.gameengine.gameobjects.CardInstance object at 0x728e7c554e10>, <mtggympy.gameengine.gameobjects.WastesInstance object at 0x728e7c554e50>, <mtggympy.gameengine.gameobjects.WastesInstance object at 0x728e7c554f10>, <mtggympy.gameengine.gameobjects.CardInstance object at 0x728e7c554f90>, <mtggympy.gameengine.gameobjects.WastesInstance object at 0x728e7c554fd0>, <mtggympy.gameengine.gameobjects.WastesInstance object at 0x728e7c555090>, <mtggympy.gameengine.gameobjects.CardInstance object at 0x728e7c555110>, <mtggympy.gameengine.gameobjects.WastesInstance object at 0x728e7c555150>, <mtggympy.gameengine.gameobjects.WastesInstance object at 0x728e7c555210>, <mtggympy.gameengine.gameobjects.CardInstance object at 0x728e7c555290>, <mtggympy.gameengine.gameobjects.WastesInstance object at 0x728e7c5552d0>, <mtggympy.gameengine.gameobjects.WastesInstance object at 0x728e7c555390>, <mtggympy.gameengine.gameobjects.CardInstance object at 0x728e7c555410>, <mtggympy.gameengine.gameobjects.WastesInstance object at 0x728e7c555450>, <mtggympy.gameengine.gameobjects.WastesInstance object at 0x728e7c555510>, <mtggympy.gameengine.gameobjects.CardInstance object at 0x728e7c555590>, <mtggympy.gameengine.gameobjects.WastesInstance object at 0x728e7c5555d0>, <mtggympy.gameengine.gameobjects.WastesInstance object at 0x728e7c555690>, <mtggympy.gameengine.gameobjects.CardInstance object at 0x728e7c555710>, <mtggympy.gameengine.gameobjects.WastesInstance object at 0x728e7c555750>, <mtggympy.gameengine.gameobjects.WastesInstance object at 0x728e7c555810>, <mtggympy.gameengine.gameobjects.CardInstance object at 0x728e7c555890>, <mtggympy.gameengine.gameobjects.WastesInstance object at 0x728e7c5558d0>, <mtggympy.gameengine.gameobjects.WastesInstance object at 0x728e7c555990>, <mtggympy.gameengine.gameobjects.CardInstance object at 0x728e7c555a10>, <mtggympy.gameengine.gameobjects.WastesInstance object at 0x728e7c555a50>, <mtggympy.gameengine.gameobjects.WastesInstance object at 0x728e7c555b10>, <mtggympy.gameengine.gameobjects.CardInstance object at 0x728e7c555b90>, <mtggympy.gameengine.gameobjects.WastesInstance object at 0x728e7c555bd0>]
---------------------------------------------
2026-06-11 17:21:23,461 - session - DEBUG - SessionTick: Tim: Waiting for Player Input
2026-06-11 17:21:31,481 - session - DEBUG - SessionTick: Tim: Anwsered player with new state ---------------------------------------------
---------------- Environment ----------------
---------------------------------------------
Active Player Index: 0
---------------------------------------------
Completed Halfturns: 0
Upcoming Event: MAIN_PHASE_EMPTY_STACK
Active Player Index: 0
Game over: False
---------------------------------------------
Player 0:
Name: Tim
Current Life: 20
Cards in Hand:
[72cbf6d5-8c89-4e6a-b405-1d48561e8e5e] alpha-myr | [7fe1a33e-d5dd-4b16-b68b-acc497bedc37] wastes
Cards in Library: [<mtggympy.gameengine.gameobjects.WastesInstance object at 0x728e7c500150>, <mtggympy.gameengine.gameobjects.WastesInstance object at 0x728e7c500650>, <mtggympy.gameengine.gameobjects.CardInstance object at 0x728e7c5006d0>, <mtggympy.gameengine.gameobjects.WastesInstance object at 0x728e7c500750>, <mtggympy.gameengine.gameobjects.WastesInstance object at 0x728e7c500710>, <mtggympy.gameengine.gameobjects.CardInstance object at 0x728e7c54a290>, <mtggympy.gameengine.gameobjects.WastesInstance object at 0x728e7c54a310>, <mtggympy.gameengine.gameobjects.WastesInstance object at 0x728e7c54a450>, <mtggympy.gameengine.gameobjects.CardInstance object at 0x728e7c54a550>, <mtggympy.gameengine.gameobjects.WastesInstance object at 0x728e7c5007d0>, <mtggympy.gameengine.gameobjects.WastesInstance object at 0x728e7c54a690>, <mtggympy.gameengine.gameobjects.CardInstance object at 0x728e7c54a750>, <mtggympy.gameengine.gameobjects.WastesInstance object at 0x728e7c54a7d0>, <mtggympy.gameengine.gameobjects.WastesInstance object at 0x728e7c54a950>, <mtggympy.gameengine.gameobjects.CardInstance object at 0x728e7c54aa50>, <mtggympy.gameengine.gameobjects.WastesInstance object at 0x728e7c54aa90>, <mtggympy.gameengine.gameobjects.WastesInstance object at 0x728e7c54abd0>, <mtggympy.gameengine.gameobjects.CardInstance object at 0x728e7c54acd0>, <mtggympy.gameengine.gameobjects.WastesInstance object at 0x728e7c54ad10>, <mtggympy.gameengine.gameobjects.WastesInstance object at 0x728e7c54ae50>, <mtggympy.gameengine.gameobjects.CardInstance object at 0x728e7c54af50>, <mtggympy.gameengine.gameobjects.WastesInstance object at 0x728e7c54af90>, <mtggympy.gameengine.gameobjects.WastesInstance object at 0x728e7c54bd50>, <mtggympy.gameengine.gameobjects.CardInstance object at 0x728e7c54bdd0>, <mtggympy.gameengine.gameobjects.WastesInstance object at 0x728e7c54be10>, <mtggympy.gameengine.gameobjects.WastesInstance object at 0x728e7c54bed0>, <mtggympy.gameengine.gameobjects.CardInstance object at 0x728e7c54bf50>, <mtggympy.gameengine.gameobjects.WastesInstance object at 0x728e7c54bf90>, <mtggympy.gameengine.gameobjects.WastesInstance object at 0x728e7c554090>, <mtggympy.gameengine.gameobjects.CardInstance object at 0x728e7c554110>, <mtggympy.gameengine.gameobjects.WastesInstance object at 0x728e7c554150>, <mtggympy.gameengine.gameobjects.WastesInstance object at 0x728e7c554210>, <mtggympy.gameengine.gameobjects.CardInstance object at 0x728e7c554290>, <mtggympy.gameengine.gameobjects.WastesInstance object at 0x728e7c5542d0>, <mtggympy.gameengine.gameobjects.WastesInstance object at 0x728e7c554390>, <mtggympy.gameengine.gameobjects.CardInstance object at 0x728e7c554410>, <mtggympy.gameengine.gameobjects.WastesInstance object at 0x728e7c554450>, <mtggympy.gameengine.gameobjects.WastesInstance object at 0x728e7c554510>, <mtggympy.gameengine.gameobjects.CardInstance object at 0x728e7c554590>, <mtggympy.gameengine.gameobjects.WastesInstance object at 0x728e7c5545d0>]
---------------------------------------------
Player 1:
Name: Opp-Goldfish
Current Life: 20
Cards in Hand:
[8eee0ee8-95ec-4b18-a510-a4c22e45e9d1] alpha-myr | [3b764281-9195-4a42-913f-9c05d9908c4c] wastes | [0c01aeb0-7240-4534-8f05-1a699e1e14bf] wastes
Cards in Library: [<mtggympy.gameengine.gameobjects.WastesInstance object at 0x728e7c554890>, <mtggympy.gameengine.gameobjects.WastesInstance object at 0x728e7c554910>, <mtggympy.gameengine.gameobjects.CardInstance object at 0x728e7c554990>, <mtggympy.gameengine.gameobjects.WastesInstance object at 0x728e7c5549d0>, <mtggympy.gameengine.gameobjects.WastesInstance object at 0x728e7c554a90>, <mtggympy.gameengine.gameobjects.CardInstance object at 0x728e7c554b50>, <mtggympy.gameengine.gameobjects.WastesInstance object at 0x728e7c554b90>, <mtggympy.gameengine.gameobjects.WastesInstance object at 0x728e7c554c50>, <mtggympy.gameengine.gameobjects.CardInstance object at 0x728e7c554cd0>, <mtggympy.gameengine.gameobjects.WastesInstance object at 0x728e7c554b10>, <mtggympy.gameengine.gameobjects.WastesInstance object at 0x728e7c554d90>, <mtggympy.gameengine.gameobjects.CardInstance object at 0x728e7c554e10>, <mtggympy.gameengine.gameobjects.WastesInstance object at 0x728e7c554e50>, <mtggympy.gameengine.gameobjects.WastesInstance object at 0x728e7c554f10>, <mtggympy.gameengine.gameobjects.CardInstance object at 0x728e7c554f90>, <mtggympy.gameengine.gameobjects.WastesInstance object at 0x728e7c554fd0>, <mtggympy.gameengine.gameobjects.WastesInstance object at 0x728e7c555090>, <mtggympy.gameengine.gameobjects.CardInstance object at 0x728e7c555110>, <mtggympy.gameengine.gameobjects.WastesInstance object at 0x728e7c555150>, <mtggympy.gameengine.gameobjects.WastesInstance object at 0x728e7c555210>, <mtggympy.gameengine.gameobjects.CardInstance object at 0x728e7c555290>, <mtggympy.gameengine.gameobjects.WastesInstance object at 0x728e7c5552d0>, <mtggympy.gameengine.gameobjects.WastesInstance object at 0x728e7c555390>, <mtggympy.gameengine.gameobjects.CardInstance object at 0x728e7c555410>, <mtggympy.gameengine.gameobjects.WastesInstance object at 0x728e7c555450>, <mtggympy.gameengine.gameobjects.WastesInstance object at 0x728e7c555510>, <mtggympy.gameengine.gameobjects.CardInstance object at 0x728e7c555590>, <mtggympy.gameengine.gameobjects.WastesInstance object at 0x728e7c5555d0>, <mtggympy.gameengine.gameobjects.WastesInstance object at 0x728e7c555690>, <mtggympy.gameengine.gameobjects.CardInstance object at 0x728e7c555710>, <mtggympy.gameengine.gameobjects.WastesInstance object at 0x728e7c555750>, <mtggympy.gameengine.gameobjects.WastesInstance object at 0x728e7c555810>, <mtggympy.gameengine.gameobjects.CardInstance object at 0x728e7c555890>, <mtggympy.gameengine.gameobjects.WastesInstance object at 0x728e7c5558d0>, <mtggympy.gameengine.gameobjects.WastesInstance object at 0x728e7c555990>, <mtggympy.gameengine.gameobjects.CardInstance object at 0x728e7c555a10>, <mtggympy.gameengine.gameobjects.WastesInstance object at 0x728e7c555a50>, <mtggympy.gameengine.gameobjects.WastesInstance object at 0x728e7c555b10>, <mtggympy.gameengine.gameobjects.CardInstance object at 0x728e7c555b90>, <mtggympy.gameengine.gameobjects.WastesInstance object at 0x728e7c555bd0>]
---------------------------------------------
2026-06-11 17:21:31,482 - session - DEBUG - SessionTick: Tim: Waiting for player to be ready before continuing
2026-06-11 17:21:31,482 - session - DEBUG - SessionTick: Running GameLoop
2026-06-11 17:21:31,482 - session - DEBUG - SessionTick: Tim: Prompting Player with state ---------------------------------------------
---------------- Environment ----------------
---------------------------------------------
Active Player Index: 0
---------------------------------------------
Completed Halfturns: 0
Upcoming Event: MAIN_PHASE_EMPTY_STACK
Active Player Index: 0
Game over: False
---------------------------------------------
Player 0:
Name: Tim
Current Life: 20
Cards in Hand:
[72cbf6d5-8c89-4e6a-b405-1d48561e8e5e] alpha-myr | [7fe1a33e-d5dd-4b16-b68b-acc497bedc37] wastes
Cards in Library: [<mtggympy.gameengine.gameobjects.WastesInstance object at 0x728e7c500150>, <mtggympy.gameengine.gameobjects.WastesInstance object at 0x728e7c500650>, <mtggympy.gameengine.gameobjects.CardInstance object at 0x728e7c5006d0>, <mtggympy.gameengine.gameobjects.WastesInstance object at 0x728e7c500750>, <mtggympy.gameengine.gameobjects.WastesInstance object at 0x728e7c500710>, <mtggympy.gameengine.gameobjects.CardInstance object at 0x728e7c54a290>, <mtggympy.gameengine.gameobjects.WastesInstance object at 0x728e7c54a310>, <mtggympy.gameengine.gameobjects.WastesInstance object at 0x728e7c54a450>, <mtggympy.gameengine.gameobjects.CardInstance object at 0x728e7c54a550>, <mtggympy.gameengine.gameobjects.WastesInstance object at 0x728e7c5007d0>, <mtggympy.gameengine.gameobjects.WastesInstance object at 0x728e7c54a690>, <mtggympy.gameengine.gameobjects.CardInstance object at 0x728e7c54a750>, <mtggympy.gameengine.gameobjects.WastesInstance object at 0x728e7c54a7d0>, <mtggympy.gameengine.gameobjects.WastesInstance object at 0x728e7c54a950>, <mtggympy.gameengine.gameobjects.CardInstance object at 0x728e7c54aa50>, <mtggympy.gameengine.gameobjects.WastesInstance object at 0x728e7c54aa90>, <mtggympy.gameengine.gameobjects.WastesInstance object at 0x728e7c54abd0>, <mtggympy.gameengine.gameobjects.CardInstance object at 0x728e7c54acd0>, <mtggympy.gameengine.gameobjects.WastesInstance object at 0x728e7c54ad10>, <mtggympy.gameengine.gameobjects.WastesInstance object at 0x728e7c54ae50>, <mtggympy.gameengine.gameobjects.CardInstance object at 0x728e7c54af50>, <mtggympy.gameengine.gameobjects.WastesInstance object at 0x728e7c54af90>, <mtggympy.gameengine.gameobjects.WastesInstance object at 0x728e7c54bd50>, <mtggympy.gameengine.gameobjects.CardInstance object at 0x728e7c54bdd0>, <mtggympy.gameengine.gameobjects.WastesInstance object at 0x728e7c54be10>, <mtggympy.gameengine.gameobjects.WastesInstance object at 0x728e7c54bed0>, <mtggympy.gameengine.gameobjects.CardInstance object at 0x728e7c54bf50>, <mtggympy.gameengine.gameobjects.WastesInstance object at 0x728e7c54bf90>, <mtggympy.gameengine.gameobjects.WastesInstance object at 0x728e7c554090>, <mtggympy.gameengine.gameobjects.CardInstance object at 0x728e7c554110>, <mtggympy.gameengine.gameobjects.WastesInstance object at 0x728e7c554150>, <mtggympy.gameengine.gameobjects.WastesInstance object at 0x728e7c554210>, <mtggympy.gameengine.gameobjects.CardInstance object at 0x728e7c554290>, <mtggympy.gameengine.gameobjects.WastesInstance object at 0x728e7c5542d0>, <mtggympy.gameengine.gameobjects.WastesInstance object at 0x728e7c554390>, <mtggympy.gameengine.gameobjects.CardInstance object at 0x728e7c554410>, <mtggympy.gameengine.gameobjects.WastesInstance object at 0x728e7c554450>, <mtggympy.gameengine.gameobjects.WastesInstance object at 0x728e7c554510>, <mtggympy.gameengine.gameobjects.CardInstance object at 0x728e7c554590>, <mtggympy.gameengine.gameobjects.WastesInstance object at 0x728e7c5545d0>]
---------------------------------------------
Player 1:
Name: Opp-Goldfish
Current Life: 20
Cards in Hand:
[8eee0ee8-95ec-4b18-a510-a4c22e45e9d1] alpha-myr | [3b764281-9195-4a42-913f-9c05d9908c4c] wastes | [0c01aeb0-7240-4534-8f05-1a699e1e14bf] wastes
Cards in Library: [<mtggympy.gameengine.gameobjects.WastesInstance object at 0x728e7c554890>, <mtggympy.gameengine.gameobjects.WastesInstance object at 0x728e7c554910>, <mtggympy.gameengine.gameobjects.CardInstance object at 0x728e7c554990>, <mtggympy.gameengine.gameobjects.WastesInstance object at 0x728e7c5549d0>, <mtggympy.gameengine.gameobjects.WastesInstance object at 0x728e7c554a90>, <mtggympy.gameengine.gameobjects.CardInstance object at 0x728e7c554b50>, <mtggympy.gameengine.gameobjects.WastesInstance object at 0x728e7c554b90>, <mtggympy.gameengine.gameobjects.WastesInstance object at 0x728e7c554c50>, <mtggympy.gameengine.gameobjects.CardInstance object at 0x728e7c554cd0>, <mtggympy.gameengine.gameobjects.WastesInstance object at 0x728e7c554b10>, <mtggympy.gameengine.gameobjects.WastesInstance object at 0x728e7c554d90>, <mtggympy.gameengine.gameobjects.CardInstance object at 0x728e7c554e10>, <mtggympy.gameengine.gameobjects.WastesInstance object at 0x728e7c554e50>, <mtggympy.gameengine.gameobjects.WastesInstance object at 0x728e7c554f10>, <mtggympy.gameengine.gameobjects.CardInstance object at 0x728e7c554f90>, <mtggympy.gameengine.gameobjects.WastesInstance object at 0x728e7c554fd0>, <mtggympy.gameengine.gameobjects.WastesInstance object at 0x728e7c555090>, <mtggympy.gameengine.gameobjects.CardInstance object at 0x728e7c555110>, <mtggympy.gameengine.gameobjects.WastesInstance object at 0x728e7c555150>, <mtggympy.gameengine.gameobjects.WastesInstance object at 0x728e7c555210>, <mtggympy.gameengine.gameobjects.CardInstance object at 0x728e7c555290>, <mtggympy.gameengine.gameobjects.WastesInstance object at 0x728e7c5552d0>, <mtggympy.gameengine.gameobjects.WastesInstance object at 0x728e7c555390>, <mtggympy.gameengine.gameobjects.CardInstance object at 0x728e7c555410>, <mtggympy.gameengine.gameobjects.WastesInstance object at 0x728e7c555450>, <mtggympy.gameengine.gameobjects.WastesInstance object at 0x728e7c555510>, <mtggympy.gameengine.gameobjects.CardInstance object at 0x728e7c555590>, <mtggympy.gameengine.gameobjects.WastesInstance object at 0x728e7c5555d0>, <mtggympy.gameengine.gameobjects.WastesInstance object at 0x728e7c555690>, <mtggympy.gameengine.gameobjects.CardInstance object at 0x728e7c555710>, <mtggympy.gameengine.gameobjects.WastesInstance object at 0x728e7c555750>, <mtggympy.gameengine.gameobjects.WastesInstance object at 0x728e7c555810>, <mtggympy.gameengine.gameobjects.CardInstance object at 0x728e7c555890>, <mtggympy.gameengine.gameobjects.WastesInstance object at 0x728e7c5558d0>, <mtggympy.gameengine.gameobjects.WastesInstance object at 0x728e7c555990>, <mtggympy.gameengine.gameobjects.CardInstance object at 0x728e7c555a10>, <mtggympy.gameengine.gameobjects.WastesInstance object at 0x728e7c555a50>, <mtggympy.gameengine.gameobjects.WastesInstance object at 0x728e7c555b10>, <mtggympy.gameengine.gameobjects.CardInstance object at 0x728e7c555b90>, <mtggympy.gameengine.gameobjects.WastesInstance object at 0x728e7c555bd0>]
---------------------------------------------
2026-06-11 17:21:31,484 - session - DEBUG - SessionTick: Tim: Waiting for Player Input
2026-06-11 17:21:34,143 - session - DEBUG - SessionTick: Tim: Anwsered player with new state ---------------------------------------------
---------------- Environment ----------------
---------------------------------------------
Active Player Index: 0
---------------------------------------------
Completed Halfturns: 0
Upcoming Event: MAIN_PHASE_EMPTY_STACK
Active Player Index: 0
Game over: False
---------------------------------------------
Player 0:
Name: Tim
Current Life: 20
Cards in Hand:
[72cbf6d5-8c89-4e6a-b405-1d48561e8e5e] alpha-myr
Cards in Library: [<mtggympy.gameengine.gameobjects.WastesInstance object at 0x728e7c500150>, <mtggympy.gameengine.gameobjects.WastesInstance object at 0x728e7c500650>, <mtggympy.gameengine.gameobjects.CardInstance object at 0x728e7c5006d0>, <mtggympy.gameengine.gameobjects.WastesInstance object at 0x728e7c500750>, <mtggympy.gameengine.gameobjects.WastesInstance object at 0x728e7c500710>, <mtggympy.gameengine.gameobjects.CardInstance object at 0x728e7c54a290>, <mtggympy.gameengine.gameobjects.WastesInstance object at 0x728e7c54a310>, <mtggympy.gameengine.gameobjects.WastesInstance object at 0x728e7c54a450>, <mtggympy.gameengine.gameobjects.CardInstance object at 0x728e7c54a550>, <mtggympy.gameengine.gameobjects.WastesInstance object at 0x728e7c5007d0>, <mtggympy.gameengine.gameobjects.WastesInstance object at 0x728e7c54a690>, <mtggympy.gameengine.gameobjects.CardInstance object at 0x728e7c54a750>, <mtggympy.gameengine.gameobjects.WastesInstance object at 0x728e7c54a7d0>, <mtggympy.gameengine.gameobjects.WastesInstance object at 0x728e7c54a950>, <mtggympy.gameengine.gameobjects.CardInstance object at 0x728e7c54aa50>, <mtggympy.gameengine.gameobjects.WastesInstance object at 0x728e7c54aa90>, <mtggympy.gameengine.gameobjects.WastesInstance object at 0x728e7c54abd0>, <mtggympy.gameengine.gameobjects.CardInstance object at 0x728e7c54acd0>, <mtggympy.gameengine.gameobjects.WastesInstance object at 0x728e7c54ad10>, <mtggympy.gameengine.gameobjects.WastesInstance object at 0x728e7c54ae50>, <mtggympy.gameengine.gameobjects.CardInstance object at 0x728e7c54af50>, <mtggympy.gameengine.gameobjects.WastesInstance object at 0x728e7c54af90>, <mtggympy.gameengine.gameobjects.WastesInstance object at 0x728e7c54bd50>, <mtggympy.gameengine.gameobjects.CardInstance object at 0x728e7c54bdd0>, <mtggympy.gameengine.gameobjects.WastesInstance object at 0x728e7c54be10>, <mtggympy.gameengine.gameobjects.WastesInstance object at 0x728e7c54bed0>, <mtggympy.gameengine.gameobjects.CardInstance object at 0x728e7c54bf50>, <mtggympy.gameengine.gameobjects.WastesInstance object at 0x728e7c54bf90>, <mtggympy.gameengine.gameobjects.WastesInstance object at 0x728e7c554090>, <mtggympy.gameengine.gameobjects.CardInstance object at 0x728e7c554110>, <mtggympy.gameengine.gameobjects.WastesInstance object at 0x728e7c554150>, <mtggympy.gameengine.gameobjects.WastesInstance object at 0x728e7c554210>, <mtggympy.gameengine.gameobjects.CardInstance object at 0x728e7c554290>, <mtggympy.gameengine.gameobjects.WastesInstance object at 0x728e7c5542d0>, <mtggympy.gameengine.gameobjects.WastesInstance object at 0x728e7c554390>, <mtggympy.gameengine.gameobjects.CardInstance object at 0x728e7c554410>, <mtggympy.gameengine.gameobjects.WastesInstance object at 0x728e7c554450>, <mtggympy.gameengine.gameobjects.WastesInstance object at 0x728e7c554510>, <mtggympy.gameengine.gameobjects.CardInstance object at 0x728e7c554590>, <mtggympy.gameengine.gameobjects.WastesInstance object at 0x728e7c5545d0>]
---------------------------------------------
Player 1:
Name: Opp-Goldfish
Current Life: 20
Cards in Hand:
[8eee0ee8-95ec-4b18-a510-a4c22e45e9d1] alpha-myr | [3b764281-9195-4a42-913f-9c05d9908c4c] wastes | [0c01aeb0-7240-4534-8f05-1a699e1e14bf] wastes
Cards in Library: [<mtggympy.gameengine.gameobjects.WastesInstance object at 0x728e7c554890>, <mtggympy.gameengine.gameobjects.WastesInstance object at 0x728e7c554910>, <mtggympy.gameengine.gameobjects.CardInstance object at 0x728e7c554990>, <mtggympy.gameengine.gameobjects.WastesInstance object at 0x728e7c5549d0>, <mtggympy.gameengine.gameobjects.WastesInstance object at 0x728e7c554a90>, <mtggympy.gameengine.gameobjects.CardInstance object at 0x728e7c554b50>, <mtggympy.gameengine.gameobjects.WastesInstance object at 0x728e7c554b90>, <mtggympy.gameengine.gameobjects.WastesInstance object at 0x728e7c554c50>, <mtggympy.gameengine.gameobjects.CardInstance object at 0x728e7c554cd0>, <mtggympy.gameengine.gameobjects.WastesInstance object at 0x728e7c554b10>, <mtggympy.gameengine.gameobjects.WastesInstance object at 0x728e7c554d90>, <mtggympy.gameengine.gameobjects.CardInstance object at 0x728e7c554e10>, <mtggympy.gameengine.gameobjects.WastesInstance object at 0x728e7c554e50>, <mtggympy.gameengine.gameobjects.WastesInstance object at 0x728e7c554f10>, <mtggympy.gameengine.gameobjects.CardInstance object at 0x728e7c554f90>, <mtggympy.gameengine.gameobjects.WastesInstance object at 0x728e7c554fd0>, <mtggympy.gameengine.gameobjects.WastesInstance object at 0x728e7c555090>, <mtggympy.gameengine.gameobjects.CardInstance object at 0x728e7c555110>, <mtggympy.gameengine.gameobjects.WastesInstance object at 0x728e7c555150>, <mtggympy.gameengine.gameobjects.WastesInstance object at 0x728e7c555210>, <mtggympy.gameengine.gameobjects.CardInstance object at 0x728e7c555290>, <mtggympy.gameengine.gameobjects.WastesInstance object at 0x728e7c5552d0>, <mtggympy.gameengine.gameobjects.WastesInstance object at 0x728e7c555390>, <mtggympy.gameengine.gameobjects.CardInstance object at 0x728e7c555410>, <mtggympy.gameengine.gameobjects.WastesInstance object at 0x728e7c555450>, <mtggympy.gameengine.gameobjects.WastesInstance object at 0x728e7c555510>, <mtggympy.gameengine.gameobjects.CardInstance object at 0x728e7c555590>, <mtggympy.gameengine.gameobjects.WastesInstance object at 0x728e7c5555d0>, <mtggympy.gameengine.gameobjects.WastesInstance object at 0x728e7c555690>, <mtggympy.gameengine.gameobjects.CardInstance object at 0x728e7c555710>, <mtggympy.gameengine.gameobjects.WastesInstance object at 0x728e7c555750>, <mtggympy.gameengine.gameobjects.WastesInstance object at 0x728e7c555810>, <mtggympy.gameengine.gameobjects.CardInstance object at 0x728e7c555890>, <mtggympy.gameengine.gameobjects.WastesInstance object at 0x728e7c5558d0>, <mtggympy.gameengine.gameobjects.WastesInstance object at 0x728e7c555990>, <mtggympy.gameengine.gameobjects.CardInstance object at 0x728e7c555a10>, <mtggympy.gameengine.gameobjects.WastesInstance object at 0x728e7c555a50>, <mtggympy.gameengine.gameobjects.WastesInstance object at 0x728e7c555b10>, <mtggympy.gameengine.gameobjects.CardInstance object at 0x728e7c555b90>, <mtggympy.gameengine.gameobjects.WastesInstance object at 0x728e7c555bd0>]
---------------------------------------------
2026-06-11 17:21:34,144 - session - DEBUG - SessionTick: Tim: Waiting for player to be ready before continuing
2026-06-11 17:21:34,144 - session - DEBUG - SessionTick: Running GameLoop
2026-06-11 17:21:34,144 - session - DEBUG - SessionTick: Tim: Prompting Player with state ---------------------------------------------
---------------- Environment ----------------
---------------------------------------------
Active Player Index: 0
---------------------------------------------
Completed Halfturns: 0
Upcoming Event: MAIN_PHASE_EMPTY_STACK
Active Player Index: 0
Game over: False
---------------------------------------------
Player 0:
Name: Tim
Current Life: 20
Cards in Hand:
[72cbf6d5-8c89-4e6a-b405-1d48561e8e5e] alpha-myr
Cards in Library: [<mtggympy.gameengine.gameobjects.WastesInstance object at 0x728e7c500150>, <mtggympy.gameengine.gameobjects.WastesInstance object at 0x728e7c500650>, <mtggympy.gameengine.gameobjects.CardInstance object at 0x728e7c5006d0>, <mtggympy.gameengine.gameobjects.WastesInstance object at 0x728e7c500750>, <mtggympy.gameengine.gameobjects.WastesInstance object at 0x728e7c500710>, <mtggympy.gameengine.gameobjects.CardInstance object at 0x728e7c54a290>, <mtggympy.gameengine.gameobjects.WastesInstance object at 0x728e7c54a310>, <mtggympy.gameengine.gameobjects.WastesInstance object at 0x728e7c54a450>, <mtggympy.gameengine.gameobjects.CardInstance object at 0x728e7c54a550>, <mtggympy.gameengine.gameobjects.WastesInstance object at 0x728e7c5007d0>, <mtggympy.gameengine.gameobjects.WastesInstance object at 0x728e7c54a690>, <mtggympy.gameengine.gameobjects.CardInstance object at 0x728e7c54a750>, <mtggympy.gameengine.gameobjects.WastesInstance object at 0x728e7c54a7d0>, <mtggympy.gameengine.gameobjects.WastesInstance object at 0x728e7c54a950>, <mtggympy.gameengine.gameobjects.CardInstance object at 0x728e7c54aa50>, <mtggympy.gameengine.gameobjects.WastesInstance object at 0x728e7c54aa90>, <mtggympy.gameengine.gameobjects.WastesInstance object at 0x728e7c54abd0>, <mtggympy.gameengine.gameobjects.CardInstance object at 0x728e7c54acd0>, <mtggympy.gameengine.gameobjects.WastesInstance object at 0x728e7c54ad10>, <mtggympy.gameengine.gameobjects.WastesInstance object at 0x728e7c54ae50>, <mtggympy.gameengine.gameobjects.CardInstance object at 0x728e7c54af50>, <mtggympy.gameengine.gameobjects.WastesInstance object at 0x728e7c54af90>, <mtggympy.gameengine.gameobjects.WastesInstance object at 0x728e7c54bd50>, <mtggympy.gameengine.gameobjects.CardInstance object at 0x728e7c54bdd0>, <mtggympy.gameengine.gameobjects.WastesInstance object at 0x728e7c54be10>, <mtggympy.gameengine.gameobjects.WastesInstance object at 0x728e7c54bed0>, <mtggympy.gameengine.gameobjects.CardInstance object at 0x728e7c54bf50>, <mtggympy.gameengine.gameobjects.WastesInstance object at 0x728e7c54bf90>, <mtggympy.gameengine.gameobjects.WastesInstance object at 0x728e7c554090>, <mtggympy.gameengine.gameobjects.CardInstance object at 0x728e7c554110>, <mtggympy.gameengine.gameobjects.WastesInstance object at 0x728e7c554150>, <mtggympy.gameengine.gameobjects.WastesInstance object at 0x728e7c554210>, <mtggympy.gameengine.gameobjects.CardInstance object at 0x728e7c554290>, <mtggympy.gameengine.gameobjects.WastesInstance object at 0x728e7c5542d0>, <mtggympy.gameengine.gameobjects.WastesInstance object at 0x728e7c554390>, <mtggympy.gameengine.gameobjects.CardInstance object at 0x728e7c554410>, <mtggympy.gameengine.gameobjects.WastesInstance object at 0x728e7c554450>, <mtggympy.gameengine.gameobjects.WastesInstance object at 0x728e7c554510>, <mtggympy.gameengine.gameobjects.CardInstance object at 0x728e7c554590>, <mtggympy.gameengine.gameobjects.WastesInstance object at 0x728e7c5545d0>]
---------------------------------------------
Player 1:
Name: Opp-Goldfish
Current Life: 20
Cards in Hand:
[8eee0ee8-95ec-4b18-a510-a4c22e45e9d1] alpha-myr | [3b764281-9195-4a42-913f-9c05d9908c4c] wastes | [0c01aeb0-7240-4534-8f05-1a699e1e14bf] wastes
Cards in Library: [<mtggympy.gameengine.gameobjects.WastesInstance object at 0x728e7c554890>, <mtggympy.gameengine.gameobjects.WastesInstance object at 0x728e7c554910>, <mtggympy.gameengine.gameobjects.CardInstance object at 0x728e7c554990>, <mtggympy.gameengine.gameobjects.WastesInstance object at 0x728e7c5549d0>, <mtggympy.gameengine.gameobjects.WastesInstance object at 0x728e7c554a90>, <mtggympy.gameengine.gameobjects.CardInstance object at 0x728e7c554b50>, <mtggympy.gameengine.gameobjects.WastesInstance object at 0x728e7c554b90>, <mtggympy.gameengine.gameobjects.WastesInstance object at 0x728e7c554c50>, <mtggympy.gameengine.gameobjects.CardInstance object at 0x728e7c554cd0>, <mtggympy.gameengine.gameobjects.WastesInstance object at 0x728e7c554b10>, <mtggympy.gameengine.gameobjects.WastesInstance object at 0x728e7c554d90>, <mtggympy.gameengine.gameobjects.CardInstance object at 0x728e7c554e10>, <mtggympy.gameengine.gameobjects.WastesInstance object at 0x728e7c554e50>, <mtggympy.gameengine.gameobjects.WastesInstance object at 0x728e7c554f10>, <mtggympy.gameengine.gameobjects.CardInstance object at 0x728e7c554f90>, <mtggympy.gameengine.gameobjects.WastesInstance object at 0x728e7c554fd0>, <mtggympy.gameengine.gameobjects.WastesInstance object at 0x728e7c555090>, <mtggympy.gameengine.gameobjects.CardInstance object at 0x728e7c555110>, <mtggympy.gameengine.gameobjects.WastesInstance object at 0x728e7c555150>, <mtggympy.gameengine.gameobjects.WastesInstance object at 0x728e7c555210>, <mtggympy.gameengine.gameobjects.CardInstance object at 0x728e7c555290>, <mtggympy.gameengine.gameobjects.WastesInstance object at 0x728e7c5552d0>, <mtggympy.gameengine.gameobjects.WastesInstance object at 0x728e7c555390>, <mtggympy.gameengine.gameobjects.CardInstance object at 0x728e7c555410>, <mtggympy.gameengine.gameobjects.WastesInstance object at 0x728e7c555450>, <mtggympy.gameengine.gameobjects.WastesInstance object at 0x728e7c555510>, <mtggympy.gameengine.gameobjects.CardInstance object at 0x728e7c555590>, <mtggympy.gameengine.gameobjects.WastesInstance object at 0x728e7c5555d0>, <mtggympy.gameengine.gameobjects.WastesInstance object at 0x728e7c555690>, <mtggympy.gameengine.gameobjects.CardInstance object at 0x728e7c555710>, <mtggympy.gameengine.gameobjects.WastesInstance object at 0x728e7c555750>, <mtggympy.gameengine.gameobjects.WastesInstance object at 0x728e7c555810>, <mtggympy.gameengine.gameobjects.CardInstance object at 0x728e7c555890>, <mtggympy.gameengine.gameobjects.WastesInstance object at 0x728e7c5558d0>, <mtggympy.gameengine.gameobjects.WastesInstance object at 0x728e7c555990>, <mtggympy.gameengine.gameobjects.CardInstance object at 0x728e7c555a10>, <mtggympy.gameengine.gameobjects.WastesInstance object at 0x728e7c555a50>, <mtggympy.gameengine.gameobjects.WastesInstance object at 0x728e7c555b10>, <mtggympy.gameengine.gameobjects.CardInstance object at 0x728e7c555b90>, <mtggympy.gameengine.gameobjects.WastesInstance object at 0x728e7c555bd0>]
---------------------------------------------
2026-06-11 17:21:34,144 - session - DEBUG - SessionTick: Tim: Waiting for Player Input
2026-06-11 17:21:42,595 - session - DEBUG - SessionTick: Tim: Anwsered player with new state ---------------------------------------------
---------------- Environment ----------------
---------------------------------------------
Active Player Index: 0
---------------------------------------------
Completed Halfturns: 0
Upcoming Event: MAIN_PHASE_EMPTY_STACK
Active Player Index: 0
Game over: False
---------------------------------------------
Player 0:
Name: Tim
Current Life: 20
Cards in Hand:
[72cbf6d5-8c89-4e6a-b405-1d48561e8e5e] alpha-myr
Cards in Library: [<mtggympy.gameengine.gameobjects.WastesInstance object at 0x728e7c500150>, <mtggympy.gameengine.gameobjects.WastesInstance object at 0x728e7c500650>, <mtggympy.gameengine.gameobjects.CardInstance object at 0x728e7c5006d0>, <mtggympy.gameengine.gameobjects.WastesInstance object at 0x728e7c500750>, <mtggympy.gameengine.gameobjects.WastesInstance object at 0x728e7c500710>, <mtggympy.gameengine.gameobjects.CardInstance object at 0x728e7c54a290>, <mtggympy.gameengine.gameobjects.WastesInstance object at 0x728e7c54a310>, <mtggympy.gameengine.gameobjects.WastesInstance object at 0x728e7c54a450>, <mtggympy.gameengine.gameobjects.CardInstance object at 0x728e7c54a550>, <mtggympy.gameengine.gameobjects.WastesInstance object at 0x728e7c5007d0>, <mtggympy.gameengine.gameobjects.WastesInstance object at 0x728e7c54a690>, <mtggympy.gameengine.gameobjects.CardInstance object at 0x728e7c54a750>, <mtggympy.gameengine.gameobjects.WastesInstance object at 0x728e7c54a7d0>, <mtggympy.gameengine.gameobjects.WastesInstance object at 0x728e7c54a950>, <mtggympy.gameengine.gameobjects.CardInstance object at 0x728e7c54aa50>, <mtggympy.gameengine.gameobjects.WastesInstance object at 0x728e7c54aa90>, <mtggympy.gameengine.gameobjects.WastesInstance object at 0x728e7c54abd0>, <mtggympy.gameengine.gameobjects.CardInstance object at 0x728e7c54acd0>, <mtggympy.gameengine.gameobjects.WastesInstance object at 0x728e7c54ad10>, <mtggympy.gameengine.gameobjects.WastesInstance object at 0x728e7c54ae50>, <mtggympy.gameengine.gameobjects.CardInstance object at 0x728e7c54af50>, <mtggympy.gameengine.gameobjects.WastesInstance object at 0x728e7c54af90>, <mtggympy.gameengine.gameobjects.WastesInstance object at 0x728e7c54bd50>, <mtggympy.gameengine.gameobjects.CardInstance object at 0x728e7c54bdd0>, <mtggympy.gameengine.gameobjects.WastesInstance object at 0x728e7c54be10>, <mtggympy.gameengine.gameobjects.WastesInstance object at 0x728e7c54bed0>, <mtggympy.gameengine.gameobjects.CardInstance object at 0x728e7c54bf50>, <mtggympy.gameengine.gameobjects.WastesInstance object at 0x728e7c54bf90>, <mtggympy.gameengine.gameobjects.WastesInstance object at 0x728e7c554090>, <mtggympy.gameengine.gameobjects.CardInstance object at 0x728e7c554110>, <mtggympy.gameengine.gameobjects.WastesInstance object at 0x728e7c554150>, <mtggympy.gameengine.gameobjects.WastesInstance object at 0x728e7c554210>, <mtggympy.gameengine.gameobjects.CardInstance object at 0x728e7c554290>, <mtggympy.gameengine.gameobjects.WastesInstance object at 0x728e7c5542d0>, <mtggympy.gameengine.gameobjects.WastesInstance object at 0x728e7c554390>, <mtggympy.gameengine.gameobjects.CardInstance object at 0x728e7c554410>, <mtggympy.gameengine.gameobjects.WastesInstance object at 0x728e7c554450>, <mtggympy.gameengine.gameobjects.WastesInstance object at 0x728e7c554510>, <mtggympy.gameengine.gameobjects.CardInstance object at 0x728e7c554590>, <mtggympy.gameengine.gameobjects.WastesInstance object at 0x728e7c5545d0>]
---------------------------------------------
Player 1:
Name: Opp-Goldfish
Current Life: 20
Cards in Hand:
[8eee0ee8-95ec-4b18-a510-a4c22e45e9d1] alpha-myr | [3b764281-9195-4a42-913f-9c05d9908c4c] wastes | [0c01aeb0-7240-4534-8f05-1a699e1e14bf] wastes
Cards in Library: [<mtggympy.gameengine.gameobjects.WastesInstance object at 0x728e7c554890>, <mtggympy.gameengine.gameobjects.WastesInstance object at 0x728e7c554910>, <mtggympy.gameengine.gameobjects.CardInstance object at 0x728e7c554990>, <mtggympy.gameengine.gameobjects.WastesInstance object at 0x728e7c5549d0>, <mtggympy.gameengine.gameobjects.WastesInstance object at 0x728e7c554a90>, <mtggympy.gameengine.gameobjects.CardInstance object at 0x728e7c554b50>, <mtggympy.gameengine.gameobjects.WastesInstance object at 0x728e7c554b90>, <mtggympy.gameengine.gameobjects.WastesInstance object at 0x728e7c554c50>, <mtggympy.gameengine.gameobjects.CardInstance object at 0x728e7c554cd0>, <mtggympy.gameengine.gameobjects.WastesInstance object at 0x728e7c554b10>, <mtggympy.gameengine.gameobjects.WastesInstance object at 0x728e7c554d90>, <mtggympy.gameengine.gameobjects.CardInstance object at 0x728e7c554e10>, <mtggympy.gameengine.gameobjects.WastesInstance object at 0x728e7c554e50>, <mtggympy.gameengine.gameobjects.WastesInstance object at 0x728e7c554f10>, <mtggympy.gameengine.gameobjects.CardInstance object at 0x728e7c554f90>, <mtggympy.gameengine.gameobjects.WastesInstance object at 0x728e7c554fd0>, <mtggympy.gameengine.gameobjects.WastesInstance object at 0x728e7c555090>, <mtggympy.gameengine.gameobjects.CardInstance object at 0x728e7c555110>, <mtggympy.gameengine.gameobjects.WastesInstance object at 0x728e7c555150>, <mtggympy.gameengine.gameobjects.WastesInstance object at 0x728e7c555210>, <mtggympy.gameengine.gameobjects.CardInstance object at 0x728e7c555290>, <mtggympy.gameengine.gameobjects.WastesInstance object at 0x728e7c5552d0>, <mtggympy.gameengine.gameobjects.WastesInstance object at 0x728e7c555390>, <mtggympy.gameengine.gameobjects.CardInstance object at 0x728e7c555410>, <mtggympy.gameengine.gameobjects.WastesInstance object at 0x728e7c555450>, <mtggympy.gameengine.gameobjects.WastesInstance object at 0x728e7c555510>, <mtggympy.gameengine.gameobjects.CardInstance object at 0x728e7c555590>, <mtggympy.gameengine.gameobjects.WastesInstance object at 0x728e7c5555d0>, <mtggympy.gameengine.gameobjects.WastesInstance object at 0x728e7c555690>, <mtggympy.gameengine.gameobjects.CardInstance object at 0x728e7c555710>, <mtggympy.gameengine.gameobjects.WastesInstance object at 0x728e7c555750>, <mtggympy.gameengine.gameobjects.WastesInstance object at 0x728e7c555810>, <mtggympy.gameengine.gameobjects.CardInstance object at 0x728e7c555890>, <mtggympy.gameengine.gameobjects.WastesInstance object at 0x728e7c5558d0>, <mtggympy.gameengine.gameobjects.WastesInstance object at 0x728e7c555990>, <mtggympy.gameengine.gameobjects.CardInstance object at 0x728e7c555a10>, <mtggympy.gameengine.gameobjects.WastesInstance object at 0x728e7c555a50>, <mtggympy.gameengine.gameobjects.WastesInstance object at 0x728e7c555b10>, <mtggympy.gameengine.gameobjects.CardInstance object at 0x728e7c555b90>, <mtggympy.gameengine.gameobjects.WastesInstance object at 0x728e7c555bd0>]
---------------------------------------------
2026-06-11 17:21:42,595 - session - DEBUG - SessionTick: Tim: Waiting for player to be ready before continuing
2026-06-11 17:21:42,596 - session - DEBUG - SessionTick: Running GameLoop
2026-06-11 17:21:42,596 - session - DEBUG - SessionTick: Tim: Prompting Player with state ---------------------------------------------
---------------- Environment ----------------
---------------------------------------------
Active Player Index: 0
---------------------------------------------
Completed Halfturns: 0
Upcoming Event: MAIN_PHASE_EMPTY_STACK
Active Player Index: 0
Game over: False
---------------------------------------------
Player 0:
Name: Tim
Current Life: 20
Cards in Hand:
[72cbf6d5-8c89-4e6a-b405-1d48561e8e5e] alpha-myr
Cards in Library: [<mtggympy.gameengine.gameobjects.WastesInstance object at 0x728e7c500150>, <mtggympy.gameengine.gameobjects.WastesInstance object at 0x728e7c500650>, <mtggympy.gameengine.gameobjects.CardInstance object at 0x728e7c5006d0>, <mtggympy.gameengine.gameobjects.WastesInstance object at 0x728e7c500750>, <mtggympy.gameengine.gameobjects.WastesInstance object at 0x728e7c500710>, <mtggympy.gameengine.gameobjects.CardInstance object at 0x728e7c54a290>, <mtggympy.gameengine.gameobjects.WastesInstance object at 0x728e7c54a310>, <mtggympy.gameengine.gameobjects.WastesInstance object at 0x728e7c54a450>, <mtggympy.gameengine.gameobjects.CardInstance object at 0x728e7c54a550>, <mtggympy.gameengine.gameobjects.WastesInstance object at 0x728e7c5007d0>, <mtggympy.gameengine.gameobjects.WastesInstance object at 0x728e7c54a690>, <mtggympy.gameengine.gameobjects.CardInstance object at 0x728e7c54a750>, <mtggympy.gameengine.gameobjects.WastesInstance object at 0x728e7c54a7d0>, <mtggympy.gameengine.gameobjects.WastesInstance object at 0x728e7c54a950>, <mtggympy.gameengine.gameobjects.CardInstance object at 0x728e7c54aa50>, <mtggympy.gameengine.gameobjects.WastesInstance object at 0x728e7c54aa90>, <mtggympy.gameengine.gameobjects.WastesInstance object at 0x728e7c54abd0>, <mtggympy.gameengine.gameobjects.CardInstance object at 0x728e7c54acd0>, <mtggympy.gameengine.gameobjects.WastesInstance object at 0x728e7c54ad10>, <mtggympy.gameengine.gameobjects.WastesInstance object at 0x728e7c54ae50>, <mtggympy.gameengine.gameobjects.CardInstance object at 0x728e7c54af50>, <mtggympy.gameengine.gameobjects.WastesInstance object at 0x728e7c54af90>, <mtggympy.gameengine.gameobjects.WastesInstance object at 0x728e7c54bd50>, <mtggympy.gameengine.gameobjects.CardInstance object at 0x728e7c54bdd0>, <mtggympy.gameengine.gameobjects.WastesInstance object at 0x728e7c54be10>, <mtggympy.gameengine.gameobjects.WastesInstance object at 0x728e7c54bed0>, <mtggympy.gameengine.gameobjects.CardInstance object at 0x728e7c54bf50>, <mtggympy.gameengine.gameobjects.WastesInstance object at 0x728e7c54bf90>, <mtggympy.gameengine.gameobjects.WastesInstance object at 0x728e7c554090>, <mtggympy.gameengine.gameobjects.CardInstance object at 0x728e7c554110>, <mtggympy.gameengine.gameobjects.WastesInstance object at 0x728e7c554150>, <mtggympy.gameengine.gameobjects.WastesInstance object at 0x728e7c554210>, <mtggympy.gameengine.gameobjects.CardInstance object at 0x728e7c554290>, <mtggympy.gameengine.gameobjects.WastesInstance object at 0x728e7c5542d0>, <mtggympy.gameengine.gameobjects.WastesInstance object at 0x728e7c554390>, <mtggympy.gameengine.gameobjects.CardInstance object at 0x728e7c554410>, <mtggympy.gameengine.gameobjects.WastesInstance object at 0x728e7c554450>, <mtggympy.gameengine.gameobjects.WastesInstance object at 0x728e7c554510>, <mtggympy.gameengine.gameobjects.CardInstance object at 0x728e7c554590>, <mtggympy.gameengine.gameobjects.WastesInstance object at 0x728e7c5545d0>]
---------------------------------------------
Player 1:
Name: Opp-Goldfish
Current Life: 20
Cards in Hand:
[8eee0ee8-95ec-4b18-a510-a4c22e45e9d1] alpha-myr | [3b764281-9195-4a42-913f-9c05d9908c4c] wastes | [0c01aeb0-7240-4534-8f05-1a699e1e14bf] wastes
Cards in Library: [<mtggympy.gameengine.gameobjects.WastesInstance object at 0x728e7c554890>, <mtggympy.gameengine.gameobjects.WastesInstance object at 0x728e7c554910>, <mtggympy.gameengine.gameobjects.CardInstance object at 0x728e7c554990>, <mtggympy.gameengine.gameobjects.WastesInstance object at 0x728e7c5549d0>, <mtggympy.gameengine.gameobjects.WastesInstance object at 0x728e7c554a90>, <mtggympy.gameengine.gameobjects.CardInstance object at 0x728e7c554b50>, <mtggympy.gameengine.gameobjects.WastesInstance object at 0x728e7c554b90>, <mtggympy.gameengine.gameobjects.WastesInstance object at 0x728e7c554c50>, <mtggympy.gameengine.gameobjects.CardInstance object at 0x728e7c554cd0>, <mtggympy.gameengine.gameobjects.WastesInstance object at 0x728e7c554b10>, <mtggympy.gameengine.gameobjects.WastesInstance object at 0x728e7c554d90>, <mtggympy.gameengine.gameobjects.CardInstance object at 0x728e7c554e10>, <mtggympy.gameengine.gameobjects.WastesInstance object at 0x728e7c554e50>, <mtggympy.gameengine.gameobjects.WastesInstance object at 0x728e7c554f10>, <mtggympy.gameengine.gameobjects.CardInstance object at 0x728e7c554f90>, <mtggympy.gameengine.gameobjects.WastesInstance object at 0x728e7c554fd0>, <mtggympy.gameengine.gameobjects.WastesInstance object at 0x728e7c555090>, <mtggympy.gameengine.gameobjects.CardInstance object at 0x728e7c555110>, <mtggympy.gameengine.gameobjects.WastesInstance object at 0x728e7c555150>, <mtggympy.gameengine.gameobjects.WastesInstance object at 0x728e7c555210>, <mtggympy.gameengine.gameobjects.CardInstance object at 0x728e7c555290>, <mtggympy.gameengine.gameobjects.WastesInstance object at 0x728e7c5552d0>, <mtggympy.gameengine.gameobjects.WastesInstance object at 0x728e7c555390>, <mtggympy.gameengine.gameobjects.CardInstance object at 0x728e7c555410>, <mtggympy.gameengine.gameobjects.WastesInstance object at 0x728e7c555450>, <mtggympy.gameengine.gameobjects.WastesInstance object at 0x728e7c555510>, <mtggympy.gameengine.gameobjects.CardInstance object at 0x728e7c555590>, <mtggympy.gameengine.gameobjects.WastesInstance object at 0x728e7c5555d0>, <mtggympy.gameengine.gameobjects.WastesInstance object at 0x728e7c555690>, <mtggympy.gameengine.gameobjects.CardInstance object at 0x728e7c555710>, <mtggympy.gameengine.gameobjects.WastesInstance object at 0x728e7c555750>, <mtggympy.gameengine.gameobjects.WastesInstance object at 0x728e7c555810>, <mtggympy.gameengine.gameobjects.CardInstance object at 0x728e7c555890>, <mtggympy.gameengine.gameobjects.WastesInstance object at 0x728e7c5558d0>, <mtggympy.gameengine.gameobjects.WastesInstance object at 0x728e7c555990>, <mtggympy.gameengine.gameobjects.CardInstance object at 0x728e7c555a10>, <mtggympy.gameengine.gameobjects.WastesInstance object at 0x728e7c555a50>, <mtggympy.gameengine.gameobjects.WastesInstance object at 0x728e7c555b10>, <mtggympy.gameengine.gameobjects.CardInstance object at 0x728e7c555b90>, <mtggympy.gameengine.gameobjects.WastesInstance object at 0x728e7c555bd0>]
---------------------------------------------
2026-06-11 17:21:42,596 - session - DEBUG - SessionTick: Tim: Waiting for Player Input
2026-06-11 17:21:49,726 - session - DEBUG - SessionTick: Tim: Anwsered player with new state ---------------------------------------------
---------------- Environment ----------------
---------------------------------------------
Active Player Index: 0
---------------------------------------------
Completed Halfturns: 0
Upcoming Event: MAIN_PHASE_EMPTY_STACK
Active Player Index: 0
Game over: False
---------------------------------------------
Player 0:
Name: Tim
Current Life: 20
Cards in Hand:

Cards in Library: [<mtggympy.gameengine.gameobjects.WastesInstance object at 0x728e7c500150>, <mtggympy.gameengine.gameobjects.WastesInstance object at 0x728e7c500650>, <mtggympy.gameengine.gameobjects.CardInstance object at 0x728e7c5006d0>, <mtggympy.gameengine.gameobjects.WastesInstance object at 0x728e7c500750>, <mtggympy.gameengine.gameobjects.WastesInstance object at 0x728e7c500710>, <mtggympy.gameengine.gameobjects.CardInstance object at 0x728e7c54a290>, <mtggympy.gameengine.gameobjects.WastesInstance object at 0x728e7c54a310>, <mtggympy.gameengine.gameobjects.WastesInstance object at 0x728e7c54a450>, <mtggympy.gameengine.gameobjects.CardInstance object at 0x728e7c54a550>, <mtggympy.gameengine.gameobjects.WastesInstance object at 0x728e7c5007d0>, <mtggympy.gameengine.gameobjects.WastesInstance object at 0x728e7c54a690>, <mtggympy.gameengine.gameobjects.CardInstance object at 0x728e7c54a750>, <mtggympy.gameengine.gameobjects.WastesInstance object at 0x728e7c54a7d0>, <mtggympy.gameengine.gameobjects.WastesInstance object at 0x728e7c54a950>, <mtggympy.gameengine.gameobjects.CardInstance object at 0x728e7c54aa50>, <mtggympy.gameengine.gameobjects.WastesInstance object at 0x728e7c54aa90>, <mtggympy.gameengine.gameobjects.WastesInstance object at 0x728e7c54abd0>, <mtggympy.gameengine.gameobjects.CardInstance object at 0x728e7c54acd0>, <mtggympy.gameengine.gameobjects.WastesInstance object at 0x728e7c54ad10>, <mtggympy.gameengine.gameobjects.WastesInstance object at 0x728e7c54ae50>, <mtggympy.gameengine.gameobjects.CardInstance object at 0x728e7c54af50>, <mtggympy.gameengine.gameobjects.WastesInstance object at 0x728e7c54af90>, <mtggympy.gameengine.gameobjects.WastesInstance object at 0x728e7c54bd50>, <mtggympy.gameengine.gameobjects.CardInstance object at 0x728e7c54bdd0>, <mtggympy.gameengine.gameobjects.WastesInstance object at 0x728e7c54be10>, <mtggympy.gameengine.gameobjects.WastesInstance object at 0x728e7c54bed0>, <mtggympy.gameengine.gameobjects.CardInstance object at 0x728e7c54bf50>, <mtggympy.gameengine.gameobjects.WastesInstance object at 0x728e7c54bf90>, <mtggympy.gameengine.gameobjects.WastesInstance object at 0x728e7c554090>, <mtggympy.gameengine.gameobjects.CardInstance object at 0x728e7c554110>, <mtggympy.gameengine.gameobjects.WastesInstance object at 0x728e7c554150>, <mtggympy.gameengine.gameobjects.WastesInstance object at 0x728e7c554210>, <mtggympy.gameengine.gameobjects.CardInstance object at 0x728e7c554290>, <mtggympy.gameengine.gameobjects.WastesInstance object at 0x728e7c5542d0>, <mtggympy.gameengine.gameobjects.WastesInstance object at 0x728e7c554390>, <mtggympy.gameengine.gameobjects.CardInstance object at 0x728e7c554410>, <mtggympy.gameengine.gameobjects.WastesInstance object at 0x728e7c554450>, <mtggympy.gameengine.gameobjects.WastesInstance object at 0x728e7c554510>, <mtggympy.gameengine.gameobjects.CardInstance object at 0x728e7c554590>, <mtggympy.gameengine.gameobjects.WastesInstance object at 0x728e7c5545d0>]
---------------------------------------------
Player 1:
Name: Opp-Goldfish
Current Life: 20
Cards in Hand:
[8eee0ee8-95ec-4b18-a510-a4c22e45e9d1] alpha-myr | [3b764281-9195-4a42-913f-9c05d9908c4c] wastes | [0c01aeb0-7240-4534-8f05-1a699e1e14bf] wastes
Cards in Library: [<mtggympy.gameengine.gameobjects.WastesInstance object at 0x728e7c554890>, <mtggympy.gameengine.gameobjects.WastesInstance object at 0x728e7c554910>, <mtggympy.gameengine.gameobjects.CardInstance object at 0x728e7c554990>, <mtggympy.gameengine.gameobjects.WastesInstance object at 0x728e7c5549d0>, <mtggympy.gameengine.gameobjects.WastesInstance object at 0x728e7c554a90>, <mtggympy.gameengine.gameobjects.CardInstance object at 0x728e7c554b50>, <mtggympy.gameengine.gameobjects.WastesInstance object at 0x728e7c554b90>, <mtggympy.gameengine.gameobjects.WastesInstance object at 0x728e7c554c50>, <mtggympy.gameengine.gameobjects.CardInstance object at 0x728e7c554cd0>, <mtggympy.gameengine.gameobjects.WastesInstance object at 0x728e7c554b10>, <mtggympy.gameengine.gameobjects.WastesInstance object at 0x728e7c554d90>, <mtggympy.gameengine.gameobjects.CardInstance object at 0x728e7c554e10>, <mtggympy.gameengine.gameobjects.WastesInstance object at 0x728e7c554e50>, <mtggympy.gameengine.gameobjects.WastesInstance object at 0x728e7c554f10>, <mtggympy.gameengine.gameobjects.CardInstance object at 0x728e7c554f90>, <mtggympy.gameengine.gameobjects.WastesInstance object at 0x728e7c554fd0>, <mtggympy.gameengine.gameobjects.WastesInstance object at 0x728e7c555090>, <mtggympy.gameengine.gameobjects.CardInstance object at 0x728e7c555110>, <mtggympy.gameengine.gameobjects.WastesInstance object at 0x728e7c555150>, <mtggympy.gameengine.gameobjects.WastesInstance object at 0x728e7c555210>, <mtggympy.gameengine.gameobjects.CardInstance object at 0x728e7c555290>, <mtggympy.gameengine.gameobjects.WastesInstance object at 0x728e7c5552d0>, <mtggympy.gameengine.gameobjects.WastesInstance object at 0x728e7c555390>, <mtggympy.gameengine.gameobjects.CardInstance object at 0x728e7c555410>, <mtggympy.gameengine.gameobjects.WastesInstance object at 0x728e7c555450>, <mtggympy.gameengine.gameobjects.WastesInstance object at 0x728e7c555510>, <mtggympy.gameengine.gameobjects.CardInstance object at 0x728e7c555590>, <mtggympy.gameengine.gameobjects.WastesInstance object at 0x728e7c5555d0>, <mtggympy.gameengine.gameobjects.WastesInstance object at 0x728e7c555690>, <mtggympy.gameengine.gameobjects.CardInstance object at 0x728e7c555710>, <mtggympy.gameengine.gameobjects.WastesInstance object at 0x728e7c555750>, <mtggympy.gameengine.gameobjects.WastesInstance object at 0x728e7c555810>, <mtggympy.gameengine.gameobjects.CardInstance object at 0x728e7c555890>, <mtggympy.gameengine.gameobjects.WastesInstance object at 0x728e7c5558d0>, <mtggympy.gameengine.gameobjects.WastesInstance object at 0x728e7c555990>, <mtggympy.gameengine.gameobjects.CardInstance object at 0x728e7c555a10>, <mtggympy.gameengine.gameobjects.WastesInstance object at 0x728e7c555a50>, <mtggympy.gameengine.gameobjects.WastesInstance object at 0x728e7c555b10>, <mtggympy.gameengine.gameobjects.CardInstance object at 0x728e7c555b90>, <mtggympy.gameengine.gameobjects.WastesInstance object at 0x728e7c555bd0>]
---------------------------------------------
2026-06-11 17:21:49,726 - session - DEBUG - SessionTick: Tim: Waiting for player to be ready before continuing
2026-06-11 17:21:49,727 - session - DEBUG - SessionTick: Running GameLoop
2026-06-11 17:21:49,727 - session - DEBUG - SessionTick: Tim: Prompting Player with state ---------------------------------------------
---------------- Environment ----------------
---------------------------------------------
Active Player Index: 0
---------------------------------------------
Completed Halfturns: 0
Upcoming Event: MAIN_PHASE_EMPTY_STACK
Active Player Index: 0
Game over: False
---------------------------------------------
Player 0:
Name: Tim
Current Life: 20
Cards in Hand:

Cards in Library: [<mtggympy.gameengine.gameobjects.WastesInstance object at 0x728e7c500150>, <mtggympy.gameengine.gameobjects.WastesInstance object at 0x728e7c500650>, <mtggympy.gameengine.gameobjects.CardInstance object at 0x728e7c5006d0>, <mtggympy.gameengine.gameobjects.WastesInstance object at 0x728e7c500750>, <mtggympy.gameengine.gameobjects.WastesInstance object at 0x728e7c500710>, <mtggympy.gameengine.gameobjects.CardInstance object at 0x728e7c54a290>, <mtggympy.gameengine.gameobjects.WastesInstance object at 0x728e7c54a310>, <mtggympy.gameengine.gameobjects.WastesInstance object at 0x728e7c54a450>, <mtggympy.gameengine.gameobjects.CardInstance object at 0x728e7c54a550>, <mtggympy.gameengine.gameobjects.WastesInstance object at 0x728e7c5007d0>, <mtggympy.gameengine.gameobjects.WastesInstance object at 0x728e7c54a690>, <mtggympy.gameengine.gameobjects.CardInstance object at 0x728e7c54a750>, <mtggympy.gameengine.gameobjects.WastesInstance object at 0x728e7c54a7d0>, <mtggympy.gameengine.gameobjects.WastesInstance object at 0x728e7c54a950>, <mtggympy.gameengine.gameobjects.CardInstance object at 0x728e7c54aa50>, <mtggympy.gameengine.gameobjects.WastesInstance object at 0x728e7c54aa90>, <mtggympy.gameengine.gameobjects.WastesInstance object at 0x728e7c54abd0>, <mtggympy.gameengine.gameobjects.CardInstance object at 0x728e7c54acd0>, <mtggympy.gameengine.gameobjects.WastesInstance object at 0x728e7c54ad10>, <mtggympy.gameengine.gameobjects.WastesInstance object at 0x728e7c54ae50>, <mtggympy.gameengine.gameobjects.CardInstance object at 0x728e7c54af50>, <mtggympy.gameengine.gameobjects.WastesInstance object at 0x728e7c54af90>, <mtggympy.gameengine.gameobjects.WastesInstance object at 0x728e7c54bd50>, <mtggympy.gameengine.gameobjects.CardInstance object at 0x728e7c54bdd0>, <mtggympy.gameengine.gameobjects.WastesInstance object at 0x728e7c54be10>, <mtggympy.gameengine.gameobjects.WastesInstance object at 0x728e7c54bed0>, <mtggympy.gameengine.gameobjects.CardInstance object at 0x728e7c54bf50>, <mtggympy.gameengine.gameobjects.WastesInstance object at 0x728e7c54bf90>, <mtggympy.gameengine.gameobjects.WastesInstance object at 0x728e7c554090>, <mtggympy.gameengine.gameobjects.CardInstance object at 0x728e7c554110>, <mtggympy.gameengine.gameobjects.WastesInstance object at 0x728e7c554150>, <mtggympy.gameengine.gameobjects.WastesInstance object at 0x728e7c554210>, <mtggympy.gameengine.gameobjects.CardInstance object at 0x728e7c554290>, <mtggympy.gameengine.gameobjects.WastesInstance object at 0x728e7c5542d0>, <mtggympy.gameengine.gameobjects.WastesInstance object at 0x728e7c554390>, <mtggympy.gameengine.gameobjects.CardInstance object at 0x728e7c554410>, <mtggympy.gameengine.gameobjects.WastesInstance object at 0x728e7c554450>, <mtggympy.gameengine.gameobjects.WastesInstance object at 0x728e7c554510>, <mtggympy.gameengine.gameobjects.CardInstance object at 0x728e7c554590>, <mtggympy.gameengine.gameobjects.WastesInstance object at 0x728e7c5545d0>]
---------------------------------------------
Player 1:
Name: Opp-Goldfish
Current Life: 20
Cards in Hand:
[8eee0ee8-95ec-4b18-a510-a4c22e45e9d1] alpha-myr | [3b764281-9195-4a42-913f-9c05d9908c4c] wastes | [0c01aeb0-7240-4534-8f05-1a699e1e14bf] wastes
Cards in Library: [<mtggympy.gameengine.gameobjects.WastesInstance object at 0x728e7c554890>, <mtggympy.gameengine.gameobjects.WastesInstance object at 0x728e7c554910>, <mtggympy.gameengine.gameobjects.CardInstance object at 0x728e7c554990>, <mtggympy.gameengine.gameobjects.WastesInstance object at 0x728e7c5549d0>, <mtggympy.gameengine.gameobjects.WastesInstance object at 0x728e7c554a90>, <mtggympy.gameengine.gameobjects.CardInstance object at 0x728e7c554b50>, <mtggympy.gameengine.gameobjects.WastesInstance object at 0x728e7c554b90>, <mtggympy.gameengine.gameobjects.WastesInstance object at 0x728e7c554c50>, <mtggympy.gameengine.gameobjects.CardInstance object at 0x728e7c554cd0>, <mtggympy.gameengine.gameobjects.WastesInstance object at 0x728e7c554b10>, <mtggympy.gameengine.gameobjects.WastesInstance object at 0x728e7c554d90>, <mtggympy.gameengine.gameobjects.CardInstance object at 0x728e7c554e10>, <mtggympy.gameengine.gameobjects.WastesInstance object at 0x728e7c554e50>, <mtggympy.gameengine.gameobjects.WastesInstance object at 0x728e7c554f10>, <mtggympy.gameengine.gameobjects.CardInstance object at 0x728e7c554f90>, <mtggympy.gameengine.gameobjects.WastesInstance object at 0x728e7c554fd0>, <mtggympy.gameengine.gameobjects.WastesInstance object at 0x728e7c555090>, <mtggympy.gameengine.gameobjects.CardInstance object at 0x728e7c555110>, <mtggympy.gameengine.gameobjects.WastesInstance object at 0x728e7c555150>, <mtggympy.gameengine.gameobjects.WastesInstance object at 0x728e7c555210>, <mtggympy.gameengine.gameobjects.CardInstance object at 0x728e7c555290>, <mtggympy.gameengine.gameobjects.WastesInstance object at 0x728e7c5552d0>, <mtggympy.gameengine.gameobjects.WastesInstance object at 0x728e7c555390>, <mtggympy.gameengine.gameobjects.CardInstance object at 0x728e7c555410>, <mtggympy.gameengine.gameobjects.WastesInstance object at 0x728e7c555450>, <mtggympy.gameengine.gameobjects.WastesInstance object at 0x728e7c555510>, <mtggympy.gameengine.gameobjects.CardInstance object at 0x728e7c555590>, <mtggympy.gameengine.gameobjects.WastesInstance object at 0x728e7c5555d0>, <mtggympy.gameengine.gameobjects.WastesInstance object at 0x728e7c555690>, <mtggympy.gameengine.gameobjects.CardInstance object at 0x728e7c555710>, <mtggympy.gameengine.gameobjects.WastesInstance object at 0x728e7c555750>, <mtggympy.gameengine.gameobjects.WastesInstance object at 0x728e7c555810>, <mtggympy.gameengine.gameobjects.CardInstance object at 0x728e7c555890>, <mtggympy.gameengine.gameobjects.WastesInstance object at 0x728e7c5558d0>, <mtggympy.gameengine.gameobjects.WastesInstance object at 0x728e7c555990>, <mtggympy.gameengine.gameobjects.CardInstance object at 0x728e7c555a10>, <mtggympy.gameengine.gameobjects.WastesInstance object at 0x728e7c555a50>, <mtggympy.gameengine.gameobjects.WastesInstance object at 0x728e7c555b10>, <mtggympy.gameengine.gameobjects.CardInstance object at 0x728e7c555b90>, <mtggympy.gameengine.gameobjects.WastesInstance object at 0x728e7c555bd0>]
---------------------------------------------
2026-06-11 17:21:49,727 - session - DEBUG - SessionTick: Tim: Waiting for Player Input
2026-06-11 17:21:53,960 - session - DEBUG - SessionTick: Tim: Anwsered player with new state ---------------------------------------------
---------------- Environment ----------------
---------------------------------------------
Active Player Index: 0
---------------------------------------------
Completed Halfturns: 0
Upcoming Event: DECLARE_ATTACKS
Active Player Index: 0
Game over: False
---------------------------------------------
Player 0:
Name: Tim
Current Life: 20
Cards in Hand:

Cards in Library: [<mtggympy.gameengine.gameobjects.WastesInstance object at 0x728e7c500150>, <mtggympy.gameengine.gameobjects.WastesInstance object at 0x728e7c500650>, <mtggympy.gameengine.gameobjects.CardInstance object at 0x728e7c5006d0>, <mtggympy.gameengine.gameobjects.WastesInstance object at 0x728e7c500750>, <mtggympy.gameengine.gameobjects.WastesInstance object at 0x728e7c500710>, <mtggympy.gameengine.gameobjects.CardInstance object at 0x728e7c54a290>, <mtggympy.gameengine.gameobjects.WastesInstance object at 0x728e7c54a310>, <mtggympy.gameengine.gameobjects.WastesInstance object at 0x728e7c54a450>, <mtggympy.gameengine.gameobjects.CardInstance object at 0x728e7c54a550>, <mtggympy.gameengine.gameobjects.WastesInstance object at 0x728e7c5007d0>, <mtggympy.gameengine.gameobjects.WastesInstance object at 0x728e7c54a690>, <mtggympy.gameengine.gameobjects.CardInstance object at 0x728e7c54a750>, <mtggympy.gameengine.gameobjects.WastesInstance object at 0x728e7c54a7d0>, <mtggympy.gameengine.gameobjects.WastesInstance object at 0x728e7c54a950>, <mtggympy.gameengine.gameobjects.CardInstance object at 0x728e7c54aa50>, <mtggympy.gameengine.gameobjects.WastesInstance object at 0x728e7c54aa90>, <mtggympy.gameengine.gameobjects.WastesInstance object at 0x728e7c54abd0>, <mtggympy.gameengine.gameobjects.CardInstance object at 0x728e7c54acd0>, <mtggympy.gameengine.gameobjects.WastesInstance object at 0x728e7c54ad10>, <mtggympy.gameengine.gameobjects.WastesInstance object at 0x728e7c54ae50>, <mtggympy.gameengine.gameobjects.CardInstance object at 0x728e7c54af50>, <mtggympy.gameengine.gameobjects.WastesInstance object at 0x728e7c54af90>, <mtggympy.gameengine.gameobjects.WastesInstance object at 0x728e7c54bd50>, <mtggympy.gameengine.gameobjects.CardInstance object at 0x728e7c54bdd0>, <mtggympy.gameengine.gameobjects.WastesInstance object at 0x728e7c54be10>, <mtggympy.gameengine.gameobjects.WastesInstance object at 0x728e7c54bed0>, <mtggympy.gameengine.gameobjects.CardInstance object at 0x728e7c54bf50>, <mtggympy.gameengine.gameobjects.WastesInstance object at 0x728e7c54bf90>, <mtggympy.gameengine.gameobjects.WastesInstance object at 0x728e7c554090>, <mtggympy.gameengine.gameobjects.CardInstance object at 0x728e7c554110>, <mtggympy.gameengine.gameobjects.WastesInstance object at 0x728e7c554150>, <mtggympy.gameengine.gameobjects.WastesInstance object at 0x728e7c554210>, <mtggympy.gameengine.gameobjects.CardInstance object at 0x728e7c554290>, <mtggympy.gameengine.gameobjects.WastesInstance object at 0x728e7c5542d0>, <mtggympy.gameengine.gameobjects.WastesInstance object at 0x728e7c554390>, <mtggympy.gameengine.gameobjects.CardInstance object at 0x728e7c554410>, <mtggympy.gameengine.gameobjects.WastesInstance object at 0x728e7c554450>, <mtggympy.gameengine.gameobjects.WastesInstance object at 0x728e7c554510>, <mtggympy.gameengine.gameobjects.CardInstance object at 0x728e7c554590>, <mtggympy.gameengine.gameobjects.WastesInstance object at 0x728e7c5545d0>]
---------------------------------------------
Player 1:
Name: Opp-Goldfish
Current Life: 20
Cards in Hand:
[8eee0ee8-95ec-4b18-a510-a4c22e45e9d1] alpha-myr | [3b764281-9195-4a42-913f-9c05d9908c4c] wastes | [0c01aeb0-7240-4534-8f05-1a699e1e14bf] wastes
Cards in Library: [<mtggympy.gameengine.gameobjects.WastesInstance object at 0x728e7c554890>, <mtggympy.gameengine.gameobjects.WastesInstance object at 0x728e7c554910>, <mtggympy.gameengine.gameobjects.CardInstance object at 0x728e7c554990>, <mtggympy.gameengine.gameobjects.WastesInstance object at 0x728e7c5549d0>, <mtggympy.gameengine.gameobjects.WastesInstance object at 0x728e7c554a90>, <mtggympy.gameengine.gameobjects.CardInstance object at 0x728e7c554b50>, <mtggympy.gameengine.gameobjects.WastesInstance object at 0x728e7c554b90>, <mtggympy.gameengine.gameobjects.WastesInstance object at 0x728e7c554c50>, <mtggympy.gameengine.gameobjects.CardInstance object at 0x728e7c554cd0>, <mtggympy.gameengine.gameobjects.WastesInstance object at 0x728e7c554b10>, <mtggympy.gameengine.gameobjects.WastesInstance object at 0x728e7c554d90>, <mtggympy.gameengine.gameobjects.CardInstance object at 0x728e7c554e10>, <mtggympy.gameengine.gameobjects.WastesInstance object at 0x728e7c554e50>, <mtggympy.gameengine.gameobjects.WastesInstance object at 0x728e7c554f10>, <mtggympy.gameengine.gameobjects.CardInstance object at 0x728e7c554f90>, <mtggympy.gameengine.gameobjects.WastesInstance object at 0x728e7c554fd0>, <mtggympy.gameengine.gameobjects.WastesInstance object at 0x728e7c555090>, <mtggympy.gameengine.gameobjects.CardInstance object at 0x728e7c555110>, <mtggympy.gameengine.gameobjects.WastesInstance object at 0x728e7c555150>, <mtggympy.gameengine.gameobjects.WastesInstance object at 0x728e7c555210>, <mtggympy.gameengine.gameobjects.CardInstance object at 0x728e7c555290>, <mtggympy.gameengine.gameobjects.WastesInstance object at 0x728e7c5552d0>, <mtggympy.gameengine.gameobjects.WastesInstance object at 0x728e7c555390>, <mtggympy.gameengine.gameobjects.CardInstance object at 0x728e7c555410>, <mtggympy.gameengine.gameobjects.WastesInstance object at 0x728e7c555450>, <mtggympy.gameengine.gameobjects.WastesInstance object at 0x728e7c555510>, <mtggympy.gameengine.gameobjects.CardInstance object at 0x728e7c555590>, <mtggympy.gameengine.gameobjects.WastesInstance object at 0x728e7c5555d0>, <mtggympy.gameengine.gameobjects.WastesInstance object at 0x728e7c555690>, <mtggympy.gameengine.gameobjects.CardInstance object at 0x728e7c555710>, <mtggympy.gameengine.gameobjects.WastesInstance object at 0x728e7c555750>, <mtggympy.gameengine.gameobjects.WastesInstance object at 0x728e7c555810>, <mtggympy.gameengine.gameobjects.CardInstance object at 0x728e7c555890>, <mtggympy.gameengine.gameobjects.WastesInstance object at 0x728e7c5558d0>, <mtggympy.gameengine.gameobjects.WastesInstance object at 0x728e7c555990>, <mtggympy.gameengine.gameobjects.CardInstance object at 0x728e7c555a10>, <mtggympy.gameengine.gameobjects.WastesInstance object at 0x728e7c555a50>, <mtggympy.gameengine.gameobjects.WastesInstance object at 0x728e7c555b10>, <mtggympy.gameengine.gameobjects.CardInstance object at 0x728e7c555b90>, <mtggympy.gameengine.gameobjects.WastesInstance object at 0x728e7c555bd0>]
---------------------------------------------
2026-06-11 17:21:53,960 - session - DEBUG - SessionTick: Tim: Waiting for player to be ready before continuing
2026-06-11 17:21:53,960 - session - DEBUG - SessionTick: Running GameLoop
2026-06-11 17:21:53,961 - session - DEBUG - SessionTick: Tim: Prompting Player with state ---------------------------------------------
---------------- Environment ----------------
---------------------------------------------
Active Player Index: 0
---------------------------------------------
Completed Halfturns: 0
Upcoming Event: DECLARE_ATTACKS
Active Player Index: 0
Game over: False
---------------------------------------------
Player 0:
Name: Tim
Current Life: 20
Cards in Hand:

Cards in Library: [<mtggympy.gameengine.gameobjects.WastesInstance object at 0x728e7c500150>, <mtggympy.gameengine.gameobjects.WastesInstance object at 0x728e7c500650>, <mtggympy.gameengine.gameobjects.CardInstance object at 0x728e7c5006d0>, <mtggympy.gameengine.gameobjects.WastesInstance object at 0x728e7c500750>, <mtggympy.gameengine.gameobjects.WastesInstance object at 0x728e7c500710>, <mtggympy.gameengine.gameobjects.CardInstance object at 0x728e7c54a290>, <mtggympy.gameengine.gameobjects.WastesInstance object at 0x728e7c54a310>, <mtggympy.gameengine.gameobjects.WastesInstance object at 0x728e7c54a450>, <mtggympy.gameengine.gameobjects.CardInstance object at 0x728e7c54a550>, <mtggympy.gameengine.gameobjects.WastesInstance object at 0x728e7c5007d0>, <mtggympy.gameengine.gameobjects.WastesInstance object at 0x728e7c54a690>, <mtggympy.gameengine.gameobjects.CardInstance object at 0x728e7c54a750>, <mtggympy.gameengine.gameobjects.WastesInstance object at 0x728e7c54a7d0>, <mtggympy.gameengine.gameobjects.WastesInstance object at 0x728e7c54a950>, <mtggympy.gameengine.gameobjects.CardInstance object at 0x728e7c54aa50>, <mtggympy.gameengine.gameobjects.WastesInstance object at 0x728e7c54aa90>, <mtggympy.gameengine.gameobjects.WastesInstance object at 0x728e7c54abd0>, <mtggympy.gameengine.gameobjects.CardInstance object at 0x728e7c54acd0>, <mtggympy.gameengine.gameobjects.WastesInstance object at 0x728e7c54ad10>, <mtggympy.gameengine.gameobjects.WastesInstance object at 0x728e7c54ae50>, <mtggympy.gameengine.gameobjects.CardInstance object at 0x728e7c54af50>, <mtggympy.gameengine.gameobjects.WastesInstance object at 0x728e7c54af90>, <mtggympy.gameengine.gameobjects.WastesInstance object at 0x728e7c54bd50>, <mtggympy.gameengine.gameobjects.CardInstance object at 0x728e7c54bdd0>, <mtggympy.gameengine.gameobjects.WastesInstance object at 0x728e7c54be10>, <mtggympy.gameengine.gameobjects.WastesInstance object at 0x728e7c54bed0>, <mtggympy.gameengine.gameobjects.CardInstance object at 0x728e7c54bf50>, <mtggympy.gameengine.gameobjects.WastesInstance object at 0x728e7c54bf90>, <mtggympy.gameengine.gameobjects.WastesInstance object at 0x728e7c554090>, <mtggympy.gameengine.gameobjects.CardInstance object at 0x728e7c554110>, <mtggympy.gameengine.gameobjects.WastesInstance object at 0x728e7c554150>, <mtggympy.gameengine.gameobjects.WastesInstance object at 0x728e7c554210>, <mtggympy.gameengine.gameobjects.CardInstance object at 0x728e7c554290>, <mtggympy.gameengine.gameobjects.WastesInstance object at 0x728e7c5542d0>, <mtggympy.gameengine.gameobjects.WastesInstance object at 0x728e7c554390>, <mtggympy.gameengine.gameobjects.CardInstance object at 0x728e7c554410>, <mtggympy.gameengine.gameobjects.WastesInstance object at 0x728e7c554450>, <mtggympy.gameengine.gameobjects.WastesInstance object at 0x728e7c554510>, <mtggympy.gameengine.gameobjects.CardInstance object at 0x728e7c554590>, <mtggympy.gameengine.gameobjects.WastesInstance object at 0x728e7c5545d0>]
---------------------------------------------
Player 1:
Name: Opp-Goldfish
Current Life: 20
Cards in Hand:
[8eee0ee8-95ec-4b18-a510-a4c22e45e9d1] alpha-myr | [3b764281-9195-4a42-913f-9c05d9908c4c] wastes | [0c01aeb0-7240-4534-8f05-1a699e1e14bf] wastes
Cards in Library: [<mtggympy.gameengine.gameobjects.WastesInstance object at 0x728e7c554890>, <mtggympy.gameengine.gameobjects.WastesInstance object at 0x728e7c554910>, <mtggympy.gameengine.gameobjects.CardInstance object at 0x728e7c554990>, <mtggympy.gameengine.gameobjects.WastesInstance object at 0x728e7c5549d0>, <mtggympy.gameengine.gameobjects.WastesInstance object at 0x728e7c554a90>, <mtggympy.gameengine.gameobjects.CardInstance object at 0x728e7c554b50>, <mtggympy.gameengine.gameobjects.WastesInstance object at 0x728e7c554b90>, <mtggympy.gameengine.gameobjects.WastesInstance object at 0x728e7c554c50>, <mtggympy.gameengine.gameobjects.CardInstance object at 0x728e7c554cd0>, <mtggympy.gameengine.gameobjects.WastesInstance object at 0x728e7c554b10>, <mtggympy.gameengine.gameobjects.WastesInstance object at 0x728e7c554d90>, <mtggympy.gameengine.gameobjects.CardInstance object at 0x728e7c554e10>, <mtggympy.gameengine.gameobjects.WastesInstance object at 0x728e7c554e50>, <mtggympy.gameengine.gameobjects.WastesInstance object at 0x728e7c554f10>, <mtggympy.gameengine.gameobjects.CardInstance object at 0x728e7c554f90>, <mtggympy.gameengine.gameobjects.WastesInstance object at 0x728e7c554fd0>, <mtggympy.gameengine.gameobjects.WastesInstance object at 0x728e7c555090>, <mtggympy.gameengine.gameobjects.CardInstance object at 0x728e7c555110>, <mtggympy.gameengine.gameobjects.WastesInstance object at 0x728e7c555150>, <mtggympy.gameengine.gameobjects.WastesInstance object at 0x728e7c555210>, <mtggympy.gameengine.gameobjects.CardInstance object at 0x728e7c555290>, <mtggympy.gameengine.gameobjects.WastesInstance object at 0x728e7c5552d0>, <mtggympy.gameengine.gameobjects.WastesInstance object at 0x728e7c555390>, <mtggympy.gameengine.gameobjects.CardInstance object at 0x728e7c555410>, <mtggympy.gameengine.gameobjects.WastesInstance object at 0x728e7c555450>, <mtggympy.gameengine.gameobjects.WastesInstance object at 0x728e7c555510>, <mtggympy.gameengine.gameobjects.CardInstance object at 0x728e7c555590>, <mtggympy.gameengine.gameobjects.WastesInstance object at 0x728e7c5555d0>, <mtggympy.gameengine.gameobjects.WastesInstance object at 0x728e7c555690>, <mtggympy.gameengine.gameobjects.CardInstance object at 0x728e7c555710>, <mtggympy.gameengine.gameobjects.WastesInstance object at 0x728e7c555750>, <mtggympy.gameengine.gameobjects.WastesInstance object at 0x728e7c555810>, <mtggympy.gameengine.gameobjects.CardInstance object at 0x728e7c555890>, <mtggympy.gameengine.gameobjects.WastesInstance object at 0x728e7c5558d0>, <mtggympy.gameengine.gameobjects.WastesInstance object at 0x728e7c555990>, <mtggympy.gameengine.gameobjects.CardInstance object at 0x728e7c555a10>, <mtggympy.gameengine.gameobjects.WastesInstance object at 0x728e7c555a50>, <mtggympy.gameengine.gameobjects.WastesInstance object at 0x728e7c555b10>, <mtggympy.gameengine.gameobjects.CardInstance object at 0x728e7c555b90>, <mtggympy.gameengine.gameobjects.WastesInstance object at 0x728e7c555bd0>]
---------------------------------------------
2026-06-11 17:21:53,961 - session - DEBUG - SessionTick: Tim: Waiting for Player Input
2026-06-11 17:21:55,031 - session - DEBUG - SessionTick: Tim: Anwsered player with new state ---------------------------------------------
---------------- Environment ----------------
---------------------------------------------
Active Player Index: 1
---------------------------------------------
Completed Halfturns: 1
Upcoming Event: MAIN_PHASE_EMPTY_STACK
Active Player Index: 1
Game over: False
---------------------------------------------
Player 0:
Name: Tim
Current Life: 20
Cards in Hand:

Cards in Library: [<mtggympy.gameengine.gameobjects.WastesInstance object at 0x728e7c500150>, <mtggympy.gameengine.gameobjects.WastesInstance object at 0x728e7c500650>, <mtggympy.gameengine.gameobjects.CardInstance object at 0x728e7c5006d0>, <mtggympy.gameengine.gameobjects.WastesInstance object at 0x728e7c500750>, <mtggympy.gameengine.gameobjects.WastesInstance object at 0x728e7c500710>, <mtggympy.gameengine.gameobjects.CardInstance object at 0x728e7c54a290>, <mtggympy.gameengine.gameobjects.WastesInstance object at 0x728e7c54a310>, <mtggympy.gameengine.gameobjects.WastesInstance object at 0x728e7c54a450>, <mtggympy.gameengine.gameobjects.CardInstance object at 0x728e7c54a550>, <mtggympy.gameengine.gameobjects.WastesInstance object at 0x728e7c5007d0>, <mtggympy.gameengine.gameobjects.WastesInstance object at 0x728e7c54a690>, <mtggympy.gameengine.gameobjects.CardInstance object at 0x728e7c54a750>, <mtggympy.gameengine.gameobjects.WastesInstance object at 0x728e7c54a7d0>, <mtggympy.gameengine.gameobjects.WastesInstance object at 0x728e7c54a950>, <mtggympy.gameengine.gameobjects.CardInstance object at 0x728e7c54aa50>, <mtggympy.gameengine.gameobjects.WastesInstance object at 0x728e7c54aa90>, <mtggympy.gameengine.gameobjects.WastesInstance object at 0x728e7c54abd0>, <mtggympy.gameengine.gameobjects.CardInstance object at 0x728e7c54acd0>, <mtggympy.gameengine.gameobjects.WastesInstance object at 0x728e7c54ad10>, <mtggympy.gameengine.gameobjects.WastesInstance object at 0x728e7c54ae50>, <mtggympy.gameengine.gameobjects.CardInstance object at 0x728e7c54af50>, <mtggympy.gameengine.gameobjects.WastesInstance object at 0x728e7c54af90>, <mtggympy.gameengine.gameobjects.WastesInstance object at 0x728e7c54bd50>, <mtggympy.gameengine.gameobjects.CardInstance object at 0x728e7c54bdd0>, <mtggympy.gameengine.gameobjects.WastesInstance object at 0x728e7c54be10>, <mtggympy.gameengine.gameobjects.WastesInstance object at 0x728e7c54bed0>, <mtggympy.gameengine.gameobjects.CardInstance object at 0x728e7c54bf50>, <mtggympy.gameengine.gameobjects.WastesInstance object at 0x728e7c54bf90>, <mtggympy.gameengine.gameobjects.WastesInstance object at 0x728e7c554090>, <mtggympy.gameengine.gameobjects.CardInstance object at 0x728e7c554110>, <mtggympy.gameengine.gameobjects.WastesInstance object at 0x728e7c554150>, <mtggympy.gameengine.gameobjects.WastesInstance object at 0x728e7c554210>, <mtggympy.gameengine.gameobjects.CardInstance object at 0x728e7c554290>, <mtggympy.gameengine.gameobjects.WastesInstance object at 0x728e7c5542d0>, <mtggympy.gameengine.gameobjects.WastesInstance object at 0x728e7c554390>, <mtggympy.gameengine.gameobjects.CardInstance object at 0x728e7c554410>, <mtggympy.gameengine.gameobjects.WastesInstance object at 0x728e7c554450>, <mtggympy.gameengine.gameobjects.WastesInstance object at 0x728e7c554510>, <mtggympy.gameengine.gameobjects.CardInstance object at 0x728e7c554590>, <mtggympy.gameengine.gameobjects.WastesInstance object at 0x728e7c5545d0>]
---------------------------------------------
Player 1:
Name: Opp-Goldfish
Current Life: 20
Cards in Hand:
[8eee0ee8-95ec-4b18-a510-a4c22e45e9d1] alpha-myr | [3b764281-9195-4a42-913f-9c05d9908c4c] wastes | [0c01aeb0-7240-4534-8f05-1a699e1e14bf] wastes | [7751fcd8-fef0-45da-9a30-83e1e5730280] wastes
Cards in Library: [<mtggympy.gameengine.gameobjects.WastesInstance object at 0x728e7c554910>, <mtggympy.gameengine.gameobjects.CardInstance object at 0x728e7c554990>, <mtggympy.gameengine.gameobjects.WastesInstance object at 0x728e7c5549d0>, <mtggympy.gameengine.gameobjects.WastesInstance object at 0x728e7c554a90>, <mtggympy.gameengine.gameobjects.CardInstance object at 0x728e7c554b50>, <mtggympy.gameengine.gameobjects.WastesInstance object at 0x728e7c554b90>, <mtggympy.gameengine.gameobjects.WastesInstance object at 0x728e7c554c50>, <mtggympy.gameengine.gameobjects.CardInstance object at 0x728e7c554cd0>, <mtggympy.gameengine.gameobjects.WastesInstance object at 0x728e7c554b10>, <mtggympy.gameengine.gameobjects.WastesInstance object at 0x728e7c554d90>, <mtggympy.gameengine.gameobjects.CardInstance object at 0x728e7c554e10>, <mtggympy.gameengine.gameobjects.WastesInstance object at 0x728e7c554e50>, <mtggympy.gameengine.gameobjects.WastesInstance object at 0x728e7c554f10>, <mtggympy.gameengine.gameobjects.CardInstance object at 0x728e7c554f90>, <mtggympy.gameengine.gameobjects.WastesInstance object at 0x728e7c554fd0>, <mtggympy.gameengine.gameobjects.WastesInstance object at 0x728e7c555090>, <mtggympy.gameengine.gameobjects.CardInstance object at 0x728e7c555110>, <mtggympy.gameengine.gameobjects.WastesInstance object at 0x728e7c555150>, <mtggympy.gameengine.gameobjects.WastesInstance object at 0x728e7c555210>, <mtggympy.gameengine.gameobjects.CardInstance object at 0x728e7c555290>, <mtggympy.gameengine.gameobjects.WastesInstance object at 0x728e7c5552d0>, <mtggympy.gameengine.gameobjects.WastesInstance object at 0x728e7c555390>, <mtggympy.gameengine.gameobjects.CardInstance object at 0x728e7c555410>, <mtggympy.gameengine.gameobjects.WastesInstance object at 0x728e7c555450>, <mtggympy.gameengine.gameobjects.WastesInstance object at 0x728e7c555510>, <mtggympy.gameengine.gameobjects.CardInstance object at 0x728e7c555590>, <mtggympy.gameengine.gameobjects.WastesInstance object at 0x728e7c5555d0>, <mtggympy.gameengine.gameobjects.WastesInstance object at 0x728e7c555690>, <mtggympy.gameengine.gameobjects.CardInstance object at 0x728e7c555710>, <mtggympy.gameengine.gameobjects.WastesInstance object at 0x728e7c555750>, <mtggympy.gameengine.gameobjects.WastesInstance object at 0x728e7c555810>, <mtggympy.gameengine.gameobjects.CardInstance object at 0x728e7c555890>, <mtggympy.gameengine.gameobjects.WastesInstance object at 0x728e7c5558d0>, <mtggympy.gameengine.gameobjects.WastesInstance object at 0x728e7c555990>, <mtggympy.gameengine.gameobjects.CardInstance object at 0x728e7c555a10>, <mtggympy.gameengine.gameobjects.WastesInstance object at 0x728e7c555a50>, <mtggympy.gameengine.gameobjects.WastesInstance object at 0x728e7c555b10>, <mtggympy.gameengine.gameobjects.CardInstance object at 0x728e7c555b90>, <mtggympy.gameengine.gameobjects.WastesInstance object at 0x728e7c555bd0>]
---------------------------------------------
2026-06-11 17:21:55,032 - session - DEBUG - SessionTick: Tim: Waiting for player to be ready before continuing
2026-06-11 17:21:55,033 - session - DEBUG - SessionTick: Running GameLoop
2026-06-11 17:21:55,034 - session - DEBUG - SessionTick: Opp-Goldfish: Prompting Player with state ---------------------------------------------
---------------- Environment ----------------
---------------------------------------------
Active Player Index: 1
---------------------------------------------
Completed Halfturns: 1
Upcoming Event: MAIN_PHASE_EMPTY_STACK
Active Player Index: 1
Game over: False
---------------------------------------------
Player 0:
Name: Tim
Current Life: 20
Cards in Hand:

Cards in Library: [<mtggympy.gameengine.gameobjects.WastesInstance object at 0x728e7c500150>, <mtggympy.gameengine.gameobjects.WastesInstance object at 0x728e7c500650>, <mtggympy.gameengine.gameobjects.CardInstance object at 0x728e7c5006d0>, <mtggympy.gameengine.gameobjects.WastesInstance object at 0x728e7c500750>, <mtggympy.gameengine.gameobjects.WastesInstance object at 0x728e7c500710>, <mtggympy.gameengine.gameobjects.CardInstance object at 0x728e7c54a290>, <mtggympy.gameengine.gameobjects.WastesInstance object at 0x728e7c54a310>, <mtggympy.gameengine.gameobjects.WastesInstance object at 0x728e7c54a450>, <mtggympy.gameengine.gameobjects.CardInstance object at 0x728e7c54a550>, <mtggympy.gameengine.gameobjects.WastesInstance object at 0x728e7c5007d0>, <mtggympy.gameengine.gameobjects.WastesInstance object at 0x728e7c54a690>, <mtggympy.gameengine.gameobjects.CardInstance object at 0x728e7c54a750>, <mtggympy.gameengine.gameobjects.WastesInstance object at 0x728e7c54a7d0>, <mtggympy.gameengine.gameobjects.WastesInstance object at 0x728e7c54a950>, <mtggympy.gameengine.gameobjects.CardInstance object at 0x728e7c54aa50>, <mtggympy.gameengine.gameobjects.WastesInstance object at 0x728e7c54aa90>, <mtggympy.gameengine.gameobjects.WastesInstance object at 0x728e7c54abd0>, <mtggympy.gameengine.gameobjects.CardInstance object at 0x728e7c54acd0>, <mtggympy.gameengine.gameobjects.WastesInstance object at 0x728e7c54ad10>, <mtggympy.gameengine.gameobjects.WastesInstance object at 0x728e7c54ae50>, <mtggympy.gameengine.gameobjects.CardInstance object at 0x728e7c54af50>, <mtggympy.gameengine.gameobjects.WastesInstance object at 0x728e7c54af90>, <mtggympy.gameengine.gameobjects.WastesInstance object at 0x728e7c54bd50>, <mtggympy.gameengine.gameobjects.CardInstance object at 0x728e7c54bdd0>, <mtggympy.gameengine.gameobjects.WastesInstance object at 0x728e7c54be10>, <mtggympy.gameengine.gameobjects.WastesInstance object at 0x728e7c54bed0>, <mtggympy.gameengine.gameobjects.CardInstance object at 0x728e7c54bf50>, <mtggympy.gameengine.gameobjects.WastesInstance object at 0x728e7c54bf90>, <mtggympy.gameengine.gameobjects.WastesInstance object at 0x728e7c554090>, <mtggympy.gameengine.gameobjects.CardInstance object at 0x728e7c554110>, <mtggympy.gameengine.gameobjects.WastesInstance object at 0x728e7c554150>, <mtggympy.gameengine.gameobjects.WastesInstance object at 0x728e7c554210>, <mtggympy.gameengine.gameobjects.CardInstance object at 0x728e7c554290>, <mtggympy.gameengine.gameobjects.WastesInstance object at 0x728e7c5542d0>, <mtggympy.gameengine.gameobjects.WastesInstance object at 0x728e7c554390>, <mtggympy.gameengine.gameobjects.CardInstance object at 0x728e7c554410>, <mtggympy.gameengine.gameobjects.WastesInstance object at 0x728e7c554450>, <mtggympy.gameengine.gameobjects.WastesInstance object at 0x728e7c554510>, <mtggympy.gameengine.gameobjects.CardInstance object at 0x728e7c554590>, <mtggympy.gameengine.gameobjects.WastesInstance object at 0x728e7c5545d0>]
---------------------------------------------
Player 1:
Name: Opp-Goldfish
Current Life: 20
Cards in Hand:
[8eee0ee8-95ec-4b18-a510-a4c22e45e9d1] alpha-myr | [3b764281-9195-4a42-913f-9c05d9908c4c] wastes | [0c01aeb0-7240-4534-8f05-1a699e1e14bf] wastes | [7751fcd8-fef0-45da-9a30-83e1e5730280] wastes
Cards in Library: [<mtggympy.gameengine.gameobjects.WastesInstance object at 0x728e7c554910>, <mtggympy.gameengine.gameobjects.CardInstance object at 0x728e7c554990>, <mtggympy.gameengine.gameobjects.WastesInstance object at 0x728e7c5549d0>, <mtggympy.gameengine.gameobjects.WastesInstance object at 0x728e7c554a90>, <mtggympy.gameengine.gameobjects.CardInstance object at 0x728e7c554b50>, <mtggympy.gameengine.gameobjects.WastesInstance object at 0x728e7c554b90>, <mtggympy.gameengine.gameobjects.WastesInstance object at 0x728e7c554c50>, <mtggympy.gameengine.gameobjects.CardInstance object at 0x728e7c554cd0>, <mtggympy.gameengine.gameobjects.WastesInstance object at 0x728e7c554b10>, <mtggympy.gameengine.gameobjects.WastesInstance object at 0x728e7c554d90>, <mtggympy.gameengine.gameobjects.CardInstance object at 0x728e7c554e10>, <mtggympy.gameengine.gameobjects.WastesInstance object at 0x728e7c554e50>, <mtggympy.gameengine.gameobjects.WastesInstance object at 0x728e7c554f10>, <mtggympy.gameengine.gameobjects.CardInstance object at 0x728e7c554f90>, <mtggympy.gameengine.gameobjects.WastesInstance object at 0x728e7c554fd0>, <mtggympy.gameengine.gameobjects.WastesInstance object at 0x728e7c555090>, <mtggympy.gameengine.gameobjects.CardInstance object at 0x728e7c555110>, <mtggympy.gameengine.gameobjects.WastesInstance object at 0x728e7c555150>, <mtggympy.gameengine.gameobjects.WastesInstance object at 0x728e7c555210>, <mtggympy.gameengine.gameobjects.CardInstance object at 0x728e7c555290>, <mtggympy.gameengine.gameobjects.WastesInstance object at 0x728e7c5552d0>, <mtggympy.gameengine.gameobjects.WastesInstance object at 0x728e7c555390>, <mtggympy.gameengine.gameobjects.CardInstance object at 0x728e7c555410>, <mtggympy.gameengine.gameobjects.WastesInstance object at 0x728e7c555450>, <mtggympy.gameengine.gameobjects.WastesInstance object at 0x728e7c555510>, <mtggympy.gameengine.gameobjects.CardInstance object at 0x728e7c555590>, <mtggympy.gameengine.gameobjects.WastesInstance object at 0x728e7c5555d0>, <mtggympy.gameengine.gameobjects.WastesInstance object at 0x728e7c555690>, <mtggympy.gameengine.gameobjects.CardInstance object at 0x728e7c555710>, <mtggympy.gameengine.gameobjects.WastesInstance object at 0x728e7c555750>, <mtggympy.gameengine.gameobjects.WastesInstance object at 0x728e7c555810>, <mtggympy.gameengine.gameobjects.CardInstance object at 0x728e7c555890>, <mtggympy.gameengine.gameobjects.WastesInstance object at 0x728e7c5558d0>, <mtggympy.gameengine.gameobjects.WastesInstance object at 0x728e7c555990>, <mtggympy.gameengine.gameobjects.CardInstance object at 0x728e7c555a10>, <mtggympy.gameengine.gameobjects.WastesInstance object at 0x728e7c555a50>, <mtggympy.gameengine.gameobjects.WastesInstance object at 0x728e7c555b10>, <mtggympy.gameengine.gameobjects.CardInstance object at 0x728e7c555b90>, <mtggympy.gameengine.gameobjects.WastesInstance object at 0x728e7c555bd0>]
---------------------------------------------
2026-06-11 17:21:55,034 - session - DEBUG - SessionTick: Opp-Goldfish: Waiting for Player Input
2026-06-11 17:21:55,041 - session - DEBUG - SessionTick: Opp-Goldfish: Anwsered player with new state ---------------------------------------------
---------------- Environment ----------------
---------------------------------------------
Active Player Index: 1
---------------------------------------------
Completed Halfturns: 1
Upcoming Event: DECLARE_ATTACKS
Active Player Index: 1
Game over: False
---------------------------------------------
Player 0:
Name: Tim
Current Life: 20
Cards in Hand:

Cards in Library: [<mtggympy.gameengine.gameobjects.WastesInstance object at 0x728e7c500150>, <mtggympy.gameengine.gameobjects.WastesInstance object at 0x728e7c500650>, <mtggympy.gameengine.gameobjects.CardInstance object at 0x728e7c5006d0>, <mtggympy.gameengine.gameobjects.WastesInstance object at 0x728e7c500750>, <mtggympy.gameengine.gameobjects.WastesInstance object at 0x728e7c500710>, <mtggympy.gameengine.gameobjects.CardInstance object at 0x728e7c54a290>, <mtggympy.gameengine.gameobjects.WastesInstance object at 0x728e7c54a310>, <mtggympy.gameengine.gameobjects.WastesInstance object at 0x728e7c54a450>, <mtggympy.gameengine.gameobjects.CardInstance object at 0x728e7c54a550>, <mtggympy.gameengine.gameobjects.WastesInstance object at 0x728e7c5007d0>, <mtggympy.gameengine.gameobjects.WastesInstance object at 0x728e7c54a690>, <mtggympy.gameengine.gameobjects.CardInstance object at 0x728e7c54a750>, <mtggympy.gameengine.gameobjects.WastesInstance object at 0x728e7c54a7d0>, <mtggympy.gameengine.gameobjects.WastesInstance object at 0x728e7c54a950>, <mtggympy.gameengine.gameobjects.CardInstance object at 0x728e7c54aa50>, <mtggympy.gameengine.gameobjects.WastesInstance object at 0x728e7c54aa90>, <mtggympy.gameengine.gameobjects.WastesInstance object at 0x728e7c54abd0>, <mtggympy.gameengine.gameobjects.CardInstance object at 0x728e7c54acd0>, <mtggympy.gameengine.gameobjects.WastesInstance object at 0x728e7c54ad10>, <mtggympy.gameengine.gameobjects.WastesInstance object at 0x728e7c54ae50>, <mtggympy.gameengine.gameobjects.CardInstance object at 0x728e7c54af50>, <mtggympy.gameengine.gameobjects.WastesInstance object at 0x728e7c54af90>, <mtggympy.gameengine.gameobjects.WastesInstance object at 0x728e7c54bd50>, <mtggympy.gameengine.gameobjects.CardInstance object at 0x728e7c54bdd0>, <mtggympy.gameengine.gameobjects.WastesInstance object at 0x728e7c54be10>, <mtggympy.gameengine.gameobjects.WastesInstance object at 0x728e7c54bed0>, <mtggympy.gameengine.gameobjects.CardInstance object at 0x728e7c54bf50>, <mtggympy.gameengine.gameobjects.WastesInstance object at 0x728e7c54bf90>, <mtggympy.gameengine.gameobjects.WastesInstance object at 0x728e7c554090>, <mtggympy.gameengine.gameobjects.CardInstance object at 0x728e7c554110>, <mtggympy.gameengine.gameobjects.WastesInstance object at 0x728e7c554150>, <mtggympy.gameengine.gameobjects.WastesInstance object at 0x728e7c554210>, <mtggympy.gameengine.gameobjects.CardInstance object at 0x728e7c554290>, <mtggympy.gameengine.gameobjects.WastesInstance object at 0x728e7c5542d0>, <mtggympy.gameengine.gameobjects.WastesInstance object at 0x728e7c554390>, <mtggympy.gameengine.gameobjects.CardInstance object at 0x728e7c554410>, <mtggympy.gameengine.gameobjects.WastesInstance object at 0x728e7c554450>, <mtggympy.gameengine.gameobjects.WastesInstance object at 0x728e7c554510>, <mtggympy.gameengine.gameobjects.CardInstance object at 0x728e7c554590>, <mtggympy.gameengine.gameobjects.WastesInstance object at 0x728e7c5545d0>]
---------------------------------------------
Player 1:
Name: Opp-Goldfish
Current Life: 20
Cards in Hand:
[8eee0ee8-95ec-4b18-a510-a4c22e45e9d1] alpha-myr | [3b764281-9195-4a42-913f-9c05d9908c4c] wastes | [0c01aeb0-7240-4534-8f05-1a699e1e14bf] wastes | [7751fcd8-fef0-45da-9a30-83e1e5730280] wastes
Cards in Library: [<mtggympy.gameengine.gameobjects.WastesInstance object at 0x728e7c554910>, <mtggympy.gameengine.gameobjects.CardInstance object at 0x728e7c554990>, <mtggympy.gameengine.gameobjects.WastesInstance object at 0x728e7c5549d0>, <mtggympy.gameengine.gameobjects.WastesInstance object at 0x728e7c554a90>, <mtggympy.gameengine.gameobjects.CardInstance object at 0x728e7c554b50>, <mtggympy.gameengine.gameobjects.WastesInstance object at 0x728e7c554b90>, <mtggympy.gameengine.gameobjects.WastesInstance object at 0x728e7c554c50>, <mtggympy.gameengine.gameobjects.CardInstance object at 0x728e7c554cd0>, <mtggympy.gameengine.gameobjects.WastesInstance object at 0x728e7c554b10>, <mtggympy.gameengine.gameobjects.WastesInstance object at 0x728e7c554d90>, <mtggympy.gameengine.gameobjects.CardInstance object at 0x728e7c554e10>, <mtggympy.gameengine.gameobjects.WastesInstance object at 0x728e7c554e50>, <mtggympy.gameengine.gameobjects.WastesInstance object at 0x728e7c554f10>, <mtggympy.gameengine.gameobjects.CardInstance object at 0x728e7c554f90>, <mtggympy.gameengine.gameobjects.WastesInstance object at 0x728e7c554fd0>, <mtggympy.gameengine.gameobjects.WastesInstance object at 0x728e7c555090>, <mtggympy.gameengine.gameobjects.CardInstance object at 0x728e7c555110>, <mtggympy.gameengine.gameobjects.WastesInstance object at 0x728e7c555150>, <mtggympy.gameengine.gameobjects.WastesInstance object at 0x728e7c555210>, <mtggympy.gameengine.gameobjects.CardInstance object at 0x728e7c555290>, <mtggympy.gameengine.gameobjects.WastesInstance object at 0x728e7c5552d0>, <mtggympy.gameengine.gameobjects.WastesInstance object at 0x728e7c555390>, <mtggympy.gameengine.gameobjects.CardInstance object at 0x728e7c555410>, <mtggympy.gameengine.gameobjects.WastesInstance object at 0x728e7c555450>, <mtggympy.gameengine.gameobjects.WastesInstance object at 0x728e7c555510>, <mtggympy.gameengine.gameobjects.CardInstance object at 0x728e7c555590>, <mtggympy.gameengine.gameobjects.WastesInstance object at 0x728e7c5555d0>, <mtggympy.gameengine.gameobjects.WastesInstance object at 0x728e7c555690>, <mtggympy.gameengine.gameobjects.CardInstance object at 0x728e7c555710>, <mtggympy.gameengine.gameobjects.WastesInstance object at 0x728e7c555750>, <mtggympy.gameengine.gameobjects.WastesInstance object at 0x728e7c555810>, <mtggympy.gameengine.gameobjects.CardInstance object at 0x728e7c555890>, <mtggympy.gameengine.gameobjects.WastesInstance object at 0x728e7c5558d0>, <mtggympy.gameengine.gameobjects.WastesInstance object at 0x728e7c555990>, <mtggympy.gameengine.gameobjects.CardInstance object at 0x728e7c555a10>, <mtggympy.gameengine.gameobjects.WastesInstance object at 0x728e7c555a50>, <mtggympy.gameengine.gameobjects.WastesInstance object at 0x728e7c555b10>, <mtggympy.gameengine.gameobjects.CardInstance object at 0x728e7c555b90>, <mtggympy.gameengine.gameobjects.WastesInstance object at 0x728e7c555bd0>]
---------------------------------------------
2026-06-11 17:21:55,041 - session - DEBUG - SessionTick: Opp-Goldfish: Waiting for player to be ready before continuing
2026-06-11 17:21:55,041 - session - DEBUG - SessionTick: Running GameLoop
2026-06-11 17:21:55,041 - session - DEBUG - SessionTick: Opp-Goldfish: Prompting Player with state ---------------------------------------------
---------------- Environment ----------------
---------------------------------------------
Active Player Index: 1
---------------------------------------------
Completed Halfturns: 1
Upcoming Event: DECLARE_ATTACKS
Active Player Index: 1
Game over: False
---------------------------------------------
Player 0:
Name: Tim
Current Life: 20
Cards in Hand:

Cards in Library: [<mtggympy.gameengine.gameobjects.WastesInstance object at 0x728e7c500150>, <mtggympy.gameengine.gameobjects.WastesInstance object at 0x728e7c500650>, <mtggympy.gameengine.gameobjects.CardInstance object at 0x728e7c5006d0>, <mtggympy.gameengine.gameobjects.WastesInstance object at 0x728e7c500750>, <mtggympy.gameengine.gameobjects.WastesInstance object at 0x728e7c500710>, <mtggympy.gameengine.gameobjects.CardInstance object at 0x728e7c54a290>, <mtggympy.gameengine.gameobjects.WastesInstance object at 0x728e7c54a310>, <mtggympy.gameengine.gameobjects.WastesInstance object at 0x728e7c54a450>, <mtggympy.gameengine.gameobjects.CardInstance object at 0x728e7c54a550>, <mtggympy.gameengine.gameobjects.WastesInstance object at 0x728e7c5007d0>, <mtggympy.gameengine.gameobjects.WastesInstance object at 0x728e7c54a690>, <mtggympy.gameengine.gameobjects.CardInstance object at 0x728e7c54a750>, <mtggympy.gameengine.gameobjects.WastesInstance object at 0x728e7c54a7d0>, <mtggympy.gameengine.gameobjects.WastesInstance object at 0x728e7c54a950>, <mtggympy.gameengine.gameobjects.CardInstance object at 0x728e7c54aa50>, <mtggympy.gameengine.gameobjects.WastesInstance object at 0x728e7c54aa90>, <mtggympy.gameengine.gameobjects.WastesInstance object at 0x728e7c54abd0>, <mtggympy.gameengine.gameobjects.CardInstance object at 0x728e7c54acd0>, <mtggympy.gameengine.gameobjects.WastesInstance object at 0x728e7c54ad10>, <mtggympy.gameengine.gameobjects.WastesInstance object at 0x728e7c54ae50>, <mtggympy.gameengine.gameobjects.CardInstance object at 0x728e7c54af50>, <mtggympy.gameengine.gameobjects.WastesInstance object at 0x728e7c54af90>, <mtggympy.gameengine.gameobjects.WastesInstance object at 0x728e7c54bd50>, <mtggympy.gameengine.gameobjects.CardInstance object at 0x728e7c54bdd0>, <mtggympy.gameengine.gameobjects.WastesInstance object at 0x728e7c54be10>, <mtggympy.gameengine.gameobjects.WastesInstance object at 0x728e7c54bed0>, <mtggympy.gameengine.gameobjects.CardInstance object at 0x728e7c54bf50>, <mtggympy.gameengine.gameobjects.WastesInstance object at 0x728e7c54bf90>, <mtggympy.gameengine.gameobjects.WastesInstance object at 0x728e7c554090>, <mtggympy.gameengine.gameobjects.CardInstance object at 0x728e7c554110>, <mtggympy.gameengine.gameobjects.WastesInstance object at 0x728e7c554150>, <mtggympy.gameengine.gameobjects.WastesInstance object at 0x728e7c554210>, <mtggympy.gameengine.gameobjects.CardInstance object at 0x728e7c554290>, <mtggympy.gameengine.gameobjects.WastesInstance object at 0x728e7c5542d0>, <mtggympy.gameengine.gameobjects.WastesInstance object at 0x728e7c554390>, <mtggympy.gameengine.gameobjects.CardInstance object at 0x728e7c554410>, <mtggympy.gameengine.gameobjects.WastesInstance object at 0x728e7c554450>, <mtggympy.gameengine.gameobjects.WastesInstance object at 0x728e7c554510>, <mtggympy.gameengine.gameobjects.CardInstance object at 0x728e7c554590>, <mtggympy.gameengine.gameobjects.WastesInstance object at 0x728e7c5545d0>]
---------------------------------------------
Player 1:
Name: Opp-Goldfish
Current Life: 20
Cards in Hand:
[8eee0ee8-95ec-4b18-a510-a4c22e45e9d1] alpha-myr | [3b764281-9195-4a42-913f-9c05d9908c4c] wastes | [0c01aeb0-7240-4534-8f05-1a699e1e14bf] wastes | [7751fcd8-fef0-45da-9a30-83e1e5730280] wastes
Cards in Library: [<mtggympy.gameengine.gameobjects.WastesInstance object at 0x728e7c554910>, <mtggympy.gameengine.gameobjects.CardInstance object at 0x728e7c554990>, <mtggympy.gameengine.gameobjects.WastesInstance object at 0x728e7c5549d0>, <mtggympy.gameengine.gameobjects.WastesInstance object at 0x728e7c554a90>, <mtggympy.gameengine.gameobjects.CardInstance object at 0x728e7c554b50>, <mtggympy.gameengine.gameobjects.WastesInstance object at 0x728e7c554b90>, <mtggympy.gameengine.gameobjects.WastesInstance object at 0x728e7c554c50>, <mtggympy.gameengine.gameobjects.CardInstance object at 0x728e7c554cd0>, <mtggympy.gameengine.gameobjects.WastesInstance object at 0x728e7c554b10>, <mtggympy.gameengine.gameobjects.WastesInstance object at 0x728e7c554d90>, <mtggympy.gameengine.gameobjects.CardInstance object at 0x728e7c554e10>, <mtggympy.gameengine.gameobjects.WastesInstance object at 0x728e7c554e50>, <mtggympy.gameengine.gameobjects.WastesInstance object at 0x728e7c554f10>, <mtggympy.gameengine.gameobjects.CardInstance object at 0x728e7c554f90>, <mtggympy.gameengine.gameobjects.WastesInstance object at 0x728e7c554fd0>, <mtggympy.gameengine.gameobjects.WastesInstance object at 0x728e7c555090>, <mtggympy.gameengine.gameobjects.CardInstance object at 0x728e7c555110>, <mtggympy.gameengine.gameobjects.WastesInstance object at 0x728e7c555150>, <mtggympy.gameengine.gameobjects.WastesInstance object at 0x728e7c555210>, <mtggympy.gameengine.gameobjects.CardInstance object at 0x728e7c555290>, <mtggympy.gameengine.gameobjects.WastesInstance object at 0x728e7c5552d0>, <mtggympy.gameengine.gameobjects.WastesInstance object at 0x728e7c555390>, <mtggympy.gameengine.gameobjects.CardInstance object at 0x728e7c555410>, <mtggympy.gameengine.gameobjects.WastesInstance object at 0x728e7c555450>, <mtggympy.gameengine.gameobjects.WastesInstance object at 0x728e7c555510>, <mtggympy.gameengine.gameobjects.CardInstance object at 0x728e7c555590>, <mtggympy.gameengine.gameobjects.WastesInstance object at 0x728e7c5555d0>, <mtggympy.gameengine.gameobjects.WastesInstance object at 0x728e7c555690>, <mtggympy.gameengine.gameobjects.CardInstance object at 0x728e7c555710>, <mtggympy.gameengine.gameobjects.WastesInstance object at 0x728e7c555750>, <mtggympy.gameengine.gameobjects.WastesInstance object at 0x728e7c555810>, <mtggympy.gameengine.gameobjects.CardInstance object at 0x728e7c555890>, <mtggympy.gameengine.gameobjects.WastesInstance object at 0x728e7c5558d0>, <mtggympy.gameengine.gameobjects.WastesInstance object at 0x728e7c555990>, <mtggympy.gameengine.gameobjects.CardInstance object at 0x728e7c555a10>, <mtggympy.gameengine.gameobjects.WastesInstance object at 0x728e7c555a50>, <mtggympy.gameengine.gameobjects.WastesInstance object at 0x728e7c555b10>, <mtggympy.gameengine.gameobjects.CardInstance object at 0x728e7c555b90>, <mtggympy.gameengine.gameobjects.WastesInstance object at 0x728e7c555bd0>]
---------------------------------------------
2026-06-11 17:21:55,042 - session - DEBUG - SessionTick: Opp-Goldfish: Waiting for Player Input
2026-06-11 17:21:55,046 - session - DEBUG - SessionTick: Opp-Goldfish: Anwsered player with new state ---------------------------------------------
---------------- Environment ----------------
---------------------------------------------
Active Player Index: 0
---------------------------------------------
Completed Halfturns: 2
Upcoming Event: MAIN_PHASE_EMPTY_STACK
Active Player Index: 0
Game over: False
---------------------------------------------
Player 0:
Name: Tim
Current Life: 20
Cards in Hand:
[1413fa42-0312-4300-9f75-56052c3f162a] wastes
Cards in Library: [<mtggympy.gameengine.gameobjects.WastesInstance object at 0x728e7c500650>, <mtggympy.gameengine.gameobjects.CardInstance object at 0x728e7c5006d0>, <mtggympy.gameengine.gameobjects.WastesInstance object at 0x728e7c500750>, <mtggympy.gameengine.gameobjects.WastesInstance object at 0x728e7c500710>, <mtggympy.gameengine.gameobjects.CardInstance object at 0x728e7c54a290>, <mtggympy.gameengine.gameobjects.WastesInstance object at 0x728e7c54a310>, <mtggympy.gameengine.gameobjects.WastesInstance object at 0x728e7c54a450>, <mtggympy.gameengine.gameobjects.CardInstance object at 0x728e7c54a550>, <mtggympy.gameengine.gameobjects.WastesInstance object at 0x728e7c5007d0>, <mtggympy.gameengine.gameobjects.WastesInstance object at 0x728e7c54a690>, <mtggympy.gameengine.gameobjects.CardInstance object at 0x728e7c54a750>, <mtggympy.gameengine.gameobjects.WastesInstance object at 0x728e7c54a7d0>, <mtggympy.gameengine.gameobjects.WastesInstance object at 0x728e7c54a950>, <mtggympy.gameengine.gameobjects.CardInstance object at 0x728e7c54aa50>, <mtggympy.gameengine.gameobjects.WastesInstance object at 0x728e7c54aa90>, <mtggympy.gameengine.gameobjects.WastesInstance object at 0x728e7c54abd0>, <mtggympy.gameengine.gameobjects.CardInstance object at 0x728e7c54acd0>, <mtggympy.gameengine.gameobjects.WastesInstance object at 0x728e7c54ad10>, <mtggympy.gameengine.gameobjects.WastesInstance object at 0x728e7c54ae50>, <mtggympy.gameengine.gameobjects.CardInstance object at 0x728e7c54af50>, <mtggympy.gameengine.gameobjects.WastesInstance object at 0x728e7c54af90>, <mtggympy.gameengine.gameobjects.WastesInstance object at 0x728e7c54bd50>, <mtggympy.gameengine.gameobjects.CardInstance object at 0x728e7c54bdd0>, <mtggympy.gameengine.gameobjects.WastesInstance object at 0x728e7c54be10>, <mtggympy.gameengine.gameobjects.WastesInstance object at 0x728e7c54bed0>, <mtggympy.gameengine.gameobjects.CardInstance object at 0x728e7c54bf50>, <mtggympy.gameengine.gameobjects.WastesInstance object at 0x728e7c54bf90>, <mtggympy.gameengine.gameobjects.WastesInstance object at 0x728e7c554090>, <mtggympy.gameengine.gameobjects.CardInstance object at 0x728e7c554110>, <mtggympy.gameengine.gameobjects.WastesInstance object at 0x728e7c554150>, <mtggympy.gameengine.gameobjects.WastesInstance object at 0x728e7c554210>, <mtggympy.gameengine.gameobjects.CardInstance object at 0x728e7c554290>, <mtggympy.gameengine.gameobjects.WastesInstance object at 0x728e7c5542d0>, <mtggympy.gameengine.gameobjects.WastesInstance object at 0x728e7c554390>, <mtggympy.gameengine.gameobjects.CardInstance object at 0x728e7c554410>, <mtggympy.gameengine.gameobjects.WastesInstance object at 0x728e7c554450>, <mtggympy.gameengine.gameobjects.WastesInstance object at 0x728e7c554510>, <mtggympy.gameengine.gameobjects.CardInstance object at 0x728e7c554590>, <mtggympy.gameengine.gameobjects.WastesInstance object at 0x728e7c5545d0>]
---------------------------------------------
Player 1:
Name: Opp-Goldfish
Current Life: 20
Cards in Hand:
[8eee0ee8-95ec-4b18-a510-a4c22e45e9d1] alpha-myr | [3b764281-9195-4a42-913f-9c05d9908c4c] wastes | [0c01aeb0-7240-4534-8f05-1a699e1e14bf] wastes | [7751fcd8-fef0-45da-9a30-83e1e5730280] wastes
Cards in Library: [<mtggympy.gameengine.gameobjects.WastesInstance object at 0x728e7c554910>, <mtggympy.gameengine.gameobjects.CardInstance object at 0x728e7c554990>, <mtggympy.gameengine.gameobjects.WastesInstance object at 0x728e7c5549d0>, <mtggympy.gameengine.gameobjects.WastesInstance object at 0x728e7c554a90>, <mtggympy.gameengine.gameobjects.CardInstance object at 0x728e7c554b50>, <mtggympy.gameengine.gameobjects.WastesInstance object at 0x728e7c554b90>, <mtggympy.gameengine.gameobjects.WastesInstance object at 0x728e7c554c50>, <mtggympy.gameengine.gameobjects.CardInstance object at 0x728e7c554cd0>, <mtggympy.gameengine.gameobjects.WastesInstance object at 0x728e7c554b10>, <mtggympy.gameengine.gameobjects.WastesInstance object at 0x728e7c554d90>, <mtggympy.gameengine.gameobjects.CardInstance object at 0x728e7c554e10>, <mtggympy.gameengine.gameobjects.WastesInstance object at 0x728e7c554e50>, <mtggympy.gameengine.gameobjects.WastesInstance object at 0x728e7c554f10>, <mtggympy.gameengine.gameobjects.CardInstance object at 0x728e7c554f90>, <mtggympy.gameengine.gameobjects.WastesInstance object at 0x728e7c554fd0>, <mtggympy.gameengine.gameobjects.WastesInstance object at 0x728e7c555090>, <mtggympy.gameengine.gameobjects.CardInstance object at 0x728e7c555110>, <mtggympy.gameengine.gameobjects.WastesInstance object at 0x728e7c555150>, <mtggympy.gameengine.gameobjects.WastesInstance object at 0x728e7c555210>, <mtggympy.gameengine.gameobjects.CardInstance object at 0x728e7c555290>, <mtggympy.gameengine.gameobjects.WastesInstance object at 0x728e7c5552d0>, <mtggympy.gameengine.gameobjects.WastesInstance object at 0x728e7c555390>, <mtggympy.gameengine.gameobjects.CardInstance object at 0x728e7c555410>, <mtggympy.gameengine.gameobjects.WastesInstance object at 0x728e7c555450>, <mtggympy.gameengine.gameobjects.WastesInstance object at 0x728e7c555510>, <mtggympy.gameengine.gameobjects.CardInstance object at 0x728e7c555590>, <mtggympy.gameengine.gameobjects.WastesInstance object at 0x728e7c5555d0>, <mtggympy.gameengine.gameobjects.WastesInstance object at 0x728e7c555690>, <mtggympy.gameengine.gameobjects.CardInstance object at 0x728e7c555710>, <mtggympy.gameengine.gameobjects.WastesInstance object at 0x728e7c555750>, <mtggympy.gameengine.gameobjects.WastesInstance object at 0x728e7c555810>, <mtggympy.gameengine.gameobjects.CardInstance object at 0x728e7c555890>, <mtggympy.gameengine.gameobjects.WastesInstance object at 0x728e7c5558d0>, <mtggympy.gameengine.gameobjects.WastesInstance object at 0x728e7c555990>, <mtggympy.gameengine.gameobjects.CardInstance object at 0x728e7c555a10>, <mtggympy.gameengine.gameobjects.WastesInstance object at 0x728e7c555a50>, <mtggympy.gameengine.gameobjects.WastesInstance object at 0x728e7c555b10>, <mtggympy.gameengine.gameobjects.CardInstance object at 0x728e7c555b90>, <mtggympy.gameengine.gameobjects.WastesInstance object at 0x728e7c555bd0>]
---------------------------------------------
2026-06-11 17:21:55,047 - session - DEBUG - SessionTick: Opp-Goldfish: Waiting for player to be ready before continuing
2026-06-11 17:21:55,047 - session - DEBUG - SessionTick: Running GameLoop
2026-06-11 17:21:55,047 - session - DEBUG - SessionTick: Tim: Prompting Player with state ---------------------------------------------
---------------- Environment ----------------
---------------------------------------------
Active Player Index: 0
---------------------------------------------
Completed Halfturns: 2
Upcoming Event: MAIN_PHASE_EMPTY_STACK
Active Player Index: 0
Game over: False
---------------------------------------------
Player 0:
Name: Tim
Current Life: 20
Cards in Hand:
[1413fa42-0312-4300-9f75-56052c3f162a] wastes
Cards in Library: [<mtggympy.gameengine.gameobjects.WastesInstance object at 0x728e7c500650>, <mtggympy.gameengine.gameobjects.CardInstance object at 0x728e7c5006d0>, <mtggympy.gameengine.gameobjects.WastesInstance object at 0x728e7c500750>, <mtggympy.gameengine.gameobjects.WastesInstance object at 0x728e7c500710>, <mtggympy.gameengine.gameobjects.CardInstance object at 0x728e7c54a290>, <mtggympy.gameengine.gameobjects.WastesInstance object at 0x728e7c54a310>, <mtggympy.gameengine.gameobjects.WastesInstance object at 0x728e7c54a450>, <mtggympy.gameengine.gameobjects.CardInstance object at 0x728e7c54a550>, <mtggympy.gameengine.gameobjects.WastesInstance object at 0x728e7c5007d0>, <mtggympy.gameengine.gameobjects.WastesInstance object at 0x728e7c54a690>, <mtggympy.gameengine.gameobjects.CardInstance object at 0x728e7c54a750>, <mtggympy.gameengine.gameobjects.WastesInstance object at 0x728e7c54a7d0>, <mtggympy.gameengine.gameobjects.WastesInstance object at 0x728e7c54a950>, <mtggympy.gameengine.gameobjects.CardInstance object at 0x728e7c54aa50>, <mtggympy.gameengine.gameobjects.WastesInstance object at 0x728e7c54aa90>, <mtggympy.gameengine.gameobjects.WastesInstance object at 0x728e7c54abd0>, <mtggympy.gameengine.gameobjects.CardInstance object at 0x728e7c54acd0>, <mtggympy.gameengine.gameobjects.WastesInstance object at 0x728e7c54ad10>, <mtggympy.gameengine.gameobjects.WastesInstance object at 0x728e7c54ae50>, <mtggympy.gameengine.gameobjects.CardInstance object at 0x728e7c54af50>, <mtggympy.gameengine.gameobjects.WastesInstance object at 0x728e7c54af90>, <mtggympy.gameengine.gameobjects.WastesInstance object at 0x728e7c54bd50>, <mtggympy.gameengine.gameobjects.CardInstance object at 0x728e7c54bdd0>, <mtggympy.gameengine.gameobjects.WastesInstance object at 0x728e7c54be10>, <mtggympy.gameengine.gameobjects.WastesInstance object at 0x728e7c54bed0>, <mtggympy.gameengine.gameobjects.CardInstance object at 0x728e7c54bf50>, <mtggympy.gameengine.gameobjects.WastesInstance object at 0x728e7c54bf90>, <mtggympy.gameengine.gameobjects.WastesInstance object at 0x728e7c554090>, <mtggympy.gameengine.gameobjects.CardInstance object at 0x728e7c554110>, <mtggympy.gameengine.gameobjects.WastesInstance object at 0x728e7c554150>, <mtggympy.gameengine.gameobjects.WastesInstance object at 0x728e7c554210>, <mtggympy.gameengine.gameobjects.CardInstance object at 0x728e7c554290>, <mtggympy.gameengine.gameobjects.WastesInstance object at 0x728e7c5542d0>, <mtggympy.gameengine.gameobjects.WastesInstance object at 0x728e7c554390>, <mtggympy.gameengine.gameobjects.CardInstance object at 0x728e7c554410>, <mtggympy.gameengine.gameobjects.WastesInstance object at 0x728e7c554450>, <mtggympy.gameengine.gameobjects.WastesInstance object at 0x728e7c554510>, <mtggympy.gameengine.gameobjects.CardInstance object at 0x728e7c554590>, <mtggympy.gameengine.gameobjects.WastesInstance object at 0x728e7c5545d0>]
---------------------------------------------
Player 1:
Name: Opp-Goldfish
Current Life: 20
Cards in Hand:
[8eee0ee8-95ec-4b18-a510-a4c22e45e9d1] alpha-myr | [3b764281-9195-4a42-913f-9c05d9908c4c] wastes | [0c01aeb0-7240-4534-8f05-1a699e1e14bf] wastes | [7751fcd8-fef0-45da-9a30-83e1e5730280] wastes
Cards in Library: [<mtggympy.gameengine.gameobjects.WastesInstance object at 0x728e7c554910>, <mtggympy.gameengine.gameobjects.CardInstance object at 0x728e7c554990>, <mtggympy.gameengine.gameobjects.WastesInstance object at 0x728e7c5549d0>, <mtggympy.gameengine.gameobjects.WastesInstance object at 0x728e7c554a90>, <mtggympy.gameengine.gameobjects.CardInstance object at 0x728e7c554b50>, <mtggympy.gameengine.gameobjects.WastesInstance object at 0x728e7c554b90>, <mtggympy.gameengine.gameobjects.WastesInstance object at 0x728e7c554c50>, <mtggympy.gameengine.gameobjects.CardInstance object at 0x728e7c554cd0>, <mtggympy.gameengine.gameobjects.WastesInstance object at 0x728e7c554b10>, <mtggympy.gameengine.gameobjects.WastesInstance object at 0x728e7c554d90>, <mtggympy.gameengine.gameobjects.CardInstance object at 0x728e7c554e10>, <mtggympy.gameengine.gameobjects.WastesInstance object at 0x728e7c554e50>, <mtggympy.gameengine.gameobjects.WastesInstance object at 0x728e7c554f10>, <mtggympy.gameengine.gameobjects.CardInstance object at 0x728e7c554f90>, <mtggympy.gameengine.gameobjects.WastesInstance object at 0x728e7c554fd0>, <mtggympy.gameengine.gameobjects.WastesInstance object at 0x728e7c555090>, <mtggympy.gameengine.gameobjects.CardInstance object at 0x728e7c555110>, <mtggympy.gameengine.gameobjects.WastesInstance object at 0x728e7c555150>, <mtggympy.gameengine.gameobjects.WastesInstance object at 0x728e7c555210>, <mtggympy.gameengine.gameobjects.CardInstance object at 0x728e7c555290>, <mtggympy.gameengine.gameobjects.WastesInstance object at 0x728e7c5552d0>, <mtggympy.gameengine.gameobjects.WastesInstance object at 0x728e7c555390>, <mtggympy.gameengine.gameobjects.CardInstance object at 0x728e7c555410>, <mtggympy.gameengine.gameobjects.WastesInstance object at 0x728e7c555450>, <mtggympy.gameengine.gameobjects.WastesInstance object at 0x728e7c555510>, <mtggympy.gameengine.gameobjects.CardInstance object at 0x728e7c555590>, <mtggympy.gameengine.gameobjects.WastesInstance object at 0x728e7c5555d0>, <mtggympy.gameengine.gameobjects.WastesInstance object at 0x728e7c555690>, <mtggympy.gameengine.gameobjects.CardInstance object at 0x728e7c555710>, <mtggympy.gameengine.gameobjects.WastesInstance object at 0x728e7c555750>, <mtggympy.gameengine.gameobjects.WastesInstance object at 0x728e7c555810>, <mtggympy.gameengine.gameobjects.CardInstance object at 0x728e7c555890>, <mtggympy.gameengine.gameobjects.WastesInstance object at 0x728e7c5558d0>, <mtggympy.gameengine.gameobjects.WastesInstance object at 0x728e7c555990>, <mtggympy.gameengine.gameobjects.CardInstance object at 0x728e7c555a10>, <mtggympy.gameengine.gameobjects.WastesInstance object at 0x728e7c555a50>, <mtggympy.gameengine.gameobjects.WastesInstance object at 0x728e7c555b10>, <mtggympy.gameengine.gameobjects.CardInstance object at 0x728e7c555b90>, <mtggympy.gameengine.gameobjects.WastesInstance object at 0x728e7c555bd0>]
---------------------------------------------
2026-06-11 17:21:55,047 - session - DEBUG - SessionTick: Tim: Waiting for Player Input
2026-06-11 17:21:56,319 - session - DEBUG - SessionTick: Tim: Anwsered player with new state ---------------------------------------------
---------------- Environment ----------------
---------------------------------------------
Active Player Index: 0
---------------------------------------------
Completed Halfturns: 2
Upcoming Event: DECLARE_ATTACKS
Active Player Index: 0
Game over: False
---------------------------------------------
Player 0:
Name: Tim
Current Life: 20
Cards in Hand:
[1413fa42-0312-4300-9f75-56052c3f162a] wastes
Cards in Library: [<mtggympy.gameengine.gameobjects.WastesInstance object at 0x728e7c500650>, <mtggympy.gameengine.gameobjects.CardInstance object at 0x728e7c5006d0>, <mtggympy.gameengine.gameobjects.WastesInstance object at 0x728e7c500750>, <mtggympy.gameengine.gameobjects.WastesInstance object at 0x728e7c500710>, <mtggympy.gameengine.gameobjects.CardInstance object at 0x728e7c54a290>, <mtggympy.gameengine.gameobjects.WastesInstance object at 0x728e7c54a310>, <mtggympy.gameengine.gameobjects.WastesInstance object at 0x728e7c54a450>, <mtggympy.gameengine.gameobjects.CardInstance object at 0x728e7c54a550>, <mtggympy.gameengine.gameobjects.WastesInstance object at 0x728e7c5007d0>, <mtggympy.gameengine.gameobjects.WastesInstance object at 0x728e7c54a690>, <mtggympy.gameengine.gameobjects.CardInstance object at 0x728e7c54a750>, <mtggympy.gameengine.gameobjects.WastesInstance object at 0x728e7c54a7d0>, <mtggympy.gameengine.gameobjects.WastesInstance object at 0x728e7c54a950>, <mtggympy.gameengine.gameobjects.CardInstance object at 0x728e7c54aa50>, <mtggympy.gameengine.gameobjects.WastesInstance object at 0x728e7c54aa90>, <mtggympy.gameengine.gameobjects.WastesInstance object at 0x728e7c54abd0>, <mtggympy.gameengine.gameobjects.CardInstance object at 0x728e7c54acd0>, <mtggympy.gameengine.gameobjects.WastesInstance object at 0x728e7c54ad10>, <mtggympy.gameengine.gameobjects.WastesInstance object at 0x728e7c54ae50>, <mtggympy.gameengine.gameobjects.CardInstance object at 0x728e7c54af50>, <mtggympy.gameengine.gameobjects.WastesInstance object at 0x728e7c54af90>, <mtggympy.gameengine.gameobjects.WastesInstance object at 0x728e7c54bd50>, <mtggympy.gameengine.gameobjects.CardInstance object at 0x728e7c54bdd0>, <mtggympy.gameengine.gameobjects.WastesInstance object at 0x728e7c54be10>, <mtggympy.gameengine.gameobjects.WastesInstance object at 0x728e7c54bed0>, <mtggympy.gameengine.gameobjects.CardInstance object at 0x728e7c54bf50>, <mtggympy.gameengine.gameobjects.WastesInstance object at 0x728e7c54bf90>, <mtggympy.gameengine.gameobjects.WastesInstance object at 0x728e7c554090>, <mtggympy.gameengine.gameobjects.CardInstance object at 0x728e7c554110>, <mtggympy.gameengine.gameobjects.WastesInstance object at 0x728e7c554150>, <mtggympy.gameengine.gameobjects.WastesInstance object at 0x728e7c554210>, <mtggympy.gameengine.gameobjects.CardInstance object at 0x728e7c554290>, <mtggympy.gameengine.gameobjects.WastesInstance object at 0x728e7c5542d0>, <mtggympy.gameengine.gameobjects.WastesInstance object at 0x728e7c554390>, <mtggympy.gameengine.gameobjects.CardInstance object at 0x728e7c554410>, <mtggympy.gameengine.gameobjects.WastesInstance object at 0x728e7c554450>, <mtggympy.gameengine.gameobjects.WastesInstance object at 0x728e7c554510>, <mtggympy.gameengine.gameobjects.CardInstance object at 0x728e7c554590>, <mtggympy.gameengine.gameobjects.WastesInstance object at 0x728e7c5545d0>]
---------------------------------------------
Player 1:
Name: Opp-Goldfish
Current Life: 20
Cards in Hand:
[8eee0ee8-95ec-4b18-a510-a4c22e45e9d1] alpha-myr | [3b764281-9195-4a42-913f-9c05d9908c4c] wastes | [0c01aeb0-7240-4534-8f05-1a699e1e14bf] wastes | [7751fcd8-fef0-45da-9a30-83e1e5730280] wastes
Cards in Library: [<mtggympy.gameengine.gameobjects.WastesInstance object at 0x728e7c554910>, <mtggympy.gameengine.gameobjects.CardInstance object at 0x728e7c554990>, <mtggympy.gameengine.gameobjects.WastesInstance object at 0x728e7c5549d0>, <mtggympy.gameengine.gameobjects.WastesInstance object at 0x728e7c554a90>, <mtggympy.gameengine.gameobjects.CardInstance object at 0x728e7c554b50>, <mtggympy.gameengine.gameobjects.WastesInstance object at 0x728e7c554b90>, <mtggympy.gameengine.gameobjects.WastesInstance object at 0x728e7c554c50>, <mtggympy.gameengine.gameobjects.CardInstance object at 0x728e7c554cd0>, <mtggympy.gameengine.gameobjects.WastesInstance object at 0x728e7c554b10>, <mtggympy.gameengine.gameobjects.WastesInstance object at 0x728e7c554d90>, <mtggympy.gameengine.gameobjects.CardInstance object at 0x728e7c554e10>, <mtggympy.gameengine.gameobjects.WastesInstance object at 0x728e7c554e50>, <mtggympy.gameengine.gameobjects.WastesInstance object at 0x728e7c554f10>, <mtggympy.gameengine.gameobjects.CardInstance object at 0x728e7c554f90>, <mtggympy.gameengine.gameobjects.WastesInstance object at 0x728e7c554fd0>, <mtggympy.gameengine.gameobjects.WastesInstance object at 0x728e7c555090>, <mtggympy.gameengine.gameobjects.CardInstance object at 0x728e7c555110>, <mtggympy.gameengine.gameobjects.WastesInstance object at 0x728e7c555150>, <mtggympy.gameengine.gameobjects.WastesInstance object at 0x728e7c555210>, <mtggympy.gameengine.gameobjects.CardInstance object at 0x728e7c555290>, <mtggympy.gameengine.gameobjects.WastesInstance object at 0x728e7c5552d0>, <mtggympy.gameengine.gameobjects.WastesInstance object at 0x728e7c555390>, <mtggympy.gameengine.gameobjects.CardInstance object at 0x728e7c555410>, <mtggympy.gameengine.gameobjects.WastesInstance object at 0x728e7c555450>, <mtggympy.gameengine.gameobjects.WastesInstance object at 0x728e7c555510>, <mtggympy.gameengine.gameobjects.CardInstance object at 0x728e7c555590>, <mtggympy.gameengine.gameobjects.WastesInstance object at 0x728e7c5555d0>, <mtggympy.gameengine.gameobjects.WastesInstance object at 0x728e7c555690>, <mtggympy.gameengine.gameobjects.CardInstance object at 0x728e7c555710>, <mtggympy.gameengine.gameobjects.WastesInstance object at 0x728e7c555750>, <mtggympy.gameengine.gameobjects.WastesInstance object at 0x728e7c555810>, <mtggympy.gameengine.gameobjects.CardInstance object at 0x728e7c555890>, <mtggympy.gameengine.gameobjects.WastesInstance object at 0x728e7c5558d0>, <mtggympy.gameengine.gameobjects.WastesInstance object at 0x728e7c555990>, <mtggympy.gameengine.gameobjects.CardInstance object at 0x728e7c555a10>, <mtggympy.gameengine.gameobjects.WastesInstance object at 0x728e7c555a50>, <mtggympy.gameengine.gameobjects.WastesInstance object at 0x728e7c555b10>, <mtggympy.gameengine.gameobjects.CardInstance object at 0x728e7c555b90>, <mtggympy.gameengine.gameobjects.WastesInstance object at 0x728e7c555bd0>]
---------------------------------------------
2026-06-11 17:21:56,319 - session - DEBUG - SessionTick: Tim: Waiting for player to be ready before continuing
2026-06-11 17:21:56,319 - session - DEBUG - SessionTick: Running GameLoop
2026-06-11 17:21:56,319 - session - DEBUG - SessionTick: Tim: Prompting Player with state ---------------------------------------------
---------------- Environment ----------------
---------------------------------------------
Active Player Index: 0
---------------------------------------------
Completed Halfturns: 2
Upcoming Event: DECLARE_ATTACKS
Active Player Index: 0
Game over: False
---------------------------------------------
Player 0:
Name: Tim
Current Life: 20
Cards in Hand:
[1413fa42-0312-4300-9f75-56052c3f162a] wastes
Cards in Library: [<mtggympy.gameengine.gameobjects.WastesInstance object at 0x728e7c500650>, <mtggympy.gameengine.gameobjects.CardInstance object at 0x728e7c5006d0>, <mtggympy.gameengine.gameobjects.WastesInstance object at 0x728e7c500750>, <mtggympy.gameengine.gameobjects.WastesInstance object at 0x728e7c500710>, <mtggympy.gameengine.gameobjects.CardInstance object at 0x728e7c54a290>, <mtggympy.gameengine.gameobjects.WastesInstance object at 0x728e7c54a310>, <mtggympy.gameengine.gameobjects.WastesInstance object at 0x728e7c54a450>, <mtggympy.gameengine.gameobjects.CardInstance object at 0x728e7c54a550>, <mtggympy.gameengine.gameobjects.WastesInstance object at 0x728e7c5007d0>, <mtggympy.gameengine.gameobjects.WastesInstance object at 0x728e7c54a690>, <mtggympy.gameengine.gameobjects.CardInstance object at 0x728e7c54a750>, <mtggympy.gameengine.gameobjects.WastesInstance object at 0x728e7c54a7d0>, <mtggympy.gameengine.gameobjects.WastesInstance object at 0x728e7c54a950>, <mtggympy.gameengine.gameobjects.CardInstance object at 0x728e7c54aa50>, <mtggympy.gameengine.gameobjects.WastesInstance object at 0x728e7c54aa90>, <mtggympy.gameengine.gameobjects.WastesInstance object at 0x728e7c54abd0>, <mtggympy.gameengine.gameobjects.CardInstance object at 0x728e7c54acd0>, <mtggympy.gameengine.gameobjects.WastesInstance object at 0x728e7c54ad10>, <mtggympy.gameengine.gameobjects.WastesInstance object at 0x728e7c54ae50>, <mtggympy.gameengine.gameobjects.CardInstance object at 0x728e7c54af50>, <mtggympy.gameengine.gameobjects.WastesInstance object at 0x728e7c54af90>, <mtggympy.gameengine.gameobjects.WastesInstance object at 0x728e7c54bd50>, <mtggympy.gameengine.gameobjects.CardInstance object at 0x728e7c54bdd0>, <mtggympy.gameengine.gameobjects.WastesInstance object at 0x728e7c54be10>, <mtggympy.gameengine.gameobjects.WastesInstance object at 0x728e7c54bed0>, <mtggympy.gameengine.gameobjects.CardInstance object at 0x728e7c54bf50>, <mtggympy.gameengine.gameobjects.WastesInstance object at 0x728e7c54bf90>, <mtggympy.gameengine.gameobjects.WastesInstance object at 0x728e7c554090>, <mtggympy.gameengine.gameobjects.CardInstance object at 0x728e7c554110>, <mtggympy.gameengine.gameobjects.WastesInstance object at 0x728e7c554150>, <mtggympy.gameengine.gameobjects.WastesInstance object at 0x728e7c554210>, <mtggympy.gameengine.gameobjects.CardInstance object at 0x728e7c554290>, <mtggympy.gameengine.gameobjects.WastesInstance object at 0x728e7c5542d0>, <mtggympy.gameengine.gameobjects.WastesInstance object at 0x728e7c554390>, <mtggympy.gameengine.gameobjects.CardInstance object at 0x728e7c554410>, <mtggympy.gameengine.gameobjects.WastesInstance object at 0x728e7c554450>, <mtggympy.gameengine.gameobjects.WastesInstance object at 0x728e7c554510>, <mtggympy.gameengine.gameobjects.CardInstance object at 0x728e7c554590>, <mtggympy.gameengine.gameobjects.WastesInstance object at 0x728e7c5545d0>]
---------------------------------------------
Player 1:
Name: Opp-Goldfish
Current Life: 20
Cards in Hand:
[8eee0ee8-95ec-4b18-a510-a4c22e45e9d1] alpha-myr | [3b764281-9195-4a42-913f-9c05d9908c4c] wastes | [0c01aeb0-7240-4534-8f05-1a699e1e14bf] wastes | [7751fcd8-fef0-45da-9a30-83e1e5730280] wastes
Cards in Library: [<mtggympy.gameengine.gameobjects.WastesInstance object at 0x728e7c554910>, <mtggympy.gameengine.gameobjects.CardInstance object at 0x728e7c554990>, <mtggympy.gameengine.gameobjects.WastesInstance object at 0x728e7c5549d0>, <mtggympy.gameengine.gameobjects.WastesInstance object at 0x728e7c554a90>, <mtggympy.gameengine.gameobjects.CardInstance object at 0x728e7c554b50>, <mtggympy.gameengine.gameobjects.WastesInstance object at 0x728e7c554b90>, <mtggympy.gameengine.gameobjects.WastesInstance object at 0x728e7c554c50>, <mtggympy.gameengine.gameobjects.CardInstance object at 0x728e7c554cd0>, <mtggympy.gameengine.gameobjects.WastesInstance object at 0x728e7c554b10>, <mtggympy.gameengine.gameobjects.WastesInstance object at 0x728e7c554d90>, <mtggympy.gameengine.gameobjects.CardInstance object at 0x728e7c554e10>, <mtggympy.gameengine.gameobjects.WastesInstance object at 0x728e7c554e50>, <mtggympy.gameengine.gameobjects.WastesInstance object at 0x728e7c554f10>, <mtggympy.gameengine.gameobjects.CardInstance object at 0x728e7c554f90>, <mtggympy.gameengine.gameobjects.WastesInstance object at 0x728e7c554fd0>, <mtggympy.gameengine.gameobjects.WastesInstance object at 0x728e7c555090>, <mtggympy.gameengine.gameobjects.CardInstance object at 0x728e7c555110>, <mtggympy.gameengine.gameobjects.WastesInstance object at 0x728e7c555150>, <mtggympy.gameengine.gameobjects.WastesInstance object at 0x728e7c555210>, <mtggympy.gameengine.gameobjects.CardInstance object at 0x728e7c555290>, <mtggympy.gameengine.gameobjects.WastesInstance object at 0x728e7c5552d0>, <mtggympy.gameengine.gameobjects.WastesInstance object at 0x728e7c555390>, <mtggympy.gameengine.gameobjects.CardInstance object at 0x728e7c555410>, <mtggympy.gameengine.gameobjects.WastesInstance object at 0x728e7c555450>, <mtggympy.gameengine.gameobjects.WastesInstance object at 0x728e7c555510>, <mtggympy.gameengine.gameobjects.CardInstance object at 0x728e7c555590>, <mtggympy.gameengine.gameobjects.WastesInstance object at 0x728e7c5555d0>, <mtggympy.gameengine.gameobjects.WastesInstance object at 0x728e7c555690>, <mtggympy.gameengine.gameobjects.CardInstance object at 0x728e7c555710>, <mtggympy.gameengine.gameobjects.WastesInstance object at 0x728e7c555750>, <mtggympy.gameengine.gameobjects.WastesInstance object at 0x728e7c555810>, <mtggympy.gameengine.gameobjects.CardInstance object at 0x728e7c555890>, <mtggympy.gameengine.gameobjects.WastesInstance object at 0x728e7c5558d0>, <mtggympy.gameengine.gameobjects.WastesInstance object at 0x728e7c555990>, <mtggympy.gameengine.gameobjects.CardInstance object at 0x728e7c555a10>, <mtggympy.gameengine.gameobjects.WastesInstance object at 0x728e7c555a50>, <mtggympy.gameengine.gameobjects.WastesInstance object at 0x728e7c555b10>, <mtggympy.gameengine.gameobjects.CardInstance object at 0x728e7c555b90>, <mtggympy.gameengine.gameobjects.WastesInstance object at 0x728e7c555bd0>]
---------------------------------------------
2026-06-11 17:21:56,319 - session - DEBUG - SessionTick: Tim: Waiting for Player Input
2026-06-11 17:21:57,253 - session - DEBUG - SessionTick: Tim: Anwsered player with new state ---------------------------------------------
---------------- Environment ----------------
---------------------------------------------
Active Player Index: 1
---------------------------------------------
Completed Halfturns: 3
Upcoming Event: MAIN_PHASE_EMPTY_STACK
Active Player Index: 1
Game over: False
---------------------------------------------
Player 0:
Name: Tim
Current Life: 20
Cards in Hand:
[1413fa42-0312-4300-9f75-56052c3f162a] wastes
Cards in Library: [<mtggympy.gameengine.gameobjects.WastesInstance object at 0x728e7c500650>, <mtggympy.gameengine.gameobjects.CardInstance object at 0x728e7c5006d0>, <mtggympy.gameengine.gameobjects.WastesInstance object at 0x728e7c500750>, <mtggympy.gameengine.gameobjects.WastesInstance object at 0x728e7c500710>, <mtggympy.gameengine.gameobjects.CardInstance object at 0x728e7c54a290>, <mtggympy.gameengine.gameobjects.WastesInstance object at 0x728e7c54a310>, <mtggympy.gameengine.gameobjects.WastesInstance object at 0x728e7c54a450>, <mtggympy.gameengine.gameobjects.CardInstance object at 0x728e7c54a550>, <mtggympy.gameengine.gameobjects.WastesInstance object at 0x728e7c5007d0>, <mtggympy.gameengine.gameobjects.WastesInstance object at 0x728e7c54a690>, <mtggympy.gameengine.gameobjects.CardInstance object at 0x728e7c54a750>, <mtggympy.gameengine.gameobjects.WastesInstance object at 0x728e7c54a7d0>, <mtggympy.gameengine.gameobjects.WastesInstance object at 0x728e7c54a950>, <mtggympy.gameengine.gameobjects.CardInstance object at 0x728e7c54aa50>, <mtggympy.gameengine.gameobjects.WastesInstance object at 0x728e7c54aa90>, <mtggympy.gameengine.gameobjects.WastesInstance object at 0x728e7c54abd0>, <mtggympy.gameengine.gameobjects.CardInstance object at 0x728e7c54acd0>, <mtggympy.gameengine.gameobjects.WastesInstance object at 0x728e7c54ad10>, <mtggympy.gameengine.gameobjects.WastesInstance object at 0x728e7c54ae50>, <mtggympy.gameengine.gameobjects.CardInstance object at 0x728e7c54af50>, <mtggympy.gameengine.gameobjects.WastesInstance object at 0x728e7c54af90>, <mtggympy.gameengine.gameobjects.WastesInstance object at 0x728e7c54bd50>, <mtggympy.gameengine.gameobjects.CardInstance object at 0x728e7c54bdd0>, <mtggympy.gameengine.gameobjects.WastesInstance object at 0x728e7c54be10>, <mtggympy.gameengine.gameobjects.WastesInstance object at 0x728e7c54bed0>, <mtggympy.gameengine.gameobjects.CardInstance object at 0x728e7c54bf50>, <mtggympy.gameengine.gameobjects.WastesInstance object at 0x728e7c54bf90>, <mtggympy.gameengine.gameobjects.WastesInstance object at 0x728e7c554090>, <mtggympy.gameengine.gameobjects.CardInstance object at 0x728e7c554110>, <mtggympy.gameengine.gameobjects.WastesInstance object at 0x728e7c554150>, <mtggympy.gameengine.gameobjects.WastesInstance object at 0x728e7c554210>, <mtggympy.gameengine.gameobjects.CardInstance object at 0x728e7c554290>, <mtggympy.gameengine.gameobjects.WastesInstance object at 0x728e7c5542d0>, <mtggympy.gameengine.gameobjects.WastesInstance object at 0x728e7c554390>, <mtggympy.gameengine.gameobjects.CardInstance object at 0x728e7c554410>, <mtggympy.gameengine.gameobjects.WastesInstance object at 0x728e7c554450>, <mtggympy.gameengine.gameobjects.WastesInstance object at 0x728e7c554510>, <mtggympy.gameengine.gameobjects.CardInstance object at 0x728e7c554590>, <mtggympy.gameengine.gameobjects.WastesInstance object at 0x728e7c5545d0>]
---------------------------------------------
Player 1:
Name: Opp-Goldfish
Current Life: 20
Cards in Hand:
[8eee0ee8-95ec-4b18-a510-a4c22e45e9d1] alpha-myr | [3b764281-9195-4a42-913f-9c05d9908c4c] wastes | [0c01aeb0-7240-4534-8f05-1a699e1e14bf] wastes | [7751fcd8-fef0-45da-9a30-83e1e5730280] wastes | [1ff68356-7572-4a45-9fe4-7b0ff24f392e] wastes
Cards in Library: [<mtggympy.gameengine.gameobjects.CardInstance object at 0x728e7c554990>, <mtggympy.gameengine.gameobjects.WastesInstance object at 0x728e7c5549d0>, <mtggympy.gameengine.gameobjects.WastesInstance object at 0x728e7c554a90>, <mtggympy.gameengine.gameobjects.CardInstance object at 0x728e7c554b50>, <mtggympy.gameengine.gameobjects.WastesInstance object at 0x728e7c554b90>, <mtggympy.gameengine.gameobjects.WastesInstance object at 0x728e7c554c50>, <mtggympy.gameengine.gameobjects.CardInstance object at 0x728e7c554cd0>, <mtggympy.gameengine.gameobjects.WastesInstance object at 0x728e7c554b10>, <mtggympy.gameengine.gameobjects.WastesInstance object at 0x728e7c554d90>, <mtggympy.gameengine.gameobjects.CardInstance object at 0x728e7c554e10>, <mtggympy.gameengine.gameobjects.WastesInstance object at 0x728e7c554e50>, <mtggympy.gameengine.gameobjects.WastesInstance object at 0x728e7c554f10>, <mtggympy.gameengine.gameobjects.CardInstance object at 0x728e7c554f90>, <mtggympy.gameengine.gameobjects.WastesInstance object at 0x728e7c554fd0>, <mtggympy.gameengine.gameobjects.WastesInstance object at 0x728e7c555090>, <mtggympy.gameengine.gameobjects.CardInstance object at 0x728e7c555110>, <mtggympy.gameengine.gameobjects.WastesInstance object at 0x728e7c555150>, <mtggympy.gameengine.gameobjects.WastesInstance object at 0x728e7c555210>, <mtggympy.gameengine.gameobjects.CardInstance object at 0x728e7c555290>, <mtggympy.gameengine.gameobjects.WastesInstance object at 0x728e7c5552d0>, <mtggympy.gameengine.gameobjects.WastesInstance object at 0x728e7c555390>, <mtggympy.gameengine.gameobjects.CardInstance object at 0x728e7c555410>, <mtggympy.gameengine.gameobjects.WastesInstance object at 0x728e7c555450>, <mtggympy.gameengine.gameobjects.WastesInstance object at 0x728e7c555510>, <mtggympy.gameengine.gameobjects.CardInstance object at 0x728e7c555590>, <mtggympy.gameengine.gameobjects.WastesInstance object at 0x728e7c5555d0>, <mtggympy.gameengine.gameobjects.WastesInstance object at 0x728e7c555690>, <mtggympy.gameengine.gameobjects.CardInstance object at 0x728e7c555710>, <mtggympy.gameengine.gameobjects.WastesInstance object at 0x728e7c555750>, <mtggympy.gameengine.gameobjects.WastesInstance object at 0x728e7c555810>, <mtggympy.gameengine.gameobjects.CardInstance object at 0x728e7c555890>, <mtggympy.gameengine.gameobjects.WastesInstance object at 0x728e7c5558d0>, <mtggympy.gameengine.gameobjects.WastesInstance object at 0x728e7c555990>, <mtggympy.gameengine.gameobjects.CardInstance object at 0x728e7c555a10>, <mtggympy.gameengine.gameobjects.WastesInstance object at 0x728e7c555a50>, <mtggympy.gameengine.gameobjects.WastesInstance object at 0x728e7c555b10>, <mtggympy.gameengine.gameobjects.CardInstance object at 0x728e7c555b90>, <mtggympy.gameengine.gameobjects.WastesInstance object at 0x728e7c555bd0>]
---------------------------------------------
2026-06-11 17:21:57,253 - session - DEBUG - SessionTick: Tim: Waiting for player to be ready before continuing
2026-06-11 17:21:57,253 - session - DEBUG - SessionTick: Running GameLoop
2026-06-11 17:21:57,254 - session - DEBUG - SessionTick: Opp-Goldfish: Prompting Player with state ---------------------------------------------
---------------- Environment ----------------
---------------------------------------------
Active Player Index: 1
---------------------------------------------
Completed Halfturns: 3
Upcoming Event: MAIN_PHASE_EMPTY_STACK
Active Player Index: 1
Game over: False
---------------------------------------------
Player 0:
Name: Tim
Current Life: 20
Cards in Hand:
[1413fa42-0312-4300-9f75-56052c3f162a] wastes
Cards in Library: [<mtggympy.gameengine.gameobjects.WastesInstance object at 0x728e7c500650>, <mtggympy.gameengine.gameobjects.CardInstance object at 0x728e7c5006d0>, <mtggympy.gameengine.gameobjects.WastesInstance object at 0x728e7c500750>, <mtggympy.gameengine.gameobjects.WastesInstance object at 0x728e7c500710>, <mtggympy.gameengine.gameobjects.CardInstance object at 0x728e7c54a290>, <mtggympy.gameengine.gameobjects.WastesInstance object at 0x728e7c54a310>, <mtggympy.gameengine.gameobjects.WastesInstance object at 0x728e7c54a450>, <mtggympy.gameengine.gameobjects.CardInstance object at 0x728e7c54a550>, <mtggympy.gameengine.gameobjects.WastesInstance object at 0x728e7c5007d0>, <mtggympy.gameengine.gameobjects.WastesInstance object at 0x728e7c54a690>, <mtggympy.gameengine.gameobjects.CardInstance object at 0x728e7c54a750>, <mtggympy.gameengine.gameobjects.WastesInstance object at 0x728e7c54a7d0>, <mtggympy.gameengine.gameobjects.WastesInstance object at 0x728e7c54a950>, <mtggympy.gameengine.gameobjects.CardInstance object at 0x728e7c54aa50>, <mtggympy.gameengine.gameobjects.WastesInstance object at 0x728e7c54aa90>, <mtggympy.gameengine.gameobjects.WastesInstance object at 0x728e7c54abd0>, <mtggympy.gameengine.gameobjects.CardInstance object at 0x728e7c54acd0>, <mtggympy.gameengine.gameobjects.WastesInstance object at 0x728e7c54ad10>, <mtggympy.gameengine.gameobjects.WastesInstance object at 0x728e7c54ae50>, <mtggympy.gameengine.gameobjects.CardInstance object at 0x728e7c54af50>, <mtggympy.gameengine.gameobjects.WastesInstance object at 0x728e7c54af90>, <mtggympy.gameengine.gameobjects.WastesInstance object at 0x728e7c54bd50>, <mtggympy.gameengine.gameobjects.CardInstance object at 0x728e7c54bdd0>, <mtggympy.gameengine.gameobjects.WastesInstance object at 0x728e7c54be10>, <mtggympy.gameengine.gameobjects.WastesInstance object at 0x728e7c54bed0>, <mtggympy.gameengine.gameobjects.CardInstance object at 0x728e7c54bf50>, <mtggympy.gameengine.gameobjects.WastesInstance object at 0x728e7c54bf90>, <mtggympy.gameengine.gameobjects.WastesInstance object at 0x728e7c554090>, <mtggympy.gameengine.gameobjects.CardInstance object at 0x728e7c554110>, <mtggympy.gameengine.gameobjects.WastesInstance object at 0x728e7c554150>, <mtggympy.gameengine.gameobjects.WastesInstance object at 0x728e7c554210>, <mtggympy.gameengine.gameobjects.CardInstance object at 0x728e7c554290>, <mtggympy.gameengine.gameobjects.WastesInstance object at 0x728e7c5542d0>, <mtggympy.gameengine.gameobjects.WastesInstance object at 0x728e7c554390>, <mtggympy.gameengine.gameobjects.CardInstance object at 0x728e7c554410>, <mtggympy.gameengine.gameobjects.WastesInstance object at 0x728e7c554450>, <mtggympy.gameengine.gameobjects.WastesInstance object at 0x728e7c554510>, <mtggympy.gameengine.gameobjects.CardInstance object at 0x728e7c554590>, <mtggympy.gameengine.gameobjects.WastesInstance object at 0x728e7c5545d0>]
---------------------------------------------
Player 1:
Name: Opp-Goldfish
Current Life: 20
Cards in Hand:
[8eee0ee8-95ec-4b18-a510-a4c22e45e9d1] alpha-myr | [3b764281-9195-4a42-913f-9c05d9908c4c] wastes | [0c01aeb0-7240-4534-8f05-1a699e1e14bf] wastes | [7751fcd8-fef0-45da-9a30-83e1e5730280] wastes | [1ff68356-7572-4a45-9fe4-7b0ff24f392e] wastes
Cards in Library: [<mtggympy.gameengine.gameobjects.CardInstance object at 0x728e7c554990>, <mtggympy.gameengine.gameobjects.WastesInstance object at 0x728e7c5549d0>, <mtggympy.gameengine.gameobjects.WastesInstance object at 0x728e7c554a90>, <mtggympy.gameengine.gameobjects.CardInstance object at 0x728e7c554b50>, <mtggympy.gameengine.gameobjects.WastesInstance object at 0x728e7c554b90>, <mtggympy.gameengine.gameobjects.WastesInstance object at 0x728e7c554c50>, <mtggympy.gameengine.gameobjects.CardInstance object at 0x728e7c554cd0>, <mtggympy.gameengine.gameobjects.WastesInstance object at 0x728e7c554b10>, <mtggympy.gameengine.gameobjects.WastesInstance object at 0x728e7c554d90>, <mtggympy.gameengine.gameobjects.CardInstance object at 0x728e7c554e10>, <mtggympy.gameengine.gameobjects.WastesInstance object at 0x728e7c554e50>, <mtggympy.gameengine.gameobjects.WastesInstance object at 0x728e7c554f10>, <mtggympy.gameengine.gameobjects.CardInstance object at 0x728e7c554f90>, <mtggympy.gameengine.gameobjects.WastesInstance object at 0x728e7c554fd0>, <mtggympy.gameengine.gameobjects.WastesInstance object at 0x728e7c555090>, <mtggympy.gameengine.gameobjects.CardInstance object at 0x728e7c555110>, <mtggympy.gameengine.gameobjects.WastesInstance object at 0x728e7c555150>, <mtggympy.gameengine.gameobjects.WastesInstance object at 0x728e7c555210>, <mtggympy.gameengine.gameobjects.CardInstance object at 0x728e7c555290>, <mtggympy.gameengine.gameobjects.WastesInstance object at 0x728e7c5552d0>, <mtggympy.gameengine.gameobjects.WastesInstance object at 0x728e7c555390>, <mtggympy.gameengine.gameobjects.CardInstance object at 0x728e7c555410>, <mtggympy.gameengine.gameobjects.WastesInstance object at 0x728e7c555450>, <mtggympy.gameengine.gameobjects.WastesInstance object at 0x728e7c555510>, <mtggympy.gameengine.gameobjects.CardInstance object at 0x728e7c555590>, <mtggympy.gameengine.gameobjects.WastesInstance object at 0x728e7c5555d0>, <mtggympy.gameengine.gameobjects.WastesInstance object at 0x728e7c555690>, <mtggympy.gameengine.gameobjects.CardInstance object at 0x728e7c555710>, <mtggympy.gameengine.gameobjects.WastesInstance object at 0x728e7c555750>, <mtggympy.gameengine.gameobjects.WastesInstance object at 0x728e7c555810>, <mtggympy.gameengine.gameobjects.CardInstance object at 0x728e7c555890>, <mtggympy.gameengine.gameobjects.WastesInstance object at 0x728e7c5558d0>, <mtggympy.gameengine.gameobjects.WastesInstance object at 0x728e7c555990>, <mtggympy.gameengine.gameobjects.CardInstance object at 0x728e7c555a10>, <mtggympy.gameengine.gameobjects.WastesInstance object at 0x728e7c555a50>, <mtggympy.gameengine.gameobjects.WastesInstance object at 0x728e7c555b10>, <mtggympy.gameengine.gameobjects.CardInstance object at 0x728e7c555b90>, <mtggympy.gameengine.gameobjects.WastesInstance object at 0x728e7c555bd0>]
---------------------------------------------
2026-06-11 17:21:57,254 - session - DEBUG - SessionTick: Opp-Goldfish: Waiting for Player Input
2026-06-11 17:21:57,257 - session - DEBUG - SessionTick: Opp-Goldfish: Anwsered player with new state ---------------------------------------------
---------------- Environment ----------------
---------------------------------------------
Active Player Index: 1
---------------------------------------------
Completed Halfturns: 3
Upcoming Event: DECLARE_ATTACKS
Active Player Index: 1
Game over: False
---------------------------------------------
Player 0:
Name: Tim
Current Life: 20
Cards in Hand:
[1413fa42-0312-4300-9f75-56052c3f162a] wastes
Cards in Library: [<mtggympy.gameengine.gameobjects.WastesInstance object at 0x728e7c500650>, <mtggympy.gameengine.gameobjects.CardInstance object at 0x728e7c5006d0>, <mtggympy.gameengine.gameobjects.WastesInstance object at 0x728e7c500750>, <mtggympy.gameengine.gameobjects.WastesInstance object at 0x728e7c500710>, <mtggympy.gameengine.gameobjects.CardInstance object at 0x728e7c54a290>, <mtggympy.gameengine.gameobjects.WastesInstance object at 0x728e7c54a310>, <mtggympy.gameengine.gameobjects.WastesInstance object at 0x728e7c54a450>, <mtggympy.gameengine.gameobjects.CardInstance object at 0x728e7c54a550>, <mtggympy.gameengine.gameobjects.WastesInstance object at 0x728e7c5007d0>, <mtggympy.gameengine.gameobjects.WastesInstance object at 0x728e7c54a690>, <mtggympy.gameengine.gameobjects.CardInstance object at 0x728e7c54a750>, <mtggympy.gameengine.gameobjects.WastesInstance object at 0x728e7c54a7d0>, <mtggympy.gameengine.gameobjects.WastesInstance object at 0x728e7c54a950>, <mtggympy.gameengine.gameobjects.CardInstance object at 0x728e7c54aa50>, <mtggympy.gameengine.gameobjects.WastesInstance object at 0x728e7c54aa90>, <mtggympy.gameengine.gameobjects.WastesInstance object at 0x728e7c54abd0>, <mtggympy.gameengine.gameobjects.CardInstance object at 0x728e7c54acd0>, <mtggympy.gameengine.gameobjects.WastesInstance object at 0x728e7c54ad10>, <mtggympy.gameengine.gameobjects.WastesInstance object at 0x728e7c54ae50>, <mtggympy.gameengine.gameobjects.CardInstance object at 0x728e7c54af50>, <mtggympy.gameengine.gameobjects.WastesInstance object at 0x728e7c54af90>, <mtggympy.gameengine.gameobjects.WastesInstance object at 0x728e7c54bd50>, <mtggympy.gameengine.gameobjects.CardInstance object at 0x728e7c54bdd0>, <mtggympy.gameengine.gameobjects.WastesInstance object at 0x728e7c54be10>, <mtggympy.gameengine.gameobjects.WastesInstance object at 0x728e7c54bed0>, <mtggympy.gameengine.gameobjects.CardInstance object at 0x728e7c54bf50>, <mtggympy.gameengine.gameobjects.WastesInstance object at 0x728e7c54bf90>, <mtggympy.gameengine.gameobjects.WastesInstance object at 0x728e7c554090>, <mtggympy.gameengine.gameobjects.CardInstance object at 0x728e7c554110>, <mtggympy.gameengine.gameobjects.WastesInstance object at 0x728e7c554150>, <mtggympy.gameengine.gameobjects.WastesInstance object at 0x728e7c554210>, <mtggympy.gameengine.gameobjects.CardInstance object at 0x728e7c554290>, <mtggympy.gameengine.gameobjects.WastesInstance object at 0x728e7c5542d0>, <mtggympy.gameengine.gameobjects.WastesInstance object at 0x728e7c554390>, <mtggympy.gameengine.gameobjects.CardInstance object at 0x728e7c554410>, <mtggympy.gameengine.gameobjects.WastesInstance object at 0x728e7c554450>, <mtggympy.gameengine.gameobjects.WastesInstance object at 0x728e7c554510>, <mtggympy.gameengine.gameobjects.CardInstance object at 0x728e7c554590>, <mtggympy.gameengine.gameobjects.WastesInstance object at 0x728e7c5545d0>]
---------------------------------------------
Player 1:
Name: Opp-Goldfish
Current Life: 20
Cards in Hand:
[8eee0ee8-95ec-4b18-a510-a4c22e45e9d1] alpha-myr | [3b764281-9195-4a42-913f-9c05d9908c4c] wastes | [0c01aeb0-7240-4534-8f05-1a699e1e14bf] wastes | [7751fcd8-fef0-45da-9a30-83e1e5730280] wastes | [1ff68356-7572-4a45-9fe4-7b0ff24f392e] wastes
Cards in Library: [<mtggympy.gameengine.gameobjects.CardInstance object at 0x728e7c554990>, <mtggympy.gameengine.gameobjects.WastesInstance object at 0x728e7c5549d0>, <mtggympy.gameengine.gameobjects.WastesInstance object at 0x728e7c554a90>, <mtggympy.gameengine.gameobjects.CardInstance object at 0x728e7c554b50>, <mtggympy.gameengine.gameobjects.WastesInstance object at 0x728e7c554b90>, <mtggympy.gameengine.gameobjects.WastesInstance object at 0x728e7c554c50>, <mtggympy.gameengine.gameobjects.CardInstance object at 0x728e7c554cd0>, <mtggympy.gameengine.gameobjects.WastesInstance object at 0x728e7c554b10>, <mtggympy.gameengine.gameobjects.WastesInstance object at 0x728e7c554d90>, <mtggympy.gameengine.gameobjects.CardInstance object at 0x728e7c554e10>, <mtggympy.gameengine.gameobjects.WastesInstance object at 0x728e7c554e50>, <mtggympy.gameengine.gameobjects.WastesInstance object at 0x728e7c554f10>, <mtggympy.gameengine.gameobjects.CardInstance object at 0x728e7c554f90>, <mtggympy.gameengine.gameobjects.WastesInstance object at 0x728e7c554fd0>, <mtggympy.gameengine.gameobjects.WastesInstance object at 0x728e7c555090>, <mtggympy.gameengine.gameobjects.CardInstance object at 0x728e7c555110>, <mtggympy.gameengine.gameobjects.WastesInstance object at 0x728e7c555150>, <mtggympy.gameengine.gameobjects.WastesInstance object at 0x728e7c555210>, <mtggympy.gameengine.gameobjects.CardInstance object at 0x728e7c555290>, <mtggympy.gameengine.gameobjects.WastesInstance object at 0x728e7c5552d0>, <mtggympy.gameengine.gameobjects.WastesInstance object at 0x728e7c555390>, <mtggympy.gameengine.gameobjects.CardInstance object at 0x728e7c555410>, <mtggympy.gameengine.gameobjects.WastesInstance object at 0x728e7c555450>, <mtggympy.gameengine.gameobjects.WastesInstance object at 0x728e7c555510>, <mtggympy.gameengine.gameobjects.CardInstance object at 0x728e7c555590>, <mtggympy.gameengine.gameobjects.WastesInstance object at 0x728e7c5555d0>, <mtggympy.gameengine.gameobjects.WastesInstance object at 0x728e7c555690>, <mtggympy.gameengine.gameobjects.CardInstance object at 0x728e7c555710>, <mtggympy.gameengine.gameobjects.WastesInstance object at 0x728e7c555750>, <mtggympy.gameengine.gameobjects.WastesInstance object at 0x728e7c555810>, <mtggympy.gameengine.gameobjects.CardInstance object at 0x728e7c555890>, <mtggympy.gameengine.gameobjects.WastesInstance object at 0x728e7c5558d0>, <mtggympy.gameengine.gameobjects.WastesInstance object at 0x728e7c555990>, <mtggympy.gameengine.gameobjects.CardInstance object at 0x728e7c555a10>, <mtggympy.gameengine.gameobjects.WastesInstance object at 0x728e7c555a50>, <mtggympy.gameengine.gameobjects.WastesInstance object at 0x728e7c555b10>, <mtggympy.gameengine.gameobjects.CardInstance object at 0x728e7c555b90>, <mtggympy.gameengine.gameobjects.WastesInstance object at 0x728e7c555bd0>]
---------------------------------------------
2026-06-11 17:21:57,257 - session - DEBUG - SessionTick: Opp-Goldfish: Waiting for player to be ready before continuing
2026-06-11 17:21:57,258 - session - DEBUG - SessionTick: Running GameLoop
2026-06-11 17:21:57,258 - session - DEBUG - SessionTick: Opp-Goldfish: Prompting Player with state ---------------------------------------------
---------------- Environment ----------------
---------------------------------------------
Active Player Index: 1
---------------------------------------------
Completed Halfturns: 3
Upcoming Event: DECLARE_ATTACKS
Active Player Index: 1
Game over: False
---------------------------------------------
Player 0:
Name: Tim
Current Life: 20
Cards in Hand:
[1413fa42-0312-4300-9f75-56052c3f162a] wastes
Cards in Library: [<mtggympy.gameengine.gameobjects.WastesInstance object at 0x728e7c500650>, <mtggympy.gameengine.gameobjects.CardInstance object at 0x728e7c5006d0>, <mtggympy.gameengine.gameobjects.WastesInstance object at 0x728e7c500750>, <mtggympy.gameengine.gameobjects.WastesInstance object at 0x728e7c500710>, <mtggympy.gameengine.gameobjects.CardInstance object at 0x728e7c54a290>, <mtggympy.gameengine.gameobjects.WastesInstance object at 0x728e7c54a310>, <mtggympy.gameengine.gameobjects.WastesInstance object at 0x728e7c54a450>, <mtggympy.gameengine.gameobjects.CardInstance object at 0x728e7c54a550>, <mtggympy.gameengine.gameobjects.WastesInstance object at 0x728e7c5007d0>, <mtggympy.gameengine.gameobjects.WastesInstance object at 0x728e7c54a690>, <mtggympy.gameengine.gameobjects.CardInstance object at 0x728e7c54a750>, <mtggympy.gameengine.gameobjects.WastesInstance object at 0x728e7c54a7d0>, <mtggympy.gameengine.gameobjects.WastesInstance object at 0x728e7c54a950>, <mtggympy.gameengine.gameobjects.CardInstance object at 0x728e7c54aa50>, <mtggympy.gameengine.gameobjects.WastesInstance object at 0x728e7c54aa90>, <mtggympy.gameengine.gameobjects.WastesInstance object at 0x728e7c54abd0>, <mtggympy.gameengine.gameobjects.CardInstance object at 0x728e7c54acd0>, <mtggympy.gameengine.gameobjects.WastesInstance object at 0x728e7c54ad10>, <mtggympy.gameengine.gameobjects.WastesInstance object at 0x728e7c54ae50>, <mtggympy.gameengine.gameobjects.CardInstance object at 0x728e7c54af50>, <mtggympy.gameengine.gameobjects.WastesInstance object at 0x728e7c54af90>, <mtggympy.gameengine.gameobjects.WastesInstance object at 0x728e7c54bd50>, <mtggympy.gameengine.gameobjects.CardInstance object at 0x728e7c54bdd0>, <mtggympy.gameengine.gameobjects.WastesInstance object at 0x728e7c54be10>, <mtggympy.gameengine.gameobjects.WastesInstance object at 0x728e7c54bed0>, <mtggympy.gameengine.gameobjects.CardInstance object at 0x728e7c54bf50>, <mtggympy.gameengine.gameobjects.WastesInstance object at 0x728e7c54bf90>, <mtggympy.gameengine.gameobjects.WastesInstance object at 0x728e7c554090>, <mtggympy.gameengine.gameobjects.CardInstance object at 0x728e7c554110>, <mtggympy.gameengine.gameobjects.WastesInstance object at 0x728e7c554150>, <mtggympy.gameengine.gameobjects.WastesInstance object at 0x728e7c554210>, <mtggympy.gameengine.gameobjects.CardInstance object at 0x728e7c554290>, <mtggympy.gameengine.gameobjects.WastesInstance object at 0x728e7c5542d0>, <mtggympy.gameengine.gameobjects.WastesInstance object at 0x728e7c554390>, <mtggympy.gameengine.gameobjects.CardInstance object at 0x728e7c554410>, <mtggympy.gameengine.gameobjects.WastesInstance object at 0x728e7c554450>, <mtggympy.gameengine.gameobjects.WastesInstance object at 0x728e7c554510>, <mtggympy.gameengine.gameobjects.CardInstance object at 0x728e7c554590>, <mtggympy.gameengine.gameobjects.WastesInstance object at 0x728e7c5545d0>]
---------------------------------------------
Player 1:
Name: Opp-Goldfish
Current Life: 20
Cards in Hand:
[8eee0ee8-95ec-4b18-a510-a4c22e45e9d1] alpha-myr | [3b764281-9195-4a42-913f-9c05d9908c4c] wastes | [0c01aeb0-7240-4534-8f05-1a699e1e14bf] wastes | [7751fcd8-fef0-45da-9a30-83e1e5730280] wastes | [1ff68356-7572-4a45-9fe4-7b0ff24f392e] wastes
Cards in Library: [<mtggympy.gameengine.gameobjects.CardInstance object at 0x728e7c554990>, <mtggympy.gameengine.gameobjects.WastesInstance object at 0x728e7c5549d0>, <mtggympy.gameengine.gameobjects.WastesInstance object at 0x728e7c554a90>, <mtggympy.gameengine.gameobjects.CardInstance object at 0x728e7c554b50>, <mtggympy.gameengine.gameobjects.WastesInstance object at 0x728e7c554b90>, <mtggympy.gameengine.gameobjects.WastesInstance object at 0x728e7c554c50>, <mtggympy.gameengine.gameobjects.CardInstance object at 0x728e7c554cd0>, <mtggympy.gameengine.gameobjects.WastesInstance object at 0x728e7c554b10>, <mtggympy.gameengine.gameobjects.WastesInstance object at 0x728e7c554d90>, <mtggympy.gameengine.gameobjects.CardInstance object at 0x728e7c554e10>, <mtggympy.gameengine.gameobjects.WastesInstance object at 0x728e7c554e50>, <mtggympy.gameengine.gameobjects.WastesInstance object at 0x728e7c554f10>, <mtggympy.gameengine.gameobjects.CardInstance object at 0x728e7c554f90>, <mtggympy.gameengine.gameobjects.WastesInstance object at 0x728e7c554fd0>, <mtggympy.gameengine.gameobjects.WastesInstance object at 0x728e7c555090>, <mtggympy.gameengine.gameobjects.CardInstance object at 0x728e7c555110>, <mtggympy.gameengine.gameobjects.WastesInstance object at 0x728e7c555150>, <mtggympy.gameengine.gameobjects.WastesInstance object at 0x728e7c555210>, <mtggympy.gameengine.gameobjects.CardInstance object at 0x728e7c555290>, <mtggympy.gameengine.gameobjects.WastesInstance object at 0x728e7c5552d0>, <mtggympy.gameengine.gameobjects.WastesInstance object at 0x728e7c555390>, <mtggympy.gameengine.gameobjects.CardInstance object at 0x728e7c555410>, <mtggympy.gameengine.gameobjects.WastesInstance object at 0x728e7c555450>, <mtggympy.gameengine.gameobjects.WastesInstance object at 0x728e7c555510>, <mtggympy.gameengine.gameobjects.CardInstance object at 0x728e7c555590>, <mtggympy.gameengine.gameobjects.WastesInstance object at 0x728e7c5555d0>, <mtggympy.gameengine.gameobjects.WastesInstance object at 0x728e7c555690>, <mtggympy.gameengine.gameobjects.CardInstance object at 0x728e7c555710>, <mtggympy.gameengine.gameobjects.WastesInstance object at 0x728e7c555750>, <mtggympy.gameengine.gameobjects.WastesInstance object at 0x728e7c555810>, <mtggympy.gameengine.gameobjects.CardInstance object at 0x728e7c555890>, <mtggympy.gameengine.gameobjects.WastesInstance object at 0x728e7c5558d0>, <mtggympy.gameengine.gameobjects.WastesInstance object at 0x728e7c555990>, <mtggympy.gameengine.gameobjects.CardInstance object at 0x728e7c555a10>, <mtggympy.gameengine.gameobjects.WastesInstance object at 0x728e7c555a50>, <mtggympy.gameengine.gameobjects.WastesInstance object at 0x728e7c555b10>, <mtggympy.gameengine.gameobjects.CardInstance object at 0x728e7c555b90>, <mtggympy.gameengine.gameobjects.WastesInstance object at 0x728e7c555bd0>]
---------------------------------------------
2026-06-11 17:21:57,258 - session - DEBUG - SessionTick: Opp-Goldfish: Waiting for Player Input
2026-06-11 17:21:57,262 - session - DEBUG - SessionTick: Opp-Goldfish: Anwsered player with new state ---------------------------------------------
---------------- Environment ----------------
---------------------------------------------
Active Player Index: 0
---------------------------------------------
Completed Halfturns: 4
Upcoming Event: MAIN_PHASE_EMPTY_STACK
Active Player Index: 0
Game over: False
---------------------------------------------
Player 0:
Name: Tim
Current Life: 20
Cards in Hand:
[1413fa42-0312-4300-9f75-56052c3f162a] wastes | [394d37a1-8ab5-4709-b494-7f082c23eb2a] wastes
Cards in Library: [<mtggympy.gameengine.gameobjects.CardInstance object at 0x728e7c5006d0>, <mtggympy.gameengine.gameobjects.WastesInstance object at 0x728e7c500750>, <mtggympy.gameengine.gameobjects.WastesInstance object at 0x728e7c500710>, <mtggympy.gameengine.gameobjects.CardInstance object at 0x728e7c54a290>, <mtggympy.gameengine.gameobjects.WastesInstance object at 0x728e7c54a310>, <mtggympy.gameengine.gameobjects.WastesInstance object at 0x728e7c54a450>, <mtggympy.gameengine.gameobjects.CardInstance object at 0x728e7c54a550>, <mtggympy.gameengine.gameobjects.WastesInstance object at 0x728e7c5007d0>, <mtggympy.gameengine.gameobjects.WastesInstance object at 0x728e7c54a690>, <mtggympy.gameengine.gameobjects.CardInstance object at 0x728e7c54a750>, <mtggympy.gameengine.gameobjects.WastesInstance object at 0x728e7c54a7d0>, <mtggympy.gameengine.gameobjects.WastesInstance object at 0x728e7c54a950>, <mtggympy.gameengine.gameobjects.CardInstance object at 0x728e7c54aa50>, <mtggympy.gameengine.gameobjects.WastesInstance object at 0x728e7c54aa90>, <mtggympy.gameengine.gameobjects.WastesInstance object at 0x728e7c54abd0>, <mtggympy.gameengine.gameobjects.CardInstance object at 0x728e7c54acd0>, <mtggympy.gameengine.gameobjects.WastesInstance object at 0x728e7c54ad10>, <mtggympy.gameengine.gameobjects.WastesInstance object at 0x728e7c54ae50>, <mtggympy.gameengine.gameobjects.CardInstance object at 0x728e7c54af50>, <mtggympy.gameengine.gameobjects.WastesInstance object at 0x728e7c54af90>, <mtggympy.gameengine.gameobjects.WastesInstance object at 0x728e7c54bd50>, <mtggympy.gameengine.gameobjects.CardInstance object at 0x728e7c54bdd0>, <mtggympy.gameengine.gameobjects.WastesInstance object at 0x728e7c54be10>, <mtggympy.gameengine.gameobjects.WastesInstance object at 0x728e7c54bed0>, <mtggympy.gameengine.gameobjects.CardInstance object at 0x728e7c54bf50>, <mtggympy.gameengine.gameobjects.WastesInstance object at 0x728e7c54bf90>, <mtggympy.gameengine.gameobjects.WastesInstance object at 0x728e7c554090>, <mtggympy.gameengine.gameobjects.CardInstance object at 0x728e7c554110>, <mtggympy.gameengine.gameobjects.WastesInstance object at 0x728e7c554150>, <mtggympy.gameengine.gameobjects.WastesInstance object at 0x728e7c554210>, <mtggympy.gameengine.gameobjects.CardInstance object at 0x728e7c554290>, <mtggympy.gameengine.gameobjects.WastesInstance object at 0x728e7c5542d0>, <mtggympy.gameengine.gameobjects.WastesInstance object at 0x728e7c554390>, <mtggympy.gameengine.gameobjects.CardInstance object at 0x728e7c554410>, <mtggympy.gameengine.gameobjects.WastesInstance object at 0x728e7c554450>, <mtggympy.gameengine.gameobjects.WastesInstance object at 0x728e7c554510>, <mtggympy.gameengine.gameobjects.CardInstance object at 0x728e7c554590>, <mtggympy.gameengine.gameobjects.WastesInstance object at 0x728e7c5545d0>]
---------------------------------------------
Player 1:
Name: Opp-Goldfish
Current Life: 20
Cards in Hand:
[8eee0ee8-95ec-4b18-a510-a4c22e45e9d1] alpha-myr | [3b764281-9195-4a42-913f-9c05d9908c4c] wastes | [0c01aeb0-7240-4534-8f05-1a699e1e14bf] wastes | [7751fcd8-fef0-45da-9a30-83e1e5730280] wastes | [1ff68356-7572-4a45-9fe4-7b0ff24f392e] wastes
Cards in Library: [<mtggympy.gameengine.gameobjects.CardInstance object at 0x728e7c554990>, <mtggympy.gameengine.gameobjects.WastesInstance object at 0x728e7c5549d0>, <mtggympy.gameengine.gameobjects.WastesInstance object at 0x728e7c554a90>, <mtggympy.gameengine.gameobjects.CardInstance object at 0x728e7c554b50>, <mtggympy.gameengine.gameobjects.WastesInstance object at 0x728e7c554b90>, <mtggympy.gameengine.gameobjects.WastesInstance object at 0x728e7c554c50>, <mtggympy.gameengine.gameobjects.CardInstance object at 0x728e7c554cd0>, <mtggympy.gameengine.gameobjects.WastesInstance object at 0x728e7c554b10>, <mtggympy.gameengine.gameobjects.WastesInstance object at 0x728e7c554d90>, <mtggympy.gameengine.gameobjects.CardInstance object at 0x728e7c554e10>, <mtggympy.gameengine.gameobjects.WastesInstance object at 0x728e7c554e50>, <mtggympy.gameengine.gameobjects.WastesInstance object at 0x728e7c554f10>, <mtggympy.gameengine.gameobjects.CardInstance object at 0x728e7c554f90>, <mtggympy.gameengine.gameobjects.WastesInstance object at 0x728e7c554fd0>, <mtggympy.gameengine.gameobjects.WastesInstance object at 0x728e7c555090>, <mtggympy.gameengine.gameobjects.CardInstance object at 0x728e7c555110>, <mtggympy.gameengine.gameobjects.WastesInstance object at 0x728e7c555150>, <mtggympy.gameengine.gameobjects.WastesInstance object at 0x728e7c555210>, <mtggympy.gameengine.gameobjects.CardInstance object at 0x728e7c555290>, <mtggympy.gameengine.gameobjects.WastesInstance object at 0x728e7c5552d0>, <mtggympy.gameengine.gameobjects.WastesInstance object at 0x728e7c555390>, <mtggympy.gameengine.gameobjects.CardInstance object at 0x728e7c555410>, <mtggympy.gameengine.gameobjects.WastesInstance object at 0x728e7c555450>, <mtggympy.gameengine.gameobjects.WastesInstance object at 0x728e7c555510>, <mtggympy.gameengine.gameobjects.CardInstance object at 0x728e7c555590>, <mtggympy.gameengine.gameobjects.WastesInstance object at 0x728e7c5555d0>, <mtggympy.gameengine.gameobjects.WastesInstance object at 0x728e7c555690>, <mtggympy.gameengine.gameobjects.CardInstance object at 0x728e7c555710>, <mtggympy.gameengine.gameobjects.WastesInstance object at 0x728e7c555750>, <mtggympy.gameengine.gameobjects.WastesInstance object at 0x728e7c555810>, <mtggympy.gameengine.gameobjects.CardInstance object at 0x728e7c555890>, <mtggympy.gameengine.gameobjects.WastesInstance object at 0x728e7c5558d0>, <mtggympy.gameengine.gameobjects.WastesInstance object at 0x728e7c555990>, <mtggympy.gameengine.gameobjects.CardInstance object at 0x728e7c555a10>, <mtggympy.gameengine.gameobjects.WastesInstance object at 0x728e7c555a50>, <mtggympy.gameengine.gameobjects.WastesInstance object at 0x728e7c555b10>, <mtggympy.gameengine.gameobjects.CardInstance object at 0x728e7c555b90>, <mtggympy.gameengine.gameobjects.WastesInstance object at 0x728e7c555bd0>]
---------------------------------------------
2026-06-11 17:21:57,263 - session - DEBUG - SessionTick: Opp-Goldfish: Waiting for player to be ready before continuing
2026-06-11 17:21:57,263 - session - DEBUG - SessionTick: Running GameLoop
2026-06-11 17:21:57,263 - session - DEBUG - SessionTick: Tim: Prompting Player with state ---------------------------------------------
---------------- Environment ----------------
---------------------------------------------
Active Player Index: 0
---------------------------------------------
Completed Halfturns: 4
Upcoming Event: MAIN_PHASE_EMPTY_STACK
Active Player Index: 0
Game over: False
---------------------------------------------
Player 0:
Name: Tim
Current Life: 20
Cards in Hand:
[1413fa42-0312-4300-9f75-56052c3f162a] wastes | [394d37a1-8ab5-4709-b494-7f082c23eb2a] wastes
Cards in Library: [<mtggympy.gameengine.gameobjects.CardInstance object at 0x728e7c5006d0>, <mtggympy.gameengine.gameobjects.WastesInstance object at 0x728e7c500750>, <mtggympy.gameengine.gameobjects.WastesInstance object at 0x728e7c500710>, <mtggympy.gameengine.gameobjects.CardInstance object at 0x728e7c54a290>, <mtggympy.gameengine.gameobjects.WastesInstance object at 0x728e7c54a310>, <mtggympy.gameengine.gameobjects.WastesInstance object at 0x728e7c54a450>, <mtggympy.gameengine.gameobjects.CardInstance object at 0x728e7c54a550>, <mtggympy.gameengine.gameobjects.WastesInstance object at 0x728e7c5007d0>, <mtggympy.gameengine.gameobjects.WastesInstance object at 0x728e7c54a690>, <mtggympy.gameengine.gameobjects.CardInstance object at 0x728e7c54a750>, <mtggympy.gameengine.gameobjects.WastesInstance object at 0x728e7c54a7d0>, <mtggympy.gameengine.gameobjects.WastesInstance object at 0x728e7c54a950>, <mtggympy.gameengine.gameobjects.CardInstance object at 0x728e7c54aa50>, <mtggympy.gameengine.gameobjects.WastesInstance object at 0x728e7c54aa90>, <mtggympy.gameengine.gameobjects.WastesInstance object at 0x728e7c54abd0>, <mtggympy.gameengine.gameobjects.CardInstance object at 0x728e7c54acd0>, <mtggympy.gameengine.gameobjects.WastesInstance object at 0x728e7c54ad10>, <mtggympy.gameengine.gameobjects.WastesInstance object at 0x728e7c54ae50>, <mtggympy.gameengine.gameobjects.CardInstance object at 0x728e7c54af50>, <mtggympy.gameengine.gameobjects.WastesInstance object at 0x728e7c54af90>, <mtggympy.gameengine.gameobjects.WastesInstance object at 0x728e7c54bd50>, <mtggympy.gameengine.gameobjects.CardInstance object at 0x728e7c54bdd0>, <mtggympy.gameengine.gameobjects.WastesInstance object at 0x728e7c54be10>, <mtggympy.gameengine.gameobjects.WastesInstance object at 0x728e7c54bed0>, <mtggympy.gameengine.gameobjects.CardInstance object at 0x728e7c54bf50>, <mtggympy.gameengine.gameobjects.WastesInstance object at 0x728e7c54bf90>, <mtggympy.gameengine.gameobjects.WastesInstance object at 0x728e7c554090>, <mtggympy.gameengine.gameobjects.CardInstance object at 0x728e7c554110>, <mtggympy.gameengine.gameobjects.WastesInstance object at 0x728e7c554150>, <mtggympy.gameengine.gameobjects.WastesInstance object at 0x728e7c554210>, <mtggympy.gameengine.gameobjects.CardInstance object at 0x728e7c554290>, <mtggympy.gameengine.gameobjects.WastesInstance object at 0x728e7c5542d0>, <mtggympy.gameengine.gameobjects.WastesInstance object at 0x728e7c554390>, <mtggympy.gameengine.gameobjects.CardInstance object at 0x728e7c554410>, <mtggympy.gameengine.gameobjects.WastesInstance object at 0x728e7c554450>, <mtggympy.gameengine.gameobjects.WastesInstance object at 0x728e7c554510>, <mtggympy.gameengine.gameobjects.CardInstance object at 0x728e7c554590>, <mtggympy.gameengine.gameobjects.WastesInstance object at 0x728e7c5545d0>]
---------------------------------------------
Player 1:
Name: Opp-Goldfish
Current Life: 20
Cards in Hand:
[8eee0ee8-95ec-4b18-a510-a4c22e45e9d1] alpha-myr | [3b764281-9195-4a42-913f-9c05d9908c4c] wastes | [0c01aeb0-7240-4534-8f05-1a699e1e14bf] wastes | [7751fcd8-fef0-45da-9a30-83e1e5730280] wastes | [1ff68356-7572-4a45-9fe4-7b0ff24f392e] wastes
Cards in Library: [<mtggympy.gameengine.gameobjects.CardInstance object at 0x728e7c554990>, <mtggympy.gameengine.gameobjects.WastesInstance object at 0x728e7c5549d0>, <mtggympy.gameengine.gameobjects.WastesInstance object at 0x728e7c554a90>, <mtggympy.gameengine.gameobjects.CardInstance object at 0x728e7c554b50>, <mtggympy.gameengine.gameobjects.WastesInstance object at 0x728e7c554b90>, <mtggympy.gameengine.gameobjects.WastesInstance object at 0x728e7c554c50>, <mtggympy.gameengine.gameobjects.CardInstance object at 0x728e7c554cd0>, <mtggympy.gameengine.gameobjects.WastesInstance object at 0x728e7c554b10>, <mtggympy.gameengine.gameobjects.WastesInstance object at 0x728e7c554d90>, <mtggympy.gameengine.gameobjects.CardInstance object at 0x728e7c554e10>, <mtggympy.gameengine.gameobjects.WastesInstance object at 0x728e7c554e50>, <mtggympy.gameengine.gameobjects.WastesInstance object at 0x728e7c554f10>, <mtggympy.gameengine.gameobjects.CardInstance object at 0x728e7c554f90>, <mtggympy.gameengine.gameobjects.WastesInstance object at 0x728e7c554fd0>, <mtggympy.gameengine.gameobjects.WastesInstance object at 0x728e7c555090>, <mtggympy.gameengine.gameobjects.CardInstance object at 0x728e7c555110>, <mtggympy.gameengine.gameobjects.WastesInstance object at 0x728e7c555150>, <mtggympy.gameengine.gameobjects.WastesInstance object at 0x728e7c555210>, <mtggympy.gameengine.gameobjects.CardInstance object at 0x728e7c555290>, <mtggympy.gameengine.gameobjects.WastesInstance object at 0x728e7c5552d0>, <mtggympy.gameengine.gameobjects.WastesInstance object at 0x728e7c555390>, <mtggympy.gameengine.gameobjects.CardInstance object at 0x728e7c555410>, <mtggympy.gameengine.gameobjects.WastesInstance object at 0x728e7c555450>, <mtggympy.gameengine.gameobjects.WastesInstance object at 0x728e7c555510>, <mtggympy.gameengine.gameobjects.CardInstance object at 0x728e7c555590>, <mtggympy.gameengine.gameobjects.WastesInstance object at 0x728e7c5555d0>, <mtggympy.gameengine.gameobjects.WastesInstance object at 0x728e7c555690>, <mtggympy.gameengine.gameobjects.CardInstance object at 0x728e7c555710>, <mtggympy.gameengine.gameobjects.WastesInstance object at 0x728e7c555750>, <mtggympy.gameengine.gameobjects.WastesInstance object at 0x728e7c555810>, <mtggympy.gameengine.gameobjects.CardInstance object at 0x728e7c555890>, <mtggympy.gameengine.gameobjects.WastesInstance object at 0x728e7c5558d0>, <mtggympy.gameengine.gameobjects.WastesInstance object at 0x728e7c555990>, <mtggympy.gameengine.gameobjects.CardInstance object at 0x728e7c555a10>, <mtggympy.gameengine.gameobjects.WastesInstance object at 0x728e7c555a50>, <mtggympy.gameengine.gameobjects.WastesInstance object at 0x728e7c555b10>, <mtggympy.gameengine.gameobjects.CardInstance object at 0x728e7c555b90>, <mtggympy.gameengine.gameobjects.WastesInstance object at 0x728e7c555bd0>]
---------------------------------------------
2026-06-11 17:21:57,263 - session - DEBUG - SessionTick: Tim: Waiting for Player Input
2026-06-11 17:21:59,437 - session - DEBUG - SessionTick: Tim: Anwsered player with new state ---------------------------------------------
---------------- Environment ----------------
---------------------------------------------
Active Player Index: 0
---------------------------------------------
Completed Halfturns: 4
Upcoming Event: DECLARE_ATTACKS
Active Player Index: 0
Game over: False
---------------------------------------------
Player 0:
Name: Tim
Current Life: 20
Cards in Hand:
[1413fa42-0312-4300-9f75-56052c3f162a] wastes | [394d37a1-8ab5-4709-b494-7f082c23eb2a] wastes
Cards in Library: [<mtggympy.gameengine.gameobjects.CardInstance object at 0x728e7c5006d0>, <mtggympy.gameengine.gameobjects.WastesInstance object at 0x728e7c500750>, <mtggympy.gameengine.gameobjects.WastesInstance object at 0x728e7c500710>, <mtggympy.gameengine.gameobjects.CardInstance object at 0x728e7c54a290>, <mtggympy.gameengine.gameobjects.WastesInstance object at 0x728e7c54a310>, <mtggympy.gameengine.gameobjects.WastesInstance object at 0x728e7c54a450>, <mtggympy.gameengine.gameobjects.CardInstance object at 0x728e7c54a550>, <mtggympy.gameengine.gameobjects.WastesInstance object at 0x728e7c5007d0>, <mtggympy.gameengine.gameobjects.WastesInstance object at 0x728e7c54a690>, <mtggympy.gameengine.gameobjects.CardInstance object at 0x728e7c54a750>, <mtggympy.gameengine.gameobjects.WastesInstance object at 0x728e7c54a7d0>, <mtggympy.gameengine.gameobjects.WastesInstance object at 0x728e7c54a950>, <mtggympy.gameengine.gameobjects.CardInstance object at 0x728e7c54aa50>, <mtggympy.gameengine.gameobjects.WastesInstance object at 0x728e7c54aa90>, <mtggympy.gameengine.gameobjects.WastesInstance object at 0x728e7c54abd0>, <mtggympy.gameengine.gameobjects.CardInstance object at 0x728e7c54acd0>, <mtggympy.gameengine.gameobjects.WastesInstance object at 0x728e7c54ad10>, <mtggympy.gameengine.gameobjects.WastesInstance object at 0x728e7c54ae50>, <mtggympy.gameengine.gameobjects.CardInstance object at 0x728e7c54af50>, <mtggympy.gameengine.gameobjects.WastesInstance object at 0x728e7c54af90>, <mtggympy.gameengine.gameobjects.WastesInstance object at 0x728e7c54bd50>, <mtggympy.gameengine.gameobjects.CardInstance object at 0x728e7c54bdd0>, <mtggympy.gameengine.gameobjects.WastesInstance object at 0x728e7c54be10>, <mtggympy.gameengine.gameobjects.WastesInstance object at 0x728e7c54bed0>, <mtggympy.gameengine.gameobjects.CardInstance object at 0x728e7c54bf50>, <mtggympy.gameengine.gameobjects.WastesInstance object at 0x728e7c54bf90>, <mtggympy.gameengine.gameobjects.WastesInstance object at 0x728e7c554090>, <mtggympy.gameengine.gameobjects.CardInstance object at 0x728e7c554110>, <mtggympy.gameengine.gameobjects.WastesInstance object at 0x728e7c554150>, <mtggympy.gameengine.gameobjects.WastesInstance object at 0x728e7c554210>, <mtggympy.gameengine.gameobjects.CardInstance object at 0x728e7c554290>, <mtggympy.gameengine.gameobjects.WastesInstance object at 0x728e7c5542d0>, <mtggympy.gameengine.gameobjects.WastesInstance object at 0x728e7c554390>, <mtggympy.gameengine.gameobjects.CardInstance object at 0x728e7c554410>, <mtggympy.gameengine.gameobjects.WastesInstance object at 0x728e7c554450>, <mtggympy.gameengine.gameobjects.WastesInstance object at 0x728e7c554510>, <mtggympy.gameengine.gameobjects.CardInstance object at 0x728e7c554590>, <mtggympy.gameengine.gameobjects.WastesInstance object at 0x728e7c5545d0>]
---------------------------------------------
Player 1:
Name: Opp-Goldfish
Current Life: 20
Cards in Hand:
[8eee0ee8-95ec-4b18-a510-a4c22e45e9d1] alpha-myr | [3b764281-9195-4a42-913f-9c05d9908c4c] wastes | [0c01aeb0-7240-4534-8f05-1a699e1e14bf] wastes | [7751fcd8-fef0-45da-9a30-83e1e5730280] wastes | [1ff68356-7572-4a45-9fe4-7b0ff24f392e] wastes
Cards in Library: [<mtggympy.gameengine.gameobjects.CardInstance object at 0x728e7c554990>, <mtggympy.gameengine.gameobjects.WastesInstance object at 0x728e7c5549d0>, <mtggympy.gameengine.gameobjects.WastesInstance object at 0x728e7c554a90>, <mtggympy.gameengine.gameobjects.CardInstance object at 0x728e7c554b50>, <mtggympy.gameengine.gameobjects.WastesInstance object at 0x728e7c554b90>, <mtggympy.gameengine.gameobjects.WastesInstance object at 0x728e7c554c50>, <mtggympy.gameengine.gameobjects.CardInstance object at 0x728e7c554cd0>, <mtggympy.gameengine.gameobjects.WastesInstance object at 0x728e7c554b10>, <mtggympy.gameengine.gameobjects.WastesInstance object at 0x728e7c554d90>, <mtggympy.gameengine.gameobjects.CardInstance object at 0x728e7c554e10>, <mtggympy.gameengine.gameobjects.WastesInstance object at 0x728e7c554e50>, <mtggympy.gameengine.gameobjects.WastesInstance object at 0x728e7c554f10>, <mtggympy.gameengine.gameobjects.CardInstance object at 0x728e7c554f90>, <mtggympy.gameengine.gameobjects.WastesInstance object at 0x728e7c554fd0>, <mtggympy.gameengine.gameobjects.WastesInstance object at 0x728e7c555090>, <mtggympy.gameengine.gameobjects.CardInstance object at 0x728e7c555110>, <mtggympy.gameengine.gameobjects.WastesInstance object at 0x728e7c555150>, <mtggympy.gameengine.gameobjects.WastesInstance object at 0x728e7c555210>, <mtggympy.gameengine.gameobjects.CardInstance object at 0x728e7c555290>, <mtggympy.gameengine.gameobjects.WastesInstance object at 0x728e7c5552d0>, <mtggympy.gameengine.gameobjects.WastesInstance object at 0x728e7c555390>, <mtggympy.gameengine.gameobjects.CardInstance object at 0x728e7c555410>, <mtggympy.gameengine.gameobjects.WastesInstance object at 0x728e7c555450>, <mtggympy.gameengine.gameobjects.WastesInstance object at 0x728e7c555510>, <mtggympy.gameengine.gameobjects.CardInstance object at 0x728e7c555590>, <mtggympy.gameengine.gameobjects.WastesInstance object at 0x728e7c5555d0>, <mtggympy.gameengine.gameobjects.WastesInstance object at 0x728e7c555690>, <mtggympy.gameengine.gameobjects.CardInstance object at 0x728e7c555710>, <mtggympy.gameengine.gameobjects.WastesInstance object at 0x728e7c555750>, <mtggympy.gameengine.gameobjects.WastesInstance object at 0x728e7c555810>, <mtggympy.gameengine.gameobjects.CardInstance object at 0x728e7c555890>, <mtggympy.gameengine.gameobjects.WastesInstance object at 0x728e7c5558d0>, <mtggympy.gameengine.gameobjects.WastesInstance object at 0x728e7c555990>, <mtggympy.gameengine.gameobjects.CardInstance object at 0x728e7c555a10>, <mtggympy.gameengine.gameobjects.WastesInstance object at 0x728e7c555a50>, <mtggympy.gameengine.gameobjects.WastesInstance object at 0x728e7c555b10>, <mtggympy.gameengine.gameobjects.CardInstance object at 0x728e7c555b90>, <mtggympy.gameengine.gameobjects.WastesInstance object at 0x728e7c555bd0>]
---------------------------------------------
2026-06-11 17:21:59,437 - session - DEBUG - SessionTick: Tim: Waiting for player to be ready before continuing
2026-06-11 17:21:59,437 - session - DEBUG - SessionTick: Running GameLoop
2026-06-11 17:21:59,438 - session - DEBUG - SessionTick: Tim: Prompting Player with state ---------------------------------------------
---------------- Environment ----------------
---------------------------------------------
Active Player Index: 0
---------------------------------------------
Completed Halfturns: 4
Upcoming Event: DECLARE_ATTACKS
Active Player Index: 0
Game over: False
---------------------------------------------
Player 0:
Name: Tim
Current Life: 20
Cards in Hand:
[1413fa42-0312-4300-9f75-56052c3f162a] wastes | [394d37a1-8ab5-4709-b494-7f082c23eb2a] wastes
Cards in Library: [<mtggympy.gameengine.gameobjects.CardInstance object at 0x728e7c5006d0>, <mtggympy.gameengine.gameobjects.WastesInstance object at 0x728e7c500750>, <mtggympy.gameengine.gameobjects.WastesInstance object at 0x728e7c500710>, <mtggympy.gameengine.gameobjects.CardInstance object at 0x728e7c54a290>, <mtggympy.gameengine.gameobjects.WastesInstance object at 0x728e7c54a310>, <mtggympy.gameengine.gameobjects.WastesInstance object at 0x728e7c54a450>, <mtggympy.gameengine.gameobjects.CardInstance object at 0x728e7c54a550>, <mtggympy.gameengine.gameobjects.WastesInstance object at 0x728e7c5007d0>, <mtggympy.gameengine.gameobjects.WastesInstance object at 0x728e7c54a690>, <mtggympy.gameengine.gameobjects.CardInstance object at 0x728e7c54a750>, <mtggympy.gameengine.gameobjects.WastesInstance object at 0x728e7c54a7d0>, <mtggympy.gameengine.gameobjects.WastesInstance object at 0x728e7c54a950>, <mtggympy.gameengine.gameobjects.CardInstance object at 0x728e7c54aa50>, <mtggympy.gameengine.gameobjects.WastesInstance object at 0x728e7c54aa90>, <mtggympy.gameengine.gameobjects.WastesInstance object at 0x728e7c54abd0>, <mtggympy.gameengine.gameobjects.CardInstance object at 0x728e7c54acd0>, <mtggympy.gameengine.gameobjects.WastesInstance object at 0x728e7c54ad10>, <mtggympy.gameengine.gameobjects.WastesInstance object at 0x728e7c54ae50>, <mtggympy.gameengine.gameobjects.CardInstance object at 0x728e7c54af50>, <mtggympy.gameengine.gameobjects.WastesInstance object at 0x728e7c54af90>, <mtggympy.gameengine.gameobjects.WastesInstance object at 0x728e7c54bd50>, <mtggympy.gameengine.gameobjects.CardInstance object at 0x728e7c54bdd0>, <mtggympy.gameengine.gameobjects.WastesInstance object at 0x728e7c54be10>, <mtggympy.gameengine.gameobjects.WastesInstance object at 0x728e7c54bed0>, <mtggympy.gameengine.gameobjects.CardInstance object at 0x728e7c54bf50>, <mtggympy.gameengine.gameobjects.WastesInstance object at 0x728e7c54bf90>, <mtggympy.gameengine.gameobjects.WastesInstance object at 0x728e7c554090>, <mtggympy.gameengine.gameobjects.CardInstance object at 0x728e7c554110>, <mtggympy.gameengine.gameobjects.WastesInstance object at 0x728e7c554150>, <mtggympy.gameengine.gameobjects.WastesInstance object at 0x728e7c554210>, <mtggympy.gameengine.gameobjects.CardInstance object at 0x728e7c554290>, <mtggympy.gameengine.gameobjects.WastesInstance object at 0x728e7c5542d0>, <mtggympy.gameengine.gameobjects.WastesInstance object at 0x728e7c554390>, <mtggympy.gameengine.gameobjects.CardInstance object at 0x728e7c554410>, <mtggympy.gameengine.gameobjects.WastesInstance object at 0x728e7c554450>, <mtggympy.gameengine.gameobjects.WastesInstance object at 0x728e7c554510>, <mtggympy.gameengine.gameobjects.CardInstance object at 0x728e7c554590>, <mtggympy.gameengine.gameobjects.WastesInstance object at 0x728e7c5545d0>]
---------------------------------------------
Player 1:
Name: Opp-Goldfish
Current Life: 20
Cards in Hand:
[8eee0ee8-95ec-4b18-a510-a4c22e45e9d1] alpha-myr | [3b764281-9195-4a42-913f-9c05d9908c4c] wastes | [0c01aeb0-7240-4534-8f05-1a699e1e14bf] wastes | [7751fcd8-fef0-45da-9a30-83e1e5730280] wastes | [1ff68356-7572-4a45-9fe4-7b0ff24f392e] wastes
Cards in Library: [<mtggympy.gameengine.gameobjects.CardInstance object at 0x728e7c554990>, <mtggympy.gameengine.gameobjects.WastesInstance object at 0x728e7c5549d0>, <mtggympy.gameengine.gameobjects.WastesInstance object at 0x728e7c554a90>, <mtggympy.gameengine.gameobjects.CardInstance object at 0x728e7c554b50>, <mtggympy.gameengine.gameobjects.WastesInstance object at 0x728e7c554b90>, <mtggympy.gameengine.gameobjects.WastesInstance object at 0x728e7c554c50>, <mtggympy.gameengine.gameobjects.CardInstance object at 0x728e7c554cd0>, <mtggympy.gameengine.gameobjects.WastesInstance object at 0x728e7c554b10>, <mtggympy.gameengine.gameobjects.WastesInstance object at 0x728e7c554d90>, <mtggympy.gameengine.gameobjects.CardInstance object at 0x728e7c554e10>, <mtggympy.gameengine.gameobjects.WastesInstance object at 0x728e7c554e50>, <mtggympy.gameengine.gameobjects.WastesInstance object at 0x728e7c554f10>, <mtggympy.gameengine.gameobjects.CardInstance object at 0x728e7c554f90>, <mtggympy.gameengine.gameobjects.WastesInstance object at 0x728e7c554fd0>, <mtggympy.gameengine.gameobjects.WastesInstance object at 0x728e7c555090>, <mtggympy.gameengine.gameobjects.CardInstance object at 0x728e7c555110>, <mtggympy.gameengine.gameobjects.WastesInstance object at 0x728e7c555150>, <mtggympy.gameengine.gameobjects.WastesInstance object at 0x728e7c555210>, <mtggympy.gameengine.gameobjects.CardInstance object at 0x728e7c555290>, <mtggympy.gameengine.gameobjects.WastesInstance object at 0x728e7c5552d0>, <mtggympy.gameengine.gameobjects.WastesInstance object at 0x728e7c555390>, <mtggympy.gameengine.gameobjects.CardInstance object at 0x728e7c555410>, <mtggympy.gameengine.gameobjects.WastesInstance object at 0x728e7c555450>, <mtggympy.gameengine.gameobjects.WastesInstance object at 0x728e7c555510>, <mtggympy.gameengine.gameobjects.CardInstance object at 0x728e7c555590>, <mtggympy.gameengine.gameobjects.WastesInstance object at 0x728e7c5555d0>, <mtggympy.gameengine.gameobjects.WastesInstance object at 0x728e7c555690>, <mtggympy.gameengine.gameobjects.CardInstance object at 0x728e7c555710>, <mtggympy.gameengine.gameobjects.WastesInstance object at 0x728e7c555750>, <mtggympy.gameengine.gameobjects.WastesInstance object at 0x728e7c555810>, <mtggympy.gameengine.gameobjects.CardInstance object at 0x728e7c555890>, <mtggympy.gameengine.gameobjects.WastesInstance object at 0x728e7c5558d0>, <mtggympy.gameengine.gameobjects.WastesInstance object at 0x728e7c555990>, <mtggympy.gameengine.gameobjects.CardInstance object at 0x728e7c555a10>, <mtggympy.gameengine.gameobjects.WastesInstance object at 0x728e7c555a50>, <mtggympy.gameengine.gameobjects.WastesInstance object at 0x728e7c555b10>, <mtggympy.gameengine.gameobjects.CardInstance object at 0x728e7c555b90>, <mtggympy.gameengine.gameobjects.WastesInstance object at 0x728e7c555bd0>]
---------------------------------------------
2026-06-11 17:21:59,438 - session - DEBUG - SessionTick: Tim: Waiting for Player Input
2026-06-11 17:22:07,945 - session - DEBUG - SessionTick: Tim: Anwsered player with new state ---------------------------------------------
---------------- Environment ----------------
---------------------------------------------
Active Player Index: 1
---------------------------------------------
Completed Halfturns: 5
Upcoming Event: MAIN_PHASE_EMPTY_STACK
Active Player Index: 1
Game over: False
---------------------------------------------
Player 0:
Name: Tim
Current Life: 20
Cards in Hand:
[1413fa42-0312-4300-9f75-56052c3f162a] wastes | [394d37a1-8ab5-4709-b494-7f082c23eb2a] wastes
Cards in Library: [<mtggympy.gameengine.gameobjects.CardInstance object at 0x728e7c5006d0>, <mtggympy.gameengine.gameobjects.WastesInstance object at 0x728e7c500750>, <mtggympy.gameengine.gameobjects.WastesInstance object at 0x728e7c500710>, <mtggympy.gameengine.gameobjects.CardInstance object at 0x728e7c54a290>, <mtggympy.gameengine.gameobjects.WastesInstance object at 0x728e7c54a310>, <mtggympy.gameengine.gameobjects.WastesInstance object at 0x728e7c54a450>, <mtggympy.gameengine.gameobjects.CardInstance object at 0x728e7c54a550>, <mtggympy.gameengine.gameobjects.WastesInstance object at 0x728e7c5007d0>, <mtggympy.gameengine.gameobjects.WastesInstance object at 0x728e7c54a690>, <mtggympy.gameengine.gameobjects.CardInstance object at 0x728e7c54a750>, <mtggympy.gameengine.gameobjects.WastesInstance object at 0x728e7c54a7d0>, <mtggympy.gameengine.gameobjects.WastesInstance object at 0x728e7c54a950>, <mtggympy.gameengine.gameobjects.CardInstance object at 0x728e7c54aa50>, <mtggympy.gameengine.gameobjects.WastesInstance object at 0x728e7c54aa90>, <mtggympy.gameengine.gameobjects.WastesInstance object at 0x728e7c54abd0>, <mtggympy.gameengine.gameobjects.CardInstance object at 0x728e7c54acd0>, <mtggympy.gameengine.gameobjects.WastesInstance object at 0x728e7c54ad10>, <mtggympy.gameengine.gameobjects.WastesInstance object at 0x728e7c54ae50>, <mtggympy.gameengine.gameobjects.CardInstance object at 0x728e7c54af50>, <mtggympy.gameengine.gameobjects.WastesInstance object at 0x728e7c54af90>, <mtggympy.gameengine.gameobjects.WastesInstance object at 0x728e7c54bd50>, <mtggympy.gameengine.gameobjects.CardInstance object at 0x728e7c54bdd0>, <mtggympy.gameengine.gameobjects.WastesInstance object at 0x728e7c54be10>, <mtggympy.gameengine.gameobjects.WastesInstance object at 0x728e7c54bed0>, <mtggympy.gameengine.gameobjects.CardInstance object at 0x728e7c54bf50>, <mtggympy.gameengine.gameobjects.WastesInstance object at 0x728e7c54bf90>, <mtggympy.gameengine.gameobjects.WastesInstance object at 0x728e7c554090>, <mtggympy.gameengine.gameobjects.CardInstance object at 0x728e7c554110>, <mtggympy.gameengine.gameobjects.WastesInstance object at 0x728e7c554150>, <mtggympy.gameengine.gameobjects.WastesInstance object at 0x728e7c554210>, <mtggympy.gameengine.gameobjects.CardInstance object at 0x728e7c554290>, <mtggympy.gameengine.gameobjects.WastesInstance object at 0x728e7c5542d0>, <mtggympy.gameengine.gameobjects.WastesInstance object at 0x728e7c554390>, <mtggympy.gameengine.gameobjects.CardInstance object at 0x728e7c554410>, <mtggympy.gameengine.gameobjects.WastesInstance object at 0x728e7c554450>, <mtggympy.gameengine.gameobjects.WastesInstance object at 0x728e7c554510>, <mtggympy.gameengine.gameobjects.CardInstance object at 0x728e7c554590>, <mtggympy.gameengine.gameobjects.WastesInstance object at 0x728e7c5545d0>]
---------------------------------------------
Player 1:
Name: Opp-Goldfish
Current Life: 19
Cards in Hand:
[8eee0ee8-95ec-4b18-a510-a4c22e45e9d1] alpha-myr | [3b764281-9195-4a42-913f-9c05d9908c4c] wastes | [0c01aeb0-7240-4534-8f05-1a699e1e14bf] wastes | [7751fcd8-fef0-45da-9a30-83e1e5730280] wastes | [1ff68356-7572-4a45-9fe4-7b0ff24f392e] wastes | [81dca2b1-2923-4fe8-a0f2-72500eb4957b] alpha-myr
Cards in Library: [<mtggympy.gameengine.gameobjects.WastesInstance object at 0x728e7c5549d0>, <mtggympy.gameengine.gameobjects.WastesInstance object at 0x728e7c554a90>, <mtggympy.gameengine.gameobjects.CardInstance object at 0x728e7c554b50>, <mtggympy.gameengine.gameobjects.WastesInstance object at 0x728e7c554b90>, <mtggympy.gameengine.gameobjects.WastesInstance object at 0x728e7c554c50>, <mtggympy.gameengine.gameobjects.CardInstance object at 0x728e7c554cd0>, <mtggympy.gameengine.gameobjects.WastesInstance object at 0x728e7c554b10>, <mtggympy.gameengine.gameobjects.WastesInstance object at 0x728e7c554d90>, <mtggympy.gameengine.gameobjects.CardInstance object at 0x728e7c554e10>, <mtggympy.gameengine.gameobjects.WastesInstance object at 0x728e7c554e50>, <mtggympy.gameengine.gameobjects.WastesInstance object at 0x728e7c554f10>, <mtggympy.gameengine.gameobjects.CardInstance object at 0x728e7c554f90>, <mtggympy.gameengine.gameobjects.WastesInstance object at 0x728e7c554fd0>, <mtggympy.gameengine.gameobjects.WastesInstance object at 0x728e7c555090>, <mtggympy.gameengine.gameobjects.CardInstance object at 0x728e7c555110>, <mtggympy.gameengine.gameobjects.WastesInstance object at 0x728e7c555150>, <mtggympy.gameengine.gameobjects.WastesInstance object at 0x728e7c555210>, <mtggympy.gameengine.gameobjects.CardInstance object at 0x728e7c555290>, <mtggympy.gameengine.gameobjects.WastesInstance object at 0x728e7c5552d0>, <mtggympy.gameengine.gameobjects.WastesInstance object at 0x728e7c555390>, <mtggympy.gameengine.gameobjects.CardInstance object at 0x728e7c555410>, <mtggympy.gameengine.gameobjects.WastesInstance object at 0x728e7c555450>, <mtggympy.gameengine.gameobjects.WastesInstance object at 0x728e7c555510>, <mtggympy.gameengine.gameobjects.CardInstance object at 0x728e7c555590>, <mtggympy.gameengine.gameobjects.WastesInstance object at 0x728e7c5555d0>, <mtggympy.gameengine.gameobjects.WastesInstance object at 0x728e7c555690>, <mtggympy.gameengine.gameobjects.CardInstance object at 0x728e7c555710>, <mtggympy.gameengine.gameobjects.WastesInstance object at 0x728e7c555750>, <mtggympy.gameengine.gameobjects.WastesInstance object at 0x728e7c555810>, <mtggympy.gameengine.gameobjects.CardInstance object at 0x728e7c555890>, <mtggympy.gameengine.gameobjects.WastesInstance object at 0x728e7c5558d0>, <mtggympy.gameengine.gameobjects.WastesInstance object at 0x728e7c555990>, <mtggympy.gameengine.gameobjects.CardInstance object at 0x728e7c555a10>, <mtggympy.gameengine.gameobjects.WastesInstance object at 0x728e7c555a50>, <mtggympy.gameengine.gameobjects.WastesInstance object at 0x728e7c555b10>, <mtggympy.gameengine.gameobjects.CardInstance object at 0x728e7c555b90>, <mtggympy.gameengine.gameobjects.WastesInstance object at 0x728e7c555bd0>]
---------------------------------------------
2026-06-11 17:22:07,946 - session - DEBUG - SessionTick: Tim: Waiting for player to be ready before continuing
2026-06-11 17:22:07,946 - session - DEBUG - SessionTick: Running GameLoop
2026-06-11 17:22:07,947 - session - DEBUG - SessionTick: Opp-Goldfish: Prompting Player with state ---------------------------------------------
---------------- Environment ----------------
---------------------------------------------
Active Player Index: 1
---------------------------------------------
Completed Halfturns: 5
Upcoming Event: MAIN_PHASE_EMPTY_STACK
Active Player Index: 1
Game over: False
---------------------------------------------
Player 0:
Name: Tim
Current Life: 20
Cards in Hand:
[1413fa42-0312-4300-9f75-56052c3f162a] wastes | [394d37a1-8ab5-4709-b494-7f082c23eb2a] wastes
Cards in Library: [<mtggympy.gameengine.gameobjects.CardInstance object at 0x728e7c5006d0>, <mtggympy.gameengine.gameobjects.WastesInstance object at 0x728e7c500750>, <mtggympy.gameengine.gameobjects.WastesInstance object at 0x728e7c500710>, <mtggympy.gameengine.gameobjects.CardInstance object at 0x728e7c54a290>, <mtggympy.gameengine.gameobjects.WastesInstance object at 0x728e7c54a310>, <mtggympy.gameengine.gameobjects.WastesInstance object at 0x728e7c54a450>, <mtggympy.gameengine.gameobjects.CardInstance object at 0x728e7c54a550>, <mtggympy.gameengine.gameobjects.WastesInstance object at 0x728e7c5007d0>, <mtggympy.gameengine.gameobjects.WastesInstance object at 0x728e7c54a690>, <mtggympy.gameengine.gameobjects.CardInstance object at 0x728e7c54a750>, <mtggympy.gameengine.gameobjects.WastesInstance object at 0x728e7c54a7d0>, <mtggympy.gameengine.gameobjects.WastesInstance object at 0x728e7c54a950>, <mtggympy.gameengine.gameobjects.CardInstance object at 0x728e7c54aa50>, <mtggympy.gameengine.gameobjects.WastesInstance object at 0x728e7c54aa90>, <mtggympy.gameengine.gameobjects.WastesInstance object at 0x728e7c54abd0>, <mtggympy.gameengine.gameobjects.CardInstance object at 0x728e7c54acd0>, <mtggympy.gameengine.gameobjects.WastesInstance object at 0x728e7c54ad10>, <mtggympy.gameengine.gameobjects.WastesInstance object at 0x728e7c54ae50>, <mtggympy.gameengine.gameobjects.CardInstance object at 0x728e7c54af50>, <mtggympy.gameengine.gameobjects.WastesInstance object at 0x728e7c54af90>, <mtggympy.gameengine.gameobjects.WastesInstance object at 0x728e7c54bd50>, <mtggympy.gameengine.gameobjects.CardInstance object at 0x728e7c54bdd0>, <mtggympy.gameengine.gameobjects.WastesInstance object at 0x728e7c54be10>, <mtggympy.gameengine.gameobjects.WastesInstance object at 0x728e7c54bed0>, <mtggympy.gameengine.gameobjects.CardInstance object at 0x728e7c54bf50>, <mtggympy.gameengine.gameobjects.WastesInstance object at 0x728e7c54bf90>, <mtggympy.gameengine.gameobjects.WastesInstance object at 0x728e7c554090>, <mtggympy.gameengine.gameobjects.CardInstance object at 0x728e7c554110>, <mtggympy.gameengine.gameobjects.WastesInstance object at 0x728e7c554150>, <mtggympy.gameengine.gameobjects.WastesInstance object at 0x728e7c554210>, <mtggympy.gameengine.gameobjects.CardInstance object at 0x728e7c554290>, <mtggympy.gameengine.gameobjects.WastesInstance object at 0x728e7c5542d0>, <mtggympy.gameengine.gameobjects.WastesInstance object at 0x728e7c554390>, <mtggympy.gameengine.gameobjects.CardInstance object at 0x728e7c554410>, <mtggympy.gameengine.gameobjects.WastesInstance object at 0x728e7c554450>, <mtggympy.gameengine.gameobjects.WastesInstance object at 0x728e7c554510>, <mtggympy.gameengine.gameobjects.CardInstance object at 0x728e7c554590>, <mtggympy.gameengine.gameobjects.WastesInstance object at 0x728e7c5545d0>]
---------------------------------------------
Player 1:
Name: Opp-Goldfish
Current Life: 19
Cards in Hand:
[8eee0ee8-95ec-4b18-a510-a4c22e45e9d1] alpha-myr | [3b764281-9195-4a42-913f-9c05d9908c4c] wastes | [0c01aeb0-7240-4534-8f05-1a699e1e14bf] wastes | [7751fcd8-fef0-45da-9a30-83e1e5730280] wastes | [1ff68356-7572-4a45-9fe4-7b0ff24f392e] wastes | [81dca2b1-2923-4fe8-a0f2-72500eb4957b] alpha-myr
Cards in Library: [<mtggympy.gameengine.gameobjects.WastesInstance object at 0x728e7c5549d0>, <mtggympy.gameengine.gameobjects.WastesInstance object at 0x728e7c554a90>, <mtggympy.gameengine.gameobjects.CardInstance object at 0x728e7c554b50>, <mtggympy.gameengine.gameobjects.WastesInstance object at 0x728e7c554b90>, <mtggympy.gameengine.gameobjects.WastesInstance object at 0x728e7c554c50>, <mtggympy.gameengine.gameobjects.CardInstance object at 0x728e7c554cd0>, <mtggympy.gameengine.gameobjects.WastesInstance object at 0x728e7c554b10>, <mtggympy.gameengine.gameobjects.WastesInstance object at 0x728e7c554d90>, <mtggympy.gameengine.gameobjects.CardInstance object at 0x728e7c554e10>, <mtggympy.gameengine.gameobjects.WastesInstance object at 0x728e7c554e50>, <mtggympy.gameengine.gameobjects.WastesInstance object at 0x728e7c554f10>, <mtggympy.gameengine.gameobjects.CardInstance object at 0x728e7c554f90>, <mtggympy.gameengine.gameobjects.WastesInstance object at 0x728e7c554fd0>, <mtggympy.gameengine.gameobjects.WastesInstance object at 0x728e7c555090>, <mtggympy.gameengine.gameobjects.CardInstance object at 0x728e7c555110>, <mtggympy.gameengine.gameobjects.WastesInstance object at 0x728e7c555150>, <mtggympy.gameengine.gameobjects.WastesInstance object at 0x728e7c555210>, <mtggympy.gameengine.gameobjects.CardInstance object at 0x728e7c555290>, <mtggympy.gameengine.gameobjects.WastesInstance object at 0x728e7c5552d0>, <mtggympy.gameengine.gameobjects.WastesInstance object at 0x728e7c555390>, <mtggympy.gameengine.gameobjects.CardInstance object at 0x728e7c555410>, <mtggympy.gameengine.gameobjects.WastesInstance object at 0x728e7c555450>, <mtggympy.gameengine.gameobjects.WastesInstance object at 0x728e7c555510>, <mtggympy.gameengine.gameobjects.CardInstance object at 0x728e7c555590>, <mtggympy.gameengine.gameobjects.WastesInstance object at 0x728e7c5555d0>, <mtggympy.gameengine.gameobjects.WastesInstance object at 0x728e7c555690>, <mtggympy.gameengine.gameobjects.CardInstance object at 0x728e7c555710>, <mtggympy.gameengine.gameobjects.WastesInstance object at 0x728e7c555750>, <mtggympy.gameengine.gameobjects.WastesInstance object at 0x728e7c555810>, <mtggympy.gameengine.gameobjects.CardInstance object at 0x728e7c555890>, <mtggympy.gameengine.gameobjects.WastesInstance object at 0x728e7c5558d0>, <mtggympy.gameengine.gameobjects.WastesInstance object at 0x728e7c555990>, <mtggympy.gameengine.gameobjects.CardInstance object at 0x728e7c555a10>, <mtggympy.gameengine.gameobjects.WastesInstance object at 0x728e7c555a50>, <mtggympy.gameengine.gameobjects.WastesInstance object at 0x728e7c555b10>, <mtggympy.gameengine.gameobjects.CardInstance object at 0x728e7c555b90>, <mtggympy.gameengine.gameobjects.WastesInstance object at 0x728e7c555bd0>]
---------------------------------------------
2026-06-11 17:22:07,947 - session - DEBUG - SessionTick: Opp-Goldfish: Waiting for Player Input
2026-06-11 17:22:07,951 - session - DEBUG - SessionTick: Opp-Goldfish: Anwsered player with new state ---------------------------------------------
---------------- Environment ----------------
---------------------------------------------
Active Player Index: 1
---------------------------------------------
Completed Halfturns: 5
Upcoming Event: DECLARE_ATTACKS
Active Player Index: 1
Game over: False
---------------------------------------------
Player 0:
Name: Tim
Current Life: 20
Cards in Hand:
[1413fa42-0312-4300-9f75-56052c3f162a] wastes | [394d37a1-8ab5-4709-b494-7f082c23eb2a] wastes
Cards in Library: [<mtggympy.gameengine.gameobjects.CardInstance object at 0x728e7c5006d0>, <mtggympy.gameengine.gameobjects.WastesInstance object at 0x728e7c500750>, <mtggympy.gameengine.gameobjects.WastesInstance object at 0x728e7c500710>, <mtggympy.gameengine.gameobjects.CardInstance object at 0x728e7c54a290>, <mtggympy.gameengine.gameobjects.WastesInstance object at 0x728e7c54a310>, <mtggympy.gameengine.gameobjects.WastesInstance object at 0x728e7c54a450>, <mtggympy.gameengine.gameobjects.CardInstance object at 0x728e7c54a550>, <mtggympy.gameengine.gameobjects.WastesInstance object at 0x728e7c5007d0>, <mtggympy.gameengine.gameobjects.WastesInstance object at 0x728e7c54a690>, <mtggympy.gameengine.gameobjects.CardInstance object at 0x728e7c54a750>, <mtggympy.gameengine.gameobjects.WastesInstance object at 0x728e7c54a7d0>, <mtggympy.gameengine.gameobjects.WastesInstance object at 0x728e7c54a950>, <mtggympy.gameengine.gameobjects.CardInstance object at 0x728e7c54aa50>, <mtggympy.gameengine.gameobjects.WastesInstance object at 0x728e7c54aa90>, <mtggympy.gameengine.gameobjects.WastesInstance object at 0x728e7c54abd0>, <mtggympy.gameengine.gameobjects.CardInstance object at 0x728e7c54acd0>, <mtggympy.gameengine.gameobjects.WastesInstance object at 0x728e7c54ad10>, <mtggympy.gameengine.gameobjects.WastesInstance object at 0x728e7c54ae50>, <mtggympy.gameengine.gameobjects.CardInstance object at 0x728e7c54af50>, <mtggympy.gameengine.gameobjects.WastesInstance object at 0x728e7c54af90>, <mtggympy.gameengine.gameobjects.WastesInstance object at 0x728e7c54bd50>, <mtggympy.gameengine.gameobjects.CardInstance object at 0x728e7c54bdd0>, <mtggympy.gameengine.gameobjects.WastesInstance object at 0x728e7c54be10>, <mtggympy.gameengine.gameobjects.WastesInstance object at 0x728e7c54bed0>, <mtggympy.gameengine.gameobjects.CardInstance object at 0x728e7c54bf50>, <mtggympy.gameengine.gameobjects.WastesInstance object at 0x728e7c54bf90>, <mtggympy.gameengine.gameobjects.WastesInstance object at 0x728e7c554090>, <mtggympy.gameengine.gameobjects.CardInstance object at 0x728e7c554110>, <mtggympy.gameengine.gameobjects.WastesInstance object at 0x728e7c554150>, <mtggympy.gameengine.gameobjects.WastesInstance object at 0x728e7c554210>, <mtggympy.gameengine.gameobjects.CardInstance object at 0x728e7c554290>, <mtggympy.gameengine.gameobjects.WastesInstance object at 0x728e7c5542d0>, <mtggympy.gameengine.gameobjects.WastesInstance object at 0x728e7c554390>, <mtggympy.gameengine.gameobjects.CardInstance object at 0x728e7c554410>, <mtggympy.gameengine.gameobjects.WastesInstance object at 0x728e7c554450>, <mtggympy.gameengine.gameobjects.WastesInstance object at 0x728e7c554510>, <mtggympy.gameengine.gameobjects.CardInstance object at 0x728e7c554590>, <mtggympy.gameengine.gameobjects.WastesInstance object at 0x728e7c5545d0>]
---------------------------------------------
Player 1:
Name: Opp-Goldfish
Current Life: 19
Cards in Hand:
[8eee0ee8-95ec-4b18-a510-a4c22e45e9d1] alpha-myr | [3b764281-9195-4a42-913f-9c05d9908c4c] wastes | [0c01aeb0-7240-4534-8f05-1a699e1e14bf] wastes | [7751fcd8-fef0-45da-9a30-83e1e5730280] wastes | [1ff68356-7572-4a45-9fe4-7b0ff24f392e] wastes | [81dca2b1-2923-4fe8-a0f2-72500eb4957b] alpha-myr
Cards in Library: [<mtggympy.gameengine.gameobjects.WastesInstance object at 0x728e7c5549d0>, <mtggympy.gameengine.gameobjects.WastesInstance object at 0x728e7c554a90>, <mtggympy.gameengine.gameobjects.CardInstance object at 0x728e7c554b50>, <mtggympy.gameengine.gameobjects.WastesInstance object at 0x728e7c554b90>, <mtggympy.gameengine.gameobjects.WastesInstance object at 0x728e7c554c50>, <mtggympy.gameengine.gameobjects.CardInstance object at 0x728e7c554cd0>, <mtggympy.gameengine.gameobjects.WastesInstance object at 0x728e7c554b10>, <mtggympy.gameengine.gameobjects.WastesInstance object at 0x728e7c554d90>, <mtggympy.gameengine.gameobjects.CardInstance object at 0x728e7c554e10>, <mtggympy.gameengine.gameobjects.WastesInstance object at 0x728e7c554e50>, <mtggympy.gameengine.gameobjects.WastesInstance object at 0x728e7c554f10>, <mtggympy.gameengine.gameobjects.CardInstance object at 0x728e7c554f90>, <mtggympy.gameengine.gameobjects.WastesInstance object at 0x728e7c554fd0>, <mtggympy.gameengine.gameobjects.WastesInstance object at 0x728e7c555090>, <mtggympy.gameengine.gameobjects.CardInstance object at 0x728e7c555110>, <mtggympy.gameengine.gameobjects.WastesInstance object at 0x728e7c555150>, <mtggympy.gameengine.gameobjects.WastesInstance object at 0x728e7c555210>, <mtggympy.gameengine.gameobjects.CardInstance object at 0x728e7c555290>, <mtggympy.gameengine.gameobjects.WastesInstance object at 0x728e7c5552d0>, <mtggympy.gameengine.gameobjects.WastesInstance object at 0x728e7c555390>, <mtggympy.gameengine.gameobjects.CardInstance object at 0x728e7c555410>, <mtggympy.gameengine.gameobjects.WastesInstance object at 0x728e7c555450>, <mtggympy.gameengine.gameobjects.WastesInstance object at 0x728e7c555510>, <mtggympy.gameengine.gameobjects.CardInstance object at 0x728e7c555590>, <mtggympy.gameengine.gameobjects.WastesInstance object at 0x728e7c5555d0>, <mtggympy.gameengine.gameobjects.WastesInstance object at 0x728e7c555690>, <mtggympy.gameengine.gameobjects.CardInstance object at 0x728e7c555710>, <mtggympy.gameengine.gameobjects.WastesInstance object at 0x728e7c555750>, <mtggympy.gameengine.gameobjects.WastesInstance object at 0x728e7c555810>, <mtggympy.gameengine.gameobjects.CardInstance object at 0x728e7c555890>, <mtggympy.gameengine.gameobjects.WastesInstance object at 0x728e7c5558d0>, <mtggympy.gameengine.gameobjects.WastesInstance object at 0x728e7c555990>, <mtggympy.gameengine.gameobjects.CardInstance object at 0x728e7c555a10>, <mtggympy.gameengine.gameobjects.WastesInstance object at 0x728e7c555a50>, <mtggympy.gameengine.gameobjects.WastesInstance object at 0x728e7c555b10>, <mtggympy.gameengine.gameobjects.CardInstance object at 0x728e7c555b90>, <mtggympy.gameengine.gameobjects.WastesInstance object at 0x728e7c555bd0>]
---------------------------------------------
2026-06-11 17:22:07,951 - session - DEBUG - SessionTick: Opp-Goldfish: Waiting for player to be ready before continuing
2026-06-11 17:22:07,952 - session - DEBUG - SessionTick: Running GameLoop
2026-06-11 17:22:07,952 - session - DEBUG - SessionTick: Opp-Goldfish: Prompting Player with state ---------------------------------------------
---------------- Environment ----------------
---------------------------------------------
Active Player Index: 1
---------------------------------------------
Completed Halfturns: 5
Upcoming Event: DECLARE_ATTACKS
Active Player Index: 1
Game over: False
---------------------------------------------
Player 0:
Name: Tim
Current Life: 20
Cards in Hand:
[1413fa42-0312-4300-9f75-56052c3f162a] wastes | [394d37a1-8ab5-4709-b494-7f082c23eb2a] wastes
Cards in Library: [<mtggympy.gameengine.gameobjects.CardInstance object at 0x728e7c5006d0>, <mtggympy.gameengine.gameobjects.WastesInstance object at 0x728e7c500750>, <mtggympy.gameengine.gameobjects.WastesInstance object at 0x728e7c500710>, <mtggympy.gameengine.gameobjects.CardInstance object at 0x728e7c54a290>, <mtggympy.gameengine.gameobjects.WastesInstance object at 0x728e7c54a310>, <mtggympy.gameengine.gameobjects.WastesInstance object at 0x728e7c54a450>, <mtggympy.gameengine.gameobjects.CardInstance object at 0x728e7c54a550>, <mtggympy.gameengine.gameobjects.WastesInstance object at 0x728e7c5007d0>, <mtggympy.gameengine.gameobjects.WastesInstance object at 0x728e7c54a690>, <mtggympy.gameengine.gameobjects.CardInstance object at 0x728e7c54a750>, <mtggympy.gameengine.gameobjects.WastesInstance object at 0x728e7c54a7d0>, <mtggympy.gameengine.gameobjects.WastesInstance object at 0x728e7c54a950>, <mtggympy.gameengine.gameobjects.CardInstance object at 0x728e7c54aa50>, <mtggympy.gameengine.gameobjects.WastesInstance object at 0x728e7c54aa90>, <mtggympy.gameengine.gameobjects.WastesInstance object at 0x728e7c54abd0>, <mtggympy.gameengine.gameobjects.CardInstance object at 0x728e7c54acd0>, <mtggympy.gameengine.gameobjects.WastesInstance object at 0x728e7c54ad10>, <mtggympy.gameengine.gameobjects.WastesInstance object at 0x728e7c54ae50>, <mtggympy.gameengine.gameobjects.CardInstance object at 0x728e7c54af50>, <mtggympy.gameengine.gameobjects.WastesInstance object at 0x728e7c54af90>, <mtggympy.gameengine.gameobjects.WastesInstance object at 0x728e7c54bd50>, <mtggympy.gameengine.gameobjects.CardInstance object at 0x728e7c54bdd0>, <mtggympy.gameengine.gameobjects.WastesInstance object at 0x728e7c54be10>, <mtggympy.gameengine.gameobjects.WastesInstance object at 0x728e7c54bed0>, <mtggympy.gameengine.gameobjects.CardInstance object at 0x728e7c54bf50>, <mtggympy.gameengine.gameobjects.WastesInstance object at 0x728e7c54bf90>, <mtggympy.gameengine.gameobjects.WastesInstance object at 0x728e7c554090>, <mtggympy.gameengine.gameobjects.CardInstance object at 0x728e7c554110>, <mtggympy.gameengine.gameobjects.WastesInstance object at 0x728e7c554150>, <mtggympy.gameengine.gameobjects.WastesInstance object at 0x728e7c554210>, <mtggympy.gameengine.gameobjects.CardInstance object at 0x728e7c554290>, <mtggympy.gameengine.gameobjects.WastesInstance object at 0x728e7c5542d0>, <mtggympy.gameengine.gameobjects.WastesInstance object at 0x728e7c554390>, <mtggympy.gameengine.gameobjects.CardInstance object at 0x728e7c554410>, <mtggympy.gameengine.gameobjects.WastesInstance object at 0x728e7c554450>, <mtggympy.gameengine.gameobjects.WastesInstance object at 0x728e7c554510>, <mtggympy.gameengine.gameobjects.CardInstance object at 0x728e7c554590>, <mtggympy.gameengine.gameobjects.WastesInstance object at 0x728e7c5545d0>]
---------------------------------------------
Player 1:
Name: Opp-Goldfish
Current Life: 19
Cards in Hand:
[8eee0ee8-95ec-4b18-a510-a4c22e45e9d1] alpha-myr | [3b764281-9195-4a42-913f-9c05d9908c4c] wastes | [0c01aeb0-7240-4534-8f05-1a699e1e14bf] wastes | [7751fcd8-fef0-45da-9a30-83e1e5730280] wastes | [1ff68356-7572-4a45-9fe4-7b0ff24f392e] wastes | [81dca2b1-2923-4fe8-a0f2-72500eb4957b] alpha-myr
Cards in Library: [<mtggympy.gameengine.gameobjects.WastesInstance object at 0x728e7c5549d0>, <mtggympy.gameengine.gameobjects.WastesInstance object at 0x728e7c554a90>, <mtggympy.gameengine.gameobjects.CardInstance object at 0x728e7c554b50>, <mtggympy.gameengine.gameobjects.WastesInstance object at 0x728e7c554b90>, <mtggympy.gameengine.gameobjects.WastesInstance object at 0x728e7c554c50>, <mtggympy.gameengine.gameobjects.CardInstance object at 0x728e7c554cd0>, <mtggympy.gameengine.gameobjects.WastesInstance object at 0x728e7c554b10>, <mtggympy.gameengine.gameobjects.WastesInstance object at 0x728e7c554d90>, <mtggympy.gameengine.gameobjects.CardInstance object at 0x728e7c554e10>, <mtggympy.gameengine.gameobjects.WastesInstance object at 0x728e7c554e50>, <mtggympy.gameengine.gameobjects.WastesInstance object at 0x728e7c554f10>, <mtggympy.gameengine.gameobjects.CardInstance object at 0x728e7c554f90>, <mtggympy.gameengine.gameobjects.WastesInstance object at 0x728e7c554fd0>, <mtggympy.gameengine.gameobjects.WastesInstance object at 0x728e7c555090>, <mtggympy.gameengine.gameobjects.CardInstance object at 0x728e7c555110>, <mtggympy.gameengine.gameobjects.WastesInstance object at 0x728e7c555150>, <mtggympy.gameengine.gameobjects.WastesInstance object at 0x728e7c555210>, <mtggympy.gameengine.gameobjects.CardInstance object at 0x728e7c555290>, <mtggympy.gameengine.gameobjects.WastesInstance object at 0x728e7c5552d0>, <mtggympy.gameengine.gameobjects.WastesInstance object at 0x728e7c555390>, <mtggympy.gameengine.gameobjects.CardInstance object at 0x728e7c555410>, <mtggympy.gameengine.gameobjects.WastesInstance object at 0x728e7c555450>, <mtggympy.gameengine.gameobjects.WastesInstance object at 0x728e7c555510>, <mtggympy.gameengine.gameobjects.CardInstance object at 0x728e7c555590>, <mtggympy.gameengine.gameobjects.WastesInstance object at 0x728e7c5555d0>, <mtggympy.gameengine.gameobjects.WastesInstance object at 0x728e7c555690>, <mtggympy.gameengine.gameobjects.CardInstance object at 0x728e7c555710>, <mtggympy.gameengine.gameobjects.WastesInstance object at 0x728e7c555750>, <mtggympy.gameengine.gameobjects.WastesInstance object at 0x728e7c555810>, <mtggympy.gameengine.gameobjects.CardInstance object at 0x728e7c555890>, <mtggympy.gameengine.gameobjects.WastesInstance object at 0x728e7c5558d0>, <mtggympy.gameengine.gameobjects.WastesInstance object at 0x728e7c555990>, <mtggympy.gameengine.gameobjects.CardInstance object at 0x728e7c555a10>, <mtggympy.gameengine.gameobjects.WastesInstance object at 0x728e7c555a50>, <mtggympy.gameengine.gameobjects.WastesInstance object at 0x728e7c555b10>, <mtggympy.gameengine.gameobjects.CardInstance object at 0x728e7c555b90>, <mtggympy.gameengine.gameobjects.WastesInstance object at 0x728e7c555bd0>]
---------------------------------------------
2026-06-11 17:22:07,952 - session - DEBUG - SessionTick: Opp-Goldfish: Waiting for Player Input
2026-06-11 17:22:07,957 - session - DEBUG - SessionTick: Opp-Goldfish: Anwsered player with new state ---------------------------------------------
---------------- Environment ----------------
---------------------------------------------
Active Player Index: 0
---------------------------------------------
Completed Halfturns: 6
Upcoming Event: MAIN_PHASE_EMPTY_STACK
Active Player Index: 0
Game over: False
---------------------------------------------
Player 0:
Name: Tim
Current Life: 20
Cards in Hand:
[1413fa42-0312-4300-9f75-56052c3f162a] wastes | [394d37a1-8ab5-4709-b494-7f082c23eb2a] wastes | [c89ae66b-8626-456d-b694-112bcc9541ef] alpha-myr
Cards in Library: [<mtggympy.gameengine.gameobjects.WastesInstance object at 0x728e7c500750>, <mtggympy.gameengine.gameobjects.WastesInstance object at 0x728e7c500710>, <mtggympy.gameengine.gameobjects.CardInstance object at 0x728e7c54a290>, <mtggympy.gameengine.gameobjects.WastesInstance object at 0x728e7c54a310>, <mtggympy.gameengine.gameobjects.WastesInstance object at 0x728e7c54a450>, <mtggympy.gameengine.gameobjects.CardInstance object at 0x728e7c54a550>, <mtggympy.gameengine.gameobjects.WastesInstance object at 0x728e7c5007d0>, <mtggympy.gameengine.gameobjects.WastesInstance object at 0x728e7c54a690>, <mtggympy.gameengine.gameobjects.CardInstance object at 0x728e7c54a750>, <mtggympy.gameengine.gameobjects.WastesInstance object at 0x728e7c54a7d0>, <mtggympy.gameengine.gameobjects.WastesInstance object at 0x728e7c54a950>, <mtggympy.gameengine.gameobjects.CardInstance object at 0x728e7c54aa50>, <mtggympy.gameengine.gameobjects.WastesInstance object at 0x728e7c54aa90>, <mtggympy.gameengine.gameobjects.WastesInstance object at 0x728e7c54abd0>, <mtggympy.gameengine.gameobjects.CardInstance object at 0x728e7c54acd0>, <mtggympy.gameengine.gameobjects.WastesInstance object at 0x728e7c54ad10>, <mtggympy.gameengine.gameobjects.WastesInstance object at 0x728e7c54ae50>, <mtggympy.gameengine.gameobjects.CardInstance object at 0x728e7c54af50>, <mtggympy.gameengine.gameobjects.WastesInstance object at 0x728e7c54af90>, <mtggympy.gameengine.gameobjects.WastesInstance object at 0x728e7c54bd50>, <mtggympy.gameengine.gameobjects.CardInstance object at 0x728e7c54bdd0>, <mtggympy.gameengine.gameobjects.WastesInstance object at 0x728e7c54be10>, <mtggympy.gameengine.gameobjects.WastesInstance object at 0x728e7c54bed0>, <mtggympy.gameengine.gameobjects.CardInstance object at 0x728e7c54bf50>, <mtggympy.gameengine.gameobjects.WastesInstance object at 0x728e7c54bf90>, <mtggympy.gameengine.gameobjects.WastesInstance object at 0x728e7c554090>, <mtggympy.gameengine.gameobjects.CardInstance object at 0x728e7c554110>, <mtggympy.gameengine.gameobjects.WastesInstance object at 0x728e7c554150>, <mtggympy.gameengine.gameobjects.WastesInstance object at 0x728e7c554210>, <mtggympy.gameengine.gameobjects.CardInstance object at 0x728e7c554290>, <mtggympy.gameengine.gameobjects.WastesInstance object at 0x728e7c5542d0>, <mtggympy.gameengine.gameobjects.WastesInstance object at 0x728e7c554390>, <mtggympy.gameengine.gameobjects.CardInstance object at 0x728e7c554410>, <mtggympy.gameengine.gameobjects.WastesInstance object at 0x728e7c554450>, <mtggympy.gameengine.gameobjects.WastesInstance object at 0x728e7c554510>, <mtggympy.gameengine.gameobjects.CardInstance object at 0x728e7c554590>, <mtggympy.gameengine.gameobjects.WastesInstance object at 0x728e7c5545d0>]
---------------------------------------------
Player 1:
Name: Opp-Goldfish
Current Life: 19
Cards in Hand:
[8eee0ee8-95ec-4b18-a510-a4c22e45e9d1] alpha-myr | [3b764281-9195-4a42-913f-9c05d9908c4c] wastes | [0c01aeb0-7240-4534-8f05-1a699e1e14bf] wastes | [7751fcd8-fef0-45da-9a30-83e1e5730280] wastes | [1ff68356-7572-4a45-9fe4-7b0ff24f392e] wastes | [81dca2b1-2923-4fe8-a0f2-72500eb4957b] alpha-myr
Cards in Library: [<mtggympy.gameengine.gameobjects.WastesInstance object at 0x728e7c5549d0>, <mtggympy.gameengine.gameobjects.WastesInstance object at 0x728e7c554a90>, <mtggympy.gameengine.gameobjects.CardInstance object at 0x728e7c554b50>, <mtggympy.gameengine.gameobjects.WastesInstance object at 0x728e7c554b90>, <mtggympy.gameengine.gameobjects.WastesInstance object at 0x728e7c554c50>, <mtggympy.gameengine.gameobjects.CardInstance object at 0x728e7c554cd0>, <mtggympy.gameengine.gameobjects.WastesInstance object at 0x728e7c554b10>, <mtggympy.gameengine.gameobjects.WastesInstance object at 0x728e7c554d90>, <mtggympy.gameengine.gameobjects.CardInstance object at 0x728e7c554e10>, <mtggympy.gameengine.gameobjects.WastesInstance object at 0x728e7c554e50>, <mtggympy.gameengine.gameobjects.WastesInstance object at 0x728e7c554f10>, <mtggympy.gameengine.gameobjects.CardInstance object at 0x728e7c554f90>, <mtggympy.gameengine.gameobjects.WastesInstance object at 0x728e7c554fd0>, <mtggympy.gameengine.gameobjects.WastesInstance object at 0x728e7c555090>, <mtggympy.gameengine.gameobjects.CardInstance object at 0x728e7c555110>, <mtggympy.gameengine.gameobjects.WastesInstance object at 0x728e7c555150>, <mtggympy.gameengine.gameobjects.WastesInstance object at 0x728e7c555210>, <mtggympy.gameengine.gameobjects.CardInstance object at 0x728e7c555290>, <mtggympy.gameengine.gameobjects.WastesInstance object at 0x728e7c5552d0>, <mtggympy.gameengine.gameobjects.WastesInstance object at 0x728e7c555390>, <mtggympy.gameengine.gameobjects.CardInstance object at 0x728e7c555410>, <mtggympy.gameengine.gameobjects.WastesInstance object at 0x728e7c555450>, <mtggympy.gameengine.gameobjects.WastesInstance object at 0x728e7c555510>, <mtggympy.gameengine.gameobjects.CardInstance object at 0x728e7c555590>, <mtggympy.gameengine.gameobjects.WastesInstance object at 0x728e7c5555d0>, <mtggympy.gameengine.gameobjects.WastesInstance object at 0x728e7c555690>, <mtggympy.gameengine.gameobjects.CardInstance object at 0x728e7c555710>, <mtggympy.gameengine.gameobjects.WastesInstance object at 0x728e7c555750>, <mtggympy.gameengine.gameobjects.WastesInstance object at 0x728e7c555810>, <mtggympy.gameengine.gameobjects.CardInstance object at 0x728e7c555890>, <mtggympy.gameengine.gameobjects.WastesInstance object at 0x728e7c5558d0>, <mtggympy.gameengine.gameobjects.WastesInstance object at 0x728e7c555990>, <mtggympy.gameengine.gameobjects.CardInstance object at 0x728e7c555a10>, <mtggympy.gameengine.gameobjects.WastesInstance object at 0x728e7c555a50>, <mtggympy.gameengine.gameobjects.WastesInstance object at 0x728e7c555b10>, <mtggympy.gameengine.gameobjects.CardInstance object at 0x728e7c555b90>, <mtggympy.gameengine.gameobjects.WastesInstance object at 0x728e7c555bd0>]
---------------------------------------------
2026-06-11 17:22:07,958 - session - DEBUG - SessionTick: Opp-Goldfish: Waiting for player to be ready before continuing
2026-06-11 17:22:07,958 - session - DEBUG - SessionTick: Running GameLoop
2026-06-11 17:22:07,960 - session - DEBUG - SessionTick: Tim: Prompting Player with state ---------------------------------------------
---------------- Environment ----------------
---------------------------------------------
Active Player Index: 0
---------------------------------------------
Completed Halfturns: 6
Upcoming Event: MAIN_PHASE_EMPTY_STACK
Active Player Index: 0
Game over: False
---------------------------------------------
Player 0:
Name: Tim
Current Life: 20
Cards in Hand:
[1413fa42-0312-4300-9f75-56052c3f162a] wastes | [394d37a1-8ab5-4709-b494-7f082c23eb2a] wastes | [c89ae66b-8626-456d-b694-112bcc9541ef] alpha-myr
Cards in Library: [<mtggympy.gameengine.gameobjects.WastesInstance object at 0x728e7c500750>, <mtggympy.gameengine.gameobjects.WastesInstance object at 0x728e7c500710>, <mtggympy.gameengine.gameobjects.CardInstance object at 0x728e7c54a290>, <mtggympy.gameengine.gameobjects.WastesInstance object at 0x728e7c54a310>, <mtggympy.gameengine.gameobjects.WastesInstance object at 0x728e7c54a450>, <mtggympy.gameengine.gameobjects.CardInstance object at 0x728e7c54a550>, <mtggympy.gameengine.gameobjects.WastesInstance object at 0x728e7c5007d0>, <mtggympy.gameengine.gameobjects.WastesInstance object at 0x728e7c54a690>, <mtggympy.gameengine.gameobjects.CardInstance object at 0x728e7c54a750>, <mtggympy.gameengine.gameobjects.WastesInstance object at 0x728e7c54a7d0>, <mtggympy.gameengine.gameobjects.WastesInstance object at 0x728e7c54a950>, <mtggympy.gameengine.gameobjects.CardInstance object at 0x728e7c54aa50>, <mtggympy.gameengine.gameobjects.WastesInstance object at 0x728e7c54aa90>, <mtggympy.gameengine.gameobjects.WastesInstance object at 0x728e7c54abd0>, <mtggympy.gameengine.gameobjects.CardInstance object at 0x728e7c54acd0>, <mtggympy.gameengine.gameobjects.WastesInstance object at 0x728e7c54ad10>, <mtggympy.gameengine.gameobjects.WastesInstance object at 0x728e7c54ae50>, <mtggympy.gameengine.gameobjects.CardInstance object at 0x728e7c54af50>, <mtggympy.gameengine.gameobjects.WastesInstance object at 0x728e7c54af90>, <mtggympy.gameengine.gameobjects.WastesInstance object at 0x728e7c54bd50>, <mtggympy.gameengine.gameobjects.CardInstance object at 0x728e7c54bdd0>, <mtggympy.gameengine.gameobjects.WastesInstance object at 0x728e7c54be10>, <mtggympy.gameengine.gameobjects.WastesInstance object at 0x728e7c54bed0>, <mtggympy.gameengine.gameobjects.CardInstance object at 0x728e7c54bf50>, <mtggympy.gameengine.gameobjects.WastesInstance object at 0x728e7c54bf90>, <mtggympy.gameengine.gameobjects.WastesInstance object at 0x728e7c554090>, <mtggympy.gameengine.gameobjects.CardInstance object at 0x728e7c554110>, <mtggympy.gameengine.gameobjects.WastesInstance object at 0x728e7c554150>, <mtggympy.gameengine.gameobjects.WastesInstance object at 0x728e7c554210>, <mtggympy.gameengine.gameobjects.CardInstance object at 0x728e7c554290>, <mtggympy.gameengine.gameobjects.WastesInstance object at 0x728e7c5542d0>, <mtggympy.gameengine.gameobjects.WastesInstance object at 0x728e7c554390>, <mtggympy.gameengine.gameobjects.CardInstance object at 0x728e7c554410>, <mtggympy.gameengine.gameobjects.WastesInstance object at 0x728e7c554450>, <mtggympy.gameengine.gameobjects.WastesInstance object at 0x728e7c554510>, <mtggympy.gameengine.gameobjects.CardInstance object at 0x728e7c554590>, <mtggympy.gameengine.gameobjects.WastesInstance object at 0x728e7c5545d0>]
---------------------------------------------
Player 1:
Name: Opp-Goldfish
Current Life: 19
Cards in Hand:
[8eee0ee8-95ec-4b18-a510-a4c22e45e9d1] alpha-myr | [3b764281-9195-4a42-913f-9c05d9908c4c] wastes | [0c01aeb0-7240-4534-8f05-1a699e1e14bf] wastes | [7751fcd8-fef0-45da-9a30-83e1e5730280] wastes | [1ff68356-7572-4a45-9fe4-7b0ff24f392e] wastes | [81dca2b1-2923-4fe8-a0f2-72500eb4957b] alpha-myr
Cards in Library: [<mtggympy.gameengine.gameobjects.WastesInstance object at 0x728e7c5549d0>, <mtggympy.gameengine.gameobjects.WastesInstance object at 0x728e7c554a90>, <mtggympy.gameengine.gameobjects.CardInstance object at 0x728e7c554b50>, <mtggympy.gameengine.gameobjects.WastesInstance object at 0x728e7c554b90>, <mtggympy.gameengine.gameobjects.WastesInstance object at 0x728e7c554c50>, <mtggympy.gameengine.gameobjects.CardInstance object at 0x728e7c554cd0>, <mtggympy.gameengine.gameobjects.WastesInstance object at 0x728e7c554b10>, <mtggympy.gameengine.gameobjects.WastesInstance object at 0x728e7c554d90>, <mtggympy.gameengine.gameobjects.CardInstance object at 0x728e7c554e10>, <mtggympy.gameengine.gameobjects.WastesInstance object at 0x728e7c554e50>, <mtggympy.gameengine.gameobjects.WastesInstance object at 0x728e7c554f10>, <mtggympy.gameengine.gameobjects.CardInstance object at 0x728e7c554f90>, <mtggympy.gameengine.gameobjects.WastesInstance object at 0x728e7c554fd0>, <mtggympy.gameengine.gameobjects.WastesInstance object at 0x728e7c555090>, <mtggympy.gameengine.gameobjects.CardInstance object at 0x728e7c555110>, <mtggympy.gameengine.gameobjects.WastesInstance object at 0x728e7c555150>, <mtggympy.gameengine.gameobjects.WastesInstance object at 0x728e7c555210>, <mtggympy.gameengine.gameobjects.CardInstance object at 0x728e7c555290>, <mtggympy.gameengine.gameobjects.WastesInstance object at 0x728e7c5552d0>, <mtggympy.gameengine.gameobjects.WastesInstance object at 0x728e7c555390>, <mtggympy.gameengine.gameobjects.CardInstance object at 0x728e7c555410>, <mtggympy.gameengine.gameobjects.WastesInstance object at 0x728e7c555450>, <mtggympy.gameengine.gameobjects.WastesInstance object at 0x728e7c555510>, <mtggympy.gameengine.gameobjects.CardInstance object at 0x728e7c555590>, <mtggympy.gameengine.gameobjects.WastesInstance object at 0x728e7c5555d0>, <mtggympy.gameengine.gameobjects.WastesInstance object at 0x728e7c555690>, <mtggympy.gameengine.gameobjects.CardInstance object at 0x728e7c555710>, <mtggympy.gameengine.gameobjects.WastesInstance object at 0x728e7c555750>, <mtggympy.gameengine.gameobjects.WastesInstance object at 0x728e7c555810>, <mtggympy.gameengine.gameobjects.CardInstance object at 0x728e7c555890>, <mtggympy.gameengine.gameobjects.WastesInstance object at 0x728e7c5558d0>, <mtggympy.gameengine.gameobjects.WastesInstance object at 0x728e7c555990>, <mtggympy.gameengine.gameobjects.CardInstance object at 0x728e7c555a10>, <mtggympy.gameengine.gameobjects.WastesInstance object at 0x728e7c555a50>, <mtggympy.gameengine.gameobjects.WastesInstance object at 0x728e7c555b10>, <mtggympy.gameengine.gameobjects.CardInstance object at 0x728e7c555b90>, <mtggympy.gameengine.gameobjects.WastesInstance object at 0x728e7c555bd0>]
---------------------------------------------
2026-06-11 17:22:07,961 - session - DEBUG - SessionTick: Tim: Waiting for Player Input
