2026-06-29 18:07:46,844 - session - DEBUG - Waiting for more players...
2026-06-29 18:07:46,845 - session - DEBUG - Waiting for more players...
2026-06-29 18:07:46,845 - session - INFO - Seated agent at seat 1 with new player Opp-RulesBased
2026-06-29 18:07:46,845 - session - DEBUG - Waiting for more players...
2026-06-29 18:07:46,846 - session - DEBUG - Waiting for more players...
2026-06-29 18:07:46,869 - session - DEBUG - Waiting for more players...
2026-06-29 18:07:46,869 - session - DEBUG - Waiting for more players...
2026-06-29 18:07:46,884 - session - DEBUG - Waiting for more players...
2026-06-29 18:07:46,885 - session - DEBUG - Waiting for more players...
2026-06-29 18:07:46,885 - session - DEBUG - Waiting for more players...
2026-06-29 18:07:46,885 - session - DEBUG - Waiting for more players...
2026-06-29 18:07:46,953 - session - DEBUG - Waiting for more players...
2026-06-29 18:07:46,953 - session - INFO - Seated agent at seat 0 with new player Tim
2026-06-29 18:07:46,953 - session - DEBUG - SessionTick: Running GameLoop
2026-06-29 18:07:46,954 - session - DEBUG - SessionTick: Running GameLoop
2026-06-29 18:07:46,954 - session - DEBUG - SessionTick: Running GameLoop
2026-06-29 18:07:46,954 - session - DEBUG - SessionTick: Tim: Waiting for player to have no prior state before starting
2026-06-29 18:07:46,954 - session - DEBUG - SessionTick: Tim: Prompting Player with state ---------------------------------------------
---------------- Environment ----------------
---------------------------------------------
Active Player Index: 0
---------------------------------------------
Completed Halfturns: 0
Upcoming Event: MAIN_1
Active Player Index: 0
Game over: False
---------------------------------------------
Player 0:
Name: Tim
Current Life: 20
Cards in Hand:
broodhunter-wurm(67b5246e-a6bc-427f-aa97-28c5e3da6838) | mountain(7ab6fe79-30a6-4873-b8e3-1494d714159c) | mountain(3f93f8ce-2bac-4de8-a399-181059fc67b5) | broodhunter-wurm(c10f70e5-4f79-45c2-a8e7-3693dc2acc93) | ruination-wurm(bb8efc80-ef74-4faa-8e4a-2b6e9b382f93) | rhox-brute(a3e7ecd3-d515-42c9-a1c5-f0bfbd4abfdf) | forest(d08dae67-2789-44af-ae64-d2ab21be3aea)
Cards in Library: 32
---------------------------------------------
Player 1:
Name: Opp-RulesBased
Current Life: 20
Cards in Hand:
bear-cub(c9c4f248-95b3-4a21-9769-ea625601c297) | forest(cbe6f134-8040-40f3-b275-ee816440a8d2) | goblin-assailant(af75eccd-bc1a-4d2a-a8d2-2588dcb8d0dc) | goblin-roughrider(68747f88-5cae-482e-8622-e091af7bac2d) | mountain(cb830c75-7c98-4096-bd7a-aa328e61753c) | bear-cub(4eb495b9-b094-4e4c-bea9-1a924a93c51a) | mountain(c9598d0d-ccc1-4086-b468-8b9e1a29f046)
Cards in Library: 32
---------------------------------------------
2026-06-29 18:07:46,956 - session - INFO - SessionTick: Tim: Prompting Player with event MAINPHASE_EMPTY_STACK
2026-06-29 18:07:46,958 - session - DEBUG - SessionTick: Tim: Waiting for Player Input
2026-06-29 18:07:53,113 - session - DEBUG - SessionTick: Tim: Received Player Input: PLAY_CARD --- [[1]]
2026-06-29 18:07:53,119 - session - DEBUG - SessionTick: Tim: Answered player with new state ---------------------------------------------
---------------- Environment ----------------
---------------------------------------------
Active Player Index: 0
---------------------------------------------
Completed Halfturns: 0
Upcoming Event: MAIN_1
Active Player Index: 0
Game over: False
---------------------------------------------
Player 0:
Name: Tim
Current Life: 20
Cards in Hand:
broodhunter-wurm(67b5246e-a6bc-427f-aa97-28c5e3da6838) | mountain(3f93f8ce-2bac-4de8-a399-181059fc67b5) | broodhunter-wurm(c10f70e5-4f79-45c2-a8e7-3693dc2acc93) | ruination-wurm(bb8efc80-ef74-4faa-8e4a-2b6e9b382f93) | rhox-brute(a3e7ecd3-d515-42c9-a1c5-f0bfbd4abfdf) | forest(d08dae67-2789-44af-ae64-d2ab21be3aea)
Cards in Library: 32
---------------------------------------------
Player 1:
Name: Opp-RulesBased
Current Life: 20
Cards in Hand:
bear-cub(c9c4f248-95b3-4a21-9769-ea625601c297) | forest(cbe6f134-8040-40f3-b275-ee816440a8d2) | goblin-assailant(af75eccd-bc1a-4d2a-a8d2-2588dcb8d0dc) | goblin-roughrider(68747f88-5cae-482e-8622-e091af7bac2d) | mountain(cb830c75-7c98-4096-bd7a-aa328e61753c) | bear-cub(4eb495b9-b094-4e4c-bea9-1a924a93c51a) | mountain(c9598d0d-ccc1-4086-b468-8b9e1a29f046)
Cards in Library: 32
---------------------------------------------
2026-06-29 18:07:53,119 - session - DEBUG - SessionTick: Running GameLoop
2026-06-29 18:07:53,120 - session - DEBUG - SessionTick: Tim: Waiting for player to have no prior state before starting
2026-06-29 18:07:53,120 - session - DEBUG - SessionTick: Tim: Prompting Player with state ---------------------------------------------
---------------- Environment ----------------
---------------------------------------------
Active Player Index: 0
---------------------------------------------
Completed Halfturns: 0
Upcoming Event: MAIN_1
Active Player Index: 0
Game over: False
---------------------------------------------
Player 0:
Name: Tim
Current Life: 20
Cards in Hand:
broodhunter-wurm(67b5246e-a6bc-427f-aa97-28c5e3da6838) | mountain(3f93f8ce-2bac-4de8-a399-181059fc67b5) | broodhunter-wurm(c10f70e5-4f79-45c2-a8e7-3693dc2acc93) | ruination-wurm(bb8efc80-ef74-4faa-8e4a-2b6e9b382f93) | rhox-brute(a3e7ecd3-d515-42c9-a1c5-f0bfbd4abfdf) | forest(d08dae67-2789-44af-ae64-d2ab21be3aea)
Cards in Library: 32
---------------------------------------------
Player 1:
Name: Opp-RulesBased
Current Life: 20
Cards in Hand:
bear-cub(c9c4f248-95b3-4a21-9769-ea625601c297) | forest(cbe6f134-8040-40f3-b275-ee816440a8d2) | goblin-assailant(af75eccd-bc1a-4d2a-a8d2-2588dcb8d0dc) | goblin-roughrider(68747f88-5cae-482e-8622-e091af7bac2d) | mountain(cb830c75-7c98-4096-bd7a-aa328e61753c) | bear-cub(4eb495b9-b094-4e4c-bea9-1a924a93c51a) | mountain(c9598d0d-ccc1-4086-b468-8b9e1a29f046)
Cards in Library: 32
---------------------------------------------
2026-06-29 18:07:53,120 - session - INFO - SessionTick: Tim: Prompting Player with event MAINPHASE_EMPTY_STACK
2026-06-29 18:07:53,127 - session - DEBUG - SessionTick: Tim: Waiting for Player Input
2026-06-29 18:07:54,583 - session - DEBUG - SessionTick: Tim: Received Player Input: PASS --- None
2026-06-29 18:07:54,586 - session - DEBUG - SessionTick: Tim: Answered player with new state ---------------------------------------------
---------------- Environment ----------------
---------------------------------------------
Active Player Index: 0
---------------------------------------------
Completed Halfturns: 0
Upcoming Event: ATTACK_STEP
Active Player Index: 0
Game over: False
---------------------------------------------
Player 0:
Name: Tim
Current Life: 20
Cards in Hand:
broodhunter-wurm(67b5246e-a6bc-427f-aa97-28c5e3da6838) | mountain(3f93f8ce-2bac-4de8-a399-181059fc67b5) | broodhunter-wurm(c10f70e5-4f79-45c2-a8e7-3693dc2acc93) | ruination-wurm(bb8efc80-ef74-4faa-8e4a-2b6e9b382f93) | rhox-brute(a3e7ecd3-d515-42c9-a1c5-f0bfbd4abfdf) | forest(d08dae67-2789-44af-ae64-d2ab21be3aea)
Cards in Library: 32
---------------------------------------------
Player 1:
Name: Opp-RulesBased
Current Life: 20
Cards in Hand:
bear-cub(c9c4f248-95b3-4a21-9769-ea625601c297) | forest(cbe6f134-8040-40f3-b275-ee816440a8d2) | goblin-assailant(af75eccd-bc1a-4d2a-a8d2-2588dcb8d0dc) | goblin-roughrider(68747f88-5cae-482e-8622-e091af7bac2d) | mountain(cb830c75-7c98-4096-bd7a-aa328e61753c) | bear-cub(4eb495b9-b094-4e4c-bea9-1a924a93c51a) | mountain(c9598d0d-ccc1-4086-b468-8b9e1a29f046)
Cards in Library: 32
---------------------------------------------
2026-06-29 18:07:54,586 - session - DEBUG - SessionTick: Running GameLoop
2026-06-29 18:07:54,586 - session - DEBUG - SessionTick: Tim: Waiting for player to have no prior state before starting
2026-06-29 18:07:54,586 - session - DEBUG - SessionTick: Tim: Prompting Player with state ---------------------------------------------
---------------- Environment ----------------
---------------------------------------------
Active Player Index: 0
---------------------------------------------
Completed Halfturns: 0
Upcoming Event: ATTACK_STEP
Active Player Index: 0
Game over: False
---------------------------------------------
Player 0:
Name: Tim
Current Life: 20
Cards in Hand:
broodhunter-wurm(67b5246e-a6bc-427f-aa97-28c5e3da6838) | mountain(3f93f8ce-2bac-4de8-a399-181059fc67b5) | broodhunter-wurm(c10f70e5-4f79-45c2-a8e7-3693dc2acc93) | ruination-wurm(bb8efc80-ef74-4faa-8e4a-2b6e9b382f93) | rhox-brute(a3e7ecd3-d515-42c9-a1c5-f0bfbd4abfdf) | forest(d08dae67-2789-44af-ae64-d2ab21be3aea)
Cards in Library: 32
---------------------------------------------
Player 1:
Name: Opp-RulesBased
Current Life: 20
Cards in Hand:
bear-cub(c9c4f248-95b3-4a21-9769-ea625601c297) | forest(cbe6f134-8040-40f3-b275-ee816440a8d2) | goblin-assailant(af75eccd-bc1a-4d2a-a8d2-2588dcb8d0dc) | goblin-roughrider(68747f88-5cae-482e-8622-e091af7bac2d) | mountain(cb830c75-7c98-4096-bd7a-aa328e61753c) | bear-cub(4eb495b9-b094-4e4c-bea9-1a924a93c51a) | mountain(c9598d0d-ccc1-4086-b468-8b9e1a29f046)
Cards in Library: 32
---------------------------------------------
2026-06-29 18:07:54,586 - session - INFO - SessionTick: Tim: Prompting Player with event DECLARE_ATTACKS
2026-06-29 18:07:54,588 - session - DEBUG - SessionTick: Tim: Waiting for Player Input
2026-06-29 18:07:55,926 - session - DEBUG - SessionTick: Tim: Received Player Input: PASS --- None
2026-06-29 18:07:55,932 - session - DEBUG - SessionTick: Tim: Answered player with new state ---------------------------------------------
---------------- Environment ----------------
---------------------------------------------
Active Player Index: 0
---------------------------------------------
Completed Halfturns: 0
Upcoming Event: BLOCK_STEP
Active Player Index: 0
Game over: False
---------------------------------------------
Player 0:
Name: Tim
Current Life: 20
Cards in Hand:
broodhunter-wurm(67b5246e-a6bc-427f-aa97-28c5e3da6838) | mountain(3f93f8ce-2bac-4de8-a399-181059fc67b5) | broodhunter-wurm(c10f70e5-4f79-45c2-a8e7-3693dc2acc93) | ruination-wurm(bb8efc80-ef74-4faa-8e4a-2b6e9b382f93) | rhox-brute(a3e7ecd3-d515-42c9-a1c5-f0bfbd4abfdf) | forest(d08dae67-2789-44af-ae64-d2ab21be3aea)
Cards in Library: 32
---------------------------------------------
Player 1:
Name: Opp-RulesBased
Current Life: 20
Cards in Hand:
bear-cub(c9c4f248-95b3-4a21-9769-ea625601c297) | forest(cbe6f134-8040-40f3-b275-ee816440a8d2) | goblin-assailant(af75eccd-bc1a-4d2a-a8d2-2588dcb8d0dc) | goblin-roughrider(68747f88-5cae-482e-8622-e091af7bac2d) | mountain(cb830c75-7c98-4096-bd7a-aa328e61753c) | bear-cub(4eb495b9-b094-4e4c-bea9-1a924a93c51a) | mountain(c9598d0d-ccc1-4086-b468-8b9e1a29f046)
Cards in Library: 32
---------------------------------------------
2026-06-29 18:07:55,935 - session - DEBUG - SessionTick: Running GameLoop
2026-06-29 18:07:55,935 - session - DEBUG - SessionTick: Opp-RulesBased: Waiting for player to have no prior state before starting
2026-06-29 18:07:55,936 - session - DEBUG - SessionTick: Opp-RulesBased: Prompting Player with state ---------------------------------------------
---------------- Environment ----------------
---------------------------------------------
Active Player Index: 0
---------------------------------------------
Completed Halfturns: 0
Upcoming Event: BLOCK_STEP
Active Player Index: 0
Game over: False
---------------------------------------------
Player 0:
Name: Tim
Current Life: 20
Cards in Hand:
broodhunter-wurm(67b5246e-a6bc-427f-aa97-28c5e3da6838) | mountain(3f93f8ce-2bac-4de8-a399-181059fc67b5) | broodhunter-wurm(c10f70e5-4f79-45c2-a8e7-3693dc2acc93) | ruination-wurm(bb8efc80-ef74-4faa-8e4a-2b6e9b382f93) | rhox-brute(a3e7ecd3-d515-42c9-a1c5-f0bfbd4abfdf) | forest(d08dae67-2789-44af-ae64-d2ab21be3aea)
Cards in Library: 32
---------------------------------------------
Player 1:
Name: Opp-RulesBased
Current Life: 20
Cards in Hand:
bear-cub(c9c4f248-95b3-4a21-9769-ea625601c297) | forest(cbe6f134-8040-40f3-b275-ee816440a8d2) | goblin-assailant(af75eccd-bc1a-4d2a-a8d2-2588dcb8d0dc) | goblin-roughrider(68747f88-5cae-482e-8622-e091af7bac2d) | mountain(cb830c75-7c98-4096-bd7a-aa328e61753c) | bear-cub(4eb495b9-b094-4e4c-bea9-1a924a93c51a) | mountain(c9598d0d-ccc1-4086-b468-8b9e1a29f046)
Cards in Library: 32
---------------------------------------------
2026-06-29 18:07:55,936 - session - INFO - SessionTick: Opp-RulesBased: Prompting Player with event DECLARE_BLOCKS
2026-06-29 18:07:55,939 - session - DEBUG - SessionTick: Opp-RulesBased: Waiting for Player Input
2026-06-29 18:07:55,940 - session - DEBUG - SessionTick: Opp-RulesBased: Received Player Input: PASS --- None
2026-06-29 18:07:55,944 - session - DEBUG - SessionTick: Opp-RulesBased: Answered player with new state ---------------------------------------------
---------------- Environment ----------------
---------------------------------------------
Active Player Index: 0
---------------------------------------------
Completed Halfturns: 0
Upcoming Event: MAIN_2
Active Player Index: 0
Game over: False
---------------------------------------------
Player 0:
Name: Tim
Current Life: 20
Cards in Hand:
broodhunter-wurm(67b5246e-a6bc-427f-aa97-28c5e3da6838) | mountain(3f93f8ce-2bac-4de8-a399-181059fc67b5) | broodhunter-wurm(c10f70e5-4f79-45c2-a8e7-3693dc2acc93) | ruination-wurm(bb8efc80-ef74-4faa-8e4a-2b6e9b382f93) | rhox-brute(a3e7ecd3-d515-42c9-a1c5-f0bfbd4abfdf) | forest(d08dae67-2789-44af-ae64-d2ab21be3aea)
Cards in Library: 32
---------------------------------------------
Player 1:
Name: Opp-RulesBased
Current Life: 20
Cards in Hand:
bear-cub(c9c4f248-95b3-4a21-9769-ea625601c297) | forest(cbe6f134-8040-40f3-b275-ee816440a8d2) | goblin-assailant(af75eccd-bc1a-4d2a-a8d2-2588dcb8d0dc) | goblin-roughrider(68747f88-5cae-482e-8622-e091af7bac2d) | mountain(cb830c75-7c98-4096-bd7a-aa328e61753c) | bear-cub(4eb495b9-b094-4e4c-bea9-1a924a93c51a) | mountain(c9598d0d-ccc1-4086-b468-8b9e1a29f046)
Cards in Library: 32
---------------------------------------------
2026-06-29 18:07:55,944 - session - DEBUG - SessionTick: Running GameLoop
2026-06-29 18:07:55,944 - session - DEBUG - SessionTick: Tim: Waiting for player to have no prior state before starting
2026-06-29 18:07:55,945 - session - DEBUG - SessionTick: Tim: Prompting Player with state ---------------------------------------------
---------------- Environment ----------------
---------------------------------------------
Active Player Index: 0
---------------------------------------------
Completed Halfturns: 0
Upcoming Event: MAIN_2
Active Player Index: 0
Game over: False
---------------------------------------------
Player 0:
Name: Tim
Current Life: 20
Cards in Hand:
broodhunter-wurm(67b5246e-a6bc-427f-aa97-28c5e3da6838) | mountain(3f93f8ce-2bac-4de8-a399-181059fc67b5) | broodhunter-wurm(c10f70e5-4f79-45c2-a8e7-3693dc2acc93) | ruination-wurm(bb8efc80-ef74-4faa-8e4a-2b6e9b382f93) | rhox-brute(a3e7ecd3-d515-42c9-a1c5-f0bfbd4abfdf) | forest(d08dae67-2789-44af-ae64-d2ab21be3aea)
Cards in Library: 32
---------------------------------------------
Player 1:
Name: Opp-RulesBased
Current Life: 20
Cards in Hand:
bear-cub(c9c4f248-95b3-4a21-9769-ea625601c297) | forest(cbe6f134-8040-40f3-b275-ee816440a8d2) | goblin-assailant(af75eccd-bc1a-4d2a-a8d2-2588dcb8d0dc) | goblin-roughrider(68747f88-5cae-482e-8622-e091af7bac2d) | mountain(cb830c75-7c98-4096-bd7a-aa328e61753c) | bear-cub(4eb495b9-b094-4e4c-bea9-1a924a93c51a) | mountain(c9598d0d-ccc1-4086-b468-8b9e1a29f046)
Cards in Library: 32
---------------------------------------------
2026-06-29 18:07:55,945 - session - INFO - SessionTick: Tim: Prompting Player with event MAINPHASE_EMPTY_STACK
2026-06-29 18:07:55,950 - session - DEBUG - SessionTick: Tim: Waiting for Player Input
2026-06-29 18:07:57,211 - session - DEBUG - SessionTick: Tim: Received Player Input: PASS --- None
2026-06-29 18:07:57,214 - session - DEBUG - SessionTick: Tim: Answered player with new state ---------------------------------------------
---------------- Environment ----------------
---------------------------------------------
Active Player Index: 0
---------------------------------------------
Completed Halfturns: 0
Upcoming Event: END_STEP
Active Player Index: 0
Game over: False
---------------------------------------------
Player 0:
Name: Tim
Current Life: 20
Cards in Hand:
broodhunter-wurm(67b5246e-a6bc-427f-aa97-28c5e3da6838) | mountain(3f93f8ce-2bac-4de8-a399-181059fc67b5) | broodhunter-wurm(c10f70e5-4f79-45c2-a8e7-3693dc2acc93) | ruination-wurm(bb8efc80-ef74-4faa-8e4a-2b6e9b382f93) | rhox-brute(a3e7ecd3-d515-42c9-a1c5-f0bfbd4abfdf) | forest(d08dae67-2789-44af-ae64-d2ab21be3aea)
Cards in Library: 32
---------------------------------------------
Player 1:
Name: Opp-RulesBased
Current Life: 20
Cards in Hand:
bear-cub(c9c4f248-95b3-4a21-9769-ea625601c297) | forest(cbe6f134-8040-40f3-b275-ee816440a8d2) | goblin-assailant(af75eccd-bc1a-4d2a-a8d2-2588dcb8d0dc) | goblin-roughrider(68747f88-5cae-482e-8622-e091af7bac2d) | mountain(cb830c75-7c98-4096-bd7a-aa328e61753c) | bear-cub(4eb495b9-b094-4e4c-bea9-1a924a93c51a) | mountain(c9598d0d-ccc1-4086-b468-8b9e1a29f046)
Cards in Library: 32
---------------------------------------------
2026-06-29 18:07:57,215 - session - DEBUG - SessionTick: Running GameLoop
2026-06-29 18:07:57,215 - session - DEBUG - SessionTick: Running GameLoop
2026-06-29 18:07:57,216 - session - DEBUG - SessionTick: Running GameLoop
2026-06-29 18:07:57,218 - session - DEBUG - SessionTick: Running GameLoop
2026-06-29 18:07:57,218 - session - DEBUG - SessionTick: Opp-RulesBased: Waiting for player to have no prior state before starting
2026-06-29 18:07:57,218 - session - DEBUG - SessionTick: Opp-RulesBased: Prompting Player with state ---------------------------------------------
---------------- Environment ----------------
---------------------------------------------
Active Player Index: 1
---------------------------------------------
Completed Halfturns: 1
Upcoming Event: MAIN_1
Active Player Index: 1
Game over: False
---------------------------------------------
Player 0:
Name: Tim
Current Life: 20
Cards in Hand:
broodhunter-wurm(67b5246e-a6bc-427f-aa97-28c5e3da6838) | mountain(3f93f8ce-2bac-4de8-a399-181059fc67b5) | broodhunter-wurm(c10f70e5-4f79-45c2-a8e7-3693dc2acc93) | ruination-wurm(bb8efc80-ef74-4faa-8e4a-2b6e9b382f93) | rhox-brute(a3e7ecd3-d515-42c9-a1c5-f0bfbd4abfdf) | forest(d08dae67-2789-44af-ae64-d2ab21be3aea)
Cards in Library: 32
---------------------------------------------
Player 1:
Name: Opp-RulesBased
Current Life: 20
Cards in Hand:
bear-cub(c9c4f248-95b3-4a21-9769-ea625601c297) | forest(cbe6f134-8040-40f3-b275-ee816440a8d2) | goblin-assailant(af75eccd-bc1a-4d2a-a8d2-2588dcb8d0dc) | goblin-roughrider(68747f88-5cae-482e-8622-e091af7bac2d) | mountain(cb830c75-7c98-4096-bd7a-aa328e61753c) | bear-cub(4eb495b9-b094-4e4c-bea9-1a924a93c51a) | mountain(c9598d0d-ccc1-4086-b468-8b9e1a29f046) | rhox-brute(8a07949a-698c-4395-86bd-e366468b7924)
Cards in Library: 31
---------------------------------------------
2026-06-29 18:07:57,219 - session - INFO - SessionTick: Opp-RulesBased: Prompting Player with event MAINPHASE_EMPTY_STACK
2026-06-29 18:07:57,219 - session - DEBUG - SessionTick: Opp-RulesBased: Waiting for Player Input
2026-06-29 18:07:57,220 - session - DEBUG - SessionTick: Opp-RulesBased: Received Player Input: PLAY_CARD --- 1
2026-06-29 18:07:57,221 - session - DEBUG - SessionTick: Opp-RulesBased: Answered player with new state ---------------------------------------------
---------------- Environment ----------------
---------------------------------------------
Active Player Index: 1
---------------------------------------------
Completed Halfturns: 1
Upcoming Event: MAIN_1
Active Player Index: 1
Game over: False
---------------------------------------------
Player 0:
Name: Tim
Current Life: 20
Cards in Hand:
broodhunter-wurm(67b5246e-a6bc-427f-aa97-28c5e3da6838) | mountain(3f93f8ce-2bac-4de8-a399-181059fc67b5) | broodhunter-wurm(c10f70e5-4f79-45c2-a8e7-3693dc2acc93) | ruination-wurm(bb8efc80-ef74-4faa-8e4a-2b6e9b382f93) | rhox-brute(a3e7ecd3-d515-42c9-a1c5-f0bfbd4abfdf) | forest(d08dae67-2789-44af-ae64-d2ab21be3aea)
Cards in Library: 32
---------------------------------------------
Player 1:
Name: Opp-RulesBased
Current Life: 20
Cards in Hand:
bear-cub(c9c4f248-95b3-4a21-9769-ea625601c297) | goblin-assailant(af75eccd-bc1a-4d2a-a8d2-2588dcb8d0dc) | goblin-roughrider(68747f88-5cae-482e-8622-e091af7bac2d) | mountain(cb830c75-7c98-4096-bd7a-aa328e61753c) | bear-cub(4eb495b9-b094-4e4c-bea9-1a924a93c51a) | mountain(c9598d0d-ccc1-4086-b468-8b9e1a29f046) | rhox-brute(8a07949a-698c-4395-86bd-e366468b7924)
Cards in Library: 31
---------------------------------------------
2026-06-29 18:07:57,221 - session - DEBUG - SessionTick: Running GameLoop
2026-06-29 18:07:57,222 - session - DEBUG - SessionTick: Opp-RulesBased: Waiting for player to have no prior state before starting
2026-06-29 18:07:57,222 - session - DEBUG - SessionTick: Opp-RulesBased: Prompting Player with state ---------------------------------------------
---------------- Environment ----------------
---------------------------------------------
Active Player Index: 1
---------------------------------------------
Completed Halfturns: 1
Upcoming Event: MAIN_1
Active Player Index: 1
Game over: False
---------------------------------------------
Player 0:
Name: Tim
Current Life: 20
Cards in Hand:
broodhunter-wurm(67b5246e-a6bc-427f-aa97-28c5e3da6838) | mountain(3f93f8ce-2bac-4de8-a399-181059fc67b5) | broodhunter-wurm(c10f70e5-4f79-45c2-a8e7-3693dc2acc93) | ruination-wurm(bb8efc80-ef74-4faa-8e4a-2b6e9b382f93) | rhox-brute(a3e7ecd3-d515-42c9-a1c5-f0bfbd4abfdf) | forest(d08dae67-2789-44af-ae64-d2ab21be3aea)
Cards in Library: 32
---------------------------------------------
Player 1:
Name: Opp-RulesBased
Current Life: 20
Cards in Hand:
bear-cub(c9c4f248-95b3-4a21-9769-ea625601c297) | goblin-assailant(af75eccd-bc1a-4d2a-a8d2-2588dcb8d0dc) | goblin-roughrider(68747f88-5cae-482e-8622-e091af7bac2d) | mountain(cb830c75-7c98-4096-bd7a-aa328e61753c) | bear-cub(4eb495b9-b094-4e4c-bea9-1a924a93c51a) | mountain(c9598d0d-ccc1-4086-b468-8b9e1a29f046) | rhox-brute(8a07949a-698c-4395-86bd-e366468b7924)
Cards in Library: 31
---------------------------------------------
2026-06-29 18:07:57,223 - session - INFO - SessionTick: Opp-RulesBased: Prompting Player with event MAINPHASE_EMPTY_STACK
2026-06-29 18:07:57,223 - session - DEBUG - SessionTick: Opp-RulesBased: Waiting for Player Input
2026-06-29 18:07:57,226 - session - DEBUG - SessionTick: Opp-RulesBased: Received Player Input: ACTIVATE_LANDS --- [[0]]
2026-06-29 18:07:57,227 - session - DEBUG - SessionTick: Opp-RulesBased: Answered player with new state ---------------------------------------------
---------------- Environment ----------------
---------------------------------------------
Active Player Index: 1
---------------------------------------------
Completed Halfturns: 1
Upcoming Event: MAIN_1
Active Player Index: 1
Game over: False
---------------------------------------------
Player 0:
Name: Tim
Current Life: 20
Cards in Hand:
broodhunter-wurm(67b5246e-a6bc-427f-aa97-28c5e3da6838) | mountain(3f93f8ce-2bac-4de8-a399-181059fc67b5) | broodhunter-wurm(c10f70e5-4f79-45c2-a8e7-3693dc2acc93) | ruination-wurm(bb8efc80-ef74-4faa-8e4a-2b6e9b382f93) | rhox-brute(a3e7ecd3-d515-42c9-a1c5-f0bfbd4abfdf) | forest(d08dae67-2789-44af-ae64-d2ab21be3aea)
Cards in Library: 32
---------------------------------------------
Player 1:
Name: Opp-RulesBased
Current Life: 20
Cards in Hand:
bear-cub(c9c4f248-95b3-4a21-9769-ea625601c297) | goblin-assailant(af75eccd-bc1a-4d2a-a8d2-2588dcb8d0dc) | goblin-roughrider(68747f88-5cae-482e-8622-e091af7bac2d) | mountain(cb830c75-7c98-4096-bd7a-aa328e61753c) | bear-cub(4eb495b9-b094-4e4c-bea9-1a924a93c51a) | mountain(c9598d0d-ccc1-4086-b468-8b9e1a29f046) | rhox-brute(8a07949a-698c-4395-86bd-e366468b7924)
Cards in Library: 31
---------------------------------------------
2026-06-29 18:07:57,228 - session - DEBUG - SessionTick: Running GameLoop
2026-06-29 18:07:57,228 - session - DEBUG - SessionTick: Opp-RulesBased: Waiting for player to have no prior state before starting
2026-06-29 18:07:57,229 - session - DEBUG - SessionTick: Opp-RulesBased: Prompting Player with state ---------------------------------------------
---------------- Environment ----------------
---------------------------------------------
Active Player Index: 1
---------------------------------------------
Completed Halfturns: 1
Upcoming Event: MAIN_1
Active Player Index: 1
Game over: False
---------------------------------------------
Player 0:
Name: Tim
Current Life: 20
Cards in Hand:
broodhunter-wurm(67b5246e-a6bc-427f-aa97-28c5e3da6838) | mountain(3f93f8ce-2bac-4de8-a399-181059fc67b5) | broodhunter-wurm(c10f70e5-4f79-45c2-a8e7-3693dc2acc93) | ruination-wurm(bb8efc80-ef74-4faa-8e4a-2b6e9b382f93) | rhox-brute(a3e7ecd3-d515-42c9-a1c5-f0bfbd4abfdf) | forest(d08dae67-2789-44af-ae64-d2ab21be3aea)
Cards in Library: 32
---------------------------------------------
Player 1:
Name: Opp-RulesBased
Current Life: 20
Cards in Hand:
bear-cub(c9c4f248-95b3-4a21-9769-ea625601c297) | goblin-assailant(af75eccd-bc1a-4d2a-a8d2-2588dcb8d0dc) | goblin-roughrider(68747f88-5cae-482e-8622-e091af7bac2d) | mountain(cb830c75-7c98-4096-bd7a-aa328e61753c) | bear-cub(4eb495b9-b094-4e4c-bea9-1a924a93c51a) | mountain(c9598d0d-ccc1-4086-b468-8b9e1a29f046) | rhox-brute(8a07949a-698c-4395-86bd-e366468b7924)
Cards in Library: 31
---------------------------------------------
2026-06-29 18:07:57,232 - session - INFO - SessionTick: Opp-RulesBased: Prompting Player with event MAINPHASE_EMPTY_STACK
2026-06-29 18:07:57,233 - session - DEBUG - SessionTick: Opp-RulesBased: Waiting for Player Input
2026-06-29 18:07:57,234 - session - DEBUG - SessionTick: Opp-RulesBased: Received Player Input: PASS --- None
2026-06-29 18:07:57,234 - session - DEBUG - SessionTick: Opp-RulesBased: Answered player with new state ---------------------------------------------
---------------- Environment ----------------
---------------------------------------------
Active Player Index: 1
---------------------------------------------
Completed Halfturns: 1
Upcoming Event: ATTACK_STEP
Active Player Index: 1
Game over: False
---------------------------------------------
Player 0:
Name: Tim
Current Life: 20
Cards in Hand:
broodhunter-wurm(67b5246e-a6bc-427f-aa97-28c5e3da6838) | mountain(3f93f8ce-2bac-4de8-a399-181059fc67b5) | broodhunter-wurm(c10f70e5-4f79-45c2-a8e7-3693dc2acc93) | ruination-wurm(bb8efc80-ef74-4faa-8e4a-2b6e9b382f93) | rhox-brute(a3e7ecd3-d515-42c9-a1c5-f0bfbd4abfdf) | forest(d08dae67-2789-44af-ae64-d2ab21be3aea)
Cards in Library: 32
---------------------------------------------
Player 1:
Name: Opp-RulesBased
Current Life: 20
Cards in Hand:
bear-cub(c9c4f248-95b3-4a21-9769-ea625601c297) | goblin-assailant(af75eccd-bc1a-4d2a-a8d2-2588dcb8d0dc) | goblin-roughrider(68747f88-5cae-482e-8622-e091af7bac2d) | mountain(cb830c75-7c98-4096-bd7a-aa328e61753c) | bear-cub(4eb495b9-b094-4e4c-bea9-1a924a93c51a) | mountain(c9598d0d-ccc1-4086-b468-8b9e1a29f046) | rhox-brute(8a07949a-698c-4395-86bd-e366468b7924)
Cards in Library: 31
---------------------------------------------
2026-06-29 18:07:57,235 - session - DEBUG - SessionTick: Running GameLoop
2026-06-29 18:07:57,235 - session - DEBUG - SessionTick: Opp-RulesBased: Waiting for player to have no prior state before starting
2026-06-29 18:07:57,235 - session - DEBUG - SessionTick: Opp-RulesBased: Prompting Player with state ---------------------------------------------
---------------- Environment ----------------
---------------------------------------------
Active Player Index: 1
---------------------------------------------
Completed Halfturns: 1
Upcoming Event: ATTACK_STEP
Active Player Index: 1
Game over: False
---------------------------------------------
Player 0:
Name: Tim
Current Life: 20
Cards in Hand:
broodhunter-wurm(67b5246e-a6bc-427f-aa97-28c5e3da6838) | mountain(3f93f8ce-2bac-4de8-a399-181059fc67b5) | broodhunter-wurm(c10f70e5-4f79-45c2-a8e7-3693dc2acc93) | ruination-wurm(bb8efc80-ef74-4faa-8e4a-2b6e9b382f93) | rhox-brute(a3e7ecd3-d515-42c9-a1c5-f0bfbd4abfdf) | forest(d08dae67-2789-44af-ae64-d2ab21be3aea)
Cards in Library: 32
---------------------------------------------
Player 1:
Name: Opp-RulesBased
Current Life: 20
Cards in Hand:
bear-cub(c9c4f248-95b3-4a21-9769-ea625601c297) | goblin-assailant(af75eccd-bc1a-4d2a-a8d2-2588dcb8d0dc) | goblin-roughrider(68747f88-5cae-482e-8622-e091af7bac2d) | mountain(cb830c75-7c98-4096-bd7a-aa328e61753c) | bear-cub(4eb495b9-b094-4e4c-bea9-1a924a93c51a) | mountain(c9598d0d-ccc1-4086-b468-8b9e1a29f046) | rhox-brute(8a07949a-698c-4395-86bd-e366468b7924)
Cards in Library: 31
---------------------------------------------
2026-06-29 18:07:57,235 - session - INFO - SessionTick: Opp-RulesBased: Prompting Player with event DECLARE_ATTACKS
2026-06-29 18:07:57,236 - session - DEBUG - SessionTick: Opp-RulesBased: Waiting for Player Input
2026-06-29 18:07:57,236 - session - DEBUG - SessionTick: Opp-RulesBased: Received Player Input: PASS --- None
2026-06-29 18:07:57,238 - session - DEBUG - SessionTick: Opp-RulesBased: Answered player with new state ---------------------------------------------
---------------- Environment ----------------
---------------------------------------------
Active Player Index: 1
---------------------------------------------
Completed Halfturns: 1
Upcoming Event: BLOCK_STEP
Active Player Index: 1
Game over: False
---------------------------------------------
Player 0:
Name: Tim
Current Life: 20
Cards in Hand:
broodhunter-wurm(67b5246e-a6bc-427f-aa97-28c5e3da6838) | mountain(3f93f8ce-2bac-4de8-a399-181059fc67b5) | broodhunter-wurm(c10f70e5-4f79-45c2-a8e7-3693dc2acc93) | ruination-wurm(bb8efc80-ef74-4faa-8e4a-2b6e9b382f93) | rhox-brute(a3e7ecd3-d515-42c9-a1c5-f0bfbd4abfdf) | forest(d08dae67-2789-44af-ae64-d2ab21be3aea)
Cards in Library: 32
---------------------------------------------
Player 1:
Name: Opp-RulesBased
Current Life: 20
Cards in Hand:
bear-cub(c9c4f248-95b3-4a21-9769-ea625601c297) | goblin-assailant(af75eccd-bc1a-4d2a-a8d2-2588dcb8d0dc) | goblin-roughrider(68747f88-5cae-482e-8622-e091af7bac2d) | mountain(cb830c75-7c98-4096-bd7a-aa328e61753c) | bear-cub(4eb495b9-b094-4e4c-bea9-1a924a93c51a) | mountain(c9598d0d-ccc1-4086-b468-8b9e1a29f046) | rhox-brute(8a07949a-698c-4395-86bd-e366468b7924)
Cards in Library: 31
---------------------------------------------
2026-06-29 18:07:57,238 - session - DEBUG - SessionTick: Running GameLoop
2026-06-29 18:07:57,238 - session - DEBUG - SessionTick: Tim: Waiting for player to have no prior state before starting
2026-06-29 18:07:57,238 - session - DEBUG - SessionTick: Tim: Prompting Player with state ---------------------------------------------
---------------- Environment ----------------
---------------------------------------------
Active Player Index: 1
---------------------------------------------
Completed Halfturns: 1
Upcoming Event: BLOCK_STEP
Active Player Index: 1
Game over: False
---------------------------------------------
Player 0:
Name: Tim
Current Life: 20
Cards in Hand:
broodhunter-wurm(67b5246e-a6bc-427f-aa97-28c5e3da6838) | mountain(3f93f8ce-2bac-4de8-a399-181059fc67b5) | broodhunter-wurm(c10f70e5-4f79-45c2-a8e7-3693dc2acc93) | ruination-wurm(bb8efc80-ef74-4faa-8e4a-2b6e9b382f93) | rhox-brute(a3e7ecd3-d515-42c9-a1c5-f0bfbd4abfdf) | forest(d08dae67-2789-44af-ae64-d2ab21be3aea)
Cards in Library: 32
---------------------------------------------
Player 1:
Name: Opp-RulesBased
Current Life: 20
Cards in Hand:
bear-cub(c9c4f248-95b3-4a21-9769-ea625601c297) | goblin-assailant(af75eccd-bc1a-4d2a-a8d2-2588dcb8d0dc) | goblin-roughrider(68747f88-5cae-482e-8622-e091af7bac2d) | mountain(cb830c75-7c98-4096-bd7a-aa328e61753c) | bear-cub(4eb495b9-b094-4e4c-bea9-1a924a93c51a) | mountain(c9598d0d-ccc1-4086-b468-8b9e1a29f046) | rhox-brute(8a07949a-698c-4395-86bd-e366468b7924)
Cards in Library: 31
---------------------------------------------
2026-06-29 18:07:57,239 - session - INFO - SessionTick: Tim: Prompting Player with event DECLARE_BLOCKS
2026-06-29 18:07:57,242 - session - DEBUG - SessionTick: Tim: Waiting for Player Input
2026-06-29 18:07:59,474 - session - DEBUG - SessionTick: Tim: Received Player Input: PASS --- None
2026-06-29 18:07:59,480 - session - DEBUG - SessionTick: Tim: Answered player with new state ---------------------------------------------
---------------- Environment ----------------
---------------------------------------------
Active Player Index: 1
---------------------------------------------
Completed Halfturns: 1
Upcoming Event: MAIN_2
Active Player Index: 1
Game over: False
---------------------------------------------
Player 0:
Name: Tim
Current Life: 20
Cards in Hand:
broodhunter-wurm(67b5246e-a6bc-427f-aa97-28c5e3da6838) | mountain(3f93f8ce-2bac-4de8-a399-181059fc67b5) | broodhunter-wurm(c10f70e5-4f79-45c2-a8e7-3693dc2acc93) | ruination-wurm(bb8efc80-ef74-4faa-8e4a-2b6e9b382f93) | rhox-brute(a3e7ecd3-d515-42c9-a1c5-f0bfbd4abfdf) | forest(d08dae67-2789-44af-ae64-d2ab21be3aea)
Cards in Library: 32
---------------------------------------------
Player 1:
Name: Opp-RulesBased
Current Life: 20
Cards in Hand:
bear-cub(c9c4f248-95b3-4a21-9769-ea625601c297) | goblin-assailant(af75eccd-bc1a-4d2a-a8d2-2588dcb8d0dc) | goblin-roughrider(68747f88-5cae-482e-8622-e091af7bac2d) | mountain(cb830c75-7c98-4096-bd7a-aa328e61753c) | bear-cub(4eb495b9-b094-4e4c-bea9-1a924a93c51a) | mountain(c9598d0d-ccc1-4086-b468-8b9e1a29f046) | rhox-brute(8a07949a-698c-4395-86bd-e366468b7924)
Cards in Library: 31
---------------------------------------------
2026-06-29 18:07:59,480 - session - DEBUG - SessionTick: Running GameLoop
2026-06-29 18:07:59,480 - session - DEBUG - SessionTick: Opp-RulesBased: Waiting for player to have no prior state before starting
2026-06-29 18:07:59,480 - session - DEBUG - SessionTick: Opp-RulesBased: Prompting Player with state ---------------------------------------------
---------------- Environment ----------------
---------------------------------------------
Active Player Index: 1
---------------------------------------------
Completed Halfturns: 1
Upcoming Event: MAIN_2
Active Player Index: 1
Game over: False
---------------------------------------------
Player 0:
Name: Tim
Current Life: 20
Cards in Hand:
broodhunter-wurm(67b5246e-a6bc-427f-aa97-28c5e3da6838) | mountain(3f93f8ce-2bac-4de8-a399-181059fc67b5) | broodhunter-wurm(c10f70e5-4f79-45c2-a8e7-3693dc2acc93) | ruination-wurm(bb8efc80-ef74-4faa-8e4a-2b6e9b382f93) | rhox-brute(a3e7ecd3-d515-42c9-a1c5-f0bfbd4abfdf) | forest(d08dae67-2789-44af-ae64-d2ab21be3aea)
Cards in Library: 32
---------------------------------------------
Player 1:
Name: Opp-RulesBased
Current Life: 20
Cards in Hand:
bear-cub(c9c4f248-95b3-4a21-9769-ea625601c297) | goblin-assailant(af75eccd-bc1a-4d2a-a8d2-2588dcb8d0dc) | goblin-roughrider(68747f88-5cae-482e-8622-e091af7bac2d) | mountain(cb830c75-7c98-4096-bd7a-aa328e61753c) | bear-cub(4eb495b9-b094-4e4c-bea9-1a924a93c51a) | mountain(c9598d0d-ccc1-4086-b468-8b9e1a29f046) | rhox-brute(8a07949a-698c-4395-86bd-e366468b7924)
Cards in Library: 31
---------------------------------------------
2026-06-29 18:07:59,480 - session - INFO - SessionTick: Opp-RulesBased: Prompting Player with event MAINPHASE_EMPTY_STACK
2026-06-29 18:07:59,482 - session - DEBUG - SessionTick: Opp-RulesBased: Waiting for Player Input
2026-06-29 18:07:59,483 - session - DEBUG - SessionTick: Opp-RulesBased: Received Player Input: PASS --- None
2026-06-29 18:07:59,485 - session - DEBUG - SessionTick: Opp-RulesBased: Answered player with new state ---------------------------------------------
---------------- Environment ----------------
---------------------------------------------
Active Player Index: 1
---------------------------------------------
Completed Halfturns: 1
Upcoming Event: END_STEP
Active Player Index: 1
Game over: False
---------------------------------------------
Player 0:
Name: Tim
Current Life: 20
Cards in Hand:
broodhunter-wurm(67b5246e-a6bc-427f-aa97-28c5e3da6838) | mountain(3f93f8ce-2bac-4de8-a399-181059fc67b5) | broodhunter-wurm(c10f70e5-4f79-45c2-a8e7-3693dc2acc93) | ruination-wurm(bb8efc80-ef74-4faa-8e4a-2b6e9b382f93) | rhox-brute(a3e7ecd3-d515-42c9-a1c5-f0bfbd4abfdf) | forest(d08dae67-2789-44af-ae64-d2ab21be3aea)
Cards in Library: 32
---------------------------------------------
Player 1:
Name: Opp-RulesBased
Current Life: 20
Cards in Hand:
bear-cub(c9c4f248-95b3-4a21-9769-ea625601c297) | goblin-assailant(af75eccd-bc1a-4d2a-a8d2-2588dcb8d0dc) | goblin-roughrider(68747f88-5cae-482e-8622-e091af7bac2d) | mountain(cb830c75-7c98-4096-bd7a-aa328e61753c) | bear-cub(4eb495b9-b094-4e4c-bea9-1a924a93c51a) | mountain(c9598d0d-ccc1-4086-b468-8b9e1a29f046) | rhox-brute(8a07949a-698c-4395-86bd-e366468b7924)
Cards in Library: 31
---------------------------------------------
2026-06-29 18:07:59,485 - session - DEBUG - SessionTick: Running GameLoop
2026-06-29 18:07:59,485 - session - DEBUG - SessionTick: Running GameLoop
2026-06-29 18:07:59,485 - session - DEBUG - SessionTick: Running GameLoop
2026-06-29 18:07:59,486 - session - DEBUG - SessionTick: Running GameLoop
2026-06-29 18:07:59,486 - session - DEBUG - SessionTick: Tim: Waiting for player to have no prior state before starting
2026-06-29 18:07:59,487 - session - DEBUG - SessionTick: Tim: Prompting Player with state ---------------------------------------------
---------------- Environment ----------------
---------------------------------------------
Active Player Index: 0
---------------------------------------------
Completed Halfturns: 2
Upcoming Event: MAIN_1
Active Player Index: 0
Game over: False
---------------------------------------------
Player 0:
Name: Tim
Current Life: 20
Cards in Hand:
broodhunter-wurm(67b5246e-a6bc-427f-aa97-28c5e3da6838) | mountain(3f93f8ce-2bac-4de8-a399-181059fc67b5) | broodhunter-wurm(c10f70e5-4f79-45c2-a8e7-3693dc2acc93) | ruination-wurm(bb8efc80-ef74-4faa-8e4a-2b6e9b382f93) | rhox-brute(a3e7ecd3-d515-42c9-a1c5-f0bfbd4abfdf) | forest(d08dae67-2789-44af-ae64-d2ab21be3aea) | forest(f978533a-b905-4ccc-9187-40a2541f995a)
Cards in Library: 31
---------------------------------------------
Player 1:
Name: Opp-RulesBased
Current Life: 20
Cards in Hand:
bear-cub(c9c4f248-95b3-4a21-9769-ea625601c297) | goblin-assailant(af75eccd-bc1a-4d2a-a8d2-2588dcb8d0dc) | goblin-roughrider(68747f88-5cae-482e-8622-e091af7bac2d) | mountain(cb830c75-7c98-4096-bd7a-aa328e61753c) | bear-cub(4eb495b9-b094-4e4c-bea9-1a924a93c51a) | mountain(c9598d0d-ccc1-4086-b468-8b9e1a29f046) | rhox-brute(8a07949a-698c-4395-86bd-e366468b7924)
Cards in Library: 31
---------------------------------------------
2026-06-29 18:07:59,487 - session - INFO - SessionTick: Tim: Prompting Player with event MAINPHASE_EMPTY_STACK
2026-06-29 18:07:59,493 - session - DEBUG - SessionTick: Tim: Waiting for Player Input
2026-06-29 18:08:04,718 - session - DEBUG - SessionTick: Tim: Received Player Input: PLAY_CARD --- [[5]]
2026-06-29 18:08:04,722 - session - DEBUG - SessionTick: Tim: Answered player with new state ---------------------------------------------
---------------- Environment ----------------
---------------------------------------------
Active Player Index: 0
---------------------------------------------
Completed Halfturns: 2
Upcoming Event: MAIN_1
Active Player Index: 0
Game over: False
---------------------------------------------
Player 0:
Name: Tim
Current Life: 20
Cards in Hand:
broodhunter-wurm(67b5246e-a6bc-427f-aa97-28c5e3da6838) | mountain(3f93f8ce-2bac-4de8-a399-181059fc67b5) | broodhunter-wurm(c10f70e5-4f79-45c2-a8e7-3693dc2acc93) | ruination-wurm(bb8efc80-ef74-4faa-8e4a-2b6e9b382f93) | rhox-brute(a3e7ecd3-d515-42c9-a1c5-f0bfbd4abfdf) | forest(f978533a-b905-4ccc-9187-40a2541f995a)
Cards in Library: 31
---------------------------------------------
Player 1:
Name: Opp-RulesBased
Current Life: 20
Cards in Hand:
bear-cub(c9c4f248-95b3-4a21-9769-ea625601c297) | goblin-assailant(af75eccd-bc1a-4d2a-a8d2-2588dcb8d0dc) | goblin-roughrider(68747f88-5cae-482e-8622-e091af7bac2d) | mountain(cb830c75-7c98-4096-bd7a-aa328e61753c) | bear-cub(4eb495b9-b094-4e4c-bea9-1a924a93c51a) | mountain(c9598d0d-ccc1-4086-b468-8b9e1a29f046) | rhox-brute(8a07949a-698c-4395-86bd-e366468b7924)
Cards in Library: 31
---------------------------------------------
2026-06-29 18:08:04,722 - session - DEBUG - SessionTick: Running GameLoop
2026-06-29 18:08:04,723 - session - DEBUG - SessionTick: Tim: Waiting for player to have no prior state before starting
2026-06-29 18:08:04,723 - session - DEBUG - SessionTick: Tim: Prompting Player with state ---------------------------------------------
---------------- Environment ----------------
---------------------------------------------
Active Player Index: 0
---------------------------------------------
Completed Halfturns: 2
Upcoming Event: MAIN_1
Active Player Index: 0
Game over: False
---------------------------------------------
Player 0:
Name: Tim
Current Life: 20
Cards in Hand:
broodhunter-wurm(67b5246e-a6bc-427f-aa97-28c5e3da6838) | mountain(3f93f8ce-2bac-4de8-a399-181059fc67b5) | broodhunter-wurm(c10f70e5-4f79-45c2-a8e7-3693dc2acc93) | ruination-wurm(bb8efc80-ef74-4faa-8e4a-2b6e9b382f93) | rhox-brute(a3e7ecd3-d515-42c9-a1c5-f0bfbd4abfdf) | forest(f978533a-b905-4ccc-9187-40a2541f995a)
Cards in Library: 31
---------------------------------------------
Player 1:
Name: Opp-RulesBased
Current Life: 20
Cards in Hand:
bear-cub(c9c4f248-95b3-4a21-9769-ea625601c297) | goblin-assailant(af75eccd-bc1a-4d2a-a8d2-2588dcb8d0dc) | goblin-roughrider(68747f88-5cae-482e-8622-e091af7bac2d) | mountain(cb830c75-7c98-4096-bd7a-aa328e61753c) | bear-cub(4eb495b9-b094-4e4c-bea9-1a924a93c51a) | mountain(c9598d0d-ccc1-4086-b468-8b9e1a29f046) | rhox-brute(8a07949a-698c-4395-86bd-e366468b7924)
Cards in Library: 31
---------------------------------------------
2026-06-29 18:08:04,724 - session - INFO - SessionTick: Tim: Prompting Player with event MAINPHASE_EMPTY_STACK
2026-06-29 18:08:04,729 - session - DEBUG - SessionTick: Tim: Waiting for Player Input
2026-06-29 18:08:06,657 - session - DEBUG - SessionTick: Tim: Received Player Input: PASS --- None
2026-06-29 18:08:06,659 - session - DEBUG - SessionTick: Tim: Answered player with new state ---------------------------------------------
---------------- Environment ----------------
---------------------------------------------
Active Player Index: 0
---------------------------------------------
Completed Halfturns: 2
Upcoming Event: ATTACK_STEP
Active Player Index: 0
Game over: False
---------------------------------------------
Player 0:
Name: Tim
Current Life: 20
Cards in Hand:
broodhunter-wurm(67b5246e-a6bc-427f-aa97-28c5e3da6838) | mountain(3f93f8ce-2bac-4de8-a399-181059fc67b5) | broodhunter-wurm(c10f70e5-4f79-45c2-a8e7-3693dc2acc93) | ruination-wurm(bb8efc80-ef74-4faa-8e4a-2b6e9b382f93) | rhox-brute(a3e7ecd3-d515-42c9-a1c5-f0bfbd4abfdf) | forest(f978533a-b905-4ccc-9187-40a2541f995a)
Cards in Library: 31
---------------------------------------------
Player 1:
Name: Opp-RulesBased
Current Life: 20
Cards in Hand:
bear-cub(c9c4f248-95b3-4a21-9769-ea625601c297) | goblin-assailant(af75eccd-bc1a-4d2a-a8d2-2588dcb8d0dc) | goblin-roughrider(68747f88-5cae-482e-8622-e091af7bac2d) | mountain(cb830c75-7c98-4096-bd7a-aa328e61753c) | bear-cub(4eb495b9-b094-4e4c-bea9-1a924a93c51a) | mountain(c9598d0d-ccc1-4086-b468-8b9e1a29f046) | rhox-brute(8a07949a-698c-4395-86bd-e366468b7924)
Cards in Library: 31
---------------------------------------------
2026-06-29 18:08:06,659 - session - DEBUG - SessionTick: Running GameLoop
2026-06-29 18:08:06,659 - session - DEBUG - SessionTick: Tim: Waiting for player to have no prior state before starting
2026-06-29 18:08:06,659 - session - DEBUG - SessionTick: Tim: Prompting Player with state ---------------------------------------------
---------------- Environment ----------------
---------------------------------------------
Active Player Index: 0
---------------------------------------------
Completed Halfturns: 2
Upcoming Event: ATTACK_STEP
Active Player Index: 0
Game over: False
---------------------------------------------
Player 0:
Name: Tim
Current Life: 20
Cards in Hand:
broodhunter-wurm(67b5246e-a6bc-427f-aa97-28c5e3da6838) | mountain(3f93f8ce-2bac-4de8-a399-181059fc67b5) | broodhunter-wurm(c10f70e5-4f79-45c2-a8e7-3693dc2acc93) | ruination-wurm(bb8efc80-ef74-4faa-8e4a-2b6e9b382f93) | rhox-brute(a3e7ecd3-d515-42c9-a1c5-f0bfbd4abfdf) | forest(f978533a-b905-4ccc-9187-40a2541f995a)
Cards in Library: 31
---------------------------------------------
Player 1:
Name: Opp-RulesBased
Current Life: 20
Cards in Hand:
bear-cub(c9c4f248-95b3-4a21-9769-ea625601c297) | goblin-assailant(af75eccd-bc1a-4d2a-a8d2-2588dcb8d0dc) | goblin-roughrider(68747f88-5cae-482e-8622-e091af7bac2d) | mountain(cb830c75-7c98-4096-bd7a-aa328e61753c) | bear-cub(4eb495b9-b094-4e4c-bea9-1a924a93c51a) | mountain(c9598d0d-ccc1-4086-b468-8b9e1a29f046) | rhox-brute(8a07949a-698c-4395-86bd-e366468b7924)
Cards in Library: 31
---------------------------------------------
2026-06-29 18:08:06,660 - session - INFO - SessionTick: Tim: Prompting Player with event DECLARE_ATTACKS
2026-06-29 18:08:06,661 - session - DEBUG - SessionTick: Tim: Waiting for Player Input
2026-06-29 18:08:09,109 - session - DEBUG - SessionTick: Tim: Received Player Input: PASS --- None
2026-06-29 18:08:09,113 - session - DEBUG - SessionTick: Tim: Answered player with new state ---------------------------------------------
---------------- Environment ----------------
---------------------------------------------
Active Player Index: 0
---------------------------------------------
Completed Halfturns: 2
Upcoming Event: BLOCK_STEP
Active Player Index: 0
Game over: False
---------------------------------------------
Player 0:
Name: Tim
Current Life: 20
Cards in Hand:
broodhunter-wurm(67b5246e-a6bc-427f-aa97-28c5e3da6838) | mountain(3f93f8ce-2bac-4de8-a399-181059fc67b5) | broodhunter-wurm(c10f70e5-4f79-45c2-a8e7-3693dc2acc93) | ruination-wurm(bb8efc80-ef74-4faa-8e4a-2b6e9b382f93) | rhox-brute(a3e7ecd3-d515-42c9-a1c5-f0bfbd4abfdf) | forest(f978533a-b905-4ccc-9187-40a2541f995a)
Cards in Library: 31
---------------------------------------------
Player 1:
Name: Opp-RulesBased
Current Life: 20
Cards in Hand:
bear-cub(c9c4f248-95b3-4a21-9769-ea625601c297) | goblin-assailant(af75eccd-bc1a-4d2a-a8d2-2588dcb8d0dc) | goblin-roughrider(68747f88-5cae-482e-8622-e091af7bac2d) | mountain(cb830c75-7c98-4096-bd7a-aa328e61753c) | bear-cub(4eb495b9-b094-4e4c-bea9-1a924a93c51a) | mountain(c9598d0d-ccc1-4086-b468-8b9e1a29f046) | rhox-brute(8a07949a-698c-4395-86bd-e366468b7924)
Cards in Library: 31
---------------------------------------------
2026-06-29 18:08:09,113 - session - DEBUG - SessionTick: Running GameLoop
2026-06-29 18:08:09,114 - session - DEBUG - SessionTick: Opp-RulesBased: Waiting for player to have no prior state before starting
2026-06-29 18:08:09,114 - session - DEBUG - SessionTick: Opp-RulesBased: Prompting Player with state ---------------------------------------------
---------------- Environment ----------------
---------------------------------------------
Active Player Index: 0
---------------------------------------------
Completed Halfturns: 2
Upcoming Event: BLOCK_STEP
Active Player Index: 0
Game over: False
---------------------------------------------
Player 0:
Name: Tim
Current Life: 20
Cards in Hand:
broodhunter-wurm(67b5246e-a6bc-427f-aa97-28c5e3da6838) | mountain(3f93f8ce-2bac-4de8-a399-181059fc67b5) | broodhunter-wurm(c10f70e5-4f79-45c2-a8e7-3693dc2acc93) | ruination-wurm(bb8efc80-ef74-4faa-8e4a-2b6e9b382f93) | rhox-brute(a3e7ecd3-d515-42c9-a1c5-f0bfbd4abfdf) | forest(f978533a-b905-4ccc-9187-40a2541f995a)
Cards in Library: 31
---------------------------------------------
Player 1:
Name: Opp-RulesBased
Current Life: 20
Cards in Hand:
bear-cub(c9c4f248-95b3-4a21-9769-ea625601c297) | goblin-assailant(af75eccd-bc1a-4d2a-a8d2-2588dcb8d0dc) | goblin-roughrider(68747f88-5cae-482e-8622-e091af7bac2d) | mountain(cb830c75-7c98-4096-bd7a-aa328e61753c) | bear-cub(4eb495b9-b094-4e4c-bea9-1a924a93c51a) | mountain(c9598d0d-ccc1-4086-b468-8b9e1a29f046) | rhox-brute(8a07949a-698c-4395-86bd-e366468b7924)
Cards in Library: 31
---------------------------------------------
2026-06-29 18:08:09,115 - session - INFO - SessionTick: Opp-RulesBased: Prompting Player with event DECLARE_BLOCKS
2026-06-29 18:08:09,115 - session - DEBUG - SessionTick: Opp-RulesBased: Waiting for Player Input
2026-06-29 18:08:09,117 - session - DEBUG - SessionTick: Opp-RulesBased: Received Player Input: PASS --- None
2026-06-29 18:08:09,118 - session - DEBUG - SessionTick: Opp-RulesBased: Answered player with new state ---------------------------------------------
---------------- Environment ----------------
---------------------------------------------
Active Player Index: 0
---------------------------------------------
Completed Halfturns: 2
Upcoming Event: MAIN_2
Active Player Index: 0
Game over: False
---------------------------------------------
Player 0:
Name: Tim
Current Life: 20
Cards in Hand:
broodhunter-wurm(67b5246e-a6bc-427f-aa97-28c5e3da6838) | mountain(3f93f8ce-2bac-4de8-a399-181059fc67b5) | broodhunter-wurm(c10f70e5-4f79-45c2-a8e7-3693dc2acc93) | ruination-wurm(bb8efc80-ef74-4faa-8e4a-2b6e9b382f93) | rhox-brute(a3e7ecd3-d515-42c9-a1c5-f0bfbd4abfdf) | forest(f978533a-b905-4ccc-9187-40a2541f995a)
Cards in Library: 31
---------------------------------------------
Player 1:
Name: Opp-RulesBased
Current Life: 20
Cards in Hand:
bear-cub(c9c4f248-95b3-4a21-9769-ea625601c297) | goblin-assailant(af75eccd-bc1a-4d2a-a8d2-2588dcb8d0dc) | goblin-roughrider(68747f88-5cae-482e-8622-e091af7bac2d) | mountain(cb830c75-7c98-4096-bd7a-aa328e61753c) | bear-cub(4eb495b9-b094-4e4c-bea9-1a924a93c51a) | mountain(c9598d0d-ccc1-4086-b468-8b9e1a29f046) | rhox-brute(8a07949a-698c-4395-86bd-e366468b7924)
Cards in Library: 31
---------------------------------------------
2026-06-29 18:08:09,118 - session - DEBUG - SessionTick: Running GameLoop
2026-06-29 18:08:09,119 - session - DEBUG - SessionTick: Tim: Waiting for player to have no prior state before starting
2026-06-29 18:08:09,119 - session - DEBUG - SessionTick: Tim: Prompting Player with state ---------------------------------------------
---------------- Environment ----------------
---------------------------------------------
Active Player Index: 0
---------------------------------------------
Completed Halfturns: 2
Upcoming Event: MAIN_2
Active Player Index: 0
Game over: False
---------------------------------------------
Player 0:
Name: Tim
Current Life: 20
Cards in Hand:
broodhunter-wurm(67b5246e-a6bc-427f-aa97-28c5e3da6838) | mountain(3f93f8ce-2bac-4de8-a399-181059fc67b5) | broodhunter-wurm(c10f70e5-4f79-45c2-a8e7-3693dc2acc93) | ruination-wurm(bb8efc80-ef74-4faa-8e4a-2b6e9b382f93) | rhox-brute(a3e7ecd3-d515-42c9-a1c5-f0bfbd4abfdf) | forest(f978533a-b905-4ccc-9187-40a2541f995a)
Cards in Library: 31
---------------------------------------------
Player 1:
Name: Opp-RulesBased
Current Life: 20
Cards in Hand:
bear-cub(c9c4f248-95b3-4a21-9769-ea625601c297) | goblin-assailant(af75eccd-bc1a-4d2a-a8d2-2588dcb8d0dc) | goblin-roughrider(68747f88-5cae-482e-8622-e091af7bac2d) | mountain(cb830c75-7c98-4096-bd7a-aa328e61753c) | bear-cub(4eb495b9-b094-4e4c-bea9-1a924a93c51a) | mountain(c9598d0d-ccc1-4086-b468-8b9e1a29f046) | rhox-brute(8a07949a-698c-4395-86bd-e366468b7924)
Cards in Library: 31
---------------------------------------------
2026-06-29 18:08:09,120 - session - INFO - SessionTick: Tim: Prompting Player with event MAINPHASE_EMPTY_STACK
2026-06-29 18:08:09,124 - session - DEBUG - SessionTick: Tim: Waiting for Player Input
2026-06-29 18:08:11,514 - session - DEBUG - SessionTick: Tim: Received Player Input: PASS --- None
2026-06-29 18:08:11,520 - session - DEBUG - SessionTick: Tim: Answered player with new state ---------------------------------------------
---------------- Environment ----------------
---------------------------------------------
Active Player Index: 0
---------------------------------------------
Completed Halfturns: 2
Upcoming Event: END_STEP
Active Player Index: 0
Game over: False
---------------------------------------------
Player 0:
Name: Tim
Current Life: 20
Cards in Hand:
broodhunter-wurm(67b5246e-a6bc-427f-aa97-28c5e3da6838) | mountain(3f93f8ce-2bac-4de8-a399-181059fc67b5) | broodhunter-wurm(c10f70e5-4f79-45c2-a8e7-3693dc2acc93) | ruination-wurm(bb8efc80-ef74-4faa-8e4a-2b6e9b382f93) | rhox-brute(a3e7ecd3-d515-42c9-a1c5-f0bfbd4abfdf) | forest(f978533a-b905-4ccc-9187-40a2541f995a)
Cards in Library: 31
---------------------------------------------
Player 1:
Name: Opp-RulesBased
Current Life: 20
Cards in Hand:
bear-cub(c9c4f248-95b3-4a21-9769-ea625601c297) | goblin-assailant(af75eccd-bc1a-4d2a-a8d2-2588dcb8d0dc) | goblin-roughrider(68747f88-5cae-482e-8622-e091af7bac2d) | mountain(cb830c75-7c98-4096-bd7a-aa328e61753c) | bear-cub(4eb495b9-b094-4e4c-bea9-1a924a93c51a) | mountain(c9598d0d-ccc1-4086-b468-8b9e1a29f046) | rhox-brute(8a07949a-698c-4395-86bd-e366468b7924)
Cards in Library: 31
---------------------------------------------
2026-06-29 18:08:11,520 - session - DEBUG - SessionTick: Running GameLoop
2026-06-29 18:08:11,521 - session - DEBUG - SessionTick: Running GameLoop
2026-06-29 18:08:11,521 - session - DEBUG - SessionTick: Running GameLoop
2026-06-29 18:08:11,522 - session - DEBUG - SessionTick: Running GameLoop
2026-06-29 18:08:11,522 - session - DEBUG - SessionTick: Opp-RulesBased: Waiting for player to have no prior state before starting
2026-06-29 18:08:11,523 - session - DEBUG - SessionTick: Opp-RulesBased: Prompting Player with state ---------------------------------------------
---------------- Environment ----------------
---------------------------------------------
Active Player Index: 1
---------------------------------------------
Completed Halfturns: 3
Upcoming Event: MAIN_1
Active Player Index: 1
Game over: False
---------------------------------------------
Player 0:
Name: Tim
Current Life: 20
Cards in Hand:
broodhunter-wurm(67b5246e-a6bc-427f-aa97-28c5e3da6838) | mountain(3f93f8ce-2bac-4de8-a399-181059fc67b5) | broodhunter-wurm(c10f70e5-4f79-45c2-a8e7-3693dc2acc93) | ruination-wurm(bb8efc80-ef74-4faa-8e4a-2b6e9b382f93) | rhox-brute(a3e7ecd3-d515-42c9-a1c5-f0bfbd4abfdf) | forest(f978533a-b905-4ccc-9187-40a2541f995a)
Cards in Library: 31
---------------------------------------------
Player 1:
Name: Opp-RulesBased
Current Life: 20
Cards in Hand:
bear-cub(c9c4f248-95b3-4a21-9769-ea625601c297) | goblin-assailant(af75eccd-bc1a-4d2a-a8d2-2588dcb8d0dc) | goblin-roughrider(68747f88-5cae-482e-8622-e091af7bac2d) | mountain(cb830c75-7c98-4096-bd7a-aa328e61753c) | bear-cub(4eb495b9-b094-4e4c-bea9-1a924a93c51a) | mountain(c9598d0d-ccc1-4086-b468-8b9e1a29f046) | rhox-brute(8a07949a-698c-4395-86bd-e366468b7924) | mountain(31daa77b-ac66-46c6-a699-b7ae4201f3b8)
Cards in Library: 30
---------------------------------------------
2026-06-29 18:08:11,523 - session - INFO - SessionTick: Opp-RulesBased: Prompting Player with event MAINPHASE_EMPTY_STACK
2026-06-29 18:08:11,524 - session - DEBUG - SessionTick: Opp-RulesBased: Waiting for Player Input
2026-06-29 18:08:11,525 - session - DEBUG - SessionTick: Opp-RulesBased: Received Player Input: PLAY_CARD --- 3
2026-06-29 18:08:11,526 - session - DEBUG - SessionTick: Opp-RulesBased: Answered player with new state ---------------------------------------------
---------------- Environment ----------------
---------------------------------------------
Active Player Index: 1
---------------------------------------------
Completed Halfturns: 3
Upcoming Event: MAIN_1
Active Player Index: 1
Game over: False
---------------------------------------------
Player 0:
Name: Tim
Current Life: 20
Cards in Hand:
broodhunter-wurm(67b5246e-a6bc-427f-aa97-28c5e3da6838) | mountain(3f93f8ce-2bac-4de8-a399-181059fc67b5) | broodhunter-wurm(c10f70e5-4f79-45c2-a8e7-3693dc2acc93) | ruination-wurm(bb8efc80-ef74-4faa-8e4a-2b6e9b382f93) | rhox-brute(a3e7ecd3-d515-42c9-a1c5-f0bfbd4abfdf) | forest(f978533a-b905-4ccc-9187-40a2541f995a)
Cards in Library: 31
---------------------------------------------
Player 1:
Name: Opp-RulesBased
Current Life: 20
Cards in Hand:
bear-cub(c9c4f248-95b3-4a21-9769-ea625601c297) | goblin-assailant(af75eccd-bc1a-4d2a-a8d2-2588dcb8d0dc) | goblin-roughrider(68747f88-5cae-482e-8622-e091af7bac2d) | bear-cub(4eb495b9-b094-4e4c-bea9-1a924a93c51a) | mountain(c9598d0d-ccc1-4086-b468-8b9e1a29f046) | rhox-brute(8a07949a-698c-4395-86bd-e366468b7924) | mountain(31daa77b-ac66-46c6-a699-b7ae4201f3b8)
Cards in Library: 30
---------------------------------------------
2026-06-29 18:08:11,526 - session - DEBUG - SessionTick: Running GameLoop
2026-06-29 18:08:11,526 - session - DEBUG - SessionTick: Opp-RulesBased: Waiting for player to have no prior state before starting
2026-06-29 18:08:11,527 - session - DEBUG - SessionTick: Opp-RulesBased: Prompting Player with state ---------------------------------------------
---------------- Environment ----------------
---------------------------------------------
Active Player Index: 1
---------------------------------------------
Completed Halfturns: 3
Upcoming Event: MAIN_1
Active Player Index: 1
Game over: False
---------------------------------------------
Player 0:
Name: Tim
Current Life: 20
Cards in Hand:
broodhunter-wurm(67b5246e-a6bc-427f-aa97-28c5e3da6838) | mountain(3f93f8ce-2bac-4de8-a399-181059fc67b5) | broodhunter-wurm(c10f70e5-4f79-45c2-a8e7-3693dc2acc93) | ruination-wurm(bb8efc80-ef74-4faa-8e4a-2b6e9b382f93) | rhox-brute(a3e7ecd3-d515-42c9-a1c5-f0bfbd4abfdf) | forest(f978533a-b905-4ccc-9187-40a2541f995a)
Cards in Library: 31
---------------------------------------------
Player 1:
Name: Opp-RulesBased
Current Life: 20
Cards in Hand:
bear-cub(c9c4f248-95b3-4a21-9769-ea625601c297) | goblin-assailant(af75eccd-bc1a-4d2a-a8d2-2588dcb8d0dc) | goblin-roughrider(68747f88-5cae-482e-8622-e091af7bac2d) | bear-cub(4eb495b9-b094-4e4c-bea9-1a924a93c51a) | mountain(c9598d0d-ccc1-4086-b468-8b9e1a29f046) | rhox-brute(8a07949a-698c-4395-86bd-e366468b7924) | mountain(31daa77b-ac66-46c6-a699-b7ae4201f3b8)
Cards in Library: 30
---------------------------------------------
2026-06-29 18:08:11,527 - session - INFO - SessionTick: Opp-RulesBased: Prompting Player with event MAINPHASE_EMPTY_STACK
2026-06-29 18:08:11,528 - session - DEBUG - SessionTick: Opp-RulesBased: Waiting for Player Input
2026-06-29 18:08:11,529 - session - DEBUG - SessionTick: Opp-RulesBased: Received Player Input: ACTIVATE_LANDS --- [[0]
 [1]]
2026-06-29 18:08:11,530 - session - DEBUG - SessionTick: Opp-RulesBased: Answered player with new state ---------------------------------------------
---------------- Environment ----------------
---------------------------------------------
Active Player Index: 1
---------------------------------------------
Completed Halfturns: 3
Upcoming Event: MAIN_1
Active Player Index: 1
Game over: False
---------------------------------------------
Player 0:
Name: Tim
Current Life: 20
Cards in Hand:
broodhunter-wurm(67b5246e-a6bc-427f-aa97-28c5e3da6838) | mountain(3f93f8ce-2bac-4de8-a399-181059fc67b5) | broodhunter-wurm(c10f70e5-4f79-45c2-a8e7-3693dc2acc93) | ruination-wurm(bb8efc80-ef74-4faa-8e4a-2b6e9b382f93) | rhox-brute(a3e7ecd3-d515-42c9-a1c5-f0bfbd4abfdf) | forest(f978533a-b905-4ccc-9187-40a2541f995a)
Cards in Library: 31
---------------------------------------------
Player 1:
Name: Opp-RulesBased
Current Life: 20
Cards in Hand:
bear-cub(c9c4f248-95b3-4a21-9769-ea625601c297) | goblin-assailant(af75eccd-bc1a-4d2a-a8d2-2588dcb8d0dc) | goblin-roughrider(68747f88-5cae-482e-8622-e091af7bac2d) | bear-cub(4eb495b9-b094-4e4c-bea9-1a924a93c51a) | mountain(c9598d0d-ccc1-4086-b468-8b9e1a29f046) | rhox-brute(8a07949a-698c-4395-86bd-e366468b7924) | mountain(31daa77b-ac66-46c6-a699-b7ae4201f3b8)
Cards in Library: 30
---------------------------------------------
2026-06-29 18:08:11,531 - session - DEBUG - SessionTick: Running GameLoop
2026-06-29 18:08:11,531 - session - DEBUG - SessionTick: Opp-RulesBased: Waiting for player to have no prior state before starting
2026-06-29 18:08:11,531 - session - DEBUG - SessionTick: Opp-RulesBased: Prompting Player with state ---------------------------------------------
---------------- Environment ----------------
---------------------------------------------
Active Player Index: 1
---------------------------------------------
Completed Halfturns: 3
Upcoming Event: MAIN_1
Active Player Index: 1
Game over: False
---------------------------------------------
Player 0:
Name: Tim
Current Life: 20
Cards in Hand:
broodhunter-wurm(67b5246e-a6bc-427f-aa97-28c5e3da6838) | mountain(3f93f8ce-2bac-4de8-a399-181059fc67b5) | broodhunter-wurm(c10f70e5-4f79-45c2-a8e7-3693dc2acc93) | ruination-wurm(bb8efc80-ef74-4faa-8e4a-2b6e9b382f93) | rhox-brute(a3e7ecd3-d515-42c9-a1c5-f0bfbd4abfdf) | forest(f978533a-b905-4ccc-9187-40a2541f995a)
Cards in Library: 31
---------------------------------------------
Player 1:
Name: Opp-RulesBased
Current Life: 20
Cards in Hand:
bear-cub(c9c4f248-95b3-4a21-9769-ea625601c297) | goblin-assailant(af75eccd-bc1a-4d2a-a8d2-2588dcb8d0dc) | goblin-roughrider(68747f88-5cae-482e-8622-e091af7bac2d) | bear-cub(4eb495b9-b094-4e4c-bea9-1a924a93c51a) | mountain(c9598d0d-ccc1-4086-b468-8b9e1a29f046) | rhox-brute(8a07949a-698c-4395-86bd-e366468b7924) | mountain(31daa77b-ac66-46c6-a699-b7ae4201f3b8)
Cards in Library: 30
---------------------------------------------
2026-06-29 18:08:11,531 - session - INFO - SessionTick: Opp-RulesBased: Prompting Player with event MAINPHASE_EMPTY_STACK
2026-06-29 18:08:11,532 - session - DEBUG - SessionTick: Opp-RulesBased: Waiting for Player Input
2026-06-29 18:08:11,533 - session - DEBUG - SessionTick: Opp-RulesBased: Received Player Input: PLAY_CARD --- 0
2026-06-29 18:08:11,534 - session - DEBUG - SessionTick: Opp-RulesBased: Answered player with new state ---------------------------------------------
---------------- Environment ----------------
---------------------------------------------
Active Player Index: 1
---------------------------------------------
Completed Halfturns: 3
Upcoming Event: MAIN_1
Active Player Index: 1
Game over: False
---------------------------------------------
Player 0:
Name: Tim
Current Life: 20
Cards in Hand:
broodhunter-wurm(67b5246e-a6bc-427f-aa97-28c5e3da6838) | mountain(3f93f8ce-2bac-4de8-a399-181059fc67b5) | broodhunter-wurm(c10f70e5-4f79-45c2-a8e7-3693dc2acc93) | ruination-wurm(bb8efc80-ef74-4faa-8e4a-2b6e9b382f93) | rhox-brute(a3e7ecd3-d515-42c9-a1c5-f0bfbd4abfdf) | forest(f978533a-b905-4ccc-9187-40a2541f995a)
Cards in Library: 31
---------------------------------------------
Player 1:
Name: Opp-RulesBased
Current Life: 20
Cards in Hand:
goblin-assailant(af75eccd-bc1a-4d2a-a8d2-2588dcb8d0dc) | goblin-roughrider(68747f88-5cae-482e-8622-e091af7bac2d) | bear-cub(4eb495b9-b094-4e4c-bea9-1a924a93c51a) | mountain(c9598d0d-ccc1-4086-b468-8b9e1a29f046) | rhox-brute(8a07949a-698c-4395-86bd-e366468b7924) | mountain(31daa77b-ac66-46c6-a699-b7ae4201f3b8)
Cards in Library: 30
---------------------------------------------
2026-06-29 18:08:11,534 - session - DEBUG - SessionTick: Running GameLoop
2026-06-29 18:08:11,534 - session - DEBUG - SessionTick: Opp-RulesBased: Waiting for player to have no prior state before starting
2026-06-29 18:08:11,534 - session - DEBUG - SessionTick: Opp-RulesBased: Prompting Player with state ---------------------------------------------
---------------- Environment ----------------
---------------------------------------------
Active Player Index: 1
---------------------------------------------
Completed Halfturns: 3
Upcoming Event: MAIN_1
Active Player Index: 1
Game over: False
---------------------------------------------
Player 0:
Name: Tim
Current Life: 20
Cards in Hand:
broodhunter-wurm(67b5246e-a6bc-427f-aa97-28c5e3da6838) | mountain(3f93f8ce-2bac-4de8-a399-181059fc67b5) | broodhunter-wurm(c10f70e5-4f79-45c2-a8e7-3693dc2acc93) | ruination-wurm(bb8efc80-ef74-4faa-8e4a-2b6e9b382f93) | rhox-brute(a3e7ecd3-d515-42c9-a1c5-f0bfbd4abfdf) | forest(f978533a-b905-4ccc-9187-40a2541f995a)
Cards in Library: 31
---------------------------------------------
Player 1:
Name: Opp-RulesBased
Current Life: 20
Cards in Hand:
goblin-assailant(af75eccd-bc1a-4d2a-a8d2-2588dcb8d0dc) | goblin-roughrider(68747f88-5cae-482e-8622-e091af7bac2d) | bear-cub(4eb495b9-b094-4e4c-bea9-1a924a93c51a) | mountain(c9598d0d-ccc1-4086-b468-8b9e1a29f046) | rhox-brute(8a07949a-698c-4395-86bd-e366468b7924) | mountain(31daa77b-ac66-46c6-a699-b7ae4201f3b8)
Cards in Library: 30
---------------------------------------------
2026-06-29 18:08:11,535 - session - INFO - SessionTick: Opp-RulesBased: Prompting Player with event MAINPHASE_EMPTY_STACK
2026-06-29 18:08:11,536 - session - DEBUG - SessionTick: Opp-RulesBased: Waiting for Player Input
2026-06-29 18:08:11,536 - session - DEBUG - SessionTick: Opp-RulesBased: Received Player Input: PASS --- None
2026-06-29 18:08:11,537 - session - DEBUG - SessionTick: Opp-RulesBased: Answered player with new state ---------------------------------------------
---------------- Environment ----------------
---------------------------------------------
Active Player Index: 1
---------------------------------------------
Completed Halfturns: 3
Upcoming Event: ATTACK_STEP
Active Player Index: 1
Game over: False
---------------------------------------------
Player 0:
Name: Tim
Current Life: 20
Cards in Hand:
broodhunter-wurm(67b5246e-a6bc-427f-aa97-28c5e3da6838) | mountain(3f93f8ce-2bac-4de8-a399-181059fc67b5) | broodhunter-wurm(c10f70e5-4f79-45c2-a8e7-3693dc2acc93) | ruination-wurm(bb8efc80-ef74-4faa-8e4a-2b6e9b382f93) | rhox-brute(a3e7ecd3-d515-42c9-a1c5-f0bfbd4abfdf) | forest(f978533a-b905-4ccc-9187-40a2541f995a)
Cards in Library: 31
---------------------------------------------
Player 1:
Name: Opp-RulesBased
Current Life: 20
Cards in Hand:
goblin-assailant(af75eccd-bc1a-4d2a-a8d2-2588dcb8d0dc) | goblin-roughrider(68747f88-5cae-482e-8622-e091af7bac2d) | bear-cub(4eb495b9-b094-4e4c-bea9-1a924a93c51a) | mountain(c9598d0d-ccc1-4086-b468-8b9e1a29f046) | rhox-brute(8a07949a-698c-4395-86bd-e366468b7924) | mountain(31daa77b-ac66-46c6-a699-b7ae4201f3b8)
Cards in Library: 30
---------------------------------------------
2026-06-29 18:08:11,537 - session - DEBUG - SessionTick: Running GameLoop
2026-06-29 18:08:11,538 - session - DEBUG - SessionTick: Opp-RulesBased: Waiting for player to have no prior state before starting
2026-06-29 18:08:11,538 - session - DEBUG - SessionTick: Opp-RulesBased: Prompting Player with state ---------------------------------------------
---------------- Environment ----------------
---------------------------------------------
Active Player Index: 1
---------------------------------------------
Completed Halfturns: 3
Upcoming Event: ATTACK_STEP
Active Player Index: 1
Game over: False
---------------------------------------------
Player 0:
Name: Tim
Current Life: 20
Cards in Hand:
broodhunter-wurm(67b5246e-a6bc-427f-aa97-28c5e3da6838) | mountain(3f93f8ce-2bac-4de8-a399-181059fc67b5) | broodhunter-wurm(c10f70e5-4f79-45c2-a8e7-3693dc2acc93) | ruination-wurm(bb8efc80-ef74-4faa-8e4a-2b6e9b382f93) | rhox-brute(a3e7ecd3-d515-42c9-a1c5-f0bfbd4abfdf) | forest(f978533a-b905-4ccc-9187-40a2541f995a)
Cards in Library: 31
---------------------------------------------
Player 1:
Name: Opp-RulesBased
Current Life: 20
Cards in Hand:
goblin-assailant(af75eccd-bc1a-4d2a-a8d2-2588dcb8d0dc) | goblin-roughrider(68747f88-5cae-482e-8622-e091af7bac2d) | bear-cub(4eb495b9-b094-4e4c-bea9-1a924a93c51a) | mountain(c9598d0d-ccc1-4086-b468-8b9e1a29f046) | rhox-brute(8a07949a-698c-4395-86bd-e366468b7924) | mountain(31daa77b-ac66-46c6-a699-b7ae4201f3b8)
Cards in Library: 30
---------------------------------------------
2026-06-29 18:08:11,538 - session - INFO - SessionTick: Opp-RulesBased: Prompting Player with event DECLARE_ATTACKS
2026-06-29 18:08:11,539 - session - DEBUG - SessionTick: Opp-RulesBased: Waiting for Player Input
2026-06-29 18:08:11,540 - session - DEBUG - SessionTick: Opp-RulesBased: Received Player Input: PASS --- None
2026-06-29 18:08:11,541 - session - DEBUG - SessionTick: Opp-RulesBased: Answered player with new state ---------------------------------------------
---------------- Environment ----------------
---------------------------------------------
Active Player Index: 1
---------------------------------------------
Completed Halfturns: 3
Upcoming Event: BLOCK_STEP
Active Player Index: 1
Game over: False
---------------------------------------------
Player 0:
Name: Tim
Current Life: 20
Cards in Hand:
broodhunter-wurm(67b5246e-a6bc-427f-aa97-28c5e3da6838) | mountain(3f93f8ce-2bac-4de8-a399-181059fc67b5) | broodhunter-wurm(c10f70e5-4f79-45c2-a8e7-3693dc2acc93) | ruination-wurm(bb8efc80-ef74-4faa-8e4a-2b6e9b382f93) | rhox-brute(a3e7ecd3-d515-42c9-a1c5-f0bfbd4abfdf) | forest(f978533a-b905-4ccc-9187-40a2541f995a)
Cards in Library: 31
---------------------------------------------
Player 1:
Name: Opp-RulesBased
Current Life: 20
Cards in Hand:
goblin-assailant(af75eccd-bc1a-4d2a-a8d2-2588dcb8d0dc) | goblin-roughrider(68747f88-5cae-482e-8622-e091af7bac2d) | bear-cub(4eb495b9-b094-4e4c-bea9-1a924a93c51a) | mountain(c9598d0d-ccc1-4086-b468-8b9e1a29f046) | rhox-brute(8a07949a-698c-4395-86bd-e366468b7924) | mountain(31daa77b-ac66-46c6-a699-b7ae4201f3b8)
Cards in Library: 30
---------------------------------------------
2026-06-29 18:08:11,541 - session - DEBUG - SessionTick: Running GameLoop
2026-06-29 18:08:11,542 - session - DEBUG - SessionTick: Tim: Waiting for player to have no prior state before starting
2026-06-29 18:08:11,542 - session - DEBUG - SessionTick: Tim: Prompting Player with state ---------------------------------------------
---------------- Environment ----------------
---------------------------------------------
Active Player Index: 1
---------------------------------------------
Completed Halfturns: 3
Upcoming Event: BLOCK_STEP
Active Player Index: 1
Game over: False
---------------------------------------------
Player 0:
Name: Tim
Current Life: 20
Cards in Hand:
broodhunter-wurm(67b5246e-a6bc-427f-aa97-28c5e3da6838) | mountain(3f93f8ce-2bac-4de8-a399-181059fc67b5) | broodhunter-wurm(c10f70e5-4f79-45c2-a8e7-3693dc2acc93) | ruination-wurm(bb8efc80-ef74-4faa-8e4a-2b6e9b382f93) | rhox-brute(a3e7ecd3-d515-42c9-a1c5-f0bfbd4abfdf) | forest(f978533a-b905-4ccc-9187-40a2541f995a)
Cards in Library: 31
---------------------------------------------
Player 1:
Name: Opp-RulesBased
Current Life: 20
Cards in Hand:
goblin-assailant(af75eccd-bc1a-4d2a-a8d2-2588dcb8d0dc) | goblin-roughrider(68747f88-5cae-482e-8622-e091af7bac2d) | bear-cub(4eb495b9-b094-4e4c-bea9-1a924a93c51a) | mountain(c9598d0d-ccc1-4086-b468-8b9e1a29f046) | rhox-brute(8a07949a-698c-4395-86bd-e366468b7924) | mountain(31daa77b-ac66-46c6-a699-b7ae4201f3b8)
Cards in Library: 30
---------------------------------------------
2026-06-29 18:08:11,542 - session - INFO - SessionTick: Tim: Prompting Player with event DECLARE_BLOCKS
2026-06-29 18:08:11,546 - session - DEBUG - SessionTick: Tim: Waiting for Player Input
2026-06-29 18:08:14,952 - session - DEBUG - SessionTick: Tim: Received Player Input: PASS --- None
2026-06-29 18:08:14,955 - session - DEBUG - SessionTick: Tim: Answered player with new state ---------------------------------------------
---------------- Environment ----------------
---------------------------------------------
Active Player Index: 1
---------------------------------------------
Completed Halfturns: 3
Upcoming Event: MAIN_2
Active Player Index: 1
Game over: False
---------------------------------------------
Player 0:
Name: Tim
Current Life: 20
Cards in Hand:
broodhunter-wurm(67b5246e-a6bc-427f-aa97-28c5e3da6838) | mountain(3f93f8ce-2bac-4de8-a399-181059fc67b5) | broodhunter-wurm(c10f70e5-4f79-45c2-a8e7-3693dc2acc93) | ruination-wurm(bb8efc80-ef74-4faa-8e4a-2b6e9b382f93) | rhox-brute(a3e7ecd3-d515-42c9-a1c5-f0bfbd4abfdf) | forest(f978533a-b905-4ccc-9187-40a2541f995a)
Cards in Library: 31
---------------------------------------------
Player 1:
Name: Opp-RulesBased
Current Life: 20
Cards in Hand:
goblin-assailant(af75eccd-bc1a-4d2a-a8d2-2588dcb8d0dc) | goblin-roughrider(68747f88-5cae-482e-8622-e091af7bac2d) | bear-cub(4eb495b9-b094-4e4c-bea9-1a924a93c51a) | mountain(c9598d0d-ccc1-4086-b468-8b9e1a29f046) | rhox-brute(8a07949a-698c-4395-86bd-e366468b7924) | mountain(31daa77b-ac66-46c6-a699-b7ae4201f3b8)
Cards in Library: 30
---------------------------------------------
2026-06-29 18:08:14,955 - session - DEBUG - SessionTick: Running GameLoop
2026-06-29 18:08:14,956 - session - DEBUG - SessionTick: Opp-RulesBased: Waiting for player to have no prior state before starting
2026-06-29 18:08:14,956 - session - DEBUG - SessionTick: Opp-RulesBased: Prompting Player with state ---------------------------------------------
---------------- Environment ----------------
---------------------------------------------
Active Player Index: 1
---------------------------------------------
Completed Halfturns: 3
Upcoming Event: MAIN_2
Active Player Index: 1
Game over: False
---------------------------------------------
Player 0:
Name: Tim
Current Life: 20
Cards in Hand:
broodhunter-wurm(67b5246e-a6bc-427f-aa97-28c5e3da6838) | mountain(3f93f8ce-2bac-4de8-a399-181059fc67b5) | broodhunter-wurm(c10f70e5-4f79-45c2-a8e7-3693dc2acc93) | ruination-wurm(bb8efc80-ef74-4faa-8e4a-2b6e9b382f93) | rhox-brute(a3e7ecd3-d515-42c9-a1c5-f0bfbd4abfdf) | forest(f978533a-b905-4ccc-9187-40a2541f995a)
Cards in Library: 31
---------------------------------------------
Player 1:
Name: Opp-RulesBased
Current Life: 20
Cards in Hand:
goblin-assailant(af75eccd-bc1a-4d2a-a8d2-2588dcb8d0dc) | goblin-roughrider(68747f88-5cae-482e-8622-e091af7bac2d) | bear-cub(4eb495b9-b094-4e4c-bea9-1a924a93c51a) | mountain(c9598d0d-ccc1-4086-b468-8b9e1a29f046) | rhox-brute(8a07949a-698c-4395-86bd-e366468b7924) | mountain(31daa77b-ac66-46c6-a699-b7ae4201f3b8)
Cards in Library: 30
---------------------------------------------
2026-06-29 18:08:14,956 - session - INFO - SessionTick: Opp-RulesBased: Prompting Player with event MAINPHASE_EMPTY_STACK
2026-06-29 18:08:14,957 - session - DEBUG - SessionTick: Opp-RulesBased: Waiting for Player Input
2026-06-29 18:08:14,957 - session - DEBUG - SessionTick: Opp-RulesBased: Received Player Input: PASS --- None
2026-06-29 18:08:14,957 - session - DEBUG - SessionTick: Opp-RulesBased: Answered player with new state ---------------------------------------------
---------------- Environment ----------------
---------------------------------------------
Active Player Index: 1
---------------------------------------------
Completed Halfturns: 3
Upcoming Event: END_STEP
Active Player Index: 1
Game over: False
---------------------------------------------
Player 0:
Name: Tim
Current Life: 20
Cards in Hand:
broodhunter-wurm(67b5246e-a6bc-427f-aa97-28c5e3da6838) | mountain(3f93f8ce-2bac-4de8-a399-181059fc67b5) | broodhunter-wurm(c10f70e5-4f79-45c2-a8e7-3693dc2acc93) | ruination-wurm(bb8efc80-ef74-4faa-8e4a-2b6e9b382f93) | rhox-brute(a3e7ecd3-d515-42c9-a1c5-f0bfbd4abfdf) | forest(f978533a-b905-4ccc-9187-40a2541f995a)
Cards in Library: 31
---------------------------------------------
Player 1:
Name: Opp-RulesBased
Current Life: 20
Cards in Hand:
goblin-assailant(af75eccd-bc1a-4d2a-a8d2-2588dcb8d0dc) | goblin-roughrider(68747f88-5cae-482e-8622-e091af7bac2d) | bear-cub(4eb495b9-b094-4e4c-bea9-1a924a93c51a) | mountain(c9598d0d-ccc1-4086-b468-8b9e1a29f046) | rhox-brute(8a07949a-698c-4395-86bd-e366468b7924) | mountain(31daa77b-ac66-46c6-a699-b7ae4201f3b8)
Cards in Library: 30
---------------------------------------------
2026-06-29 18:08:14,958 - session - DEBUG - SessionTick: Running GameLoop
2026-06-29 18:08:14,958 - session - DEBUG - SessionTick: Running GameLoop
2026-06-29 18:08:14,958 - session - DEBUG - SessionTick: Running GameLoop
2026-06-29 18:08:14,958 - session - DEBUG - SessionTick: Running GameLoop
2026-06-29 18:08:14,958 - session - DEBUG - SessionTick: Tim: Waiting for player to have no prior state before starting
2026-06-29 18:08:14,958 - session - DEBUG - SessionTick: Tim: Prompting Player with state ---------------------------------------------
---------------- Environment ----------------
---------------------------------------------
Active Player Index: 0
---------------------------------------------
Completed Halfturns: 4
Upcoming Event: MAIN_1
Active Player Index: 0
Game over: False
---------------------------------------------
Player 0:
Name: Tim
Current Life: 20
Cards in Hand:
broodhunter-wurm(67b5246e-a6bc-427f-aa97-28c5e3da6838) | mountain(3f93f8ce-2bac-4de8-a399-181059fc67b5) | broodhunter-wurm(c10f70e5-4f79-45c2-a8e7-3693dc2acc93) | ruination-wurm(bb8efc80-ef74-4faa-8e4a-2b6e9b382f93) | rhox-brute(a3e7ecd3-d515-42c9-a1c5-f0bfbd4abfdf) | forest(f978533a-b905-4ccc-9187-40a2541f995a) | ruination-wurm(02e6a6ad-5926-4899-8b5e-26f2d3d42a17)
Cards in Library: 30
---------------------------------------------
Player 1:
Name: Opp-RulesBased
Current Life: 20
Cards in Hand:
goblin-assailant(af75eccd-bc1a-4d2a-a8d2-2588dcb8d0dc) | goblin-roughrider(68747f88-5cae-482e-8622-e091af7bac2d) | bear-cub(4eb495b9-b094-4e4c-bea9-1a924a93c51a) | mountain(c9598d0d-ccc1-4086-b468-8b9e1a29f046) | rhox-brute(8a07949a-698c-4395-86bd-e366468b7924) | mountain(31daa77b-ac66-46c6-a699-b7ae4201f3b8)
Cards in Library: 30
---------------------------------------------
2026-06-29 18:08:14,958 - session - INFO - SessionTick: Tim: Prompting Player with event MAINPHASE_EMPTY_STACK
2026-06-29 18:08:14,960 - session - DEBUG - SessionTick: Tim: Waiting for Player Input
2026-06-29 18:08:18,530 - session - DEBUG - SessionTick: Tim: Received Player Input: PLAY_CARD --- [[1]]
2026-06-29 18:08:18,533 - session - DEBUG - SessionTick: Tim: Answered player with new state ---------------------------------------------
---------------- Environment ----------------
---------------------------------------------
Active Player Index: 0
---------------------------------------------
Completed Halfturns: 4
Upcoming Event: MAIN_1
Active Player Index: 0
Game over: False
---------------------------------------------
Player 0:
Name: Tim
Current Life: 20
Cards in Hand:
broodhunter-wurm(67b5246e-a6bc-427f-aa97-28c5e3da6838) | broodhunter-wurm(c10f70e5-4f79-45c2-a8e7-3693dc2acc93) | ruination-wurm(bb8efc80-ef74-4faa-8e4a-2b6e9b382f93) | rhox-brute(a3e7ecd3-d515-42c9-a1c5-f0bfbd4abfdf) | forest(f978533a-b905-4ccc-9187-40a2541f995a) | ruination-wurm(02e6a6ad-5926-4899-8b5e-26f2d3d42a17)
Cards in Library: 30
---------------------------------------------
Player 1:
Name: Opp-RulesBased
Current Life: 20
Cards in Hand:
goblin-assailant(af75eccd-bc1a-4d2a-a8d2-2588dcb8d0dc) | goblin-roughrider(68747f88-5cae-482e-8622-e091af7bac2d) | bear-cub(4eb495b9-b094-4e4c-bea9-1a924a93c51a) | mountain(c9598d0d-ccc1-4086-b468-8b9e1a29f046) | rhox-brute(8a07949a-698c-4395-86bd-e366468b7924) | mountain(31daa77b-ac66-46c6-a699-b7ae4201f3b8)
Cards in Library: 30
---------------------------------------------
2026-06-29 18:08:18,534 - session - DEBUG - SessionTick: Running GameLoop
2026-06-29 18:08:18,534 - session - DEBUG - SessionTick: Tim: Waiting for player to have no prior state before starting
2026-06-29 18:08:18,534 - session - DEBUG - SessionTick: Tim: Prompting Player with state ---------------------------------------------
---------------- Environment ----------------
---------------------------------------------
Active Player Index: 0
---------------------------------------------
Completed Halfturns: 4
Upcoming Event: MAIN_1
Active Player Index: 0
Game over: False
---------------------------------------------
Player 0:
Name: Tim
Current Life: 20
Cards in Hand:
broodhunter-wurm(67b5246e-a6bc-427f-aa97-28c5e3da6838) | broodhunter-wurm(c10f70e5-4f79-45c2-a8e7-3693dc2acc93) | ruination-wurm(bb8efc80-ef74-4faa-8e4a-2b6e9b382f93) | rhox-brute(a3e7ecd3-d515-42c9-a1c5-f0bfbd4abfdf) | forest(f978533a-b905-4ccc-9187-40a2541f995a) | ruination-wurm(02e6a6ad-5926-4899-8b5e-26f2d3d42a17)
Cards in Library: 30
---------------------------------------------
Player 1:
Name: Opp-RulesBased
Current Life: 20
Cards in Hand:
goblin-assailant(af75eccd-bc1a-4d2a-a8d2-2588dcb8d0dc) | goblin-roughrider(68747f88-5cae-482e-8622-e091af7bac2d) | bear-cub(4eb495b9-b094-4e4c-bea9-1a924a93c51a) | mountain(c9598d0d-ccc1-4086-b468-8b9e1a29f046) | rhox-brute(8a07949a-698c-4395-86bd-e366468b7924) | mountain(31daa77b-ac66-46c6-a699-b7ae4201f3b8)
Cards in Library: 30
---------------------------------------------
2026-06-29 18:08:18,535 - session - INFO - SessionTick: Tim: Prompting Player with event MAINPHASE_EMPTY_STACK
2026-06-29 18:08:18,539 - session - DEBUG - SessionTick: Tim: Waiting for Player Input
2026-06-29 18:08:20,430 - session - DEBUG - SessionTick: Tim: Received Player Input: PASS --- None
2026-06-29 18:08:20,434 - session - DEBUG - SessionTick: Tim: Answered player with new state ---------------------------------------------
---------------- Environment ----------------
---------------------------------------------
Active Player Index: 0
---------------------------------------------
Completed Halfturns: 4
Upcoming Event: ATTACK_STEP
Active Player Index: 0
Game over: False
---------------------------------------------
Player 0:
Name: Tim
Current Life: 20
Cards in Hand:
broodhunter-wurm(67b5246e-a6bc-427f-aa97-28c5e3da6838) | broodhunter-wurm(c10f70e5-4f79-45c2-a8e7-3693dc2acc93) | ruination-wurm(bb8efc80-ef74-4faa-8e4a-2b6e9b382f93) | rhox-brute(a3e7ecd3-d515-42c9-a1c5-f0bfbd4abfdf) | forest(f978533a-b905-4ccc-9187-40a2541f995a) | ruination-wurm(02e6a6ad-5926-4899-8b5e-26f2d3d42a17)
Cards in Library: 30
---------------------------------------------
Player 1:
Name: Opp-RulesBased
Current Life: 20
Cards in Hand:
goblin-assailant(af75eccd-bc1a-4d2a-a8d2-2588dcb8d0dc) | goblin-roughrider(68747f88-5cae-482e-8622-e091af7bac2d) | bear-cub(4eb495b9-b094-4e4c-bea9-1a924a93c51a) | mountain(c9598d0d-ccc1-4086-b468-8b9e1a29f046) | rhox-brute(8a07949a-698c-4395-86bd-e366468b7924) | mountain(31daa77b-ac66-46c6-a699-b7ae4201f3b8)
Cards in Library: 30
---------------------------------------------
2026-06-29 18:08:20,434 - session - DEBUG - SessionTick: Running GameLoop
2026-06-29 18:08:20,434 - session - DEBUG - SessionTick: Tim: Waiting for player to have no prior state before starting
2026-06-29 18:08:20,434 - session - DEBUG - SessionTick: Tim: Prompting Player with state ---------------------------------------------
---------------- Environment ----------------
---------------------------------------------
Active Player Index: 0
---------------------------------------------
Completed Halfturns: 4
Upcoming Event: ATTACK_STEP
Active Player Index: 0
Game over: False
---------------------------------------------
Player 0:
Name: Tim
Current Life: 20
Cards in Hand:
broodhunter-wurm(67b5246e-a6bc-427f-aa97-28c5e3da6838) | broodhunter-wurm(c10f70e5-4f79-45c2-a8e7-3693dc2acc93) | ruination-wurm(bb8efc80-ef74-4faa-8e4a-2b6e9b382f93) | rhox-brute(a3e7ecd3-d515-42c9-a1c5-f0bfbd4abfdf) | forest(f978533a-b905-4ccc-9187-40a2541f995a) | ruination-wurm(02e6a6ad-5926-4899-8b5e-26f2d3d42a17)
Cards in Library: 30
---------------------------------------------
Player 1:
Name: Opp-RulesBased
Current Life: 20
Cards in Hand:
goblin-assailant(af75eccd-bc1a-4d2a-a8d2-2588dcb8d0dc) | goblin-roughrider(68747f88-5cae-482e-8622-e091af7bac2d) | bear-cub(4eb495b9-b094-4e4c-bea9-1a924a93c51a) | mountain(c9598d0d-ccc1-4086-b468-8b9e1a29f046) | rhox-brute(8a07949a-698c-4395-86bd-e366468b7924) | mountain(31daa77b-ac66-46c6-a699-b7ae4201f3b8)
Cards in Library: 30
---------------------------------------------
2026-06-29 18:08:20,434 - session - INFO - SessionTick: Tim: Prompting Player with event DECLARE_ATTACKS
2026-06-29 18:08:20,437 - session - DEBUG - SessionTick: Tim: Waiting for Player Input
2026-06-29 18:08:21,574 - session - DEBUG - SessionTick: Tim: Received Player Input: PASS --- None
2026-06-29 18:08:21,577 - session - DEBUG - SessionTick: Tim: Answered player with new state ---------------------------------------------
---------------- Environment ----------------
---------------------------------------------
Active Player Index: 0
---------------------------------------------
Completed Halfturns: 4
Upcoming Event: BLOCK_STEP
Active Player Index: 0
Game over: False
---------------------------------------------
Player 0:
Name: Tim
Current Life: 20
Cards in Hand:
broodhunter-wurm(67b5246e-a6bc-427f-aa97-28c5e3da6838) | broodhunter-wurm(c10f70e5-4f79-45c2-a8e7-3693dc2acc93) | ruination-wurm(bb8efc80-ef74-4faa-8e4a-2b6e9b382f93) | rhox-brute(a3e7ecd3-d515-42c9-a1c5-f0bfbd4abfdf) | forest(f978533a-b905-4ccc-9187-40a2541f995a) | ruination-wurm(02e6a6ad-5926-4899-8b5e-26f2d3d42a17)
Cards in Library: 30
---------------------------------------------
Player 1:
Name: Opp-RulesBased
Current Life: 20
Cards in Hand:
goblin-assailant(af75eccd-bc1a-4d2a-a8d2-2588dcb8d0dc) | goblin-roughrider(68747f88-5cae-482e-8622-e091af7bac2d) | bear-cub(4eb495b9-b094-4e4c-bea9-1a924a93c51a) | mountain(c9598d0d-ccc1-4086-b468-8b9e1a29f046) | rhox-brute(8a07949a-698c-4395-86bd-e366468b7924) | mountain(31daa77b-ac66-46c6-a699-b7ae4201f3b8)
Cards in Library: 30
---------------------------------------------
2026-06-29 18:08:21,577 - session - DEBUG - SessionTick: Running GameLoop
2026-06-29 18:08:21,577 - session - DEBUG - SessionTick: Opp-RulesBased: Waiting for player to have no prior state before starting
2026-06-29 18:08:21,577 - session - DEBUG - SessionTick: Opp-RulesBased: Prompting Player with state ---------------------------------------------
---------------- Environment ----------------
---------------------------------------------
Active Player Index: 0
---------------------------------------------
Completed Halfturns: 4
Upcoming Event: BLOCK_STEP
Active Player Index: 0
Game over: False
---------------------------------------------
Player 0:
Name: Tim
Current Life: 20
Cards in Hand:
broodhunter-wurm(67b5246e-a6bc-427f-aa97-28c5e3da6838) | broodhunter-wurm(c10f70e5-4f79-45c2-a8e7-3693dc2acc93) | ruination-wurm(bb8efc80-ef74-4faa-8e4a-2b6e9b382f93) | rhox-brute(a3e7ecd3-d515-42c9-a1c5-f0bfbd4abfdf) | forest(f978533a-b905-4ccc-9187-40a2541f995a) | ruination-wurm(02e6a6ad-5926-4899-8b5e-26f2d3d42a17)
Cards in Library: 30
---------------------------------------------
Player 1:
Name: Opp-RulesBased
Current Life: 20
Cards in Hand:
goblin-assailant(af75eccd-bc1a-4d2a-a8d2-2588dcb8d0dc) | goblin-roughrider(68747f88-5cae-482e-8622-e091af7bac2d) | bear-cub(4eb495b9-b094-4e4c-bea9-1a924a93c51a) | mountain(c9598d0d-ccc1-4086-b468-8b9e1a29f046) | rhox-brute(8a07949a-698c-4395-86bd-e366468b7924) | mountain(31daa77b-ac66-46c6-a699-b7ae4201f3b8)
Cards in Library: 30
---------------------------------------------
2026-06-29 18:08:21,578 - session - INFO - SessionTick: Opp-RulesBased: Prompting Player with event DECLARE_BLOCKS
2026-06-29 18:08:21,578 - session - DEBUG - SessionTick: Opp-RulesBased: Waiting for Player Input
2026-06-29 18:08:21,579 - session - DEBUG - SessionTick: Opp-RulesBased: Received Player Input: PASS --- None
2026-06-29 18:08:21,581 - session - DEBUG - SessionTick: Opp-RulesBased: Answered player with new state ---------------------------------------------
---------------- Environment ----------------
---------------------------------------------
Active Player Index: 0
---------------------------------------------
Completed Halfturns: 4
Upcoming Event: MAIN_2
Active Player Index: 0
Game over: False
---------------------------------------------
Player 0:
Name: Tim
Current Life: 20
Cards in Hand:
broodhunter-wurm(67b5246e-a6bc-427f-aa97-28c5e3da6838) | broodhunter-wurm(c10f70e5-4f79-45c2-a8e7-3693dc2acc93) | ruination-wurm(bb8efc80-ef74-4faa-8e4a-2b6e9b382f93) | rhox-brute(a3e7ecd3-d515-42c9-a1c5-f0bfbd4abfdf) | forest(f978533a-b905-4ccc-9187-40a2541f995a) | ruination-wurm(02e6a6ad-5926-4899-8b5e-26f2d3d42a17)
Cards in Library: 30
---------------------------------------------
Player 1:
Name: Opp-RulesBased
Current Life: 20
Cards in Hand:
goblin-assailant(af75eccd-bc1a-4d2a-a8d2-2588dcb8d0dc) | goblin-roughrider(68747f88-5cae-482e-8622-e091af7bac2d) | bear-cub(4eb495b9-b094-4e4c-bea9-1a924a93c51a) | mountain(c9598d0d-ccc1-4086-b468-8b9e1a29f046) | rhox-brute(8a07949a-698c-4395-86bd-e366468b7924) | mountain(31daa77b-ac66-46c6-a699-b7ae4201f3b8)
Cards in Library: 30
---------------------------------------------
2026-06-29 18:08:21,581 - session - DEBUG - SessionTick: Running GameLoop
2026-06-29 18:08:21,581 - session - DEBUG - SessionTick: Tim: Waiting for player to have no prior state before starting
2026-06-29 18:08:21,581 - session - DEBUG - SessionTick: Tim: Prompting Player with state ---------------------------------------------
---------------- Environment ----------------
---------------------------------------------
Active Player Index: 0
---------------------------------------------
Completed Halfturns: 4
Upcoming Event: MAIN_2
Active Player Index: 0
Game over: False
---------------------------------------------
Player 0:
Name: Tim
Current Life: 20
Cards in Hand:
broodhunter-wurm(67b5246e-a6bc-427f-aa97-28c5e3da6838) | broodhunter-wurm(c10f70e5-4f79-45c2-a8e7-3693dc2acc93) | ruination-wurm(bb8efc80-ef74-4faa-8e4a-2b6e9b382f93) | rhox-brute(a3e7ecd3-d515-42c9-a1c5-f0bfbd4abfdf) | forest(f978533a-b905-4ccc-9187-40a2541f995a) | ruination-wurm(02e6a6ad-5926-4899-8b5e-26f2d3d42a17)
Cards in Library: 30
---------------------------------------------
Player 1:
Name: Opp-RulesBased
Current Life: 20
Cards in Hand:
goblin-assailant(af75eccd-bc1a-4d2a-a8d2-2588dcb8d0dc) | goblin-roughrider(68747f88-5cae-482e-8622-e091af7bac2d) | bear-cub(4eb495b9-b094-4e4c-bea9-1a924a93c51a) | mountain(c9598d0d-ccc1-4086-b468-8b9e1a29f046) | rhox-brute(8a07949a-698c-4395-86bd-e366468b7924) | mountain(31daa77b-ac66-46c6-a699-b7ae4201f3b8)
Cards in Library: 30
---------------------------------------------
2026-06-29 18:08:21,582 - session - INFO - SessionTick: Tim: Prompting Player with event MAINPHASE_EMPTY_STACK
2026-06-29 18:08:21,584 - session - DEBUG - SessionTick: Tim: Waiting for Player Input
2026-06-29 18:08:23,224 - session - DEBUG - SessionTick: Tim: Received Player Input: PASS --- None
2026-06-29 18:08:23,227 - session - DEBUG - SessionTick: Tim: Answered player with new state ---------------------------------------------
---------------- Environment ----------------
---------------------------------------------
Active Player Index: 0
---------------------------------------------
Completed Halfturns: 4
Upcoming Event: END_STEP
Active Player Index: 0
Game over: False
---------------------------------------------
Player 0:
Name: Tim
Current Life: 20
Cards in Hand:
broodhunter-wurm(67b5246e-a6bc-427f-aa97-28c5e3da6838) | broodhunter-wurm(c10f70e5-4f79-45c2-a8e7-3693dc2acc93) | ruination-wurm(bb8efc80-ef74-4faa-8e4a-2b6e9b382f93) | rhox-brute(a3e7ecd3-d515-42c9-a1c5-f0bfbd4abfdf) | forest(f978533a-b905-4ccc-9187-40a2541f995a) | ruination-wurm(02e6a6ad-5926-4899-8b5e-26f2d3d42a17)
Cards in Library: 30
---------------------------------------------
Player 1:
Name: Opp-RulesBased
Current Life: 20
Cards in Hand:
goblin-assailant(af75eccd-bc1a-4d2a-a8d2-2588dcb8d0dc) | goblin-roughrider(68747f88-5cae-482e-8622-e091af7bac2d) | bear-cub(4eb495b9-b094-4e4c-bea9-1a924a93c51a) | mountain(c9598d0d-ccc1-4086-b468-8b9e1a29f046) | rhox-brute(8a07949a-698c-4395-86bd-e366468b7924) | mountain(31daa77b-ac66-46c6-a699-b7ae4201f3b8)
Cards in Library: 30
---------------------------------------------
2026-06-29 18:08:23,227 - session - DEBUG - SessionTick: Running GameLoop
2026-06-29 18:08:23,227 - session - DEBUG - SessionTick: Running GameLoop
2026-06-29 18:08:23,227 - session - DEBUG - SessionTick: Running GameLoop
2026-06-29 18:08:23,228 - session - DEBUG - SessionTick: Running GameLoop
2026-06-29 18:08:23,228 - session - DEBUG - SessionTick: Opp-RulesBased: Waiting for player to have no prior state before starting
2026-06-29 18:08:23,228 - session - DEBUG - SessionTick: Opp-RulesBased: Prompting Player with state ---------------------------------------------
---------------- Environment ----------------
---------------------------------------------
Active Player Index: 1
---------------------------------------------
Completed Halfturns: 5
Upcoming Event: MAIN_1
Active Player Index: 1
Game over: False
---------------------------------------------
Player 0:
Name: Tim
Current Life: 20
Cards in Hand:
broodhunter-wurm(67b5246e-a6bc-427f-aa97-28c5e3da6838) | broodhunter-wurm(c10f70e5-4f79-45c2-a8e7-3693dc2acc93) | ruination-wurm(bb8efc80-ef74-4faa-8e4a-2b6e9b382f93) | rhox-brute(a3e7ecd3-d515-42c9-a1c5-f0bfbd4abfdf) | forest(f978533a-b905-4ccc-9187-40a2541f995a) | ruination-wurm(02e6a6ad-5926-4899-8b5e-26f2d3d42a17)
Cards in Library: 30
---------------------------------------------
Player 1:
Name: Opp-RulesBased
Current Life: 20
Cards in Hand:
goblin-assailant(af75eccd-bc1a-4d2a-a8d2-2588dcb8d0dc) | goblin-roughrider(68747f88-5cae-482e-8622-e091af7bac2d) | bear-cub(4eb495b9-b094-4e4c-bea9-1a924a93c51a) | mountain(c9598d0d-ccc1-4086-b468-8b9e1a29f046) | rhox-brute(8a07949a-698c-4395-86bd-e366468b7924) | mountain(31daa77b-ac66-46c6-a699-b7ae4201f3b8) | rhox-brute(c6d1c727-d873-4dc6-82e4-572535b1fead)
Cards in Library: 29
---------------------------------------------
2026-06-29 18:08:23,228 - session - INFO - SessionTick: Opp-RulesBased: Prompting Player with event MAINPHASE_EMPTY_STACK
2026-06-29 18:08:23,229 - session - DEBUG - SessionTick: Opp-RulesBased: Waiting for Player Input
2026-06-29 18:08:23,229 - session - DEBUG - SessionTick: Opp-RulesBased: Received Player Input: PLAY_CARD --- 3
2026-06-29 18:08:23,230 - session - DEBUG - SessionTick: Opp-RulesBased: Answered player with new state ---------------------------------------------
---------------- Environment ----------------
---------------------------------------------
Active Player Index: 1
---------------------------------------------
Completed Halfturns: 5
Upcoming Event: MAIN_1
Active Player Index: 1
Game over: False
---------------------------------------------
Player 0:
Name: Tim
Current Life: 20
Cards in Hand:
broodhunter-wurm(67b5246e-a6bc-427f-aa97-28c5e3da6838) | broodhunter-wurm(c10f70e5-4f79-45c2-a8e7-3693dc2acc93) | ruination-wurm(bb8efc80-ef74-4faa-8e4a-2b6e9b382f93) | rhox-brute(a3e7ecd3-d515-42c9-a1c5-f0bfbd4abfdf) | forest(f978533a-b905-4ccc-9187-40a2541f995a) | ruination-wurm(02e6a6ad-5926-4899-8b5e-26f2d3d42a17)
Cards in Library: 30
---------------------------------------------
Player 1:
Name: Opp-RulesBased
Current Life: 20
Cards in Hand:
goblin-assailant(af75eccd-bc1a-4d2a-a8d2-2588dcb8d0dc) | goblin-roughrider(68747f88-5cae-482e-8622-e091af7bac2d) | bear-cub(4eb495b9-b094-4e4c-bea9-1a924a93c51a) | rhox-brute(8a07949a-698c-4395-86bd-e366468b7924) | mountain(31daa77b-ac66-46c6-a699-b7ae4201f3b8) | rhox-brute(c6d1c727-d873-4dc6-82e4-572535b1fead)
Cards in Library: 29
---------------------------------------------
2026-06-29 18:08:23,230 - session - DEBUG - SessionTick: Running GameLoop
2026-06-29 18:08:23,230 - session - DEBUG - SessionTick: Opp-RulesBased: Waiting for player to have no prior state before starting
2026-06-29 18:08:23,230 - session - DEBUG - SessionTick: Opp-RulesBased: Prompting Player with state ---------------------------------------------
---------------- Environment ----------------
---------------------------------------------
Active Player Index: 1
---------------------------------------------
Completed Halfturns: 5
Upcoming Event: MAIN_1
Active Player Index: 1
Game over: False
---------------------------------------------
Player 0:
Name: Tim
Current Life: 20
Cards in Hand:
broodhunter-wurm(67b5246e-a6bc-427f-aa97-28c5e3da6838) | broodhunter-wurm(c10f70e5-4f79-45c2-a8e7-3693dc2acc93) | ruination-wurm(bb8efc80-ef74-4faa-8e4a-2b6e9b382f93) | rhox-brute(a3e7ecd3-d515-42c9-a1c5-f0bfbd4abfdf) | forest(f978533a-b905-4ccc-9187-40a2541f995a) | ruination-wurm(02e6a6ad-5926-4899-8b5e-26f2d3d42a17)
Cards in Library: 30
---------------------------------------------
Player 1:
Name: Opp-RulesBased
Current Life: 20
Cards in Hand:
goblin-assailant(af75eccd-bc1a-4d2a-a8d2-2588dcb8d0dc) | goblin-roughrider(68747f88-5cae-482e-8622-e091af7bac2d) | bear-cub(4eb495b9-b094-4e4c-bea9-1a924a93c51a) | rhox-brute(8a07949a-698c-4395-86bd-e366468b7924) | mountain(31daa77b-ac66-46c6-a699-b7ae4201f3b8) | rhox-brute(c6d1c727-d873-4dc6-82e4-572535b1fead)
Cards in Library: 29
---------------------------------------------
2026-06-29 18:08:23,230 - session - INFO - SessionTick: Opp-RulesBased: Prompting Player with event MAINPHASE_EMPTY_STACK
2026-06-29 18:08:23,231 - session - DEBUG - SessionTick: Opp-RulesBased: Waiting for Player Input
2026-06-29 18:08:23,232 - session - DEBUG - SessionTick: Opp-RulesBased: Received Player Input: ACTIVATE_LANDS --- [[0]
 [1]
 [2]]
2026-06-29 18:08:23,232 - session - DEBUG - SessionTick: Opp-RulesBased: Answered player with new state ---------------------------------------------
---------------- Environment ----------------
---------------------------------------------
Active Player Index: 1
---------------------------------------------
Completed Halfturns: 5
Upcoming Event: MAIN_1
Active Player Index: 1
Game over: False
---------------------------------------------
Player 0:
Name: Tim
Current Life: 20
Cards in Hand:
broodhunter-wurm(67b5246e-a6bc-427f-aa97-28c5e3da6838) | broodhunter-wurm(c10f70e5-4f79-45c2-a8e7-3693dc2acc93) | ruination-wurm(bb8efc80-ef74-4faa-8e4a-2b6e9b382f93) | rhox-brute(a3e7ecd3-d515-42c9-a1c5-f0bfbd4abfdf) | forest(f978533a-b905-4ccc-9187-40a2541f995a) | ruination-wurm(02e6a6ad-5926-4899-8b5e-26f2d3d42a17)
Cards in Library: 30
---------------------------------------------
Player 1:
Name: Opp-RulesBased
Current Life: 20
Cards in Hand:
goblin-assailant(af75eccd-bc1a-4d2a-a8d2-2588dcb8d0dc) | goblin-roughrider(68747f88-5cae-482e-8622-e091af7bac2d) | bear-cub(4eb495b9-b094-4e4c-bea9-1a924a93c51a) | rhox-brute(8a07949a-698c-4395-86bd-e366468b7924) | mountain(31daa77b-ac66-46c6-a699-b7ae4201f3b8) | rhox-brute(c6d1c727-d873-4dc6-82e4-572535b1fead)
Cards in Library: 29
---------------------------------------------
2026-06-29 18:08:23,232 - session - DEBUG - SessionTick: Running GameLoop
2026-06-29 18:08:23,233 - session - DEBUG - SessionTick: Opp-RulesBased: Waiting for player to have no prior state before starting
2026-06-29 18:08:23,233 - session - DEBUG - SessionTick: Opp-RulesBased: Prompting Player with state ---------------------------------------------
---------------- Environment ----------------
---------------------------------------------
Active Player Index: 1
---------------------------------------------
Completed Halfturns: 5
Upcoming Event: MAIN_1
Active Player Index: 1
Game over: False
---------------------------------------------
Player 0:
Name: Tim
Current Life: 20
Cards in Hand:
broodhunter-wurm(67b5246e-a6bc-427f-aa97-28c5e3da6838) | broodhunter-wurm(c10f70e5-4f79-45c2-a8e7-3693dc2acc93) | ruination-wurm(bb8efc80-ef74-4faa-8e4a-2b6e9b382f93) | rhox-brute(a3e7ecd3-d515-42c9-a1c5-f0bfbd4abfdf) | forest(f978533a-b905-4ccc-9187-40a2541f995a) | ruination-wurm(02e6a6ad-5926-4899-8b5e-26f2d3d42a17)
Cards in Library: 30
---------------------------------------------
Player 1:
Name: Opp-RulesBased
Current Life: 20
Cards in Hand:
goblin-assailant(af75eccd-bc1a-4d2a-a8d2-2588dcb8d0dc) | goblin-roughrider(68747f88-5cae-482e-8622-e091af7bac2d) | bear-cub(4eb495b9-b094-4e4c-bea9-1a924a93c51a) | rhox-brute(8a07949a-698c-4395-86bd-e366468b7924) | mountain(31daa77b-ac66-46c6-a699-b7ae4201f3b8) | rhox-brute(c6d1c727-d873-4dc6-82e4-572535b1fead)
Cards in Library: 29
---------------------------------------------
2026-06-29 18:08:23,233 - session - INFO - SessionTick: Opp-RulesBased: Prompting Player with event MAINPHASE_EMPTY_STACK
2026-06-29 18:08:23,234 - session - DEBUG - SessionTick: Opp-RulesBased: Waiting for Player Input
2026-06-29 18:08:23,234 - session - DEBUG - SessionTick: Opp-RulesBased: Received Player Input: PLAY_CARD --- 0
2026-06-29 18:08:23,234 - session - DEBUG - SessionTick: Opp-RulesBased: Answered player with new state ---------------------------------------------
---------------- Environment ----------------
---------------------------------------------
Active Player Index: 1
---------------------------------------------
Completed Halfturns: 5
Upcoming Event: MAIN_1
Active Player Index: 1
Game over: False
---------------------------------------------
Player 0:
Name: Tim
Current Life: 20
Cards in Hand:
broodhunter-wurm(67b5246e-a6bc-427f-aa97-28c5e3da6838) | broodhunter-wurm(c10f70e5-4f79-45c2-a8e7-3693dc2acc93) | ruination-wurm(bb8efc80-ef74-4faa-8e4a-2b6e9b382f93) | rhox-brute(a3e7ecd3-d515-42c9-a1c5-f0bfbd4abfdf) | forest(f978533a-b905-4ccc-9187-40a2541f995a) | ruination-wurm(02e6a6ad-5926-4899-8b5e-26f2d3d42a17)
Cards in Library: 30
---------------------------------------------
Player 1:
Name: Opp-RulesBased
Current Life: 20
Cards in Hand:
goblin-roughrider(68747f88-5cae-482e-8622-e091af7bac2d) | bear-cub(4eb495b9-b094-4e4c-bea9-1a924a93c51a) | rhox-brute(8a07949a-698c-4395-86bd-e366468b7924) | mountain(31daa77b-ac66-46c6-a699-b7ae4201f3b8) | rhox-brute(c6d1c727-d873-4dc6-82e4-572535b1fead)
Cards in Library: 29
---------------------------------------------
2026-06-29 18:08:23,235 - session - DEBUG - SessionTick: Running GameLoop
2026-06-29 18:08:23,235 - session - DEBUG - SessionTick: Opp-RulesBased: Waiting for player to have no prior state before starting
2026-06-29 18:08:23,235 - session - DEBUG - SessionTick: Opp-RulesBased: Prompting Player with state ---------------------------------------------
---------------- Environment ----------------
---------------------------------------------
Active Player Index: 1
---------------------------------------------
Completed Halfturns: 5
Upcoming Event: MAIN_1
Active Player Index: 1
Game over: False
---------------------------------------------
Player 0:
Name: Tim
Current Life: 20
Cards in Hand:
broodhunter-wurm(67b5246e-a6bc-427f-aa97-28c5e3da6838) | broodhunter-wurm(c10f70e5-4f79-45c2-a8e7-3693dc2acc93) | ruination-wurm(bb8efc80-ef74-4faa-8e4a-2b6e9b382f93) | rhox-brute(a3e7ecd3-d515-42c9-a1c5-f0bfbd4abfdf) | forest(f978533a-b905-4ccc-9187-40a2541f995a) | ruination-wurm(02e6a6ad-5926-4899-8b5e-26f2d3d42a17)
Cards in Library: 30
---------------------------------------------
Player 1:
Name: Opp-RulesBased
Current Life: 20
Cards in Hand:
goblin-roughrider(68747f88-5cae-482e-8622-e091af7bac2d) | bear-cub(4eb495b9-b094-4e4c-bea9-1a924a93c51a) | rhox-brute(8a07949a-698c-4395-86bd-e366468b7924) | mountain(31daa77b-ac66-46c6-a699-b7ae4201f3b8) | rhox-brute(c6d1c727-d873-4dc6-82e4-572535b1fead)
Cards in Library: 29
---------------------------------------------
2026-06-29 18:08:23,235 - session - INFO - SessionTick: Opp-RulesBased: Prompting Player with event MAINPHASE_EMPTY_STACK
2026-06-29 18:08:23,235 - session - DEBUG - SessionTick: Opp-RulesBased: Waiting for Player Input
2026-06-29 18:08:23,235 - session - DEBUG - SessionTick: Opp-RulesBased: Received Player Input: PASS --- None
2026-06-29 18:08:23,236 - session - DEBUG - SessionTick: Opp-RulesBased: Answered player with new state ---------------------------------------------
---------------- Environment ----------------
---------------------------------------------
Active Player Index: 1
---------------------------------------------
Completed Halfturns: 5
Upcoming Event: ATTACK_STEP
Active Player Index: 1
Game over: False
---------------------------------------------
Player 0:
Name: Tim
Current Life: 20
Cards in Hand:
broodhunter-wurm(67b5246e-a6bc-427f-aa97-28c5e3da6838) | broodhunter-wurm(c10f70e5-4f79-45c2-a8e7-3693dc2acc93) | ruination-wurm(bb8efc80-ef74-4faa-8e4a-2b6e9b382f93) | rhox-brute(a3e7ecd3-d515-42c9-a1c5-f0bfbd4abfdf) | forest(f978533a-b905-4ccc-9187-40a2541f995a) | ruination-wurm(02e6a6ad-5926-4899-8b5e-26f2d3d42a17)
Cards in Library: 30
---------------------------------------------
Player 1:
Name: Opp-RulesBased
Current Life: 20
Cards in Hand:
goblin-roughrider(68747f88-5cae-482e-8622-e091af7bac2d) | bear-cub(4eb495b9-b094-4e4c-bea9-1a924a93c51a) | rhox-brute(8a07949a-698c-4395-86bd-e366468b7924) | mountain(31daa77b-ac66-46c6-a699-b7ae4201f3b8) | rhox-brute(c6d1c727-d873-4dc6-82e4-572535b1fead)
Cards in Library: 29
---------------------------------------------
2026-06-29 18:08:23,239 - session - DEBUG - SessionTick: Running GameLoop
2026-06-29 18:08:23,239 - session - DEBUG - SessionTick: Opp-RulesBased: Waiting for player to have no prior state before starting
2026-06-29 18:08:23,239 - session - DEBUG - SessionTick: Opp-RulesBased: Prompting Player with state ---------------------------------------------
---------------- Environment ----------------
---------------------------------------------
Active Player Index: 1
---------------------------------------------
Completed Halfturns: 5
Upcoming Event: ATTACK_STEP
Active Player Index: 1
Game over: False
---------------------------------------------
Player 0:
Name: Tim
Current Life: 20
Cards in Hand:
broodhunter-wurm(67b5246e-a6bc-427f-aa97-28c5e3da6838) | broodhunter-wurm(c10f70e5-4f79-45c2-a8e7-3693dc2acc93) | ruination-wurm(bb8efc80-ef74-4faa-8e4a-2b6e9b382f93) | rhox-brute(a3e7ecd3-d515-42c9-a1c5-f0bfbd4abfdf) | forest(f978533a-b905-4ccc-9187-40a2541f995a) | ruination-wurm(02e6a6ad-5926-4899-8b5e-26f2d3d42a17)
Cards in Library: 30
---------------------------------------------
Player 1:
Name: Opp-RulesBased
Current Life: 20
Cards in Hand:
goblin-roughrider(68747f88-5cae-482e-8622-e091af7bac2d) | bear-cub(4eb495b9-b094-4e4c-bea9-1a924a93c51a) | rhox-brute(8a07949a-698c-4395-86bd-e366468b7924) | mountain(31daa77b-ac66-46c6-a699-b7ae4201f3b8) | rhox-brute(c6d1c727-d873-4dc6-82e4-572535b1fead)
Cards in Library: 29
---------------------------------------------
2026-06-29 18:08:23,240 - session - INFO - SessionTick: Opp-RulesBased: Prompting Player with event DECLARE_ATTACKS
2026-06-29 18:08:23,240 - session - DEBUG - SessionTick: Opp-RulesBased: Waiting for Player Input
2026-06-29 18:08:23,241 - session - DEBUG - SessionTick: Opp-RulesBased: Received Player Input: ATTACK --- [[0]]
2026-06-29 18:08:23,241 - session - DEBUG - SessionTick: Opp-RulesBased: Answered player with new state ---------------------------------------------
---------------- Environment ----------------
---------------------------------------------
Active Player Index: 1
---------------------------------------------
Completed Halfturns: 5
Upcoming Event: BLOCK_STEP
Active Player Index: 1
Game over: False
---------------------------------------------
Player 0:
Name: Tim
Current Life: 20
Cards in Hand:
broodhunter-wurm(67b5246e-a6bc-427f-aa97-28c5e3da6838) | broodhunter-wurm(c10f70e5-4f79-45c2-a8e7-3693dc2acc93) | ruination-wurm(bb8efc80-ef74-4faa-8e4a-2b6e9b382f93) | rhox-brute(a3e7ecd3-d515-42c9-a1c5-f0bfbd4abfdf) | forest(f978533a-b905-4ccc-9187-40a2541f995a) | ruination-wurm(02e6a6ad-5926-4899-8b5e-26f2d3d42a17)
Cards in Library: 30
---------------------------------------------
Player 1:
Name: Opp-RulesBased
Current Life: 20
Cards in Hand:
goblin-roughrider(68747f88-5cae-482e-8622-e091af7bac2d) | bear-cub(4eb495b9-b094-4e4c-bea9-1a924a93c51a) | rhox-brute(8a07949a-698c-4395-86bd-e366468b7924) | mountain(31daa77b-ac66-46c6-a699-b7ae4201f3b8) | rhox-brute(c6d1c727-d873-4dc6-82e4-572535b1fead)
Cards in Library: 29
---------------------------------------------
2026-06-29 18:08:23,241 - session - DEBUG - SessionTick: Running GameLoop
2026-06-29 18:08:23,241 - session - DEBUG - SessionTick: Tim: Waiting for player to have no prior state before starting
2026-06-29 18:08:23,242 - session - DEBUG - SessionTick: Tim: Prompting Player with state ---------------------------------------------
---------------- Environment ----------------
---------------------------------------------
Active Player Index: 1
---------------------------------------------
Completed Halfturns: 5
Upcoming Event: BLOCK_STEP
Active Player Index: 1
Game over: False
---------------------------------------------
Player 0:
Name: Tim
Current Life: 20
Cards in Hand:
broodhunter-wurm(67b5246e-a6bc-427f-aa97-28c5e3da6838) | broodhunter-wurm(c10f70e5-4f79-45c2-a8e7-3693dc2acc93) | ruination-wurm(bb8efc80-ef74-4faa-8e4a-2b6e9b382f93) | rhox-brute(a3e7ecd3-d515-42c9-a1c5-f0bfbd4abfdf) | forest(f978533a-b905-4ccc-9187-40a2541f995a) | ruination-wurm(02e6a6ad-5926-4899-8b5e-26f2d3d42a17)
Cards in Library: 30
---------------------------------------------
Player 1:
Name: Opp-RulesBased
Current Life: 20
Cards in Hand:
goblin-roughrider(68747f88-5cae-482e-8622-e091af7bac2d) | bear-cub(4eb495b9-b094-4e4c-bea9-1a924a93c51a) | rhox-brute(8a07949a-698c-4395-86bd-e366468b7924) | mountain(31daa77b-ac66-46c6-a699-b7ae4201f3b8) | rhox-brute(c6d1c727-d873-4dc6-82e4-572535b1fead)
Cards in Library: 29
---------------------------------------------
2026-06-29 18:08:23,242 - session - INFO - SessionTick: Tim: Prompting Player with event DECLARE_BLOCKS
2026-06-29 18:08:23,244 - session - DEBUG - SessionTick: Tim: Waiting for Player Input
2026-06-29 18:08:29,263 - session - DEBUG - SessionTick: Tim: Received Player Input: PASS --- None
2026-06-29 18:08:29,267 - session - DEBUG - SessionTick: Tim: Answered player with new state ---------------------------------------------
---------------- Environment ----------------
---------------------------------------------
Active Player Index: 1
---------------------------------------------
Completed Halfturns: 5
Upcoming Event: MAIN_2
Active Player Index: 1
Game over: False
---------------------------------------------
Player 0:
Name: Tim
Current Life: 18
Cards in Hand:
broodhunter-wurm(67b5246e-a6bc-427f-aa97-28c5e3da6838) | broodhunter-wurm(c10f70e5-4f79-45c2-a8e7-3693dc2acc93) | ruination-wurm(bb8efc80-ef74-4faa-8e4a-2b6e9b382f93) | rhox-brute(a3e7ecd3-d515-42c9-a1c5-f0bfbd4abfdf) | forest(f978533a-b905-4ccc-9187-40a2541f995a) | ruination-wurm(02e6a6ad-5926-4899-8b5e-26f2d3d42a17)
Cards in Library: 30
---------------------------------------------
Player 1:
Name: Opp-RulesBased
Current Life: 20
Cards in Hand:
goblin-roughrider(68747f88-5cae-482e-8622-e091af7bac2d) | bear-cub(4eb495b9-b094-4e4c-bea9-1a924a93c51a) | rhox-brute(8a07949a-698c-4395-86bd-e366468b7924) | mountain(31daa77b-ac66-46c6-a699-b7ae4201f3b8) | rhox-brute(c6d1c727-d873-4dc6-82e4-572535b1fead)
Cards in Library: 29
---------------------------------------------
2026-06-29 18:08:29,267 - session - DEBUG - SessionTick: Running GameLoop
2026-06-29 18:08:29,267 - session - DEBUG - SessionTick: Opp-RulesBased: Waiting for player to have no prior state before starting
2026-06-29 18:08:29,267 - session - DEBUG - SessionTick: Opp-RulesBased: Prompting Player with state ---------------------------------------------
---------------- Environment ----------------
---------------------------------------------
Active Player Index: 1
---------------------------------------------
Completed Halfturns: 5
Upcoming Event: MAIN_2
Active Player Index: 1
Game over: False
---------------------------------------------
Player 0:
Name: Tim
Current Life: 18
Cards in Hand:
broodhunter-wurm(67b5246e-a6bc-427f-aa97-28c5e3da6838) | broodhunter-wurm(c10f70e5-4f79-45c2-a8e7-3693dc2acc93) | ruination-wurm(bb8efc80-ef74-4faa-8e4a-2b6e9b382f93) | rhox-brute(a3e7ecd3-d515-42c9-a1c5-f0bfbd4abfdf) | forest(f978533a-b905-4ccc-9187-40a2541f995a) | ruination-wurm(02e6a6ad-5926-4899-8b5e-26f2d3d42a17)
Cards in Library: 30
---------------------------------------------
Player 1:
Name: Opp-RulesBased
Current Life: 20
Cards in Hand:
goblin-roughrider(68747f88-5cae-482e-8622-e091af7bac2d) | bear-cub(4eb495b9-b094-4e4c-bea9-1a924a93c51a) | rhox-brute(8a07949a-698c-4395-86bd-e366468b7924) | mountain(31daa77b-ac66-46c6-a699-b7ae4201f3b8) | rhox-brute(c6d1c727-d873-4dc6-82e4-572535b1fead)
Cards in Library: 29
---------------------------------------------
2026-06-29 18:08:29,267 - session - INFO - SessionTick: Opp-RulesBased: Prompting Player with event MAINPHASE_EMPTY_STACK
2026-06-29 18:08:29,268 - session - DEBUG - SessionTick: Opp-RulesBased: Waiting for Player Input
2026-06-29 18:08:29,268 - session - DEBUG - SessionTick: Opp-RulesBased: Received Player Input: PASS --- None
2026-06-29 18:08:29,269 - session - DEBUG - SessionTick: Opp-RulesBased: Answered player with new state ---------------------------------------------
---------------- Environment ----------------
---------------------------------------------
Active Player Index: 1
---------------------------------------------
Completed Halfturns: 5
Upcoming Event: END_STEP
Active Player Index: 1
Game over: False
---------------------------------------------
Player 0:
Name: Tim
Current Life: 18
Cards in Hand:
broodhunter-wurm(67b5246e-a6bc-427f-aa97-28c5e3da6838) | broodhunter-wurm(c10f70e5-4f79-45c2-a8e7-3693dc2acc93) | ruination-wurm(bb8efc80-ef74-4faa-8e4a-2b6e9b382f93) | rhox-brute(a3e7ecd3-d515-42c9-a1c5-f0bfbd4abfdf) | forest(f978533a-b905-4ccc-9187-40a2541f995a) | ruination-wurm(02e6a6ad-5926-4899-8b5e-26f2d3d42a17)
Cards in Library: 30
---------------------------------------------
Player 1:
Name: Opp-RulesBased
Current Life: 20
Cards in Hand:
goblin-roughrider(68747f88-5cae-482e-8622-e091af7bac2d) | bear-cub(4eb495b9-b094-4e4c-bea9-1a924a93c51a) | rhox-brute(8a07949a-698c-4395-86bd-e366468b7924) | mountain(31daa77b-ac66-46c6-a699-b7ae4201f3b8) | rhox-brute(c6d1c727-d873-4dc6-82e4-572535b1fead)
Cards in Library: 29
---------------------------------------------
2026-06-29 18:08:29,269 - session - DEBUG - SessionTick: Running GameLoop
2026-06-29 18:08:29,270 - session - DEBUG - SessionTick: Running GameLoop
2026-06-29 18:08:29,270 - session - DEBUG - SessionTick: Running GameLoop
2026-06-29 18:08:29,270 - session - DEBUG - SessionTick: Running GameLoop
2026-06-29 18:08:29,270 - session - DEBUG - SessionTick: Tim: Waiting for player to have no prior state before starting
2026-06-29 18:08:29,271 - session - DEBUG - SessionTick: Tim: Prompting Player with state ---------------------------------------------
---------------- Environment ----------------
---------------------------------------------
Active Player Index: 0
---------------------------------------------
Completed Halfturns: 6
Upcoming Event: MAIN_1
Active Player Index: 0
Game over: False
---------------------------------------------
Player 0:
Name: Tim
Current Life: 18
Cards in Hand:
broodhunter-wurm(67b5246e-a6bc-427f-aa97-28c5e3da6838) | broodhunter-wurm(c10f70e5-4f79-45c2-a8e7-3693dc2acc93) | ruination-wurm(bb8efc80-ef74-4faa-8e4a-2b6e9b382f93) | rhox-brute(a3e7ecd3-d515-42c9-a1c5-f0bfbd4abfdf) | forest(f978533a-b905-4ccc-9187-40a2541f995a) | ruination-wurm(02e6a6ad-5926-4899-8b5e-26f2d3d42a17) | bear-cub(3f3a3d8e-6b45-45d8-8501-cadb949b8a09)
Cards in Library: 29
---------------------------------------------
Player 1:
Name: Opp-RulesBased
Current Life: 20
Cards in Hand:
goblin-roughrider(68747f88-5cae-482e-8622-e091af7bac2d) | bear-cub(4eb495b9-b094-4e4c-bea9-1a924a93c51a) | rhox-brute(8a07949a-698c-4395-86bd-e366468b7924) | mountain(31daa77b-ac66-46c6-a699-b7ae4201f3b8) | rhox-brute(c6d1c727-d873-4dc6-82e4-572535b1fead)
Cards in Library: 29
---------------------------------------------
2026-06-29 18:08:29,271 - session - INFO - SessionTick: Tim: Prompting Player with event MAINPHASE_EMPTY_STACK
2026-06-29 18:08:29,275 - session - DEBUG - SessionTick: Tim: Waiting for Player Input
2026-06-29 18:08:41,952 - session - DEBUG - SessionTick: Tim: Received Player Input: PLAY_CARD --- [[4]]
2026-06-29 18:08:41,954 - session - DEBUG - SessionTick: Tim: Answered player with new state ---------------------------------------------
---------------- Environment ----------------
---------------------------------------------
Active Player Index: 0
---------------------------------------------
Completed Halfturns: 6
Upcoming Event: MAIN_1
Active Player Index: 0
Game over: False
---------------------------------------------
Player 0:
Name: Tim
Current Life: 18
Cards in Hand:
broodhunter-wurm(67b5246e-a6bc-427f-aa97-28c5e3da6838) | broodhunter-wurm(c10f70e5-4f79-45c2-a8e7-3693dc2acc93) | ruination-wurm(bb8efc80-ef74-4faa-8e4a-2b6e9b382f93) | rhox-brute(a3e7ecd3-d515-42c9-a1c5-f0bfbd4abfdf) | ruination-wurm(02e6a6ad-5926-4899-8b5e-26f2d3d42a17) | bear-cub(3f3a3d8e-6b45-45d8-8501-cadb949b8a09)
Cards in Library: 29
---------------------------------------------
Player 1:
Name: Opp-RulesBased
Current Life: 20
Cards in Hand:
goblin-roughrider(68747f88-5cae-482e-8622-e091af7bac2d) | bear-cub(4eb495b9-b094-4e4c-bea9-1a924a93c51a) | rhox-brute(8a07949a-698c-4395-86bd-e366468b7924) | mountain(31daa77b-ac66-46c6-a699-b7ae4201f3b8) | rhox-brute(c6d1c727-d873-4dc6-82e4-572535b1fead)
Cards in Library: 29
---------------------------------------------
2026-06-29 18:08:41,955 - session - DEBUG - SessionTick: Running GameLoop
2026-06-29 18:08:41,955 - session - DEBUG - SessionTick: Tim: Waiting for player to have no prior state before starting
2026-06-29 18:08:41,955 - session - DEBUG - SessionTick: Tim: Prompting Player with state ---------------------------------------------
---------------- Environment ----------------
---------------------------------------------
Active Player Index: 0
---------------------------------------------
Completed Halfturns: 6
Upcoming Event: MAIN_1
Active Player Index: 0
Game over: False
---------------------------------------------
Player 0:
Name: Tim
Current Life: 18
Cards in Hand:
broodhunter-wurm(67b5246e-a6bc-427f-aa97-28c5e3da6838) | broodhunter-wurm(c10f70e5-4f79-45c2-a8e7-3693dc2acc93) | ruination-wurm(bb8efc80-ef74-4faa-8e4a-2b6e9b382f93) | rhox-brute(a3e7ecd3-d515-42c9-a1c5-f0bfbd4abfdf) | ruination-wurm(02e6a6ad-5926-4899-8b5e-26f2d3d42a17) | bear-cub(3f3a3d8e-6b45-45d8-8501-cadb949b8a09)
Cards in Library: 29
---------------------------------------------
Player 1:
Name: Opp-RulesBased
Current Life: 20
Cards in Hand:
goblin-roughrider(68747f88-5cae-482e-8622-e091af7bac2d) | bear-cub(4eb495b9-b094-4e4c-bea9-1a924a93c51a) | rhox-brute(8a07949a-698c-4395-86bd-e366468b7924) | mountain(31daa77b-ac66-46c6-a699-b7ae4201f3b8) | rhox-brute(c6d1c727-d873-4dc6-82e4-572535b1fead)
Cards in Library: 29
---------------------------------------------
2026-06-29 18:08:41,955 - session - INFO - SessionTick: Tim: Prompting Player with event MAINPHASE_EMPTY_STACK
2026-06-29 18:08:41,958 - session - DEBUG - SessionTick: Tim: Waiting for Player Input
2026-06-29 18:08:54,488 - session - DEBUG - SessionTick: Tim: Received Player Input: ACTIVATE_LANDS --- [[0]
 [1]
 [2]
 [3]]
2026-06-29 18:08:54,491 - session - DEBUG - SessionTick: Tim: Answered player with new state ---------------------------------------------
---------------- Environment ----------------
---------------------------------------------
Active Player Index: 0
---------------------------------------------
Completed Halfturns: 6
Upcoming Event: MAIN_1
Active Player Index: 0
Game over: False
---------------------------------------------
Player 0:
Name: Tim
Current Life: 18
Cards in Hand:
broodhunter-wurm(67b5246e-a6bc-427f-aa97-28c5e3da6838) | broodhunter-wurm(c10f70e5-4f79-45c2-a8e7-3693dc2acc93) | ruination-wurm(bb8efc80-ef74-4faa-8e4a-2b6e9b382f93) | rhox-brute(a3e7ecd3-d515-42c9-a1c5-f0bfbd4abfdf) | ruination-wurm(02e6a6ad-5926-4899-8b5e-26f2d3d42a17) | bear-cub(3f3a3d8e-6b45-45d8-8501-cadb949b8a09)
Cards in Library: 29
---------------------------------------------
Player 1:
Name: Opp-RulesBased
Current Life: 20
Cards in Hand:
goblin-roughrider(68747f88-5cae-482e-8622-e091af7bac2d) | bear-cub(4eb495b9-b094-4e4c-bea9-1a924a93c51a) | rhox-brute(8a07949a-698c-4395-86bd-e366468b7924) | mountain(31daa77b-ac66-46c6-a699-b7ae4201f3b8) | rhox-brute(c6d1c727-d873-4dc6-82e4-572535b1fead)
Cards in Library: 29
---------------------------------------------
2026-06-29 18:08:54,491 - session - DEBUG - SessionTick: Running GameLoop
2026-06-29 18:08:54,491 - session - DEBUG - SessionTick: Tim: Waiting for player to have no prior state before starting
2026-06-29 18:08:54,491 - session - DEBUG - SessionTick: Tim: Prompting Player with state ---------------------------------------------
---------------- Environment ----------------
---------------------------------------------
Active Player Index: 0
---------------------------------------------
Completed Halfturns: 6
Upcoming Event: MAIN_1
Active Player Index: 0
Game over: False
---------------------------------------------
Player 0:
Name: Tim
Current Life: 18
Cards in Hand:
broodhunter-wurm(67b5246e-a6bc-427f-aa97-28c5e3da6838) | broodhunter-wurm(c10f70e5-4f79-45c2-a8e7-3693dc2acc93) | ruination-wurm(bb8efc80-ef74-4faa-8e4a-2b6e9b382f93) | rhox-brute(a3e7ecd3-d515-42c9-a1c5-f0bfbd4abfdf) | ruination-wurm(02e6a6ad-5926-4899-8b5e-26f2d3d42a17) | bear-cub(3f3a3d8e-6b45-45d8-8501-cadb949b8a09)
Cards in Library: 29
---------------------------------------------
Player 1:
Name: Opp-RulesBased
Current Life: 20
Cards in Hand:
goblin-roughrider(68747f88-5cae-482e-8622-e091af7bac2d) | bear-cub(4eb495b9-b094-4e4c-bea9-1a924a93c51a) | rhox-brute(8a07949a-698c-4395-86bd-e366468b7924) | mountain(31daa77b-ac66-46c6-a699-b7ae4201f3b8) | rhox-brute(c6d1c727-d873-4dc6-82e4-572535b1fead)
Cards in Library: 29
---------------------------------------------
2026-06-29 18:08:54,492 - session - INFO - SessionTick: Tim: Prompting Player with event MAINPHASE_EMPTY_STACK
2026-06-29 18:08:54,494 - session - DEBUG - SessionTick: Tim: Waiting for Player Input
2026-06-29 18:09:00,592 - session - DEBUG - SessionTick: Tim: Received Player Input: PLAY_CARD --- [[3]]
2026-06-29 18:09:00,594 - session - DEBUG - SessionTick: Tim: Answered player with new state ---------------------------------------------
---------------- Environment ----------------
---------------------------------------------
Active Player Index: 0
---------------------------------------------
Completed Halfturns: 6
Upcoming Event: MAIN_1
Active Player Index: 0
Game over: False
---------------------------------------------
Player 0:
Name: Tim
Current Life: 18
Cards in Hand:
broodhunter-wurm(67b5246e-a6bc-427f-aa97-28c5e3da6838) | broodhunter-wurm(c10f70e5-4f79-45c2-a8e7-3693dc2acc93) | ruination-wurm(bb8efc80-ef74-4faa-8e4a-2b6e9b382f93) | ruination-wurm(02e6a6ad-5926-4899-8b5e-26f2d3d42a17) | bear-cub(3f3a3d8e-6b45-45d8-8501-cadb949b8a09)
Cards in Library: 29
---------------------------------------------
Player 1:
Name: Opp-RulesBased
Current Life: 20
Cards in Hand:
goblin-roughrider(68747f88-5cae-482e-8622-e091af7bac2d) | bear-cub(4eb495b9-b094-4e4c-bea9-1a924a93c51a) | rhox-brute(8a07949a-698c-4395-86bd-e366468b7924) | mountain(31daa77b-ac66-46c6-a699-b7ae4201f3b8) | rhox-brute(c6d1c727-d873-4dc6-82e4-572535b1fead)
Cards in Library: 29
---------------------------------------------
2026-06-29 18:09:00,594 - session - DEBUG - SessionTick: Running GameLoop
2026-06-29 18:09:00,594 - session - DEBUG - SessionTick: Tim: Waiting for player to have no prior state before starting
2026-06-29 18:09:00,594 - session - DEBUG - SessionTick: Tim: Prompting Player with state ---------------------------------------------
---------------- Environment ----------------
---------------------------------------------
Active Player Index: 0
---------------------------------------------
Completed Halfturns: 6
Upcoming Event: MAIN_1
Active Player Index: 0
Game over: False
---------------------------------------------
Player 0:
Name: Tim
Current Life: 18
Cards in Hand:
broodhunter-wurm(67b5246e-a6bc-427f-aa97-28c5e3da6838) | broodhunter-wurm(c10f70e5-4f79-45c2-a8e7-3693dc2acc93) | ruination-wurm(bb8efc80-ef74-4faa-8e4a-2b6e9b382f93) | ruination-wurm(02e6a6ad-5926-4899-8b5e-26f2d3d42a17) | bear-cub(3f3a3d8e-6b45-45d8-8501-cadb949b8a09)
Cards in Library: 29
---------------------------------------------
Player 1:
Name: Opp-RulesBased
Current Life: 20
Cards in Hand:
goblin-roughrider(68747f88-5cae-482e-8622-e091af7bac2d) | bear-cub(4eb495b9-b094-4e4c-bea9-1a924a93c51a) | rhox-brute(8a07949a-698c-4395-86bd-e366468b7924) | mountain(31daa77b-ac66-46c6-a699-b7ae4201f3b8) | rhox-brute(c6d1c727-d873-4dc6-82e4-572535b1fead)
Cards in Library: 29
---------------------------------------------
2026-06-29 18:09:00,594 - session - INFO - SessionTick: Tim: Prompting Player with event MAINPHASE_EMPTY_STACK
2026-06-29 18:09:00,596 - session - DEBUG - SessionTick: Tim: Waiting for Player Input
2026-06-29 18:10:23,657 - session - DEBUG - SessionTick: Tim: Received Player Input: PASS --- None
2026-06-29 18:10:23,660 - session - DEBUG - SessionTick: Tim: Answered player with new state ---------------------------------------------
---------------- Environment ----------------
---------------------------------------------
Active Player Index: 0
---------------------------------------------
Completed Halfturns: 6
Upcoming Event: ATTACK_STEP
Active Player Index: 0
Game over: False
---------------------------------------------
Player 0:
Name: Tim
Current Life: 18
Cards in Hand:
broodhunter-wurm(67b5246e-a6bc-427f-aa97-28c5e3da6838) | broodhunter-wurm(c10f70e5-4f79-45c2-a8e7-3693dc2acc93) | ruination-wurm(bb8efc80-ef74-4faa-8e4a-2b6e9b382f93) | ruination-wurm(02e6a6ad-5926-4899-8b5e-26f2d3d42a17) | bear-cub(3f3a3d8e-6b45-45d8-8501-cadb949b8a09)
Cards in Library: 29
---------------------------------------------
Player 1:
Name: Opp-RulesBased
Current Life: 20
Cards in Hand:
goblin-roughrider(68747f88-5cae-482e-8622-e091af7bac2d) | bear-cub(4eb495b9-b094-4e4c-bea9-1a924a93c51a) | rhox-brute(8a07949a-698c-4395-86bd-e366468b7924) | mountain(31daa77b-ac66-46c6-a699-b7ae4201f3b8) | rhox-brute(c6d1c727-d873-4dc6-82e4-572535b1fead)
Cards in Library: 29
---------------------------------------------
2026-06-29 18:10:23,660 - session - DEBUG - SessionTick: Running GameLoop
2026-06-29 18:10:23,660 - session - DEBUG - SessionTick: Tim: Waiting for player to have no prior state before starting
2026-06-29 18:10:23,660 - session - DEBUG - SessionTick: Tim: Prompting Player with state ---------------------------------------------
---------------- Environment ----------------
---------------------------------------------
Active Player Index: 0
---------------------------------------------
Completed Halfturns: 6
Upcoming Event: ATTACK_STEP
Active Player Index: 0
Game over: False
---------------------------------------------
Player 0:
Name: Tim
Current Life: 18
Cards in Hand:
broodhunter-wurm(67b5246e-a6bc-427f-aa97-28c5e3da6838) | broodhunter-wurm(c10f70e5-4f79-45c2-a8e7-3693dc2acc93) | ruination-wurm(bb8efc80-ef74-4faa-8e4a-2b6e9b382f93) | ruination-wurm(02e6a6ad-5926-4899-8b5e-26f2d3d42a17) | bear-cub(3f3a3d8e-6b45-45d8-8501-cadb949b8a09)
Cards in Library: 29
---------------------------------------------
Player 1:
Name: Opp-RulesBased
Current Life: 20
Cards in Hand:
goblin-roughrider(68747f88-5cae-482e-8622-e091af7bac2d) | bear-cub(4eb495b9-b094-4e4c-bea9-1a924a93c51a) | rhox-brute(8a07949a-698c-4395-86bd-e366468b7924) | mountain(31daa77b-ac66-46c6-a699-b7ae4201f3b8) | rhox-brute(c6d1c727-d873-4dc6-82e4-572535b1fead)
Cards in Library: 29
---------------------------------------------
2026-06-29 18:10:23,660 - session - INFO - SessionTick: Tim: Prompting Player with event DECLARE_ATTACKS
2026-06-29 18:10:23,663 - session - DEBUG - SessionTick: Tim: Waiting for Player Input
2026-06-29 18:10:25,280 - session - DEBUG - SessionTick: Tim: Received Player Input: PASS --- None
2026-06-29 18:10:25,283 - session - DEBUG - SessionTick: Tim: Answered player with new state ---------------------------------------------
---------------- Environment ----------------
---------------------------------------------
Active Player Index: 0
---------------------------------------------
Completed Halfturns: 6
Upcoming Event: BLOCK_STEP
Active Player Index: 0
Game over: False
---------------------------------------------
Player 0:
Name: Tim
Current Life: 18
Cards in Hand:
broodhunter-wurm(67b5246e-a6bc-427f-aa97-28c5e3da6838) | broodhunter-wurm(c10f70e5-4f79-45c2-a8e7-3693dc2acc93) | ruination-wurm(bb8efc80-ef74-4faa-8e4a-2b6e9b382f93) | ruination-wurm(02e6a6ad-5926-4899-8b5e-26f2d3d42a17) | bear-cub(3f3a3d8e-6b45-45d8-8501-cadb949b8a09)
Cards in Library: 29
---------------------------------------------
Player 1:
Name: Opp-RulesBased
Current Life: 20
Cards in Hand:
goblin-roughrider(68747f88-5cae-482e-8622-e091af7bac2d) | bear-cub(4eb495b9-b094-4e4c-bea9-1a924a93c51a) | rhox-brute(8a07949a-698c-4395-86bd-e366468b7924) | mountain(31daa77b-ac66-46c6-a699-b7ae4201f3b8) | rhox-brute(c6d1c727-d873-4dc6-82e4-572535b1fead)
Cards in Library: 29
---------------------------------------------
2026-06-29 18:10:25,283 - session - DEBUG - SessionTick: Running GameLoop
2026-06-29 18:10:25,283 - session - DEBUG - SessionTick: Opp-RulesBased: Waiting for player to have no prior state before starting
2026-06-29 18:10:25,283 - session - DEBUG - SessionTick: Opp-RulesBased: Prompting Player with state ---------------------------------------------
---------------- Environment ----------------
---------------------------------------------
Active Player Index: 0
---------------------------------------------
Completed Halfturns: 6
Upcoming Event: BLOCK_STEP
Active Player Index: 0
Game over: False
---------------------------------------------
Player 0:
Name: Tim
Current Life: 18
Cards in Hand:
broodhunter-wurm(67b5246e-a6bc-427f-aa97-28c5e3da6838) | broodhunter-wurm(c10f70e5-4f79-45c2-a8e7-3693dc2acc93) | ruination-wurm(bb8efc80-ef74-4faa-8e4a-2b6e9b382f93) | ruination-wurm(02e6a6ad-5926-4899-8b5e-26f2d3d42a17) | bear-cub(3f3a3d8e-6b45-45d8-8501-cadb949b8a09)
Cards in Library: 29
---------------------------------------------
Player 1:
Name: Opp-RulesBased
Current Life: 20
Cards in Hand:
goblin-roughrider(68747f88-5cae-482e-8622-e091af7bac2d) | bear-cub(4eb495b9-b094-4e4c-bea9-1a924a93c51a) | rhox-brute(8a07949a-698c-4395-86bd-e366468b7924) | mountain(31daa77b-ac66-46c6-a699-b7ae4201f3b8) | rhox-brute(c6d1c727-d873-4dc6-82e4-572535b1fead)
Cards in Library: 29
---------------------------------------------
2026-06-29 18:10:25,284 - session - INFO - SessionTick: Opp-RulesBased: Prompting Player with event DECLARE_BLOCKS
2026-06-29 18:10:25,284 - session - DEBUG - SessionTick: Opp-RulesBased: Waiting for Player Input
2026-06-29 18:10:25,285 - session - DEBUG - SessionTick: Opp-RulesBased: Received Player Input: PASS --- None
2026-06-29 18:10:25,287 - session - DEBUG - SessionTick: Opp-RulesBased: Answered player with new state ---------------------------------------------
---------------- Environment ----------------
---------------------------------------------
Active Player Index: 0
---------------------------------------------
Completed Halfturns: 6
Upcoming Event: MAIN_2
Active Player Index: 0
Game over: False
---------------------------------------------
Player 0:
Name: Tim
Current Life: 18
Cards in Hand:
broodhunter-wurm(67b5246e-a6bc-427f-aa97-28c5e3da6838) | broodhunter-wurm(c10f70e5-4f79-45c2-a8e7-3693dc2acc93) | ruination-wurm(bb8efc80-ef74-4faa-8e4a-2b6e9b382f93) | ruination-wurm(02e6a6ad-5926-4899-8b5e-26f2d3d42a17) | bear-cub(3f3a3d8e-6b45-45d8-8501-cadb949b8a09)
Cards in Library: 29
---------------------------------------------
Player 1:
Name: Opp-RulesBased
Current Life: 20
Cards in Hand:
goblin-roughrider(68747f88-5cae-482e-8622-e091af7bac2d) | bear-cub(4eb495b9-b094-4e4c-bea9-1a924a93c51a) | rhox-brute(8a07949a-698c-4395-86bd-e366468b7924) | mountain(31daa77b-ac66-46c6-a699-b7ae4201f3b8) | rhox-brute(c6d1c727-d873-4dc6-82e4-572535b1fead)
Cards in Library: 29
---------------------------------------------
2026-06-29 18:10:25,287 - session - DEBUG - SessionTick: Running GameLoop
2026-06-29 18:10:25,287 - session - DEBUG - SessionTick: Tim: Waiting for player to have no prior state before starting
2026-06-29 18:10:25,288 - session - DEBUG - SessionTick: Tim: Prompting Player with state ---------------------------------------------
---------------- Environment ----------------
---------------------------------------------
Active Player Index: 0
---------------------------------------------
Completed Halfturns: 6
Upcoming Event: MAIN_2
Active Player Index: 0
Game over: False
---------------------------------------------
Player 0:
Name: Tim
Current Life: 18
Cards in Hand:
broodhunter-wurm(67b5246e-a6bc-427f-aa97-28c5e3da6838) | broodhunter-wurm(c10f70e5-4f79-45c2-a8e7-3693dc2acc93) | ruination-wurm(bb8efc80-ef74-4faa-8e4a-2b6e9b382f93) | ruination-wurm(02e6a6ad-5926-4899-8b5e-26f2d3d42a17) | bear-cub(3f3a3d8e-6b45-45d8-8501-cadb949b8a09)
Cards in Library: 29
---------------------------------------------
Player 1:
Name: Opp-RulesBased
Current Life: 20
Cards in Hand:
goblin-roughrider(68747f88-5cae-482e-8622-e091af7bac2d) | bear-cub(4eb495b9-b094-4e4c-bea9-1a924a93c51a) | rhox-brute(8a07949a-698c-4395-86bd-e366468b7924) | mountain(31daa77b-ac66-46c6-a699-b7ae4201f3b8) | rhox-brute(c6d1c727-d873-4dc6-82e4-572535b1fead)
Cards in Library: 29
---------------------------------------------
2026-06-29 18:10:25,288 - session - INFO - SessionTick: Tim: Prompting Player with event MAINPHASE_EMPTY_STACK
2026-06-29 18:10:25,290 - session - DEBUG - SessionTick: Tim: Waiting for Player Input
2026-06-29 18:10:27,753 - session - DEBUG - SessionTick: Tim: Received Player Input: PASS --- None
2026-06-29 18:10:27,756 - session - DEBUG - SessionTick: Tim: Answered player with new state ---------------------------------------------
---------------- Environment ----------------
---------------------------------------------
Active Player Index: 0
---------------------------------------------
Completed Halfturns: 6
Upcoming Event: END_STEP
Active Player Index: 0
Game over: False
---------------------------------------------
Player 0:
Name: Tim
Current Life: 18
Cards in Hand:
broodhunter-wurm(67b5246e-a6bc-427f-aa97-28c5e3da6838) | broodhunter-wurm(c10f70e5-4f79-45c2-a8e7-3693dc2acc93) | ruination-wurm(bb8efc80-ef74-4faa-8e4a-2b6e9b382f93) | ruination-wurm(02e6a6ad-5926-4899-8b5e-26f2d3d42a17) | bear-cub(3f3a3d8e-6b45-45d8-8501-cadb949b8a09)
Cards in Library: 29
---------------------------------------------
Player 1:
Name: Opp-RulesBased
Current Life: 20
Cards in Hand:
goblin-roughrider(68747f88-5cae-482e-8622-e091af7bac2d) | bear-cub(4eb495b9-b094-4e4c-bea9-1a924a93c51a) | rhox-brute(8a07949a-698c-4395-86bd-e366468b7924) | mountain(31daa77b-ac66-46c6-a699-b7ae4201f3b8) | rhox-brute(c6d1c727-d873-4dc6-82e4-572535b1fead)
Cards in Library: 29
---------------------------------------------
2026-06-29 18:10:27,756 - session - DEBUG - SessionTick: Running GameLoop
2026-06-29 18:10:27,757 - session - DEBUG - SessionTick: Running GameLoop
2026-06-29 18:10:27,757 - session - DEBUG - SessionTick: Running GameLoop
2026-06-29 18:10:27,757 - session - DEBUG - SessionTick: Running GameLoop
2026-06-29 18:10:27,757 - session - DEBUG - SessionTick: Opp-RulesBased: Waiting for player to have no prior state before starting
2026-06-29 18:10:27,757 - session - DEBUG - SessionTick: Opp-RulesBased: Prompting Player with state ---------------------------------------------
---------------- Environment ----------------
---------------------------------------------
Active Player Index: 1
---------------------------------------------
Completed Halfturns: 7
Upcoming Event: MAIN_1
Active Player Index: 1
Game over: False
---------------------------------------------
Player 0:
Name: Tim
Current Life: 18
Cards in Hand:
broodhunter-wurm(67b5246e-a6bc-427f-aa97-28c5e3da6838) | broodhunter-wurm(c10f70e5-4f79-45c2-a8e7-3693dc2acc93) | ruination-wurm(bb8efc80-ef74-4faa-8e4a-2b6e9b382f93) | ruination-wurm(02e6a6ad-5926-4899-8b5e-26f2d3d42a17) | bear-cub(3f3a3d8e-6b45-45d8-8501-cadb949b8a09)
Cards in Library: 29
---------------------------------------------
Player 1:
Name: Opp-RulesBased
Current Life: 20
Cards in Hand:
goblin-roughrider(68747f88-5cae-482e-8622-e091af7bac2d) | bear-cub(4eb495b9-b094-4e4c-bea9-1a924a93c51a) | rhox-brute(8a07949a-698c-4395-86bd-e366468b7924) | mountain(31daa77b-ac66-46c6-a699-b7ae4201f3b8) | rhox-brute(c6d1c727-d873-4dc6-82e4-572535b1fead) | bear-cub(49f88523-b647-4d78-a260-a9eb099d99f8)
Cards in Library: 28
---------------------------------------------
2026-06-29 18:10:27,758 - session - INFO - SessionTick: Opp-RulesBased: Prompting Player with event MAINPHASE_EMPTY_STACK
2026-06-29 18:10:27,758 - session - DEBUG - SessionTick: Opp-RulesBased: Waiting for Player Input
2026-06-29 18:10:27,759 - session - DEBUG - SessionTick: Opp-RulesBased: Received Player Input: PLAY_CARD --- 3
2026-06-29 18:10:27,759 - session - DEBUG - SessionTick: Opp-RulesBased: Answered player with new state ---------------------------------------------
---------------- Environment ----------------
---------------------------------------------
Active Player Index: 1
---------------------------------------------
Completed Halfturns: 7
Upcoming Event: MAIN_1
Active Player Index: 1
Game over: False
---------------------------------------------
Player 0:
Name: Tim
Current Life: 18
Cards in Hand:
broodhunter-wurm(67b5246e-a6bc-427f-aa97-28c5e3da6838) | broodhunter-wurm(c10f70e5-4f79-45c2-a8e7-3693dc2acc93) | ruination-wurm(bb8efc80-ef74-4faa-8e4a-2b6e9b382f93) | ruination-wurm(02e6a6ad-5926-4899-8b5e-26f2d3d42a17) | bear-cub(3f3a3d8e-6b45-45d8-8501-cadb949b8a09)
Cards in Library: 29
---------------------------------------------
Player 1:
Name: Opp-RulesBased
Current Life: 20
Cards in Hand:
goblin-roughrider(68747f88-5cae-482e-8622-e091af7bac2d) | bear-cub(4eb495b9-b094-4e4c-bea9-1a924a93c51a) | rhox-brute(8a07949a-698c-4395-86bd-e366468b7924) | rhox-brute(c6d1c727-d873-4dc6-82e4-572535b1fead) | bear-cub(49f88523-b647-4d78-a260-a9eb099d99f8)
Cards in Library: 28
---------------------------------------------
2026-06-29 18:10:27,760 - session - DEBUG - SessionTick: Running GameLoop
2026-06-29 18:10:27,760 - session - DEBUG - SessionTick: Opp-RulesBased: Waiting for player to have no prior state before starting
2026-06-29 18:10:27,760 - session - DEBUG - SessionTick: Opp-RulesBased: Prompting Player with state ---------------------------------------------
---------------- Environment ----------------
---------------------------------------------
Active Player Index: 1
---------------------------------------------
Completed Halfturns: 7
Upcoming Event: MAIN_1
Active Player Index: 1
Game over: False
---------------------------------------------
Player 0:
Name: Tim
Current Life: 18
Cards in Hand:
broodhunter-wurm(67b5246e-a6bc-427f-aa97-28c5e3da6838) | broodhunter-wurm(c10f70e5-4f79-45c2-a8e7-3693dc2acc93) | ruination-wurm(bb8efc80-ef74-4faa-8e4a-2b6e9b382f93) | ruination-wurm(02e6a6ad-5926-4899-8b5e-26f2d3d42a17) | bear-cub(3f3a3d8e-6b45-45d8-8501-cadb949b8a09)
Cards in Library: 29
---------------------------------------------
Player 1:
Name: Opp-RulesBased
Current Life: 20
Cards in Hand:
goblin-roughrider(68747f88-5cae-482e-8622-e091af7bac2d) | bear-cub(4eb495b9-b094-4e4c-bea9-1a924a93c51a) | rhox-brute(8a07949a-698c-4395-86bd-e366468b7924) | rhox-brute(c6d1c727-d873-4dc6-82e4-572535b1fead) | bear-cub(49f88523-b647-4d78-a260-a9eb099d99f8)
Cards in Library: 28
---------------------------------------------
2026-06-29 18:10:27,760 - session - INFO - SessionTick: Opp-RulesBased: Prompting Player with event MAINPHASE_EMPTY_STACK
2026-06-29 18:10:27,760 - session - DEBUG - SessionTick: Opp-RulesBased: Waiting for Player Input
2026-06-29 18:10:27,761 - session - DEBUG - SessionTick: Opp-RulesBased: Received Player Input: ACTIVATE_LANDS --- [[0]
 [1]
 [2]
 [3]]
2026-06-29 18:10:27,762 - session - DEBUG - SessionTick: Opp-RulesBased: Answered player with new state ---------------------------------------------
---------------- Environment ----------------
---------------------------------------------
Active Player Index: 1
---------------------------------------------
Completed Halfturns: 7
Upcoming Event: MAIN_1
Active Player Index: 1
Game over: False
---------------------------------------------
Player 0:
Name: Tim
Current Life: 18
Cards in Hand:
broodhunter-wurm(67b5246e-a6bc-427f-aa97-28c5e3da6838) | broodhunter-wurm(c10f70e5-4f79-45c2-a8e7-3693dc2acc93) | ruination-wurm(bb8efc80-ef74-4faa-8e4a-2b6e9b382f93) | ruination-wurm(02e6a6ad-5926-4899-8b5e-26f2d3d42a17) | bear-cub(3f3a3d8e-6b45-45d8-8501-cadb949b8a09)
Cards in Library: 29
---------------------------------------------
Player 1:
Name: Opp-RulesBased
Current Life: 20
Cards in Hand:
goblin-roughrider(68747f88-5cae-482e-8622-e091af7bac2d) | bear-cub(4eb495b9-b094-4e4c-bea9-1a924a93c51a) | rhox-brute(8a07949a-698c-4395-86bd-e366468b7924) | rhox-brute(c6d1c727-d873-4dc6-82e4-572535b1fead) | bear-cub(49f88523-b647-4d78-a260-a9eb099d99f8)
Cards in Library: 28
---------------------------------------------
2026-06-29 18:10:27,762 - session - DEBUG - SessionTick: Running GameLoop
2026-06-29 18:10:27,762 - session - DEBUG - SessionTick: Opp-RulesBased: Waiting for player to have no prior state before starting
2026-06-29 18:10:27,762 - session - DEBUG - SessionTick: Opp-RulesBased: Prompting Player with state ---------------------------------------------
---------------- Environment ----------------
---------------------------------------------
Active Player Index: 1
---------------------------------------------
Completed Halfturns: 7
Upcoming Event: MAIN_1
Active Player Index: 1
Game over: False
---------------------------------------------
Player 0:
Name: Tim
Current Life: 18
Cards in Hand:
broodhunter-wurm(67b5246e-a6bc-427f-aa97-28c5e3da6838) | broodhunter-wurm(c10f70e5-4f79-45c2-a8e7-3693dc2acc93) | ruination-wurm(bb8efc80-ef74-4faa-8e4a-2b6e9b382f93) | ruination-wurm(02e6a6ad-5926-4899-8b5e-26f2d3d42a17) | bear-cub(3f3a3d8e-6b45-45d8-8501-cadb949b8a09)
Cards in Library: 29
---------------------------------------------
Player 1:
Name: Opp-RulesBased
Current Life: 20
Cards in Hand:
goblin-roughrider(68747f88-5cae-482e-8622-e091af7bac2d) | bear-cub(4eb495b9-b094-4e4c-bea9-1a924a93c51a) | rhox-brute(8a07949a-698c-4395-86bd-e366468b7924) | rhox-brute(c6d1c727-d873-4dc6-82e4-572535b1fead) | bear-cub(49f88523-b647-4d78-a260-a9eb099d99f8)
Cards in Library: 28
---------------------------------------------
2026-06-29 18:10:27,762 - session - INFO - SessionTick: Opp-RulesBased: Prompting Player with event MAINPHASE_EMPTY_STACK
2026-06-29 18:10:27,763 - session - DEBUG - SessionTick: Opp-RulesBased: Waiting for Player Input
2026-06-29 18:10:27,763 - session - DEBUG - SessionTick: Opp-RulesBased: Received Player Input: PLAY_CARD --- 0
2026-06-29 18:10:27,764 - session - DEBUG - SessionTick: Opp-RulesBased: Answered player with new state ---------------------------------------------
---------------- Environment ----------------
---------------------------------------------
Active Player Index: 1
---------------------------------------------
Completed Halfturns: 7
Upcoming Event: MAIN_1
Active Player Index: 1
Game over: False
---------------------------------------------
Player 0:
Name: Tim
Current Life: 18
Cards in Hand:
broodhunter-wurm(67b5246e-a6bc-427f-aa97-28c5e3da6838) | broodhunter-wurm(c10f70e5-4f79-45c2-a8e7-3693dc2acc93) | ruination-wurm(bb8efc80-ef74-4faa-8e4a-2b6e9b382f93) | ruination-wurm(02e6a6ad-5926-4899-8b5e-26f2d3d42a17) | bear-cub(3f3a3d8e-6b45-45d8-8501-cadb949b8a09)
Cards in Library: 29
---------------------------------------------
Player 1:
Name: Opp-RulesBased
Current Life: 20
Cards in Hand:
bear-cub(4eb495b9-b094-4e4c-bea9-1a924a93c51a) | rhox-brute(8a07949a-698c-4395-86bd-e366468b7924) | rhox-brute(c6d1c727-d873-4dc6-82e4-572535b1fead) | bear-cub(49f88523-b647-4d78-a260-a9eb099d99f8)
Cards in Library: 28
---------------------------------------------
2026-06-29 18:10:27,764 - session - DEBUG - SessionTick: Running GameLoop
2026-06-29 18:10:27,764 - session - DEBUG - SessionTick: Opp-RulesBased: Waiting for player to have no prior state before starting
2026-06-29 18:10:27,764 - session - DEBUG - SessionTick: Opp-RulesBased: Prompting Player with state ---------------------------------------------
---------------- Environment ----------------
---------------------------------------------
Active Player Index: 1
---------------------------------------------
Completed Halfturns: 7
Upcoming Event: MAIN_1
Active Player Index: 1
Game over: False
---------------------------------------------
Player 0:
Name: Tim
Current Life: 18
Cards in Hand:
broodhunter-wurm(67b5246e-a6bc-427f-aa97-28c5e3da6838) | broodhunter-wurm(c10f70e5-4f79-45c2-a8e7-3693dc2acc93) | ruination-wurm(bb8efc80-ef74-4faa-8e4a-2b6e9b382f93) | ruination-wurm(02e6a6ad-5926-4899-8b5e-26f2d3d42a17) | bear-cub(3f3a3d8e-6b45-45d8-8501-cadb949b8a09)
Cards in Library: 29
---------------------------------------------
Player 1:
Name: Opp-RulesBased
Current Life: 20
Cards in Hand:
bear-cub(4eb495b9-b094-4e4c-bea9-1a924a93c51a) | rhox-brute(8a07949a-698c-4395-86bd-e366468b7924) | rhox-brute(c6d1c727-d873-4dc6-82e4-572535b1fead) | bear-cub(49f88523-b647-4d78-a260-a9eb099d99f8)
Cards in Library: 28
---------------------------------------------
2026-06-29 18:10:27,764 - session - INFO - SessionTick: Opp-RulesBased: Prompting Player with event MAINPHASE_EMPTY_STACK
2026-06-29 18:10:27,765 - session - DEBUG - SessionTick: Opp-RulesBased: Waiting for Player Input
2026-06-29 18:10:27,765 - session - DEBUG - SessionTick: Opp-RulesBased: Received Player Input: PASS --- None
2026-06-29 18:10:27,766 - session - DEBUG - SessionTick: Opp-RulesBased: Answered player with new state ---------------------------------------------
---------------- Environment ----------------
---------------------------------------------
Active Player Index: 1
---------------------------------------------
Completed Halfturns: 7
Upcoming Event: ATTACK_STEP
Active Player Index: 1
Game over: False
---------------------------------------------
Player 0:
Name: Tim
Current Life: 18
Cards in Hand:
broodhunter-wurm(67b5246e-a6bc-427f-aa97-28c5e3da6838) | broodhunter-wurm(c10f70e5-4f79-45c2-a8e7-3693dc2acc93) | ruination-wurm(bb8efc80-ef74-4faa-8e4a-2b6e9b382f93) | ruination-wurm(02e6a6ad-5926-4899-8b5e-26f2d3d42a17) | bear-cub(3f3a3d8e-6b45-45d8-8501-cadb949b8a09)
Cards in Library: 29
---------------------------------------------
Player 1:
Name: Opp-RulesBased
Current Life: 20
Cards in Hand:
bear-cub(4eb495b9-b094-4e4c-bea9-1a924a93c51a) | rhox-brute(8a07949a-698c-4395-86bd-e366468b7924) | rhox-brute(c6d1c727-d873-4dc6-82e4-572535b1fead) | bear-cub(49f88523-b647-4d78-a260-a9eb099d99f8)
Cards in Library: 28
---------------------------------------------
2026-06-29 18:10:27,766 - session - DEBUG - SessionTick: Running GameLoop
2026-06-29 18:10:27,766 - session - DEBUG - SessionTick: Opp-RulesBased: Waiting for player to have no prior state before starting
2026-06-29 18:10:27,766 - session - DEBUG - SessionTick: Opp-RulesBased: Prompting Player with state ---------------------------------------------
---------------- Environment ----------------
---------------------------------------------
Active Player Index: 1
---------------------------------------------
Completed Halfturns: 7
Upcoming Event: ATTACK_STEP
Active Player Index: 1
Game over: False
---------------------------------------------
Player 0:
Name: Tim
Current Life: 18
Cards in Hand:
broodhunter-wurm(67b5246e-a6bc-427f-aa97-28c5e3da6838) | broodhunter-wurm(c10f70e5-4f79-45c2-a8e7-3693dc2acc93) | ruination-wurm(bb8efc80-ef74-4faa-8e4a-2b6e9b382f93) | ruination-wurm(02e6a6ad-5926-4899-8b5e-26f2d3d42a17) | bear-cub(3f3a3d8e-6b45-45d8-8501-cadb949b8a09)
Cards in Library: 29
---------------------------------------------
Player 1:
Name: Opp-RulesBased
Current Life: 20
Cards in Hand:
bear-cub(4eb495b9-b094-4e4c-bea9-1a924a93c51a) | rhox-brute(8a07949a-698c-4395-86bd-e366468b7924) | rhox-brute(c6d1c727-d873-4dc6-82e4-572535b1fead) | bear-cub(49f88523-b647-4d78-a260-a9eb099d99f8)
Cards in Library: 28
---------------------------------------------
2026-06-29 18:10:27,767 - session - INFO - SessionTick: Opp-RulesBased: Prompting Player with event DECLARE_ATTACKS
2026-06-29 18:10:27,767 - session - DEBUG - SessionTick: Opp-RulesBased: Waiting for Player Input
2026-06-29 18:10:27,768 - session - DEBUG - SessionTick: Opp-RulesBased: Received Player Input: ATTACK --- [[0]
 [1]]
2026-06-29 18:10:27,768 - session - DEBUG - SessionTick: Opp-RulesBased: Answered player with new state ---------------------------------------------
---------------- Environment ----------------
---------------------------------------------
Active Player Index: 1
---------------------------------------------
Completed Halfturns: 7
Upcoming Event: BLOCK_STEP
Active Player Index: 1
Game over: False
---------------------------------------------
Player 0:
Name: Tim
Current Life: 18
Cards in Hand:
broodhunter-wurm(67b5246e-a6bc-427f-aa97-28c5e3da6838) | broodhunter-wurm(c10f70e5-4f79-45c2-a8e7-3693dc2acc93) | ruination-wurm(bb8efc80-ef74-4faa-8e4a-2b6e9b382f93) | ruination-wurm(02e6a6ad-5926-4899-8b5e-26f2d3d42a17) | bear-cub(3f3a3d8e-6b45-45d8-8501-cadb949b8a09)
Cards in Library: 29
---------------------------------------------
Player 1:
Name: Opp-RulesBased
Current Life: 20
Cards in Hand:
bear-cub(4eb495b9-b094-4e4c-bea9-1a924a93c51a) | rhox-brute(8a07949a-698c-4395-86bd-e366468b7924) | rhox-brute(c6d1c727-d873-4dc6-82e4-572535b1fead) | bear-cub(49f88523-b647-4d78-a260-a9eb099d99f8)
Cards in Library: 28
---------------------------------------------
2026-06-29 18:10:27,768 - session - DEBUG - SessionTick: Running GameLoop
2026-06-29 18:10:27,769 - session - DEBUG - SessionTick: Tim: Waiting for player to have no prior state before starting
2026-06-29 18:10:27,769 - session - DEBUG - SessionTick: Tim: Prompting Player with state ---------------------------------------------
---------------- Environment ----------------
---------------------------------------------
Active Player Index: 1
---------------------------------------------
Completed Halfturns: 7
Upcoming Event: BLOCK_STEP
Active Player Index: 1
Game over: False
---------------------------------------------
Player 0:
Name: Tim
Current Life: 18
Cards in Hand:
broodhunter-wurm(67b5246e-a6bc-427f-aa97-28c5e3da6838) | broodhunter-wurm(c10f70e5-4f79-45c2-a8e7-3693dc2acc93) | ruination-wurm(bb8efc80-ef74-4faa-8e4a-2b6e9b382f93) | ruination-wurm(02e6a6ad-5926-4899-8b5e-26f2d3d42a17) | bear-cub(3f3a3d8e-6b45-45d8-8501-cadb949b8a09)
Cards in Library: 29
---------------------------------------------
Player 1:
Name: Opp-RulesBased
Current Life: 20
Cards in Hand:
bear-cub(4eb495b9-b094-4e4c-bea9-1a924a93c51a) | rhox-brute(8a07949a-698c-4395-86bd-e366468b7924) | rhox-brute(c6d1c727-d873-4dc6-82e4-572535b1fead) | bear-cub(49f88523-b647-4d78-a260-a9eb099d99f8)
Cards in Library: 28
---------------------------------------------
2026-06-29 18:10:27,769 - session - INFO - SessionTick: Tim: Prompting Player with event DECLARE_BLOCKS
2026-06-29 18:10:27,775 - session - DEBUG - SessionTick: Tim: Waiting for Player Input
2026-06-29 18:13:04,836 - session - DEBUG - SessionTick: Tim: Received Player Input: BLOCK --- [[0 0]]
2026-06-29 18:13:04,841 - session - DEBUG - SessionTick: Tim: Answered player with new state ---------------------------------------------
---------------- Environment ----------------
---------------------------------------------
Active Player Index: 1
---------------------------------------------
Completed Halfturns: 7
Upcoming Event: MAIN_2
Active Player Index: 1
Game over: False
---------------------------------------------
Player 0:
Name: Tim
Current Life: 16
Cards in Hand:
broodhunter-wurm(67b5246e-a6bc-427f-aa97-28c5e3da6838) | broodhunter-wurm(c10f70e5-4f79-45c2-a8e7-3693dc2acc93) | ruination-wurm(bb8efc80-ef74-4faa-8e4a-2b6e9b382f93) | ruination-wurm(02e6a6ad-5926-4899-8b5e-26f2d3d42a17) | bear-cub(3f3a3d8e-6b45-45d8-8501-cadb949b8a09)
Cards in Library: 29
---------------------------------------------
Player 1:
Name: Opp-RulesBased
Current Life: 20
Cards in Hand:
bear-cub(4eb495b9-b094-4e4c-bea9-1a924a93c51a) | rhox-brute(8a07949a-698c-4395-86bd-e366468b7924) | rhox-brute(c6d1c727-d873-4dc6-82e4-572535b1fead) | bear-cub(49f88523-b647-4d78-a260-a9eb099d99f8)
Cards in Library: 28
---------------------------------------------
2026-06-29 18:13:04,841 - session - DEBUG - SessionTick: Running GameLoop
2026-06-29 18:13:04,841 - session - DEBUG - SessionTick: Opp-RulesBased: Waiting for player to have no prior state before starting
2026-06-29 18:13:04,841 - session - DEBUG - SessionTick: Opp-RulesBased: Prompting Player with state ---------------------------------------------
---------------- Environment ----------------
---------------------------------------------
Active Player Index: 1
---------------------------------------------
Completed Halfturns: 7
Upcoming Event: MAIN_2
Active Player Index: 1
Game over: False
---------------------------------------------
Player 0:
Name: Tim
Current Life: 16
Cards in Hand:
broodhunter-wurm(67b5246e-a6bc-427f-aa97-28c5e3da6838) | broodhunter-wurm(c10f70e5-4f79-45c2-a8e7-3693dc2acc93) | ruination-wurm(bb8efc80-ef74-4faa-8e4a-2b6e9b382f93) | ruination-wurm(02e6a6ad-5926-4899-8b5e-26f2d3d42a17) | bear-cub(3f3a3d8e-6b45-45d8-8501-cadb949b8a09)
Cards in Library: 29
---------------------------------------------
Player 1:
Name: Opp-RulesBased
Current Life: 20
Cards in Hand:
bear-cub(4eb495b9-b094-4e4c-bea9-1a924a93c51a) | rhox-brute(8a07949a-698c-4395-86bd-e366468b7924) | rhox-brute(c6d1c727-d873-4dc6-82e4-572535b1fead) | bear-cub(49f88523-b647-4d78-a260-a9eb099d99f8)
Cards in Library: 28
---------------------------------------------
2026-06-29 18:13:04,842 - session - INFO - SessionTick: Opp-RulesBased: Prompting Player with event MAINPHASE_EMPTY_STACK
2026-06-29 18:13:04,842 - session - DEBUG - SessionTick: Opp-RulesBased: Waiting for Player Input
2026-06-29 18:13:04,842 - session - DEBUG - SessionTick: Opp-RulesBased: Received Player Input: PASS --- None
2026-06-29 18:13:04,842 - session - DEBUG - SessionTick: Opp-RulesBased: Answered player with new state ---------------------------------------------
---------------- Environment ----------------
---------------------------------------------
Active Player Index: 1
---------------------------------------------
Completed Halfturns: 7
Upcoming Event: END_STEP
Active Player Index: 1
Game over: False
---------------------------------------------
Player 0:
Name: Tim
Current Life: 16
Cards in Hand:
broodhunter-wurm(67b5246e-a6bc-427f-aa97-28c5e3da6838) | broodhunter-wurm(c10f70e5-4f79-45c2-a8e7-3693dc2acc93) | ruination-wurm(bb8efc80-ef74-4faa-8e4a-2b6e9b382f93) | ruination-wurm(02e6a6ad-5926-4899-8b5e-26f2d3d42a17) | bear-cub(3f3a3d8e-6b45-45d8-8501-cadb949b8a09)
Cards in Library: 29
---------------------------------------------
Player 1:
Name: Opp-RulesBased
Current Life: 20
Cards in Hand:
bear-cub(4eb495b9-b094-4e4c-bea9-1a924a93c51a) | rhox-brute(8a07949a-698c-4395-86bd-e366468b7924) | rhox-brute(c6d1c727-d873-4dc6-82e4-572535b1fead) | bear-cub(49f88523-b647-4d78-a260-a9eb099d99f8)
Cards in Library: 28
---------------------------------------------
2026-06-29 18:13:04,843 - session - DEBUG - SessionTick: Running GameLoop
2026-06-29 18:13:04,843 - session - DEBUG - SessionTick: Running GameLoop
2026-06-29 18:13:04,843 - session - DEBUG - SessionTick: Running GameLoop
2026-06-29 18:13:04,843 - session - DEBUG - SessionTick: Running GameLoop
2026-06-29 18:13:04,843 - session - DEBUG - SessionTick: Tim: Waiting for player to have no prior state before starting
2026-06-29 18:13:04,843 - session - DEBUG - SessionTick: Tim: Prompting Player with state ---------------------------------------------
---------------- Environment ----------------
---------------------------------------------
Active Player Index: 0
---------------------------------------------
Completed Halfturns: 8
Upcoming Event: MAIN_1
Active Player Index: 0
Game over: False
---------------------------------------------
Player 0:
Name: Tim
Current Life: 16
Cards in Hand:
broodhunter-wurm(67b5246e-a6bc-427f-aa97-28c5e3da6838) | broodhunter-wurm(c10f70e5-4f79-45c2-a8e7-3693dc2acc93) | ruination-wurm(bb8efc80-ef74-4faa-8e4a-2b6e9b382f93) | ruination-wurm(02e6a6ad-5926-4899-8b5e-26f2d3d42a17) | bear-cub(3f3a3d8e-6b45-45d8-8501-cadb949b8a09) | bear-cub(409c6522-0c5b-4ea1-8d3a-30c574d8290c)
Cards in Library: 28
---------------------------------------------
Player 1:
Name: Opp-RulesBased
Current Life: 20
Cards in Hand:
bear-cub(4eb495b9-b094-4e4c-bea9-1a924a93c51a) | rhox-brute(8a07949a-698c-4395-86bd-e366468b7924) | rhox-brute(c6d1c727-d873-4dc6-82e4-572535b1fead) | bear-cub(49f88523-b647-4d78-a260-a9eb099d99f8)
Cards in Library: 28
---------------------------------------------
2026-06-29 18:13:04,843 - session - INFO - SessionTick: Tim: Prompting Player with event MAINPHASE_EMPTY_STACK
2026-06-29 18:13:04,844 - session - DEBUG - SessionTick: Tim: Waiting for Player Input
2026-06-29 18:13:11,128 - session - DEBUG - SessionTick: Tim: Received Player Input: PASS --- None
2026-06-29 18:13:11,131 - session - DEBUG - SessionTick: Tim: Answered player with new state ---------------------------------------------
---------------- Environment ----------------
---------------------------------------------
Active Player Index: 0
---------------------------------------------
Completed Halfturns: 8
Upcoming Event: ATTACK_STEP
Active Player Index: 0
Game over: False
---------------------------------------------
Player 0:
Name: Tim
Current Life: 16
Cards in Hand:
broodhunter-wurm(67b5246e-a6bc-427f-aa97-28c5e3da6838) | broodhunter-wurm(c10f70e5-4f79-45c2-a8e7-3693dc2acc93) | ruination-wurm(bb8efc80-ef74-4faa-8e4a-2b6e9b382f93) | ruination-wurm(02e6a6ad-5926-4899-8b5e-26f2d3d42a17) | bear-cub(3f3a3d8e-6b45-45d8-8501-cadb949b8a09) | bear-cub(409c6522-0c5b-4ea1-8d3a-30c574d8290c)
Cards in Library: 28
---------------------------------------------
Player 1:
Name: Opp-RulesBased
Current Life: 20
Cards in Hand:
bear-cub(4eb495b9-b094-4e4c-bea9-1a924a93c51a) | rhox-brute(8a07949a-698c-4395-86bd-e366468b7924) | rhox-brute(c6d1c727-d873-4dc6-82e4-572535b1fead) | bear-cub(49f88523-b647-4d78-a260-a9eb099d99f8)
Cards in Library: 28
---------------------------------------------
2026-06-29 18:13:11,131 - session - DEBUG - SessionTick: Running GameLoop
2026-06-29 18:13:11,131 - session - DEBUG - SessionTick: Tim: Waiting for player to have no prior state before starting
2026-06-29 18:13:11,131 - session - DEBUG - SessionTick: Tim: Prompting Player with state ---------------------------------------------
---------------- Environment ----------------
---------------------------------------------
Active Player Index: 0
---------------------------------------------
Completed Halfturns: 8
Upcoming Event: ATTACK_STEP
Active Player Index: 0
Game over: False
---------------------------------------------
Player 0:
Name: Tim
Current Life: 16
Cards in Hand:
broodhunter-wurm(67b5246e-a6bc-427f-aa97-28c5e3da6838) | broodhunter-wurm(c10f70e5-4f79-45c2-a8e7-3693dc2acc93) | ruination-wurm(bb8efc80-ef74-4faa-8e4a-2b6e9b382f93) | ruination-wurm(02e6a6ad-5926-4899-8b5e-26f2d3d42a17) | bear-cub(3f3a3d8e-6b45-45d8-8501-cadb949b8a09) | bear-cub(409c6522-0c5b-4ea1-8d3a-30c574d8290c)
Cards in Library: 28
---------------------------------------------
Player 1:
Name: Opp-RulesBased
Current Life: 20
Cards in Hand:
bear-cub(4eb495b9-b094-4e4c-bea9-1a924a93c51a) | rhox-brute(8a07949a-698c-4395-86bd-e366468b7924) | rhox-brute(c6d1c727-d873-4dc6-82e4-572535b1fead) | bear-cub(49f88523-b647-4d78-a260-a9eb099d99f8)
Cards in Library: 28
---------------------------------------------
2026-06-29 18:13:11,131 - session - INFO - SessionTick: Tim: Prompting Player with event DECLARE_ATTACKS
2026-06-29 18:13:11,134 - session - DEBUG - SessionTick: Tim: Waiting for Player Input
2026-06-29 18:13:13,524 - session - DEBUG - SessionTick: Tim: Received Player Input: ATTACK --- [[0]]
2026-06-29 18:13:13,527 - session - DEBUG - SessionTick: Tim: Answered player with new state ---------------------------------------------
---------------- Environment ----------------
---------------------------------------------
Active Player Index: 0
---------------------------------------------
Completed Halfturns: 8
Upcoming Event: BLOCK_STEP
Active Player Index: 0
Game over: False
---------------------------------------------
Player 0:
Name: Tim
Current Life: 16
Cards in Hand:
broodhunter-wurm(67b5246e-a6bc-427f-aa97-28c5e3da6838) | broodhunter-wurm(c10f70e5-4f79-45c2-a8e7-3693dc2acc93) | ruination-wurm(bb8efc80-ef74-4faa-8e4a-2b6e9b382f93) | ruination-wurm(02e6a6ad-5926-4899-8b5e-26f2d3d42a17) | bear-cub(3f3a3d8e-6b45-45d8-8501-cadb949b8a09) | bear-cub(409c6522-0c5b-4ea1-8d3a-30c574d8290c)
Cards in Library: 28
---------------------------------------------
Player 1:
Name: Opp-RulesBased
Current Life: 20
Cards in Hand:
bear-cub(4eb495b9-b094-4e4c-bea9-1a924a93c51a) | rhox-brute(8a07949a-698c-4395-86bd-e366468b7924) | rhox-brute(c6d1c727-d873-4dc6-82e4-572535b1fead) | bear-cub(49f88523-b647-4d78-a260-a9eb099d99f8)
Cards in Library: 28
---------------------------------------------
2026-06-29 18:13:13,528 - session - DEBUG - SessionTick: Running GameLoop
2026-06-29 18:13:13,528 - session - DEBUG - SessionTick: Opp-RulesBased: Waiting for player to have no prior state before starting
2026-06-29 18:13:13,528 - session - DEBUG - SessionTick: Opp-RulesBased: Prompting Player with state ---------------------------------------------
---------------- Environment ----------------
---------------------------------------------
Active Player Index: 0
---------------------------------------------
Completed Halfturns: 8
Upcoming Event: BLOCK_STEP
Active Player Index: 0
Game over: False
---------------------------------------------
Player 0:
Name: Tim
Current Life: 16
Cards in Hand:
broodhunter-wurm(67b5246e-a6bc-427f-aa97-28c5e3da6838) | broodhunter-wurm(c10f70e5-4f79-45c2-a8e7-3693dc2acc93) | ruination-wurm(bb8efc80-ef74-4faa-8e4a-2b6e9b382f93) | ruination-wurm(02e6a6ad-5926-4899-8b5e-26f2d3d42a17) | bear-cub(3f3a3d8e-6b45-45d8-8501-cadb949b8a09) | bear-cub(409c6522-0c5b-4ea1-8d3a-30c574d8290c)
Cards in Library: 28
---------------------------------------------
Player 1:
Name: Opp-RulesBased
Current Life: 20
Cards in Hand:
bear-cub(4eb495b9-b094-4e4c-bea9-1a924a93c51a) | rhox-brute(8a07949a-698c-4395-86bd-e366468b7924) | rhox-brute(c6d1c727-d873-4dc6-82e4-572535b1fead) | bear-cub(49f88523-b647-4d78-a260-a9eb099d99f8)
Cards in Library: 28
---------------------------------------------
2026-06-29 18:13:13,528 - session - INFO - SessionTick: Opp-RulesBased: Prompting Player with event DECLARE_BLOCKS
2026-06-29 18:13:13,529 - session - DEBUG - SessionTick: Opp-RulesBased: Waiting for Player Input
2026-06-29 18:13:13,530 - session - DEBUG - SessionTick: Opp-RulesBased: Received Player Input: PASS --- None
2026-06-29 18:13:13,532 - session - DEBUG - SessionTick: Opp-RulesBased: Answered player with new state ---------------------------------------------
---------------- Environment ----------------
---------------------------------------------
Active Player Index: 0
---------------------------------------------
Completed Halfturns: 8
Upcoming Event: MAIN_2
Active Player Index: 0
Game over: False
---------------------------------------------
Player 0:
Name: Tim
Current Life: 16
Cards in Hand:
broodhunter-wurm(67b5246e-a6bc-427f-aa97-28c5e3da6838) | broodhunter-wurm(c10f70e5-4f79-45c2-a8e7-3693dc2acc93) | ruination-wurm(bb8efc80-ef74-4faa-8e4a-2b6e9b382f93) | ruination-wurm(02e6a6ad-5926-4899-8b5e-26f2d3d42a17) | bear-cub(3f3a3d8e-6b45-45d8-8501-cadb949b8a09) | bear-cub(409c6522-0c5b-4ea1-8d3a-30c574d8290c)
Cards in Library: 28
---------------------------------------------
Player 1:
Name: Opp-RulesBased
Current Life: 16
Cards in Hand:
bear-cub(4eb495b9-b094-4e4c-bea9-1a924a93c51a) | rhox-brute(8a07949a-698c-4395-86bd-e366468b7924) | rhox-brute(c6d1c727-d873-4dc6-82e4-572535b1fead) | bear-cub(49f88523-b647-4d78-a260-a9eb099d99f8)
Cards in Library: 28
---------------------------------------------
2026-06-29 18:13:13,532 - session - DEBUG - SessionTick: Running GameLoop
2026-06-29 18:13:13,532 - session - DEBUG - SessionTick: Tim: Waiting for player to have no prior state before starting
2026-06-29 18:13:13,533 - session - DEBUG - SessionTick: Tim: Prompting Player with state ---------------------------------------------
---------------- Environment ----------------
---------------------------------------------
Active Player Index: 0
---------------------------------------------
Completed Halfturns: 8
Upcoming Event: MAIN_2
Active Player Index: 0
Game over: False
---------------------------------------------
Player 0:
Name: Tim
Current Life: 16
Cards in Hand:
broodhunter-wurm(67b5246e-a6bc-427f-aa97-28c5e3da6838) | broodhunter-wurm(c10f70e5-4f79-45c2-a8e7-3693dc2acc93) | ruination-wurm(bb8efc80-ef74-4faa-8e4a-2b6e9b382f93) | ruination-wurm(02e6a6ad-5926-4899-8b5e-26f2d3d42a17) | bear-cub(3f3a3d8e-6b45-45d8-8501-cadb949b8a09) | bear-cub(409c6522-0c5b-4ea1-8d3a-30c574d8290c)
Cards in Library: 28
---------------------------------------------
Player 1:
Name: Opp-RulesBased
Current Life: 16
Cards in Hand:
bear-cub(4eb495b9-b094-4e4c-bea9-1a924a93c51a) | rhox-brute(8a07949a-698c-4395-86bd-e366468b7924) | rhox-brute(c6d1c727-d873-4dc6-82e4-572535b1fead) | bear-cub(49f88523-b647-4d78-a260-a9eb099d99f8)
Cards in Library: 28
---------------------------------------------
2026-06-29 18:13:13,533 - session - INFO - SessionTick: Tim: Prompting Player with event MAINPHASE_EMPTY_STACK
2026-06-29 18:13:13,535 - session - DEBUG - SessionTick: Tim: Waiting for Player Input
2026-06-29 18:13:40,105 - session - DEBUG - SessionTick: Tim: Received Player Input: ACTIVATE_LANDS --- [[0]
 [1]
 [2]
 [3]]
2026-06-29 18:13:40,108 - session - DEBUG - SessionTick: Tim: Answered player with new state ---------------------------------------------
---------------- Environment ----------------
---------------------------------------------
Active Player Index: 0
---------------------------------------------
Completed Halfturns: 8
Upcoming Event: MAIN_2
Active Player Index: 0
Game over: False
---------------------------------------------
Player 0:
Name: Tim
Current Life: 16
Cards in Hand:
broodhunter-wurm(67b5246e-a6bc-427f-aa97-28c5e3da6838) | broodhunter-wurm(c10f70e5-4f79-45c2-a8e7-3693dc2acc93) | ruination-wurm(bb8efc80-ef74-4faa-8e4a-2b6e9b382f93) | ruination-wurm(02e6a6ad-5926-4899-8b5e-26f2d3d42a17) | bear-cub(3f3a3d8e-6b45-45d8-8501-cadb949b8a09) | bear-cub(409c6522-0c5b-4ea1-8d3a-30c574d8290c)
Cards in Library: 28
---------------------------------------------
Player 1:
Name: Opp-RulesBased
Current Life: 16
Cards in Hand:
bear-cub(4eb495b9-b094-4e4c-bea9-1a924a93c51a) | rhox-brute(8a07949a-698c-4395-86bd-e366468b7924) | rhox-brute(c6d1c727-d873-4dc6-82e4-572535b1fead) | bear-cub(49f88523-b647-4d78-a260-a9eb099d99f8)
Cards in Library: 28
---------------------------------------------
2026-06-29 18:13:40,108 - session - DEBUG - SessionTick: Running GameLoop
2026-06-29 18:13:40,108 - session - DEBUG - SessionTick: Tim: Waiting for player to have no prior state before starting
2026-06-29 18:13:40,109 - session - DEBUG - SessionTick: Tim: Prompting Player with state ---------------------------------------------
---------------- Environment ----------------
---------------------------------------------
Active Player Index: 0
---------------------------------------------
Completed Halfturns: 8
Upcoming Event: MAIN_2
Active Player Index: 0
Game over: False
---------------------------------------------
Player 0:
Name: Tim
Current Life: 16
Cards in Hand:
broodhunter-wurm(67b5246e-a6bc-427f-aa97-28c5e3da6838) | broodhunter-wurm(c10f70e5-4f79-45c2-a8e7-3693dc2acc93) | ruination-wurm(bb8efc80-ef74-4faa-8e4a-2b6e9b382f93) | ruination-wurm(02e6a6ad-5926-4899-8b5e-26f2d3d42a17) | bear-cub(3f3a3d8e-6b45-45d8-8501-cadb949b8a09) | bear-cub(409c6522-0c5b-4ea1-8d3a-30c574d8290c)
Cards in Library: 28
---------------------------------------------
Player 1:
Name: Opp-RulesBased
Current Life: 16
Cards in Hand:
bear-cub(4eb495b9-b094-4e4c-bea9-1a924a93c51a) | rhox-brute(8a07949a-698c-4395-86bd-e366468b7924) | rhox-brute(c6d1c727-d873-4dc6-82e4-572535b1fead) | bear-cub(49f88523-b647-4d78-a260-a9eb099d99f8)
Cards in Library: 28
---------------------------------------------
2026-06-29 18:13:40,109 - session - INFO - SessionTick: Tim: Prompting Player with event MAINPHASE_EMPTY_STACK
2026-06-29 18:13:40,111 - session - DEBUG - SessionTick: Tim: Waiting for Player Input
2026-06-29 18:14:02,961 - session - DEBUG - SessionTick: Tim: Received Player Input: PLAY_CARD --- [[0]]
2026-06-29 18:14:02,963 - session - DEBUG - SessionTick: Tim: Answered player with new state ---------------------------------------------
---------------- Environment ----------------
---------------------------------------------
Active Player Index: 0
---------------------------------------------
Completed Halfturns: 8
Upcoming Event: MAIN_2
Active Player Index: 0
Game over: False
---------------------------------------------
Player 0:
Name: Tim
Current Life: 16
Cards in Hand:
broodhunter-wurm(c10f70e5-4f79-45c2-a8e7-3693dc2acc93) | ruination-wurm(bb8efc80-ef74-4faa-8e4a-2b6e9b382f93) | ruination-wurm(02e6a6ad-5926-4899-8b5e-26f2d3d42a17) | bear-cub(3f3a3d8e-6b45-45d8-8501-cadb949b8a09) | bear-cub(409c6522-0c5b-4ea1-8d3a-30c574d8290c)
Cards in Library: 28
---------------------------------------------
Player 1:
Name: Opp-RulesBased
Current Life: 16
Cards in Hand:
bear-cub(4eb495b9-b094-4e4c-bea9-1a924a93c51a) | rhox-brute(8a07949a-698c-4395-86bd-e366468b7924) | rhox-brute(c6d1c727-d873-4dc6-82e4-572535b1fead) | bear-cub(49f88523-b647-4d78-a260-a9eb099d99f8)
Cards in Library: 28
---------------------------------------------
2026-06-29 18:14:02,963 - session - DEBUG - SessionTick: Running GameLoop
2026-06-29 18:14:02,963 - session - DEBUG - SessionTick: Tim: Waiting for player to have no prior state before starting
2026-06-29 18:14:02,964 - session - DEBUG - SessionTick: Tim: Prompting Player with state ---------------------------------------------
---------------- Environment ----------------
---------------------------------------------
Active Player Index: 0
---------------------------------------------
Completed Halfturns: 8
Upcoming Event: MAIN_2
Active Player Index: 0
Game over: False
---------------------------------------------
Player 0:
Name: Tim
Current Life: 16
Cards in Hand:
broodhunter-wurm(c10f70e5-4f79-45c2-a8e7-3693dc2acc93) | ruination-wurm(bb8efc80-ef74-4faa-8e4a-2b6e9b382f93) | ruination-wurm(02e6a6ad-5926-4899-8b5e-26f2d3d42a17) | bear-cub(3f3a3d8e-6b45-45d8-8501-cadb949b8a09) | bear-cub(409c6522-0c5b-4ea1-8d3a-30c574d8290c)
Cards in Library: 28
---------------------------------------------
Player 1:
Name: Opp-RulesBased
Current Life: 16
Cards in Hand:
bear-cub(4eb495b9-b094-4e4c-bea9-1a924a93c51a) | rhox-brute(8a07949a-698c-4395-86bd-e366468b7924) | rhox-brute(c6d1c727-d873-4dc6-82e4-572535b1fead) | bear-cub(49f88523-b647-4d78-a260-a9eb099d99f8)
Cards in Library: 28
---------------------------------------------
2026-06-29 18:14:02,964 - session - INFO - SessionTick: Tim: Prompting Player with event MAINPHASE_EMPTY_STACK
2026-06-29 18:14:02,967 - session - DEBUG - SessionTick: Tim: Waiting for Player Input
2026-06-29 18:14:05,255 - session - DEBUG - SessionTick: Tim: Received Player Input: PASS --- None
2026-06-29 18:14:05,258 - session - DEBUG - SessionTick: Tim: Answered player with new state ---------------------------------------------
---------------- Environment ----------------
---------------------------------------------
Active Player Index: 0
---------------------------------------------
Completed Halfturns: 8
Upcoming Event: END_STEP
Active Player Index: 0
Game over: False
---------------------------------------------
Player 0:
Name: Tim
Current Life: 16
Cards in Hand:
broodhunter-wurm(c10f70e5-4f79-45c2-a8e7-3693dc2acc93) | ruination-wurm(bb8efc80-ef74-4faa-8e4a-2b6e9b382f93) | ruination-wurm(02e6a6ad-5926-4899-8b5e-26f2d3d42a17) | bear-cub(3f3a3d8e-6b45-45d8-8501-cadb949b8a09) | bear-cub(409c6522-0c5b-4ea1-8d3a-30c574d8290c)
Cards in Library: 28
---------------------------------------------
Player 1:
Name: Opp-RulesBased
Current Life: 16
Cards in Hand:
bear-cub(4eb495b9-b094-4e4c-bea9-1a924a93c51a) | rhox-brute(8a07949a-698c-4395-86bd-e366468b7924) | rhox-brute(c6d1c727-d873-4dc6-82e4-572535b1fead) | bear-cub(49f88523-b647-4d78-a260-a9eb099d99f8)
Cards in Library: 28
---------------------------------------------
2026-06-29 18:14:05,258 - session - DEBUG - SessionTick: Running GameLoop
2026-06-29 18:14:05,259 - session - DEBUG - SessionTick: Running GameLoop
2026-06-29 18:14:05,260 - session - DEBUG - SessionTick: Running GameLoop
2026-06-29 18:14:05,260 - session - DEBUG - SessionTick: Running GameLoop
2026-06-29 18:14:05,261 - session - DEBUG - SessionTick: Opp-RulesBased: Waiting for player to have no prior state before starting
2026-06-29 18:14:05,261 - session - DEBUG - SessionTick: Opp-RulesBased: Prompting Player with state ---------------------------------------------
---------------- Environment ----------------
---------------------------------------------
Active Player Index: 1
---------------------------------------------
Completed Halfturns: 9
Upcoming Event: MAIN_1
Active Player Index: 1
Game over: False
---------------------------------------------
Player 0:
Name: Tim
Current Life: 16
Cards in Hand:
broodhunter-wurm(c10f70e5-4f79-45c2-a8e7-3693dc2acc93) | ruination-wurm(bb8efc80-ef74-4faa-8e4a-2b6e9b382f93) | ruination-wurm(02e6a6ad-5926-4899-8b5e-26f2d3d42a17) | bear-cub(3f3a3d8e-6b45-45d8-8501-cadb949b8a09) | bear-cub(409c6522-0c5b-4ea1-8d3a-30c574d8290c)
Cards in Library: 28
---------------------------------------------
Player 1:
Name: Opp-RulesBased
Current Life: 16
Cards in Hand:
bear-cub(4eb495b9-b094-4e4c-bea9-1a924a93c51a) | rhox-brute(8a07949a-698c-4395-86bd-e366468b7924) | rhox-brute(c6d1c727-d873-4dc6-82e4-572535b1fead) | bear-cub(49f88523-b647-4d78-a260-a9eb099d99f8) | goblin-assailant(c9ff1a17-3733-4aa4-b20d-7cee7248c0d4)
Cards in Library: 27
---------------------------------------------
2026-06-29 18:14:05,262 - session - INFO - SessionTick: Opp-RulesBased: Prompting Player with event MAINPHASE_EMPTY_STACK
2026-06-29 18:14:05,263 - session - DEBUG - SessionTick: Opp-RulesBased: Waiting for Player Input
2026-06-29 18:14:05,264 - session - DEBUG - SessionTick: Opp-RulesBased: Received Player Input: ACTIVATE_LANDS --- [[0]
 [1]
 [2]
 [3]]
2026-06-29 18:14:05,264 - session - DEBUG - SessionTick: Opp-RulesBased: Answered player with new state ---------------------------------------------
---------------- Environment ----------------
---------------------------------------------
Active Player Index: 1
---------------------------------------------
Completed Halfturns: 9
Upcoming Event: MAIN_1
Active Player Index: 1
Game over: False
---------------------------------------------
Player 0:
Name: Tim
Current Life: 16
Cards in Hand:
broodhunter-wurm(c10f70e5-4f79-45c2-a8e7-3693dc2acc93) | ruination-wurm(bb8efc80-ef74-4faa-8e4a-2b6e9b382f93) | ruination-wurm(02e6a6ad-5926-4899-8b5e-26f2d3d42a17) | bear-cub(3f3a3d8e-6b45-45d8-8501-cadb949b8a09) | bear-cub(409c6522-0c5b-4ea1-8d3a-30c574d8290c)
Cards in Library: 28
---------------------------------------------
Player 1:
Name: Opp-RulesBased
Current Life: 16
Cards in Hand:
bear-cub(4eb495b9-b094-4e4c-bea9-1a924a93c51a) | rhox-brute(8a07949a-698c-4395-86bd-e366468b7924) | rhox-brute(c6d1c727-d873-4dc6-82e4-572535b1fead) | bear-cub(49f88523-b647-4d78-a260-a9eb099d99f8) | goblin-assailant(c9ff1a17-3733-4aa4-b20d-7cee7248c0d4)
Cards in Library: 27
---------------------------------------------
2026-06-29 18:14:05,264 - session - DEBUG - SessionTick: Running GameLoop
2026-06-29 18:14:05,264 - session - DEBUG - SessionTick: Opp-RulesBased: Waiting for player to have no prior state before starting
2026-06-29 18:14:05,264 - session - DEBUG - SessionTick: Opp-RulesBased: Prompting Player with state ---------------------------------------------
---------------- Environment ----------------
---------------------------------------------
Active Player Index: 1
---------------------------------------------
Completed Halfturns: 9
Upcoming Event: MAIN_1
Active Player Index: 1
Game over: False
---------------------------------------------
Player 0:
Name: Tim
Current Life: 16
Cards in Hand:
broodhunter-wurm(c10f70e5-4f79-45c2-a8e7-3693dc2acc93) | ruination-wurm(bb8efc80-ef74-4faa-8e4a-2b6e9b382f93) | ruination-wurm(02e6a6ad-5926-4899-8b5e-26f2d3d42a17) | bear-cub(3f3a3d8e-6b45-45d8-8501-cadb949b8a09) | bear-cub(409c6522-0c5b-4ea1-8d3a-30c574d8290c)
Cards in Library: 28
---------------------------------------------
Player 1:
Name: Opp-RulesBased
Current Life: 16
Cards in Hand:
bear-cub(4eb495b9-b094-4e4c-bea9-1a924a93c51a) | rhox-brute(8a07949a-698c-4395-86bd-e366468b7924) | rhox-brute(c6d1c727-d873-4dc6-82e4-572535b1fead) | bear-cub(49f88523-b647-4d78-a260-a9eb099d99f8) | goblin-assailant(c9ff1a17-3733-4aa4-b20d-7cee7248c0d4)
Cards in Library: 27
---------------------------------------------
2026-06-29 18:14:05,264 - session - INFO - SessionTick: Opp-RulesBased: Prompting Player with event MAINPHASE_EMPTY_STACK
2026-06-29 18:14:05,265 - session - DEBUG - SessionTick: Opp-RulesBased: Waiting for Player Input
2026-06-29 18:14:05,266 - session - DEBUG - SessionTick: Opp-RulesBased: Received Player Input: PLAY_CARD --- 0
2026-06-29 18:14:05,271 - session - DEBUG - SessionTick: Opp-RulesBased: Answered player with new state ---------------------------------------------
---------------- Environment ----------------
---------------------------------------------
Active Player Index: 1
---------------------------------------------
Completed Halfturns: 9
Upcoming Event: MAIN_1
Active Player Index: 1
Game over: False
---------------------------------------------
Player 0:
Name: Tim
Current Life: 16
Cards in Hand:
broodhunter-wurm(c10f70e5-4f79-45c2-a8e7-3693dc2acc93) | ruination-wurm(bb8efc80-ef74-4faa-8e4a-2b6e9b382f93) | ruination-wurm(02e6a6ad-5926-4899-8b5e-26f2d3d42a17) | bear-cub(3f3a3d8e-6b45-45d8-8501-cadb949b8a09) | bear-cub(409c6522-0c5b-4ea1-8d3a-30c574d8290c)
Cards in Library: 28
---------------------------------------------
Player 1:
Name: Opp-RulesBased
Current Life: 16
Cards in Hand:
rhox-brute(8a07949a-698c-4395-86bd-e366468b7924) | rhox-brute(c6d1c727-d873-4dc6-82e4-572535b1fead) | bear-cub(49f88523-b647-4d78-a260-a9eb099d99f8) | goblin-assailant(c9ff1a17-3733-4aa4-b20d-7cee7248c0d4)
Cards in Library: 27
---------------------------------------------
2026-06-29 18:14:05,271 - session - DEBUG - SessionTick: Running GameLoop
2026-06-29 18:14:05,271 - session - DEBUG - SessionTick: Opp-RulesBased: Waiting for player to have no prior state before starting
2026-06-29 18:14:05,271 - session - DEBUG - SessionTick: Opp-RulesBased: Prompting Player with state ---------------------------------------------
---------------- Environment ----------------
---------------------------------------------
Active Player Index: 1
---------------------------------------------
Completed Halfturns: 9
Upcoming Event: MAIN_1
Active Player Index: 1
Game over: False
---------------------------------------------
Player 0:
Name: Tim
Current Life: 16
Cards in Hand:
broodhunter-wurm(c10f70e5-4f79-45c2-a8e7-3693dc2acc93) | ruination-wurm(bb8efc80-ef74-4faa-8e4a-2b6e9b382f93) | ruination-wurm(02e6a6ad-5926-4899-8b5e-26f2d3d42a17) | bear-cub(3f3a3d8e-6b45-45d8-8501-cadb949b8a09) | bear-cub(409c6522-0c5b-4ea1-8d3a-30c574d8290c)
Cards in Library: 28
---------------------------------------------
Player 1:
Name: Opp-RulesBased
Current Life: 16
Cards in Hand:
rhox-brute(8a07949a-698c-4395-86bd-e366468b7924) | rhox-brute(c6d1c727-d873-4dc6-82e4-572535b1fead) | bear-cub(49f88523-b647-4d78-a260-a9eb099d99f8) | goblin-assailant(c9ff1a17-3733-4aa4-b20d-7cee7248c0d4)
Cards in Library: 27
---------------------------------------------
2026-06-29 18:14:05,271 - session - INFO - SessionTick: Opp-RulesBased: Prompting Player with event MAINPHASE_EMPTY_STACK
2026-06-29 18:14:05,272 - session - DEBUG - SessionTick: Opp-RulesBased: Waiting for Player Input
2026-06-29 18:14:05,273 - session - DEBUG - SessionTick: Opp-RulesBased: Received Player Input: PASS --- None
2026-06-29 18:14:05,273 - session - DEBUG - SessionTick: Opp-RulesBased: Answered player with new state ---------------------------------------------
---------------- Environment ----------------
---------------------------------------------
Active Player Index: 1
---------------------------------------------
Completed Halfturns: 9
Upcoming Event: ATTACK_STEP
Active Player Index: 1
Game over: False
---------------------------------------------
Player 0:
Name: Tim
Current Life: 16
Cards in Hand:
broodhunter-wurm(c10f70e5-4f79-45c2-a8e7-3693dc2acc93) | ruination-wurm(bb8efc80-ef74-4faa-8e4a-2b6e9b382f93) | ruination-wurm(02e6a6ad-5926-4899-8b5e-26f2d3d42a17) | bear-cub(3f3a3d8e-6b45-45d8-8501-cadb949b8a09) | bear-cub(409c6522-0c5b-4ea1-8d3a-30c574d8290c)
Cards in Library: 28
---------------------------------------------
Player 1:
Name: Opp-RulesBased
Current Life: 16
Cards in Hand:
rhox-brute(8a07949a-698c-4395-86bd-e366468b7924) | rhox-brute(c6d1c727-d873-4dc6-82e4-572535b1fead) | bear-cub(49f88523-b647-4d78-a260-a9eb099d99f8) | goblin-assailant(c9ff1a17-3733-4aa4-b20d-7cee7248c0d4)
Cards in Library: 27
---------------------------------------------
2026-06-29 18:14:05,273 - session - DEBUG - SessionTick: Running GameLoop
2026-06-29 18:14:05,274 - session - DEBUG - SessionTick: Opp-RulesBased: Waiting for player to have no prior state before starting
2026-06-29 18:14:05,274 - session - DEBUG - SessionTick: Opp-RulesBased: Prompting Player with state ---------------------------------------------
---------------- Environment ----------------
---------------------------------------------
Active Player Index: 1
---------------------------------------------
Completed Halfturns: 9
Upcoming Event: ATTACK_STEP
Active Player Index: 1
Game over: False
---------------------------------------------
Player 0:
Name: Tim
Current Life: 16
Cards in Hand:
broodhunter-wurm(c10f70e5-4f79-45c2-a8e7-3693dc2acc93) | ruination-wurm(bb8efc80-ef74-4faa-8e4a-2b6e9b382f93) | ruination-wurm(02e6a6ad-5926-4899-8b5e-26f2d3d42a17) | bear-cub(3f3a3d8e-6b45-45d8-8501-cadb949b8a09) | bear-cub(409c6522-0c5b-4ea1-8d3a-30c574d8290c)
Cards in Library: 28
---------------------------------------------
Player 1:
Name: Opp-RulesBased
Current Life: 16
Cards in Hand:
rhox-brute(8a07949a-698c-4395-86bd-e366468b7924) | rhox-brute(c6d1c727-d873-4dc6-82e4-572535b1fead) | bear-cub(49f88523-b647-4d78-a260-a9eb099d99f8) | goblin-assailant(c9ff1a17-3733-4aa4-b20d-7cee7248c0d4)
Cards in Library: 27
---------------------------------------------
2026-06-29 18:14:05,274 - session - INFO - SessionTick: Opp-RulesBased: Prompting Player with event DECLARE_ATTACKS
2026-06-29 18:14:05,274 - session - DEBUG - SessionTick: Opp-RulesBased: Waiting for Player Input
2026-06-29 18:14:05,276 - session - DEBUG - SessionTick: Opp-RulesBased: Received Player Input: ATTACK --- [[0]
 [1]]
2026-06-29 18:14:05,278 - session - DEBUG - SessionTick: Opp-RulesBased: Answered player with new state ---------------------------------------------
---------------- Environment ----------------
---------------------------------------------
Active Player Index: 1
---------------------------------------------
Completed Halfturns: 9
Upcoming Event: BLOCK_STEP
Active Player Index: 1
Game over: False
---------------------------------------------
Player 0:
Name: Tim
Current Life: 16
Cards in Hand:
broodhunter-wurm(c10f70e5-4f79-45c2-a8e7-3693dc2acc93) | ruination-wurm(bb8efc80-ef74-4faa-8e4a-2b6e9b382f93) | ruination-wurm(02e6a6ad-5926-4899-8b5e-26f2d3d42a17) | bear-cub(3f3a3d8e-6b45-45d8-8501-cadb949b8a09) | bear-cub(409c6522-0c5b-4ea1-8d3a-30c574d8290c)
Cards in Library: 28
---------------------------------------------
Player 1:
Name: Opp-RulesBased
Current Life: 16
Cards in Hand:
rhox-brute(8a07949a-698c-4395-86bd-e366468b7924) | rhox-brute(c6d1c727-d873-4dc6-82e4-572535b1fead) | bear-cub(49f88523-b647-4d78-a260-a9eb099d99f8) | goblin-assailant(c9ff1a17-3733-4aa4-b20d-7cee7248c0d4)
Cards in Library: 27
---------------------------------------------
2026-06-29 18:14:05,278 - session - DEBUG - SessionTick: Running GameLoop
2026-06-29 18:14:05,278 - session - DEBUG - SessionTick: Tim: Waiting for player to have no prior state before starting
2026-06-29 18:14:05,278 - session - DEBUG - SessionTick: Tim: Prompting Player with state ---------------------------------------------
---------------- Environment ----------------
---------------------------------------------
Active Player Index: 1
---------------------------------------------
Completed Halfturns: 9
Upcoming Event: BLOCK_STEP
Active Player Index: 1
Game over: False
---------------------------------------------
Player 0:
Name: Tim
Current Life: 16
Cards in Hand:
broodhunter-wurm(c10f70e5-4f79-45c2-a8e7-3693dc2acc93) | ruination-wurm(bb8efc80-ef74-4faa-8e4a-2b6e9b382f93) | ruination-wurm(02e6a6ad-5926-4899-8b5e-26f2d3d42a17) | bear-cub(3f3a3d8e-6b45-45d8-8501-cadb949b8a09) | bear-cub(409c6522-0c5b-4ea1-8d3a-30c574d8290c)
Cards in Library: 28
---------------------------------------------
Player 1:
Name: Opp-RulesBased
Current Life: 16
Cards in Hand:
rhox-brute(8a07949a-698c-4395-86bd-e366468b7924) | rhox-brute(c6d1c727-d873-4dc6-82e4-572535b1fead) | bear-cub(49f88523-b647-4d78-a260-a9eb099d99f8) | goblin-assailant(c9ff1a17-3733-4aa4-b20d-7cee7248c0d4)
Cards in Library: 27
---------------------------------------------
2026-06-29 18:14:05,278 - session - INFO - SessionTick: Tim: Prompting Player with event DECLARE_BLOCKS
2026-06-29 18:14:05,280 - session - DEBUG - SessionTick: Tim: Waiting for Player Input
2026-06-29 18:14:10,162 - session - DEBUG - SessionTick: Tim: Received Player Input: BLOCK --- [[1 0]]
2026-06-29 18:14:10,165 - session - DEBUG - SessionTick: Tim: Answered player with new state ---------------------------------------------
---------------- Environment ----------------
---------------------------------------------
Active Player Index: 1
---------------------------------------------
Completed Halfturns: 9
Upcoming Event: MAIN_2
Active Player Index: 1
Game over: False
---------------------------------------------
Player 0:
Name: Tim
Current Life: 13
Cards in Hand:
broodhunter-wurm(c10f70e5-4f79-45c2-a8e7-3693dc2acc93) | ruination-wurm(bb8efc80-ef74-4faa-8e4a-2b6e9b382f93) | ruination-wurm(02e6a6ad-5926-4899-8b5e-26f2d3d42a17) | bear-cub(3f3a3d8e-6b45-45d8-8501-cadb949b8a09) | bear-cub(409c6522-0c5b-4ea1-8d3a-30c574d8290c)
Cards in Library: 28
---------------------------------------------
Player 1:
Name: Opp-RulesBased
Current Life: 16
Cards in Hand:
rhox-brute(8a07949a-698c-4395-86bd-e366468b7924) | rhox-brute(c6d1c727-d873-4dc6-82e4-572535b1fead) | bear-cub(49f88523-b647-4d78-a260-a9eb099d99f8) | goblin-assailant(c9ff1a17-3733-4aa4-b20d-7cee7248c0d4)
Cards in Library: 27
---------------------------------------------
2026-06-29 18:14:10,165 - session - DEBUG - SessionTick: Running GameLoop
2026-06-29 18:14:10,165 - session - DEBUG - SessionTick: Opp-RulesBased: Waiting for player to have no prior state before starting
2026-06-29 18:14:10,165 - session - DEBUG - SessionTick: Opp-RulesBased: Prompting Player with state ---------------------------------------------
---------------- Environment ----------------
---------------------------------------------
Active Player Index: 1
---------------------------------------------
Completed Halfturns: 9
Upcoming Event: MAIN_2
Active Player Index: 1
Game over: False
---------------------------------------------
Player 0:
Name: Tim
Current Life: 13
Cards in Hand:
broodhunter-wurm(c10f70e5-4f79-45c2-a8e7-3693dc2acc93) | ruination-wurm(bb8efc80-ef74-4faa-8e4a-2b6e9b382f93) | ruination-wurm(02e6a6ad-5926-4899-8b5e-26f2d3d42a17) | bear-cub(3f3a3d8e-6b45-45d8-8501-cadb949b8a09) | bear-cub(409c6522-0c5b-4ea1-8d3a-30c574d8290c)
Cards in Library: 28
---------------------------------------------
Player 1:
Name: Opp-RulesBased
Current Life: 16
Cards in Hand:
rhox-brute(8a07949a-698c-4395-86bd-e366468b7924) | rhox-brute(c6d1c727-d873-4dc6-82e4-572535b1fead) | bear-cub(49f88523-b647-4d78-a260-a9eb099d99f8) | goblin-assailant(c9ff1a17-3733-4aa4-b20d-7cee7248c0d4)
Cards in Library: 27
---------------------------------------------
2026-06-29 18:14:10,165 - session - INFO - SessionTick: Opp-RulesBased: Prompting Player with event MAINPHASE_EMPTY_STACK
2026-06-29 18:14:10,166 - session - DEBUG - SessionTick: Opp-RulesBased: Waiting for Player Input
2026-06-29 18:14:10,167 - session - DEBUG - SessionTick: Opp-RulesBased: Received Player Input: PASS --- None
2026-06-29 18:14:10,167 - session - DEBUG - SessionTick: Opp-RulesBased: Answered player with new state ---------------------------------------------
---------------- Environment ----------------
---------------------------------------------
Active Player Index: 1
---------------------------------------------
Completed Halfturns: 9
Upcoming Event: END_STEP
Active Player Index: 1
Game over: False
---------------------------------------------
Player 0:
Name: Tim
Current Life: 13
Cards in Hand:
broodhunter-wurm(c10f70e5-4f79-45c2-a8e7-3693dc2acc93) | ruination-wurm(bb8efc80-ef74-4faa-8e4a-2b6e9b382f93) | ruination-wurm(02e6a6ad-5926-4899-8b5e-26f2d3d42a17) | bear-cub(3f3a3d8e-6b45-45d8-8501-cadb949b8a09) | bear-cub(409c6522-0c5b-4ea1-8d3a-30c574d8290c)
Cards in Library: 28
---------------------------------------------
Player 1:
Name: Opp-RulesBased
Current Life: 16
Cards in Hand:
rhox-brute(8a07949a-698c-4395-86bd-e366468b7924) | rhox-brute(c6d1c727-d873-4dc6-82e4-572535b1fead) | bear-cub(49f88523-b647-4d78-a260-a9eb099d99f8) | goblin-assailant(c9ff1a17-3733-4aa4-b20d-7cee7248c0d4)
Cards in Library: 27
---------------------------------------------
2026-06-29 18:14:10,167 - session - DEBUG - SessionTick: Running GameLoop
2026-06-29 18:14:10,168 - session - DEBUG - SessionTick: Running GameLoop
2026-06-29 18:14:10,168 - session - DEBUG - SessionTick: Running GameLoop
2026-06-29 18:14:10,168 - session - DEBUG - SessionTick: Running GameLoop
2026-06-29 18:14:10,168 - session - DEBUG - SessionTick: Tim: Waiting for player to have no prior state before starting
2026-06-29 18:14:10,168 - session - DEBUG - SessionTick: Tim: Prompting Player with state ---------------------------------------------
---------------- Environment ----------------
---------------------------------------------
Active Player Index: 0
---------------------------------------------
Completed Halfturns: 10
Upcoming Event: MAIN_1
Active Player Index: 0
Game over: False
---------------------------------------------
Player 0:
Name: Tim
Current Life: 13
Cards in Hand:
broodhunter-wurm(c10f70e5-4f79-45c2-a8e7-3693dc2acc93) | ruination-wurm(bb8efc80-ef74-4faa-8e4a-2b6e9b382f93) | ruination-wurm(02e6a6ad-5926-4899-8b5e-26f2d3d42a17) | bear-cub(3f3a3d8e-6b45-45d8-8501-cadb949b8a09) | bear-cub(409c6522-0c5b-4ea1-8d3a-30c574d8290c) | bear-cub(f537b223-bb64-47aa-bc01-22774999864c)
Cards in Library: 27
---------------------------------------------
Player 1:
Name: Opp-RulesBased
Current Life: 16
Cards in Hand:
rhox-brute(8a07949a-698c-4395-86bd-e366468b7924) | rhox-brute(c6d1c727-d873-4dc6-82e4-572535b1fead) | bear-cub(49f88523-b647-4d78-a260-a9eb099d99f8) | goblin-assailant(c9ff1a17-3733-4aa4-b20d-7cee7248c0d4)
Cards in Library: 27
---------------------------------------------
2026-06-29 18:14:10,168 - session - INFO - SessionTick: Tim: Prompting Player with event MAINPHASE_EMPTY_STACK
2026-06-29 18:14:10,170 - session - DEBUG - SessionTick: Tim: Waiting for Player Input
2026-06-29 18:15:02,258 - session - DEBUG - SessionTick: Tim: Received Player Input: PASS --- None
2026-06-29 18:15:02,260 - session - DEBUG - SessionTick: Tim: Answered player with new state ---------------------------------------------
---------------- Environment ----------------
---------------------------------------------
Active Player Index: 0
---------------------------------------------
Completed Halfturns: 10
Upcoming Event: ATTACK_STEP
Active Player Index: 0
Game over: False
---------------------------------------------
Player 0:
Name: Tim
Current Life: 13
Cards in Hand:
broodhunter-wurm(c10f70e5-4f79-45c2-a8e7-3693dc2acc93) | ruination-wurm(bb8efc80-ef74-4faa-8e4a-2b6e9b382f93) | ruination-wurm(02e6a6ad-5926-4899-8b5e-26f2d3d42a17) | bear-cub(3f3a3d8e-6b45-45d8-8501-cadb949b8a09) | bear-cub(409c6522-0c5b-4ea1-8d3a-30c574d8290c) | bear-cub(f537b223-bb64-47aa-bc01-22774999864c)
Cards in Library: 27
---------------------------------------------
Player 1:
Name: Opp-RulesBased
Current Life: 16
Cards in Hand:
rhox-brute(8a07949a-698c-4395-86bd-e366468b7924) | rhox-brute(c6d1c727-d873-4dc6-82e4-572535b1fead) | bear-cub(49f88523-b647-4d78-a260-a9eb099d99f8) | goblin-assailant(c9ff1a17-3733-4aa4-b20d-7cee7248c0d4)
Cards in Library: 27
---------------------------------------------
2026-06-29 18:15:02,260 - session - DEBUG - SessionTick: Running GameLoop
2026-06-29 18:15:02,260 - session - DEBUG - SessionTick: Tim: Waiting for player to have no prior state before starting
2026-06-29 18:15:02,260 - session - DEBUG - SessionTick: Tim: Prompting Player with state ---------------------------------------------
---------------- Environment ----------------
---------------------------------------------
Active Player Index: 0
---------------------------------------------
Completed Halfturns: 10
Upcoming Event: ATTACK_STEP
Active Player Index: 0
Game over: False
---------------------------------------------
Player 0:
Name: Tim
Current Life: 13
Cards in Hand:
broodhunter-wurm(c10f70e5-4f79-45c2-a8e7-3693dc2acc93) | ruination-wurm(bb8efc80-ef74-4faa-8e4a-2b6e9b382f93) | ruination-wurm(02e6a6ad-5926-4899-8b5e-26f2d3d42a17) | bear-cub(3f3a3d8e-6b45-45d8-8501-cadb949b8a09) | bear-cub(409c6522-0c5b-4ea1-8d3a-30c574d8290c) | bear-cub(f537b223-bb64-47aa-bc01-22774999864c)
Cards in Library: 27
---------------------------------------------
Player 1:
Name: Opp-RulesBased
Current Life: 16
Cards in Hand:
rhox-brute(8a07949a-698c-4395-86bd-e366468b7924) | rhox-brute(c6d1c727-d873-4dc6-82e4-572535b1fead) | bear-cub(49f88523-b647-4d78-a260-a9eb099d99f8) | goblin-assailant(c9ff1a17-3733-4aa4-b20d-7cee7248c0d4)
Cards in Library: 27
---------------------------------------------
2026-06-29 18:15:02,260 - session - INFO - SessionTick: Tim: Prompting Player with event DECLARE_ATTACKS
2026-06-29 18:15:02,263 - session - DEBUG - SessionTick: Tim: Waiting for Player Input
2026-06-29 18:15:06,719 - session - DEBUG - SessionTick: Tim: Received Player Input: ATTACK --- [[1]
 [0]]
2026-06-29 18:15:06,722 - session - DEBUG - SessionTick: Tim: Answered player with new state ---------------------------------------------
---------------- Environment ----------------
---------------------------------------------
Active Player Index: 0
---------------------------------------------
Completed Halfturns: 10
Upcoming Event: BLOCK_STEP
Active Player Index: 0
Game over: False
---------------------------------------------
Player 0:
Name: Tim
Current Life: 13
Cards in Hand:
broodhunter-wurm(c10f70e5-4f79-45c2-a8e7-3693dc2acc93) | ruination-wurm(bb8efc80-ef74-4faa-8e4a-2b6e9b382f93) | ruination-wurm(02e6a6ad-5926-4899-8b5e-26f2d3d42a17) | bear-cub(3f3a3d8e-6b45-45d8-8501-cadb949b8a09) | bear-cub(409c6522-0c5b-4ea1-8d3a-30c574d8290c) | bear-cub(f537b223-bb64-47aa-bc01-22774999864c)
Cards in Library: 27
---------------------------------------------
Player 1:
Name: Opp-RulesBased
Current Life: 16
Cards in Hand:
rhox-brute(8a07949a-698c-4395-86bd-e366468b7924) | rhox-brute(c6d1c727-d873-4dc6-82e4-572535b1fead) | bear-cub(49f88523-b647-4d78-a260-a9eb099d99f8) | goblin-assailant(c9ff1a17-3733-4aa4-b20d-7cee7248c0d4)
Cards in Library: 27
---------------------------------------------
2026-06-29 18:15:06,722 - session - DEBUG - SessionTick: Running GameLoop
2026-06-29 18:15:06,722 - session - DEBUG - SessionTick: Opp-RulesBased: Waiting for player to have no prior state before starting
2026-06-29 18:15:06,722 - session - DEBUG - SessionTick: Opp-RulesBased: Prompting Player with state ---------------------------------------------
---------------- Environment ----------------
---------------------------------------------
Active Player Index: 0
---------------------------------------------
Completed Halfturns: 10
Upcoming Event: BLOCK_STEP
Active Player Index: 0
Game over: False
---------------------------------------------
Player 0:
Name: Tim
Current Life: 13
Cards in Hand:
broodhunter-wurm(c10f70e5-4f79-45c2-a8e7-3693dc2acc93) | ruination-wurm(bb8efc80-ef74-4faa-8e4a-2b6e9b382f93) | ruination-wurm(02e6a6ad-5926-4899-8b5e-26f2d3d42a17) | bear-cub(3f3a3d8e-6b45-45d8-8501-cadb949b8a09) | bear-cub(409c6522-0c5b-4ea1-8d3a-30c574d8290c) | bear-cub(f537b223-bb64-47aa-bc01-22774999864c)
Cards in Library: 27
---------------------------------------------
Player 1:
Name: Opp-RulesBased
Current Life: 16
Cards in Hand:
rhox-brute(8a07949a-698c-4395-86bd-e366468b7924) | rhox-brute(c6d1c727-d873-4dc6-82e4-572535b1fead) | bear-cub(49f88523-b647-4d78-a260-a9eb099d99f8) | goblin-assailant(c9ff1a17-3733-4aa4-b20d-7cee7248c0d4)
Cards in Library: 27
---------------------------------------------
2026-06-29 18:15:06,723 - session - INFO - SessionTick: Opp-RulesBased: Prompting Player with event DECLARE_BLOCKS
2026-06-29 18:15:06,724 - session - DEBUG - SessionTick: Opp-RulesBased: Waiting for Player Input
2026-06-29 18:15:06,724 - session - DEBUG - SessionTick: Opp-RulesBased: Received Player Input: PASS --- None
2026-06-29 18:15:06,725 - session - DEBUG - SessionTick: Opp-RulesBased: Answered player with new state ---------------------------------------------
---------------- Environment ----------------
---------------------------------------------
Active Player Index: 0
---------------------------------------------
Completed Halfturns: 10
Upcoming Event: MAIN_2
Active Player Index: 0
Game over: False
---------------------------------------------
Player 0:
Name: Tim
Current Life: 13
Cards in Hand:
broodhunter-wurm(c10f70e5-4f79-45c2-a8e7-3693dc2acc93) | ruination-wurm(bb8efc80-ef74-4faa-8e4a-2b6e9b382f93) | ruination-wurm(02e6a6ad-5926-4899-8b5e-26f2d3d42a17) | bear-cub(3f3a3d8e-6b45-45d8-8501-cadb949b8a09) | bear-cub(409c6522-0c5b-4ea1-8d3a-30c574d8290c) | bear-cub(f537b223-bb64-47aa-bc01-22774999864c)
Cards in Library: 27
---------------------------------------------
Player 1:
Name: Opp-RulesBased
Current Life: 8
Cards in Hand:
rhox-brute(8a07949a-698c-4395-86bd-e366468b7924) | rhox-brute(c6d1c727-d873-4dc6-82e4-572535b1fead) | bear-cub(49f88523-b647-4d78-a260-a9eb099d99f8) | goblin-assailant(c9ff1a17-3733-4aa4-b20d-7cee7248c0d4)
Cards in Library: 27
---------------------------------------------
2026-06-29 18:15:06,725 - session - DEBUG - SessionTick: Running GameLoop
2026-06-29 18:15:06,726 - session - DEBUG - SessionTick: Tim: Waiting for player to have no prior state before starting
2026-06-29 18:15:06,726 - session - DEBUG - SessionTick: Tim: Prompting Player with state ---------------------------------------------
---------------- Environment ----------------
---------------------------------------------
Active Player Index: 0
---------------------------------------------
Completed Halfturns: 10
Upcoming Event: MAIN_2
Active Player Index: 0
Game over: False
---------------------------------------------
Player 0:
Name: Tim
Current Life: 13
Cards in Hand:
broodhunter-wurm(c10f70e5-4f79-45c2-a8e7-3693dc2acc93) | ruination-wurm(bb8efc80-ef74-4faa-8e4a-2b6e9b382f93) | ruination-wurm(02e6a6ad-5926-4899-8b5e-26f2d3d42a17) | bear-cub(3f3a3d8e-6b45-45d8-8501-cadb949b8a09) | bear-cub(409c6522-0c5b-4ea1-8d3a-30c574d8290c) | bear-cub(f537b223-bb64-47aa-bc01-22774999864c)
Cards in Library: 27
---------------------------------------------
Player 1:
Name: Opp-RulesBased
Current Life: 8
Cards in Hand:
rhox-brute(8a07949a-698c-4395-86bd-e366468b7924) | rhox-brute(c6d1c727-d873-4dc6-82e4-572535b1fead) | bear-cub(49f88523-b647-4d78-a260-a9eb099d99f8) | goblin-assailant(c9ff1a17-3733-4aa4-b20d-7cee7248c0d4)
Cards in Library: 27
---------------------------------------------
2026-06-29 18:15:06,726 - session - INFO - SessionTick: Tim: Prompting Player with event MAINPHASE_EMPTY_STACK
2026-06-29 18:15:06,729 - session - DEBUG - SessionTick: Tim: Waiting for Player Input
2026-06-29 18:15:13,538 - session - DEBUG - SessionTick: Tim: Received Player Input: ACTIVATE_LANDS --- [[0]
 [1]]
2026-06-29 18:15:13,542 - session - DEBUG - SessionTick: Tim: Answered player with new state ---------------------------------------------
---------------- Environment ----------------
---------------------------------------------
Active Player Index: 0
---------------------------------------------
Completed Halfturns: 10
Upcoming Event: MAIN_2
Active Player Index: 0
Game over: False
---------------------------------------------
Player 0:
Name: Tim
Current Life: 13
Cards in Hand:
broodhunter-wurm(c10f70e5-4f79-45c2-a8e7-3693dc2acc93) | ruination-wurm(bb8efc80-ef74-4faa-8e4a-2b6e9b382f93) | ruination-wurm(02e6a6ad-5926-4899-8b5e-26f2d3d42a17) | bear-cub(3f3a3d8e-6b45-45d8-8501-cadb949b8a09) | bear-cub(409c6522-0c5b-4ea1-8d3a-30c574d8290c) | bear-cub(f537b223-bb64-47aa-bc01-22774999864c)
Cards in Library: 27
---------------------------------------------
Player 1:
Name: Opp-RulesBased
Current Life: 8
Cards in Hand:
rhox-brute(8a07949a-698c-4395-86bd-e366468b7924) | rhox-brute(c6d1c727-d873-4dc6-82e4-572535b1fead) | bear-cub(49f88523-b647-4d78-a260-a9eb099d99f8) | goblin-assailant(c9ff1a17-3733-4aa4-b20d-7cee7248c0d4)
Cards in Library: 27
---------------------------------------------
2026-06-29 18:15:13,542 - session - DEBUG - SessionTick: Running GameLoop
2026-06-29 18:15:13,542 - session - DEBUG - SessionTick: Tim: Waiting for player to have no prior state before starting
2026-06-29 18:15:13,542 - session - DEBUG - SessionTick: Tim: Prompting Player with state ---------------------------------------------
---------------- Environment ----------------
---------------------------------------------
Active Player Index: 0
---------------------------------------------
Completed Halfturns: 10
Upcoming Event: MAIN_2
Active Player Index: 0
Game over: False
---------------------------------------------
Player 0:
Name: Tim
Current Life: 13
Cards in Hand:
broodhunter-wurm(c10f70e5-4f79-45c2-a8e7-3693dc2acc93) | ruination-wurm(bb8efc80-ef74-4faa-8e4a-2b6e9b382f93) | ruination-wurm(02e6a6ad-5926-4899-8b5e-26f2d3d42a17) | bear-cub(3f3a3d8e-6b45-45d8-8501-cadb949b8a09) | bear-cub(409c6522-0c5b-4ea1-8d3a-30c574d8290c) | bear-cub(f537b223-bb64-47aa-bc01-22774999864c)
Cards in Library: 27
---------------------------------------------
Player 1:
Name: Opp-RulesBased
Current Life: 8
Cards in Hand:
rhox-brute(8a07949a-698c-4395-86bd-e366468b7924) | rhox-brute(c6d1c727-d873-4dc6-82e4-572535b1fead) | bear-cub(49f88523-b647-4d78-a260-a9eb099d99f8) | goblin-assailant(c9ff1a17-3733-4aa4-b20d-7cee7248c0d4)
Cards in Library: 27
---------------------------------------------
2026-06-29 18:15:13,542 - session - INFO - SessionTick: Tim: Prompting Player with event MAINPHASE_EMPTY_STACK
2026-06-29 18:15:13,546 - session - DEBUG - SessionTick: Tim: Waiting for Player Input
2026-06-29 18:15:17,616 - session - DEBUG - SessionTick: Tim: Received Player Input: PLAY_CARD --- [[3]]
2026-06-29 18:15:17,619 - session - DEBUG - SessionTick: Tim: Answered player with new state ---------------------------------------------
---------------- Environment ----------------
---------------------------------------------
Active Player Index: 0
---------------------------------------------
Completed Halfturns: 10
Upcoming Event: MAIN_2
Active Player Index: 0
Game over: False
---------------------------------------------
Player 0:
Name: Tim
Current Life: 13
Cards in Hand:
broodhunter-wurm(c10f70e5-4f79-45c2-a8e7-3693dc2acc93) | ruination-wurm(bb8efc80-ef74-4faa-8e4a-2b6e9b382f93) | ruination-wurm(02e6a6ad-5926-4899-8b5e-26f2d3d42a17) | bear-cub(409c6522-0c5b-4ea1-8d3a-30c574d8290c) | bear-cub(f537b223-bb64-47aa-bc01-22774999864c)
Cards in Library: 27
---------------------------------------------
Player 1:
Name: Opp-RulesBased
Current Life: 8
Cards in Hand:
rhox-brute(8a07949a-698c-4395-86bd-e366468b7924) | rhox-brute(c6d1c727-d873-4dc6-82e4-572535b1fead) | bear-cub(49f88523-b647-4d78-a260-a9eb099d99f8) | goblin-assailant(c9ff1a17-3733-4aa4-b20d-7cee7248c0d4)
Cards in Library: 27
---------------------------------------------
2026-06-29 18:15:17,619 - session - DEBUG - SessionTick: Running GameLoop
2026-06-29 18:15:17,619 - session - DEBUG - SessionTick: Tim: Waiting for player to have no prior state before starting
2026-06-29 18:15:17,620 - session - DEBUG - SessionTick: Tim: Prompting Player with state ---------------------------------------------
---------------- Environment ----------------
---------------------------------------------
Active Player Index: 0
---------------------------------------------
Completed Halfturns: 10
Upcoming Event: MAIN_2
Active Player Index: 0
Game over: False
---------------------------------------------
Player 0:
Name: Tim
Current Life: 13
Cards in Hand:
broodhunter-wurm(c10f70e5-4f79-45c2-a8e7-3693dc2acc93) | ruination-wurm(bb8efc80-ef74-4faa-8e4a-2b6e9b382f93) | ruination-wurm(02e6a6ad-5926-4899-8b5e-26f2d3d42a17) | bear-cub(409c6522-0c5b-4ea1-8d3a-30c574d8290c) | bear-cub(f537b223-bb64-47aa-bc01-22774999864c)
Cards in Library: 27
---------------------------------------------
Player 1:
Name: Opp-RulesBased
Current Life: 8
Cards in Hand:
rhox-brute(8a07949a-698c-4395-86bd-e366468b7924) | rhox-brute(c6d1c727-d873-4dc6-82e4-572535b1fead) | bear-cub(49f88523-b647-4d78-a260-a9eb099d99f8) | goblin-assailant(c9ff1a17-3733-4aa4-b20d-7cee7248c0d4)
Cards in Library: 27
---------------------------------------------
2026-06-29 18:15:17,620 - session - INFO - SessionTick: Tim: Prompting Player with event MAINPHASE_EMPTY_STACK
2026-06-29 18:15:17,624 - session - DEBUG - SessionTick: Tim: Waiting for Player Input
2026-06-29 18:15:23,996 - session - DEBUG - SessionTick: Tim: Received Player Input: ACTIVATE_LANDS --- [[3]
 [2]]
2026-06-29 18:15:23,999 - session - DEBUG - SessionTick: Tim: Answered player with new state ---------------------------------------------
---------------- Environment ----------------
---------------------------------------------
Active Player Index: 0
---------------------------------------------
Completed Halfturns: 10
Upcoming Event: MAIN_2
Active Player Index: 0
Game over: False
---------------------------------------------
Player 0:
Name: Tim
Current Life: 13
Cards in Hand:
broodhunter-wurm(c10f70e5-4f79-45c2-a8e7-3693dc2acc93) | ruination-wurm(bb8efc80-ef74-4faa-8e4a-2b6e9b382f93) | ruination-wurm(02e6a6ad-5926-4899-8b5e-26f2d3d42a17) | bear-cub(409c6522-0c5b-4ea1-8d3a-30c574d8290c) | bear-cub(f537b223-bb64-47aa-bc01-22774999864c)
Cards in Library: 27
---------------------------------------------
Player 1:
Name: Opp-RulesBased
Current Life: 8
Cards in Hand:
rhox-brute(8a07949a-698c-4395-86bd-e366468b7924) | rhox-brute(c6d1c727-d873-4dc6-82e4-572535b1fead) | bear-cub(49f88523-b647-4d78-a260-a9eb099d99f8) | goblin-assailant(c9ff1a17-3733-4aa4-b20d-7cee7248c0d4)
Cards in Library: 27
---------------------------------------------
2026-06-29 18:15:23,999 - session - DEBUG - SessionTick: Running GameLoop
2026-06-29 18:15:23,999 - session - DEBUG - SessionTick: Tim: Waiting for player to have no prior state before starting
2026-06-29 18:15:23,999 - session - DEBUG - SessionTick: Tim: Prompting Player with state ---------------------------------------------
---------------- Environment ----------------
---------------------------------------------
Active Player Index: 0
---------------------------------------------
Completed Halfturns: 10
Upcoming Event: MAIN_2
Active Player Index: 0
Game over: False
---------------------------------------------
Player 0:
Name: Tim
Current Life: 13
Cards in Hand:
broodhunter-wurm(c10f70e5-4f79-45c2-a8e7-3693dc2acc93) | ruination-wurm(bb8efc80-ef74-4faa-8e4a-2b6e9b382f93) | ruination-wurm(02e6a6ad-5926-4899-8b5e-26f2d3d42a17) | bear-cub(409c6522-0c5b-4ea1-8d3a-30c574d8290c) | bear-cub(f537b223-bb64-47aa-bc01-22774999864c)
Cards in Library: 27
---------------------------------------------
Player 1:
Name: Opp-RulesBased
Current Life: 8
Cards in Hand:
rhox-brute(8a07949a-698c-4395-86bd-e366468b7924) | rhox-brute(c6d1c727-d873-4dc6-82e4-572535b1fead) | bear-cub(49f88523-b647-4d78-a260-a9eb099d99f8) | goblin-assailant(c9ff1a17-3733-4aa4-b20d-7cee7248c0d4)
Cards in Library: 27
---------------------------------------------
2026-06-29 18:15:23,999 - session - INFO - SessionTick: Tim: Prompting Player with event MAINPHASE_EMPTY_STACK
2026-06-29 18:15:24,003 - session - DEBUG - SessionTick: Tim: Waiting for Player Input
2026-06-29 18:15:27,094 - session - DEBUG - SessionTick: Tim: Received Player Input: PLAY_CARD --- [[3]]
2026-06-29 18:15:27,098 - session - DEBUG - SessionTick: Tim: Answered player with new state ---------------------------------------------
---------------- Environment ----------------
---------------------------------------------
Active Player Index: 0
---------------------------------------------
Completed Halfturns: 10
Upcoming Event: MAIN_2
Active Player Index: 0
Game over: False
---------------------------------------------
Player 0:
Name: Tim
Current Life: 13
Cards in Hand:
broodhunter-wurm(c10f70e5-4f79-45c2-a8e7-3693dc2acc93) | ruination-wurm(bb8efc80-ef74-4faa-8e4a-2b6e9b382f93) | ruination-wurm(02e6a6ad-5926-4899-8b5e-26f2d3d42a17) | bear-cub(f537b223-bb64-47aa-bc01-22774999864c)
Cards in Library: 27
---------------------------------------------
Player 1:
Name: Opp-RulesBased
Current Life: 8
Cards in Hand:
rhox-brute(8a07949a-698c-4395-86bd-e366468b7924) | rhox-brute(c6d1c727-d873-4dc6-82e4-572535b1fead) | bear-cub(49f88523-b647-4d78-a260-a9eb099d99f8) | goblin-assailant(c9ff1a17-3733-4aa4-b20d-7cee7248c0d4)
Cards in Library: 27
---------------------------------------------
2026-06-29 18:15:27,098 - session - DEBUG - SessionTick: Running GameLoop
2026-06-29 18:15:27,099 - session - DEBUG - SessionTick: Tim: Waiting for player to have no prior state before starting
2026-06-29 18:15:27,099 - session - DEBUG - SessionTick: Tim: Prompting Player with state ---------------------------------------------
---------------- Environment ----------------
---------------------------------------------
Active Player Index: 0
---------------------------------------------
Completed Halfturns: 10
Upcoming Event: MAIN_2
Active Player Index: 0
Game over: False
---------------------------------------------
Player 0:
Name: Tim
Current Life: 13
Cards in Hand:
broodhunter-wurm(c10f70e5-4f79-45c2-a8e7-3693dc2acc93) | ruination-wurm(bb8efc80-ef74-4faa-8e4a-2b6e9b382f93) | ruination-wurm(02e6a6ad-5926-4899-8b5e-26f2d3d42a17) | bear-cub(f537b223-bb64-47aa-bc01-22774999864c)
Cards in Library: 27
---------------------------------------------
Player 1:
Name: Opp-RulesBased
Current Life: 8
Cards in Hand:
rhox-brute(8a07949a-698c-4395-86bd-e366468b7924) | rhox-brute(c6d1c727-d873-4dc6-82e4-572535b1fead) | bear-cub(49f88523-b647-4d78-a260-a9eb099d99f8) | goblin-assailant(c9ff1a17-3733-4aa4-b20d-7cee7248c0d4)
Cards in Library: 27
---------------------------------------------
2026-06-29 18:15:27,099 - session - INFO - SessionTick: Tim: Prompting Player with event MAINPHASE_EMPTY_STACK
2026-06-29 18:15:27,103 - session - DEBUG - SessionTick: Tim: Waiting for Player Input
2026-06-29 18:15:29,034 - session - DEBUG - SessionTick: Tim: Received Player Input: PASS --- None
2026-06-29 18:15:29,037 - session - DEBUG - SessionTick: Tim: Answered player with new state ---------------------------------------------
---------------- Environment ----------------
---------------------------------------------
Active Player Index: 0
---------------------------------------------
Completed Halfturns: 10
Upcoming Event: END_STEP
Active Player Index: 0
Game over: False
---------------------------------------------
Player 0:
Name: Tim
Current Life: 13
Cards in Hand:
broodhunter-wurm(c10f70e5-4f79-45c2-a8e7-3693dc2acc93) | ruination-wurm(bb8efc80-ef74-4faa-8e4a-2b6e9b382f93) | ruination-wurm(02e6a6ad-5926-4899-8b5e-26f2d3d42a17) | bear-cub(f537b223-bb64-47aa-bc01-22774999864c)
Cards in Library: 27
---------------------------------------------
Player 1:
Name: Opp-RulesBased
Current Life: 8
Cards in Hand:
rhox-brute(8a07949a-698c-4395-86bd-e366468b7924) | rhox-brute(c6d1c727-d873-4dc6-82e4-572535b1fead) | bear-cub(49f88523-b647-4d78-a260-a9eb099d99f8) | goblin-assailant(c9ff1a17-3733-4aa4-b20d-7cee7248c0d4)
Cards in Library: 27
---------------------------------------------
2026-06-29 18:15:29,037 - session - DEBUG - SessionTick: Running GameLoop
2026-06-29 18:15:29,038 - session - DEBUG - SessionTick: Running GameLoop
2026-06-29 18:15:29,038 - session - DEBUG - SessionTick: Running GameLoop
2026-06-29 18:15:29,038 - session - DEBUG - SessionTick: Running GameLoop
2026-06-29 18:15:29,039 - session - DEBUG - SessionTick: Opp-RulesBased: Waiting for player to have no prior state before starting
2026-06-29 18:15:29,039 - session - DEBUG - SessionTick: Opp-RulesBased: Prompting Player with state ---------------------------------------------
---------------- Environment ----------------
---------------------------------------------
Active Player Index: 1
---------------------------------------------
Completed Halfturns: 11
Upcoming Event: MAIN_1
Active Player Index: 1
Game over: False
---------------------------------------------
Player 0:
Name: Tim
Current Life: 13
Cards in Hand:
broodhunter-wurm(c10f70e5-4f79-45c2-a8e7-3693dc2acc93) | ruination-wurm(bb8efc80-ef74-4faa-8e4a-2b6e9b382f93) | ruination-wurm(02e6a6ad-5926-4899-8b5e-26f2d3d42a17) | bear-cub(f537b223-bb64-47aa-bc01-22774999864c)
Cards in Library: 27
---------------------------------------------
Player 1:
Name: Opp-RulesBased
Current Life: 8
Cards in Hand:
rhox-brute(8a07949a-698c-4395-86bd-e366468b7924) | rhox-brute(c6d1c727-d873-4dc6-82e4-572535b1fead) | bear-cub(49f88523-b647-4d78-a260-a9eb099d99f8) | goblin-assailant(c9ff1a17-3733-4aa4-b20d-7cee7248c0d4) | rhox-brute(c70f0e4e-4e88-4b8a-8804-459988b93e8e)
Cards in Library: 26
---------------------------------------------
2026-06-29 18:15:29,039 - session - INFO - SessionTick: Opp-RulesBased: Prompting Player with event MAINPHASE_EMPTY_STACK
2026-06-29 18:15:29,039 - session - DEBUG - SessionTick: Opp-RulesBased: Waiting for Player Input
2026-06-29 18:15:29,040 - session - DEBUG - SessionTick: Opp-RulesBased: Received Player Input: ACTIVATE_LANDS --- [[0]
 [1]
 [2]
 [3]]
2026-06-29 18:15:29,041 - session - DEBUG - SessionTick: Opp-RulesBased: Answered player with new state ---------------------------------------------
---------------- Environment ----------------
---------------------------------------------
Active Player Index: 1
---------------------------------------------
Completed Halfturns: 11
Upcoming Event: MAIN_1
Active Player Index: 1
Game over: False
---------------------------------------------
Player 0:
Name: Tim
Current Life: 13
Cards in Hand:
broodhunter-wurm(c10f70e5-4f79-45c2-a8e7-3693dc2acc93) | ruination-wurm(bb8efc80-ef74-4faa-8e4a-2b6e9b382f93) | ruination-wurm(02e6a6ad-5926-4899-8b5e-26f2d3d42a17) | bear-cub(f537b223-bb64-47aa-bc01-22774999864c)
Cards in Library: 27
---------------------------------------------
Player 1:
Name: Opp-RulesBased
Current Life: 8
Cards in Hand:
rhox-brute(8a07949a-698c-4395-86bd-e366468b7924) | rhox-brute(c6d1c727-d873-4dc6-82e4-572535b1fead) | bear-cub(49f88523-b647-4d78-a260-a9eb099d99f8) | goblin-assailant(c9ff1a17-3733-4aa4-b20d-7cee7248c0d4) | rhox-brute(c70f0e4e-4e88-4b8a-8804-459988b93e8e)
Cards in Library: 26
---------------------------------------------
2026-06-29 18:15:29,041 - session - DEBUG - SessionTick: Running GameLoop
2026-06-29 18:15:29,041 - session - DEBUG - SessionTick: Opp-RulesBased: Waiting for player to have no prior state before starting
2026-06-29 18:15:29,041 - session - DEBUG - SessionTick: Opp-RulesBased: Prompting Player with state ---------------------------------------------
---------------- Environment ----------------
---------------------------------------------
Active Player Index: 1
---------------------------------------------
Completed Halfturns: 11
Upcoming Event: MAIN_1
Active Player Index: 1
Game over: False
---------------------------------------------
Player 0:
Name: Tim
Current Life: 13
Cards in Hand:
broodhunter-wurm(c10f70e5-4f79-45c2-a8e7-3693dc2acc93) | ruination-wurm(bb8efc80-ef74-4faa-8e4a-2b6e9b382f93) | ruination-wurm(02e6a6ad-5926-4899-8b5e-26f2d3d42a17) | bear-cub(f537b223-bb64-47aa-bc01-22774999864c)
Cards in Library: 27
---------------------------------------------
Player 1:
Name: Opp-RulesBased
Current Life: 8
Cards in Hand:
rhox-brute(8a07949a-698c-4395-86bd-e366468b7924) | rhox-brute(c6d1c727-d873-4dc6-82e4-572535b1fead) | bear-cub(49f88523-b647-4d78-a260-a9eb099d99f8) | goblin-assailant(c9ff1a17-3733-4aa4-b20d-7cee7248c0d4) | rhox-brute(c70f0e4e-4e88-4b8a-8804-459988b93e8e)
Cards in Library: 26
---------------------------------------------
2026-06-29 18:15:29,041 - session - INFO - SessionTick: Opp-RulesBased: Prompting Player with event MAINPHASE_EMPTY_STACK
2026-06-29 18:15:29,042 - session - DEBUG - SessionTick: Opp-RulesBased: Waiting for Player Input
2026-06-29 18:15:29,042 - session - DEBUG - SessionTick: Opp-RulesBased: Received Player Input: PLAY_CARD --- 0
2026-06-29 18:15:29,043 - session - DEBUG - SessionTick: Opp-RulesBased: Answered player with new state ---------------------------------------------
---------------- Environment ----------------
---------------------------------------------
Active Player Index: 1
---------------------------------------------
Completed Halfturns: 11
Upcoming Event: MAIN_1
Active Player Index: 1
Game over: False
---------------------------------------------
Player 0:
Name: Tim
Current Life: 13
Cards in Hand:
broodhunter-wurm(c10f70e5-4f79-45c2-a8e7-3693dc2acc93) | ruination-wurm(bb8efc80-ef74-4faa-8e4a-2b6e9b382f93) | ruination-wurm(02e6a6ad-5926-4899-8b5e-26f2d3d42a17) | bear-cub(f537b223-bb64-47aa-bc01-22774999864c)
Cards in Library: 27
---------------------------------------------
Player 1:
Name: Opp-RulesBased
Current Life: 8
Cards in Hand:
rhox-brute(c6d1c727-d873-4dc6-82e4-572535b1fead) | bear-cub(49f88523-b647-4d78-a260-a9eb099d99f8) | goblin-assailant(c9ff1a17-3733-4aa4-b20d-7cee7248c0d4) | rhox-brute(c70f0e4e-4e88-4b8a-8804-459988b93e8e)
Cards in Library: 26
---------------------------------------------
2026-06-29 18:15:29,043 - session - DEBUG - SessionTick: Running GameLoop
2026-06-29 18:15:29,043 - session - DEBUG - SessionTick: Opp-RulesBased: Waiting for player to have no prior state before starting
2026-06-29 18:15:29,044 - session - DEBUG - SessionTick: Opp-RulesBased: Prompting Player with state ---------------------------------------------
---------------- Environment ----------------
---------------------------------------------
Active Player Index: 1
---------------------------------------------
Completed Halfturns: 11
Upcoming Event: MAIN_1
Active Player Index: 1
Game over: False
---------------------------------------------
Player 0:
Name: Tim
Current Life: 13
Cards in Hand:
broodhunter-wurm(c10f70e5-4f79-45c2-a8e7-3693dc2acc93) | ruination-wurm(bb8efc80-ef74-4faa-8e4a-2b6e9b382f93) | ruination-wurm(02e6a6ad-5926-4899-8b5e-26f2d3d42a17) | bear-cub(f537b223-bb64-47aa-bc01-22774999864c)
Cards in Library: 27
---------------------------------------------
Player 1:
Name: Opp-RulesBased
Current Life: 8
Cards in Hand:
rhox-brute(c6d1c727-d873-4dc6-82e4-572535b1fead) | bear-cub(49f88523-b647-4d78-a260-a9eb099d99f8) | goblin-assailant(c9ff1a17-3733-4aa4-b20d-7cee7248c0d4) | rhox-brute(c70f0e4e-4e88-4b8a-8804-459988b93e8e)
Cards in Library: 26
---------------------------------------------
2026-06-29 18:15:29,044 - session - INFO - SessionTick: Opp-RulesBased: Prompting Player with event MAINPHASE_EMPTY_STACK
2026-06-29 18:15:29,044 - session - DEBUG - SessionTick: Opp-RulesBased: Waiting for Player Input
2026-06-29 18:15:29,044 - session - DEBUG - SessionTick: Opp-RulesBased: Received Player Input: PASS --- None
2026-06-29 18:15:29,045 - session - DEBUG - SessionTick: Opp-RulesBased: Answered player with new state ---------------------------------------------
---------------- Environment ----------------
---------------------------------------------
Active Player Index: 1
---------------------------------------------
Completed Halfturns: 11
Upcoming Event: ATTACK_STEP
Active Player Index: 1
Game over: False
---------------------------------------------
Player 0:
Name: Tim
Current Life: 13
Cards in Hand:
broodhunter-wurm(c10f70e5-4f79-45c2-a8e7-3693dc2acc93) | ruination-wurm(bb8efc80-ef74-4faa-8e4a-2b6e9b382f93) | ruination-wurm(02e6a6ad-5926-4899-8b5e-26f2d3d42a17) | bear-cub(f537b223-bb64-47aa-bc01-22774999864c)
Cards in Library: 27
---------------------------------------------
Player 1:
Name: Opp-RulesBased
Current Life: 8
Cards in Hand:
rhox-brute(c6d1c727-d873-4dc6-82e4-572535b1fead) | bear-cub(49f88523-b647-4d78-a260-a9eb099d99f8) | goblin-assailant(c9ff1a17-3733-4aa4-b20d-7cee7248c0d4) | rhox-brute(c70f0e4e-4e88-4b8a-8804-459988b93e8e)
Cards in Library: 26
---------------------------------------------
2026-06-29 18:15:29,045 - session - DEBUG - SessionTick: Running GameLoop
2026-06-29 18:15:29,045 - session - DEBUG - SessionTick: Opp-RulesBased: Waiting for player to have no prior state before starting
2026-06-29 18:15:29,046 - session - DEBUG - SessionTick: Opp-RulesBased: Prompting Player with state ---------------------------------------------
---------------- Environment ----------------
---------------------------------------------
Active Player Index: 1
---------------------------------------------
Completed Halfturns: 11
Upcoming Event: ATTACK_STEP
Active Player Index: 1
Game over: False
---------------------------------------------
Player 0:
Name: Tim
Current Life: 13
Cards in Hand:
broodhunter-wurm(c10f70e5-4f79-45c2-a8e7-3693dc2acc93) | ruination-wurm(bb8efc80-ef74-4faa-8e4a-2b6e9b382f93) | ruination-wurm(02e6a6ad-5926-4899-8b5e-26f2d3d42a17) | bear-cub(f537b223-bb64-47aa-bc01-22774999864c)
Cards in Library: 27
---------------------------------------------
Player 1:
Name: Opp-RulesBased
Current Life: 8
Cards in Hand:
rhox-brute(c6d1c727-d873-4dc6-82e4-572535b1fead) | bear-cub(49f88523-b647-4d78-a260-a9eb099d99f8) | goblin-assailant(c9ff1a17-3733-4aa4-b20d-7cee7248c0d4) | rhox-brute(c70f0e4e-4e88-4b8a-8804-459988b93e8e)
Cards in Library: 26
---------------------------------------------
2026-06-29 18:15:29,046 - session - INFO - SessionTick: Opp-RulesBased: Prompting Player with event DECLARE_ATTACKS
2026-06-29 18:15:29,046 - session - DEBUG - SessionTick: Opp-RulesBased: Waiting for Player Input
2026-06-29 18:15:29,047 - session - DEBUG - SessionTick: Opp-RulesBased: Received Player Input: ATTACK --- [[0]
 [1]]
2026-06-29 18:15:29,047 - session - DEBUG - SessionTick: Opp-RulesBased: Answered player with new state ---------------------------------------------
---------------- Environment ----------------
---------------------------------------------
Active Player Index: 1
---------------------------------------------
Completed Halfturns: 11
Upcoming Event: BLOCK_STEP
Active Player Index: 1
Game over: False
---------------------------------------------
Player 0:
Name: Tim
Current Life: 13
Cards in Hand:
broodhunter-wurm(c10f70e5-4f79-45c2-a8e7-3693dc2acc93) | ruination-wurm(bb8efc80-ef74-4faa-8e4a-2b6e9b382f93) | ruination-wurm(02e6a6ad-5926-4899-8b5e-26f2d3d42a17) | bear-cub(f537b223-bb64-47aa-bc01-22774999864c)
Cards in Library: 27
---------------------------------------------
Player 1:
Name: Opp-RulesBased
Current Life: 8
Cards in Hand:
rhox-brute(c6d1c727-d873-4dc6-82e4-572535b1fead) | bear-cub(49f88523-b647-4d78-a260-a9eb099d99f8) | goblin-assailant(c9ff1a17-3733-4aa4-b20d-7cee7248c0d4) | rhox-brute(c70f0e4e-4e88-4b8a-8804-459988b93e8e)
Cards in Library: 26
---------------------------------------------
2026-06-29 18:15:29,047 - session - DEBUG - SessionTick: Running GameLoop
2026-06-29 18:15:29,047 - session - DEBUG - SessionTick: Tim: Waiting for player to have no prior state before starting
2026-06-29 18:15:29,048 - session - DEBUG - SessionTick: Tim: Prompting Player with state ---------------------------------------------
---------------- Environment ----------------
---------------------------------------------
Active Player Index: 1
---------------------------------------------
Completed Halfturns: 11
Upcoming Event: BLOCK_STEP
Active Player Index: 1
Game over: False
---------------------------------------------
Player 0:
Name: Tim
Current Life: 13
Cards in Hand:
broodhunter-wurm(c10f70e5-4f79-45c2-a8e7-3693dc2acc93) | ruination-wurm(bb8efc80-ef74-4faa-8e4a-2b6e9b382f93) | ruination-wurm(02e6a6ad-5926-4899-8b5e-26f2d3d42a17) | bear-cub(f537b223-bb64-47aa-bc01-22774999864c)
Cards in Library: 27
---------------------------------------------
Player 1:
Name: Opp-RulesBased
Current Life: 8
Cards in Hand:
rhox-brute(c6d1c727-d873-4dc6-82e4-572535b1fead) | bear-cub(49f88523-b647-4d78-a260-a9eb099d99f8) | goblin-assailant(c9ff1a17-3733-4aa4-b20d-7cee7248c0d4) | rhox-brute(c70f0e4e-4e88-4b8a-8804-459988b93e8e)
Cards in Library: 26
---------------------------------------------
2026-06-29 18:15:29,048 - session - INFO - SessionTick: Tim: Prompting Player with event DECLARE_BLOCKS
2026-06-29 18:15:29,055 - session - DEBUG - SessionTick: Tim: Waiting for Player Input
2026-06-29 18:15:32,937 - session - DEBUG - SessionTick: Tim: Received Player Input: BLOCK --- [[2 0]]
2026-06-29 18:15:32,939 - session - DEBUG - SessionTick: Tim: Answered player with new state ---------------------------------------------
---------------- Environment ----------------
---------------------------------------------
Active Player Index: 1
---------------------------------------------
Completed Halfturns: 11
Upcoming Event: MAIN_2
Active Player Index: 1
Game over: False
---------------------------------------------
Player 0:
Name: Tim
Current Life: 11
Cards in Hand:
broodhunter-wurm(c10f70e5-4f79-45c2-a8e7-3693dc2acc93) | ruination-wurm(bb8efc80-ef74-4faa-8e4a-2b6e9b382f93) | ruination-wurm(02e6a6ad-5926-4899-8b5e-26f2d3d42a17) | bear-cub(f537b223-bb64-47aa-bc01-22774999864c)
Cards in Library: 27
---------------------------------------------
Player 1:
Name: Opp-RulesBased
Current Life: 8
Cards in Hand:
rhox-brute(c6d1c727-d873-4dc6-82e4-572535b1fead) | bear-cub(49f88523-b647-4d78-a260-a9eb099d99f8) | goblin-assailant(c9ff1a17-3733-4aa4-b20d-7cee7248c0d4) | rhox-brute(c70f0e4e-4e88-4b8a-8804-459988b93e8e)
Cards in Library: 26
---------------------------------------------
2026-06-29 18:15:32,939 - session - DEBUG - SessionTick: Running GameLoop
2026-06-29 18:15:32,940 - session - DEBUG - SessionTick: Opp-RulesBased: Waiting for player to have no prior state before starting
2026-06-29 18:15:32,940 - session - DEBUG - SessionTick: Opp-RulesBased: Prompting Player with state ---------------------------------------------
---------------- Environment ----------------
---------------------------------------------
Active Player Index: 1
---------------------------------------------
Completed Halfturns: 11
Upcoming Event: MAIN_2
Active Player Index: 1
Game over: False
---------------------------------------------
Player 0:
Name: Tim
Current Life: 11
Cards in Hand:
broodhunter-wurm(c10f70e5-4f79-45c2-a8e7-3693dc2acc93) | ruination-wurm(bb8efc80-ef74-4faa-8e4a-2b6e9b382f93) | ruination-wurm(02e6a6ad-5926-4899-8b5e-26f2d3d42a17) | bear-cub(f537b223-bb64-47aa-bc01-22774999864c)
Cards in Library: 27
---------------------------------------------
Player 1:
Name: Opp-RulesBased
Current Life: 8
Cards in Hand:
rhox-brute(c6d1c727-d873-4dc6-82e4-572535b1fead) | bear-cub(49f88523-b647-4d78-a260-a9eb099d99f8) | goblin-assailant(c9ff1a17-3733-4aa4-b20d-7cee7248c0d4) | rhox-brute(c70f0e4e-4e88-4b8a-8804-459988b93e8e)
Cards in Library: 26
---------------------------------------------
2026-06-29 18:15:32,940 - session - INFO - SessionTick: Opp-RulesBased: Prompting Player with event MAINPHASE_EMPTY_STACK
2026-06-29 18:15:32,940 - session - DEBUG - SessionTick: Opp-RulesBased: Waiting for Player Input
2026-06-29 18:15:32,941 - session - DEBUG - SessionTick: Opp-RulesBased: Received Player Input: PASS --- None
2026-06-29 18:15:32,941 - session - DEBUG - SessionTick: Opp-RulesBased: Answered player with new state ---------------------------------------------
---------------- Environment ----------------
---------------------------------------------
Active Player Index: 1
---------------------------------------------
Completed Halfturns: 11
Upcoming Event: END_STEP
Active Player Index: 1
Game over: False
---------------------------------------------
Player 0:
Name: Tim
Current Life: 11
Cards in Hand:
broodhunter-wurm(c10f70e5-4f79-45c2-a8e7-3693dc2acc93) | ruination-wurm(bb8efc80-ef74-4faa-8e4a-2b6e9b382f93) | ruination-wurm(02e6a6ad-5926-4899-8b5e-26f2d3d42a17) | bear-cub(f537b223-bb64-47aa-bc01-22774999864c)
Cards in Library: 27
---------------------------------------------
Player 1:
Name: Opp-RulesBased
Current Life: 8
Cards in Hand:
rhox-brute(c6d1c727-d873-4dc6-82e4-572535b1fead) | bear-cub(49f88523-b647-4d78-a260-a9eb099d99f8) | goblin-assailant(c9ff1a17-3733-4aa4-b20d-7cee7248c0d4) | rhox-brute(c70f0e4e-4e88-4b8a-8804-459988b93e8e)
Cards in Library: 26
---------------------------------------------
2026-06-29 18:15:32,941 - session - DEBUG - SessionTick: Running GameLoop
2026-06-29 18:15:32,941 - session - DEBUG - SessionTick: Running GameLoop
2026-06-29 18:15:32,941 - session - DEBUG - SessionTick: Running GameLoop
2026-06-29 18:15:32,942 - session - DEBUG - SessionTick: Running GameLoop
2026-06-29 18:15:32,942 - session - DEBUG - SessionTick: Tim: Waiting for player to have no prior state before starting
2026-06-29 18:15:32,942 - session - DEBUG - SessionTick: Tim: Prompting Player with state ---------------------------------------------
---------------- Environment ----------------
---------------------------------------------
Active Player Index: 0
---------------------------------------------
Completed Halfturns: 12
Upcoming Event: MAIN_1
Active Player Index: 0
Game over: False
---------------------------------------------
Player 0:
Name: Tim
Current Life: 11
Cards in Hand:
broodhunter-wurm(c10f70e5-4f79-45c2-a8e7-3693dc2acc93) | ruination-wurm(bb8efc80-ef74-4faa-8e4a-2b6e9b382f93) | ruination-wurm(02e6a6ad-5926-4899-8b5e-26f2d3d42a17) | bear-cub(f537b223-bb64-47aa-bc01-22774999864c) | goblin-assailant(71818113-69bf-4e31-80c1-9c1231ff9a04)
Cards in Library: 26
---------------------------------------------
Player 1:
Name: Opp-RulesBased
Current Life: 8
Cards in Hand:
rhox-brute(c6d1c727-d873-4dc6-82e4-572535b1fead) | bear-cub(49f88523-b647-4d78-a260-a9eb099d99f8) | goblin-assailant(c9ff1a17-3733-4aa4-b20d-7cee7248c0d4) | rhox-brute(c70f0e4e-4e88-4b8a-8804-459988b93e8e)
Cards in Library: 26
---------------------------------------------
2026-06-29 18:15:32,942 - session - INFO - SessionTick: Tim: Prompting Player with event MAINPHASE_EMPTY_STACK
2026-06-29 18:15:32,944 - session - DEBUG - SessionTick: Tim: Waiting for Player Input
2026-06-29 18:15:44,281 - session - DEBUG - SessionTick: Tim: Received Player Input: PASS --- None
2026-06-29 18:15:44,283 - session - DEBUG - SessionTick: Tim: Answered player with new state ---------------------------------------------
---------------- Environment ----------------
---------------------------------------------
Active Player Index: 0
---------------------------------------------
Completed Halfturns: 12
Upcoming Event: ATTACK_STEP
Active Player Index: 0
Game over: False
---------------------------------------------
Player 0:
Name: Tim
Current Life: 11
Cards in Hand:
broodhunter-wurm(c10f70e5-4f79-45c2-a8e7-3693dc2acc93) | ruination-wurm(bb8efc80-ef74-4faa-8e4a-2b6e9b382f93) | ruination-wurm(02e6a6ad-5926-4899-8b5e-26f2d3d42a17) | bear-cub(f537b223-bb64-47aa-bc01-22774999864c) | goblin-assailant(71818113-69bf-4e31-80c1-9c1231ff9a04)
Cards in Library: 26
---------------------------------------------
Player 1:
Name: Opp-RulesBased
Current Life: 8
Cards in Hand:
rhox-brute(c6d1c727-d873-4dc6-82e4-572535b1fead) | bear-cub(49f88523-b647-4d78-a260-a9eb099d99f8) | goblin-assailant(c9ff1a17-3733-4aa4-b20d-7cee7248c0d4) | rhox-brute(c70f0e4e-4e88-4b8a-8804-459988b93e8e)
Cards in Library: 26
---------------------------------------------
2026-06-29 18:15:44,284 - session - DEBUG - SessionTick: Running GameLoop
2026-06-29 18:15:44,284 - session - DEBUG - SessionTick: Tim: Waiting for player to have no prior state before starting
2026-06-29 18:15:44,284 - session - DEBUG - SessionTick: Tim: Prompting Player with state ---------------------------------------------
---------------- Environment ----------------
---------------------------------------------
Active Player Index: 0
---------------------------------------------
Completed Halfturns: 12
Upcoming Event: ATTACK_STEP
Active Player Index: 0
Game over: False
---------------------------------------------
Player 0:
Name: Tim
Current Life: 11
Cards in Hand:
broodhunter-wurm(c10f70e5-4f79-45c2-a8e7-3693dc2acc93) | ruination-wurm(bb8efc80-ef74-4faa-8e4a-2b6e9b382f93) | ruination-wurm(02e6a6ad-5926-4899-8b5e-26f2d3d42a17) | bear-cub(f537b223-bb64-47aa-bc01-22774999864c) | goblin-assailant(71818113-69bf-4e31-80c1-9c1231ff9a04)
Cards in Library: 26
---------------------------------------------
Player 1:
Name: Opp-RulesBased
Current Life: 8
Cards in Hand:
rhox-brute(c6d1c727-d873-4dc6-82e4-572535b1fead) | bear-cub(49f88523-b647-4d78-a260-a9eb099d99f8) | goblin-assailant(c9ff1a17-3733-4aa4-b20d-7cee7248c0d4) | rhox-brute(c70f0e4e-4e88-4b8a-8804-459988b93e8e)
Cards in Library: 26
---------------------------------------------
2026-06-29 18:15:44,284 - session - INFO - SessionTick: Tim: Prompting Player with event DECLARE_ATTACKS
2026-06-29 18:15:44,286 - session - DEBUG - SessionTick: Tim: Waiting for Player Input
2026-06-29 18:15:49,769 - session - DEBUG - SessionTick: Tim: Received Player Input: ATTACK --- [[0]
 [1]]
2026-06-29 18:15:49,772 - session - DEBUG - SessionTick: Tim: Answered player with new state ---------------------------------------------
---------------- Environment ----------------
---------------------------------------------
Active Player Index: 0
---------------------------------------------
Completed Halfturns: 12
Upcoming Event: BLOCK_STEP
Active Player Index: 0
Game over: False
---------------------------------------------
Player 0:
Name: Tim
Current Life: 11
Cards in Hand:
broodhunter-wurm(c10f70e5-4f79-45c2-a8e7-3693dc2acc93) | ruination-wurm(bb8efc80-ef74-4faa-8e4a-2b6e9b382f93) | ruination-wurm(02e6a6ad-5926-4899-8b5e-26f2d3d42a17) | bear-cub(f537b223-bb64-47aa-bc01-22774999864c) | goblin-assailant(71818113-69bf-4e31-80c1-9c1231ff9a04)
Cards in Library: 26
---------------------------------------------
Player 1:
Name: Opp-RulesBased
Current Life: 8
Cards in Hand:
rhox-brute(c6d1c727-d873-4dc6-82e4-572535b1fead) | bear-cub(49f88523-b647-4d78-a260-a9eb099d99f8) | goblin-assailant(c9ff1a17-3733-4aa4-b20d-7cee7248c0d4) | rhox-brute(c70f0e4e-4e88-4b8a-8804-459988b93e8e)
Cards in Library: 26
---------------------------------------------
2026-06-29 18:15:49,772 - session - DEBUG - SessionTick: Running GameLoop
2026-06-29 18:15:49,772 - session - DEBUG - SessionTick: Opp-RulesBased: Waiting for player to have no prior state before starting
2026-06-29 18:15:49,773 - session - DEBUG - SessionTick: Opp-RulesBased: Prompting Player with state ---------------------------------------------
---------------- Environment ----------------
---------------------------------------------
Active Player Index: 0
---------------------------------------------
Completed Halfturns: 12
Upcoming Event: BLOCK_STEP
Active Player Index: 0
Game over: False
---------------------------------------------
Player 0:
Name: Tim
Current Life: 11
Cards in Hand:
broodhunter-wurm(c10f70e5-4f79-45c2-a8e7-3693dc2acc93) | ruination-wurm(bb8efc80-ef74-4faa-8e4a-2b6e9b382f93) | ruination-wurm(02e6a6ad-5926-4899-8b5e-26f2d3d42a17) | bear-cub(f537b223-bb64-47aa-bc01-22774999864c) | goblin-assailant(71818113-69bf-4e31-80c1-9c1231ff9a04)
Cards in Library: 26
---------------------------------------------
Player 1:
Name: Opp-RulesBased
Current Life: 8
Cards in Hand:
rhox-brute(c6d1c727-d873-4dc6-82e4-572535b1fead) | bear-cub(49f88523-b647-4d78-a260-a9eb099d99f8) | goblin-assailant(c9ff1a17-3733-4aa4-b20d-7cee7248c0d4) | rhox-brute(c70f0e4e-4e88-4b8a-8804-459988b93e8e)
Cards in Library: 26
---------------------------------------------
2026-06-29 18:15:49,773 - session - INFO - SessionTick: Opp-RulesBased: Prompting Player with event DECLARE_BLOCKS
2026-06-29 18:15:49,773 - session - DEBUG - SessionTick: Opp-RulesBased: Waiting for Player Input
2026-06-29 18:15:49,773 - session - DEBUG - SessionTick: Opp-RulesBased: Received Player Input: PASS --- None
2026-06-29 18:15:49,775 - session - DEBUG - SessionTick: Opp-RulesBased: Answered player with new state ---------------------------------------------
---------------- Environment ----------------
---------------------------------------------
Active Player Index: 0
---------------------------------------------
Completed Halfturns: 12
Upcoming Event: MAIN_2
Active Player Index: 0
Game over: True
---------------------------------------------
Player 0:
Name: Tim
Current Life: 11
Cards in Hand:
broodhunter-wurm(c10f70e5-4f79-45c2-a8e7-3693dc2acc93) | ruination-wurm(bb8efc80-ef74-4faa-8e4a-2b6e9b382f93) | ruination-wurm(02e6a6ad-5926-4899-8b5e-26f2d3d42a17) | bear-cub(f537b223-bb64-47aa-bc01-22774999864c) | goblin-assailant(71818113-69bf-4e31-80c1-9c1231ff9a04)
Cards in Library: 26
---------------------------------------------
Player 1:
Name: Opp-RulesBased
Current Life: 0
Cards in Hand:
rhox-brute(c6d1c727-d873-4dc6-82e4-572535b1fead) | bear-cub(49f88523-b647-4d78-a260-a9eb099d99f8) | goblin-assailant(c9ff1a17-3733-4aa4-b20d-7cee7248c0d4) | rhox-brute(c70f0e4e-4e88-4b8a-8804-459988b93e8e)
Cards in Library: 26
---------------------------------------------
2026-06-29 18:15:49,775 - session - INFO - Game concluded. Shutting down session!
