winning_seat,loser_death_description,halfturns_played,milliseconds_passed,seat_0_lands,seat_0_board_size,seat_0_hand_size,seat_1_lands,seat_1_board_size,seat_1_hand_size
1,DeathDescription.LIFETOTAL,11,57.13248252868652,6,4,2,6,6,1
0,DeathDescription.LIFETOTAL,10,40.88854789733887,5,6,1,5,4,3
0,DeathDescription.LIFETOTAL,12,39.201974868774414,6,5,2,6,4,3
0,DeathDescription.LIFETOTAL,10,47.90329933166504,5,5,2,5,3,4
0,DeathDescription.LIFETOTAL,12,28.90753746032715,5,5,3,6,2,5
0,DeathDescription.LIFETOTAL,10,21.880388259887695,5,5,2,5,4,3
1,DeathDescription.LIFETOTAL,13,25.71415901184082,6,4,3,7,6,1
0,DeathDescription.LIFETOTAL,14,27.491092681884766,4,5,5,4,0,7
1,DeathDescription.LIFETOTAL,11,35.56394577026367,6,4,2,6,5,2
1,DeathDescription.LIFETOTAL,13,54.16512489318848,4,4,4,5,6,3
0,DeathDescription.LIFETOTAL,12,26.793479919433594,7,4,2,6,4,3
0,DeathDescription.LIFETOTAL,12,52.69265174865723,6,6,1,6,4,3
0,DeathDescription.LIFETOTAL,12,22.739887237548828,4,5,4,6,4,3
1,DeathDescription.LIFETOTAL,13,27.655839920043945,6,6,1,6,7,1
0,DeathDescription.LIFETOTAL,10,26.160478591918945,5,6,1,5,0,7
0,DeathDescription.LIFETOTAL,10,22.164583206176758,6,5,1,5,4,3
1,DeathDescription.LIFETOTAL,11,22.971391677856445,4,4,4,6,5,2
0,DeathDescription.LIFETOTAL,12,25.313854217529297,7,4,2,3,3,7
0,DeathDescription.LIFETOTAL,10,54.767608642578125,6,6,0,5,4,3
0,DeathDescription.LIFETOTAL,10,26.944398880004883,6,4,2,3,2,6
1,DeathDescription.LIFETOTAL,13,28.575658798217773,2,0,7,5,6,3
1,DeathDescription.LIFETOTAL,11,23.14019203186035,4,4,4,6,6,1
0,DeathDescription.LIFETOTAL,10,35.080671310424805,5,5,2,5,2,5
1,DeathDescription.LIFETOTAL,13,31.228303909301758,7,4,2,7,6,1
0,DeathDescription.LIFETOTAL,10,21.347761154174805,6,4,2,5,3,4
0,DeathDescription.LIFETOTAL,10,26.2296199798584,6,4,2,5,3,4
1,DeathDescription.LIFETOTAL,11,30.27653694152832,5,2,5,6,5,2
1,DeathDescription.LIFETOTAL,11,48.50411415100098,4,3,4,6,5,2
1,DeathDescription.LIFETOTAL,11,26.92246437072754,3,4,5,3,4,6
0,DeathDescription.LIFETOTAL,12,28.824806213378906,4,6,3,6,3,4
0,DeathDescription.LIFETOTAL,10,38.93637657165527,3,5,4,5,4,3
0,DeathDescription.LIFETOTAL,10,27.996540069580078,2,4,6,5,3,4
0,DeathDescription.LIFETOTAL,12,39.57343101501465,6,4,3,6,5,2
1,DeathDescription.LIFETOTAL,11,23.81277084350586,5,4,3,6,5,2
0,DeathDescription.LIFETOTAL,10,52.57701873779297,6,5,1,4,4,4
0,DeathDescription.LIFETOTAL,10,25.725126266479492,4,5,3,3,4,5
1,DeathDescription.LIFETOTAL,13,29.837846755981445,4,3,6,5,5,3
0,DeathDescription.LIFETOTAL,10,46.053171157836914,6,4,2,5,2,5
1,DeathDescription.LIFETOTAL,11,35.72678565979004,4,1,6,6,5,2
0,DeathDescription.LIFETOTAL,12,59.72146987915039,6,5,2,6,4,3
0,DeathDescription.LIFETOTAL,14,70.60837745666504,8,4,2,7,4,3
0,DeathDescription.LIFETOTAL,10,38.9552116394043,5,5,2,5,2,5
1,DeathDescription.LIFETOTAL,15,27.804851531982422,5,4,5,8,4,3
0,DeathDescription.LIFETOTAL,10,20.83110809326172,6,5,1,4,3,5
1,DeathDescription.LIFETOTAL,11,27.469873428344727,4,0,7,6,5,2
1,DeathDescription.LIFETOTAL,11,51.329851150512695,5,4,3,6,5,2
0,DeathDescription.LIFETOTAL,10,36.673545837402344,4,5,3,5,4,3
0,DeathDescription.LIFETOTAL,10,26.329994201660156,3,4,5,5,4,3
0,DeathDescription.LIFETOTAL,10,43.29681396484375,6,5,1,4,4,4
1,DeathDescription.LIFETOTAL,11,50.1861572265625,6,5,1,6,5,2
0,DeathDescription.LIFETOTAL,12,33.47134590148926,7,5,1,6,4,3
0,DeathDescription.LIFETOTAL,10,33.25366973876953,3,4,5,5,1,6
1,DeathDescription.LIFETOTAL,13,31.89229965209961,7,5,1,4,6,4
0,DeathDescription.LIFETOTAL,10,22.14527130126953,5,5,2,5,4,3
0,DeathDescription.LIFETOTAL,10,41.420698165893555,6,4,2,4,4,4
0,DeathDescription.LIFETOTAL,10,38.51675987243652,4,5,3,5,2,5
0,DeathDescription.LIFETOTAL,10,31.88467025756836,6,4,2,4,4,4
1,DeathDescription.LIFETOTAL,11,49.823760986328125,3,4,5,6,4,3
0,DeathDescription.LIFETOTAL,12,29.08015251159668,4,7,2,6,2,5
0,DeathDescription.LIFETOTAL,10,27.074337005615234,4,4,4,5,3,4
0,DeathDescription.LIFETOTAL,12,23.76723289489746,6,6,1,6,3,4
0,DeathDescription.LIFETOTAL,10,22.094249725341797,6,6,0,4,2,5
0,DeathDescription.LIFETOTAL,12,23.18263053894043,5,5,3,4,4,5
0,DeathDescription.LIFETOTAL,12,37.82367706298828,7,5,1,5,4,4
0,DeathDescription.LIFETOTAL,10,21.587133407592773,6,5,1,5,4,3
0,DeathDescription.LIFETOTAL,10,20.59626579284668,6,4,2,5,3,4
1,DeathDescription.LIFETOTAL,11,54.25095558166504,6,4,2,4,5,4
1,DeathDescription.LIFETOTAL,13,41.33009910583496,7,5,1,7,6,1
0,DeathDescription.LIFETOTAL,10,36.02099418640137,4,5,3,5,3,4
1,DeathDescription.LIFETOTAL,13,29.08039093017578,2,0,7,6,6,2
0,DeathDescription.LIFETOTAL,10,44.420719146728516,6,5,1,5,4,3
0,DeathDescription.LIFETOTAL,10,36.852121353149414,6,4,2,4,2,6
0,DeathDescription.LIFETOTAL,12,25.1009464263916,4,6,3,6,3,4
0,DeathDescription.LIFETOTAL,10,51.491737365722656,4,4,4,5,5,2
0,DeathDescription.LIFETOTAL,10,21.60501480102539,6,4,2,5,0,7
0,DeathDescription.LIFETOTAL,10,27.7707576751709,6,5,1,5,4,3
1,DeathDescription.LIFETOTAL,11,28.127193450927734,6,3,3,6,4,3
0,DeathDescription.LIFETOTAL,12,46.248435974121094,5,5,3,4,4,5
0,DeathDescription.LIFETOTAL,12,62.767982482910156,5,5,3,5,4,4
0,DeathDescription.LIFETOTAL,10,36.48233413696289,6,4,2,4,4,4
1,DeathDescription.LIFETOTAL,11,32.115936279296875,6,2,4,6,5,2
1,DeathDescription.LIFETOTAL,11,49.29471015930176,6,3,3,4,5,4
0,DeathDescription.LIFETOTAL,10,26.720523834228516,3,5,4,3,3,6
1,DeathDescription.LIFETOTAL,11,31.86964988708496,4,1,6,3,5,5
1,DeathDescription.LIFETOTAL,11,33.69140625,4,3,5,6,5,2
1,DeathDescription.LIFETOTAL,11,38.24186325073242,5,3,4,6,6,1
1,DeathDescription.LIFETOTAL,13,29.484987258911133,7,2,4,6,4,4
0,DeathDescription.LIFETOTAL,12,30.972957611083984,7,6,0,6,3,4
0,DeathDescription.LIFETOTAL,10,47.14179039001465,6,4,2,4,4,4
0,DeathDescription.LIFETOTAL,10,30.080318450927734,6,5,1,5,0,7
0,DeathDescription.LIFETOTAL,10,30.599117279052734,6,6,0,5,4,3
1,DeathDescription.LIFETOTAL,11,31.379222869873047,2,0,7,6,4,3
1,DeathDescription.LIFETOTAL,11,23.359298706054688,4,4,4,5,5,3
0,DeathDescription.LIFETOTAL,10,27.935028076171875,6,5,1,5,3,4
0,DeathDescription.LIFETOTAL,12,27.00352668762207,7,3,3,5,4,4
0,DeathDescription.LIFETOTAL,12,27.22644805908203,6,7,0,3,2,6
0,DeathDescription.LIFETOTAL,10,27.126073837280273,5,5,2,5,4,3
0,DeathDescription.LIFETOTAL,10,27.246952056884766,5,5,2,5,4,3
1,DeathDescription.LIFETOTAL,13,26.93772315979004,3,0,7,7,6,1
0,DeathDescription.LIFETOTAL,10,33.921241760253906,6,3,3,5,3,4
1,DeathDescription.LIFETOTAL,11,23.57649803161621,2,0,7,4,5,4
0,DeathDescription.LIFETOTAL,10,21.091938018798828,3,4,5,3,0,7
0,DeathDescription.LIFETOTAL,10,33.46061706542969,6,6,0,5,4,3
0,DeathDescription.LIFETOTAL,12,40.37904739379883,4,6,3,6,5,2
0,DeathDescription.LIFETOTAL,12,28.739452362060547,3,5,5,6,3,4
1,DeathDescription.LIFETOTAL,11,28.74922752380371,5,5,2,4,5,4
1,DeathDescription.LIFETOTAL,13,35.527706146240234,3,0,7,7,5,2
1,DeathDescription.LIFETOTAL,11,28.81932258605957,4,2,5,6,6,1
1,DeathDescription.LIFETOTAL,11,28.2895565032959,6,6,0,3,5,5
0,DeathDescription.LIFETOTAL,10,41.61834716796875,5,4,3,5,3,4
0,DeathDescription.LIFETOTAL,10,37.57214546203613,5,5,2,5,4,3
0,DeathDescription.LIFETOTAL,12,54.196834564208984,6,7,0,4,4,4
1,DeathDescription.LIFETOTAL,13,25.07925033569336,7,3,3,6,5,3
1,DeathDescription.LIFETOTAL,11,48.52914810180664,4,0,7,4,5,4
1,DeathDescription.LIFETOTAL,11,33.90836715698242,5,4,3,5,5,3
1,DeathDescription.LIFETOTAL,11,43.55645179748535,3,0,7,6,5,2
0,DeathDescription.LIFETOTAL,10,26.918411254882812,5,5,2,5,3,4
0,DeathDescription.LIFETOTAL,12,31.45146369934082,2,4,7,6,4,3
0,DeathDescription.LIFETOTAL,10,28.102636337280273,6,4,2,5,4,3
1,DeathDescription.LIFETOTAL,13,31.22115135192871,7,5,1,7,5,2
0,DeathDescription.LIFETOTAL,10,27.06170082092285,5,6,1,5,4,3
0,DeathDescription.LIFETOTAL,12,67.40164756774902,6,5,2,5,5,3
0,DeathDescription.LIFETOTAL,16,33.26082229614258,4,5,4,5,5,4
1,DeathDescription.LIFETOTAL,11,27.662277221679688,6,3,3,6,4,3
0,DeathDescription.LIFETOTAL,14,36.39650344848633,4,5,5,7,3,4
0,DeathDescription.LIFETOTAL,10,30.844926834106445,6,5,1,5,1,6
0,DeathDescription.LIFETOTAL,12,31.04233741760254,7,5,1,6,3,4
1,DeathDescription.LIFETOTAL,11,27.745962142944336,6,4,2,5,6,2
1,DeathDescription.LIFETOTAL,11,26.931047439575195,2,0,7,6,4,3
1,DeathDescription.LIFETOTAL,11,29.96206283569336,4,4,4,4,5,4
1,DeathDescription.LIFETOTAL,11,25.24089813232422,6,4,2,3,5,5
0,DeathDescription.LIFETOTAL,10,27.40001678466797,5,5,2,5,4,3
0,DeathDescription.LIFETOTAL,10,26.938438415527344,6,6,0,5,2,5
0,DeathDescription.LIFETOTAL,10,22.875547409057617,5,5,2,5,3,4
1,DeathDescription.LIFETOTAL,11,33.81514549255371,5,4,3,6,5,2
1,DeathDescription.LIFETOTAL,11,41.96643829345703,3,2,6,6,7,0
1,DeathDescription.LIFETOTAL,11,22.60756492614746,6,1,5,6,5,2
0,DeathDescription.LIFETOTAL,12,40.94123840332031,7,4,2,6,4,3
1,DeathDescription.LIFETOTAL,13,36.003828048706055,3,3,6,7,5,2
1,DeathDescription.LIFETOTAL,15,31.397581100463867,4,3,5,8,7,0
0,DeathDescription.LIFETOTAL,10,21.32391929626465,5,6,1,3,4,5
0,DeathDescription.LIFETOTAL,10,33.97488594055176,6,6,0,5,3,4
0,DeathDescription.LIFETOTAL,10,33.67137908935547,6,4,2,4,4,4
0,DeathDescription.LIFETOTAL,10,32.195091247558594,5,5,2,3,3,6
1,DeathDescription.LIFETOTAL,11,22.507190704345703,4,1,6,5,5,3
1,DeathDescription.LIFETOTAL,11,45.294761657714844,5,2,5,4,5,4
1,DeathDescription.LIFETOTAL,13,46.05865478515625,4,4,5,5,6,3
0,DeathDescription.LIFETOTAL,12,29.561281204223633,4,4,5,6,6,1
0,DeathDescription.LIFETOTAL,10,30.900239944458008,4,5,3,5,1,6
0,DeathDescription.LIFETOTAL,10,33.57338905334473,4,5,3,2,1,6
0,DeathDescription.LIFETOTAL,10,26.95298194885254,6,4,2,5,4,3
0,DeathDescription.LIFETOTAL,10,51.10478401184082,4,5,3,5,3,4
0,DeathDescription.LIFETOTAL,10,31.899452209472656,5,5,2,5,1,6
0,DeathDescription.LIFETOTAL,12,35.742759704589844,7,4,2,3,4,6
0,DeathDescription.LIFETOTAL,12,34.78288650512695,7,4,2,6,4,3
1,DeathDescription.LIFETOTAL,11,23.190736770629883,6,4,2,6,5,2
1,DeathDescription.LIFETOTAL,11,35.3236198425293,4,4,4,6,5,2
0,DeathDescription.LIFETOTAL,10,38.18345069885254,6,4,2,5,2,5
0,DeathDescription.LIFETOTAL,10,32.29784965515137,4,5,3,4,4,4
0,DeathDescription.LIFETOTAL,10,21.54541015625,6,4,2,5,4,3
0,DeathDescription.LIFETOTAL,12,22.602558135986328,5,7,1,2,0,7
1,DeathDescription.LIFETOTAL,11,30.849218368530273,6,3,3,5,5,3
0,DeathDescription.LIFETOTAL,10,27.72665023803711,6,5,1,5,3,4
0,DeathDescription.LIFETOTAL,12,33.87117385864258,4,5,4,3,4,6
0,DeathDescription.LIFETOTAL,10,36.5445613861084,3,5,4,5,4,3
1,DeathDescription.LIFETOTAL,11,45.76992988586426,4,4,4,5,5,3
1,DeathDescription.LIFETOTAL,17,49.0264892578125,5,1,6,9,6,1
0,DeathDescription.LIFETOTAL,12,41.16535186767578,6,5,2,6,3,4
0,DeathDescription.LIFETOTAL,10,27.20165252685547,6,5,1,5,4,3
1,DeathDescription.LIFETOTAL,13,30.330896377563477,4,4,5,5,6,3
0,DeathDescription.LIFETOTAL,10,28.212308883666992,3,4,5,5,3,4
0,DeathDescription.LIFETOTAL,12,44.91472244262695,7,5,1,6,4,3
0,DeathDescription.LIFETOTAL,10,47.31154441833496,4,5,3,5,1,6
0,DeathDescription.LIFETOTAL,10,22.737741470336914,5,6,1,5,4,3
0,DeathDescription.LIFETOTAL,10,25.984764099121094,4,5,3,5,3,4
1,DeathDescription.LIFETOTAL,11,42.11711883544922,3,4,5,6,5,2
0,DeathDescription.LIFETOTAL,10,42.53530502319336,6,4,2,4,4,4
0,DeathDescription.LIFETOTAL,10,27.901172637939453,5,5,2,5,4,3
1,DeathDescription.LIFETOTAL,13,25.750160217285156,7,3,3,6,5,3
0,DeathDescription.LIFETOTAL,10,26.86452865600586,4,5,3,3,0,7
0,DeathDescription.LIFETOTAL,10,30.144214630126953,5,5,2,5,5,2
1,DeathDescription.LIFETOTAL,11,29.14118766784668,5,3,4,6,4,3
0,DeathDescription.LIFETOTAL,10,25.52938461303711,5,6,1,5,5,2
0,DeathDescription.LIFETOTAL,12,29.04987335205078,6,5,2,4,2,6
0,DeathDescription.LIFETOTAL,10,30.164480209350586,5,4,3,5,3,4
0,DeathDescription.LIFETOTAL,10,37.66798973083496,6,5,1,4,4,4
0,DeathDescription.LIFETOTAL,10,26.403427124023438,3,4,5,5,5,2
0,DeathDescription.LIFETOTAL,10,37.218570709228516,6,4,2,5,3,4
1,DeathDescription.LIFETOTAL,11,30.87615966796875,6,4,2,4,5,4
1,DeathDescription.LIFETOTAL,11,23.070096969604492,3,4,5,6,5,2
0,DeathDescription.LIFETOTAL,10,35.71462631225586,3,5,4,4,2,6
1,DeathDescription.LIFETOTAL,13,40.08913040161133,5,2,5,7,5,2
1,DeathDescription.LIFETOTAL,11,35.13765335083008,6,4,2,5,5,3
0,DeathDescription.LIFETOTAL,10,53.05767059326172,5,5,2,5,4,3
0,DeathDescription.LIFETOTAL,12,28.94759178161621,5,5,3,5,5,3
0,DeathDescription.LIFETOTAL,12,26.637792587280273,5,6,2,6,4,3
0,DeathDescription.LIFETOTAL,10,32.18388557434082,5,5,2,3,4,5
0,DeathDescription.LIFETOTAL,10,27.257919311523438,4,5,3,5,3,4
1,DeathDescription.LIFETOTAL,13,35.60066223144531,6,3,4,6,7,1
1,DeathDescription.LIFETOTAL,11,32.96661376953125,4,4,4,6,4,3
0,DeathDescription.LIFETOTAL,10,48.590660095214844,6,5,1,5,4,3
0,DeathDescription.LIFETOTAL,10,37.15205192565918,6,4,2,4,3,5
0,DeathDescription.LIFETOTAL,10,26.857376098632812,5,5,2,5,4,3
0,DeathDescription.LIFETOTAL,10,27.30107307434082,4,6,2,5,3,4
1,DeathDescription.LIFETOTAL,11,40.0388240814209,6,4,2,4,5,4
0,DeathDescription.LIFETOTAL,14,51.07688903808594,8,4,2,5,2,5
0,DeathDescription.LIFETOTAL,12,33.69641304016113,7,4,2,5,4,3
0,DeathDescription.LIFETOTAL,10,53.60770225524902,4,5,3,5,4,3
1,DeathDescription.LIFETOTAL,11,37.130117416381836,4,2,5,4,5,4
0,DeathDescription.LIFETOTAL,12,24.27959442138672,7,4,2,4,4,5
1,DeathDescription.LIFETOTAL,11,33.736467361450195,2,2,6,4,5,4
0,DeathDescription.LIFETOTAL,10,44.28839683532715,6,5,1,5,2,5
0,DeathDescription.LIFETOTAL,10,37.11223602294922,5,5,2,5,2,5
1,DeathDescription.LIFETOTAL,11,31.3112735748291,3,4,5,4,5,4
1,DeathDescription.LIFETOTAL,11,22.510766983032227,3,2,5,4,5,4
0,DeathDescription.LIFETOTAL,10,28.401613235473633,6,6,0,3,4,5
0,DeathDescription.LIFETOTAL,12,41.14723205566406,6,5,2,5,5,3
1,DeathDescription.LIFETOTAL,11,44.19994354248047,6,3,3,3,5,5
1,DeathDescription.LIFETOTAL,11,29.92701530456543,5,5,2,6,6,1
0,DeathDescription.LIFETOTAL,10,38.56778144836426,5,5,2,4,4,4
0,DeathDescription.LIFETOTAL,12,37.02116012573242,6,6,1,6,4,3
0,DeathDescription.LIFETOTAL,10,34.38615798950195,6,6,0,5,2,5
0,DeathDescription.LIFETOTAL,10,23.70285987854004,4,5,3,5,4,3
0,DeathDescription.LIFETOTAL,12,29.39295768737793,7,4,2,4,2,5
0,DeathDescription.LIFETOTAL,10,35.138845443725586,5,5,2,5,3,4
1,DeathDescription.LIFETOTAL,11,25.014638900756836,6,3,3,6,5,2
0,DeathDescription.LIFETOTAL,10,28.717756271362305,6,4,2,4,4,4
0,DeathDescription.LIFETOTAL,10,28.159618377685547,5,3,4,5,5,2
0,DeathDescription.LIFETOTAL,12,37.32800483703613,6,5,2,6,6,1
0,DeathDescription.LIFETOTAL,10,28.511762619018555,5,5,2,3,4,5
1,DeathDescription.LIFETOTAL,11,40.3285026550293,6,3,3,6,5,2
0,DeathDescription.LIFETOTAL,10,40.15016555786133,6,5,1,4,5,3
1,DeathDescription.LIFETOTAL,11,35.16840934753418,5,5,2,6,6,1
1,DeathDescription.LIFETOTAL,11,29.71506118774414,6,3,3,4,5,4
0,DeathDescription.LIFETOTAL,10,22.21369743347168,5,5,2,5,4,3
0,DeathDescription.LIFETOTAL,10,26.905536651611328,6,4,2,5,0,7
0,DeathDescription.LIFETOTAL,10,24.039745330810547,5,5,2,5,4,3
0,DeathDescription.LIFETOTAL,12,42.62995719909668,6,5,2,6,3,4
0,DeathDescription.LIFETOTAL,10,36.11016273498535,6,3,3,4,3,5
1,DeathDescription.LIFETOTAL,11,39.1085147857666,3,4,5,6,5,2
1,DeathDescription.LIFETOTAL,15,33.95795822143555,7,5,2,6,6,2
0,DeathDescription.LIFETOTAL,10,23.27585220336914,6,4,2,5,3,4
0,DeathDescription.LIFETOTAL,10,24.718761444091797,6,5,1,5,4,3
1,DeathDescription.LIFETOTAL,11,28.21636199951172,6,2,4,6,5,2
0,DeathDescription.LIFETOTAL,14,40.045738220214844,5,5,4,7,4,3
1,DeathDescription.LIFETOTAL,13,38.141489028930664,7,5,1,7,5,2
0,DeathDescription.LIFETOTAL,12,30.149221420288086,4,6,3,6,5,2
0,DeathDescription.LIFETOTAL,12,29.939651489257812,7,4,2,6,4,3
0,DeathDescription.LIFETOTAL,10,26.927471160888672,5,4,3,4,1,6
0,DeathDescription.LIFETOTAL,10,45.287132263183594,6,5,1,5,4,3
0,DeathDescription.LIFETOTAL,10,42.081594467163086,5,4,3,5,3,4
0,DeathDescription.LIFETOTAL,10,27.291536331176758,6,5,1,5,4,3
1,DeathDescription.LIFETOTAL,11,29.213666915893555,1,0,7,6,6,1
0,DeathDescription.LIFETOTAL,10,27.801990509033203,5,6,1,5,1,6
1,DeathDescription.LIFETOTAL,11,21.29507064819336,2,0,7,4,5,4
0,DeathDescription.LIFETOTAL,12,27.124881744384766,4,5,4,6,3,4
0,DeathDescription.LIFETOTAL,10,36.62919998168945,6,4,2,5,4,3
0,DeathDescription.LIFETOTAL,12,33.23984146118164,7,5,1,6,4,3
0,DeathDescription.LIFETOTAL,12,29.595136642456055,7,5,1,6,4,3
0,DeathDescription.LIFETOTAL,10,35.78042984008789,5,5,2,4,4,4
1,DeathDescription.LIFETOTAL,11,53.39837074279785,6,2,4,5,6,2
0,DeathDescription.LIFETOTAL,10,31.796932220458984,6,6,0,5,5,2
0,DeathDescription.LIFETOTAL,12,23.036956787109375,6,6,1,6,3,4
0,DeathDescription.LIFETOTAL,10,20.250558853149414,6,4,2,3,4,5
0,DeathDescription.LIFETOTAL,10,23.390531539916992,6,6,0,5,4,3
0,DeathDescription.LIFETOTAL,14,45.58539390563965,6,7,1,7,4,3
1,DeathDescription.LIFETOTAL,11,26.713848114013672,6,5,1,5,6,2
0,DeathDescription.LIFETOTAL,12,31.203746795654297,6,5,2,6,3,4
1,DeathDescription.LIFETOTAL,11,35.05206108093262,6,4,2,5,5,3
0,DeathDescription.LIFETOTAL,10,33.15877914428711,6,5,1,4,2,5
1,DeathDescription.LIFETOTAL,11,34.59596633911133,5,4,3,6,5,2
0,DeathDescription.LIFETOTAL,10,48.02966117858887,6,4,2,4,4,4
1,DeathDescription.LIFETOTAL,13,30.726194381713867,4,4,5,3,5,5
1,DeathDescription.LIFETOTAL,13,47.599077224731445,7,4,2,3,5,6
0,DeathDescription.LIFETOTAL,12,30.37881851196289,6,6,1,6,0,7
0,DeathDescription.LIFETOTAL,10,41.21971130371094,4,5,3,5,5,2
0,DeathDescription.LIFETOTAL,12,25.400161743164062,7,4,2,6,4,3
0,DeathDescription.LIFETOTAL,10,41.7020320892334,5,4,3,5,4,3
1,DeathDescription.LIFETOTAL,11,35.613298416137695,6,4,2,4,5,4
0,DeathDescription.LIFETOTAL,10,34.1188907623291,6,5,1,3,4,5
0,DeathDescription.LIFETOTAL,10,31.2957763671875,5,5,2,3,0,7
0,DeathDescription.LIFETOTAL,12,31.838655471801758,7,5,1,6,3,4
0,DeathDescription.LIFETOTAL,10,39.62087631225586,6,4,2,5,4,3
0,DeathDescription.LIFETOTAL,10,21.74544334411621,5,4,3,5,2,5
1,DeathDescription.LIFETOTAL,11,23.270368576049805,4,5,3,6,5,2
0,DeathDescription.LIFETOTAL,12,41.06593132019043,7,5,1,6,4,3
0,DeathDescription.LIFETOTAL,10,49.54123497009277,4,6,2,5,4,3
0,DeathDescription.LIFETOTAL,12,40.10343551635742,7,6,0,6,4,3
0,DeathDescription.LIFETOTAL,12,29.803752899169922,3,5,5,6,5,2
0,DeathDescription.LIFETOTAL,10,28.6409854888916,4,5,3,5,4,3
0,DeathDescription.LIFETOTAL,10,41.10527038574219,6,4,2,2,4,6
0,DeathDescription.LIFETOTAL,12,24.126768112182617,5,6,2,5,5,3
0,DeathDescription.LIFETOTAL,10,27.495145797729492,5,5,2,5,4,3
1,DeathDescription.LIFETOTAL,11,45.851707458496094,5,1,6,5,5,3
0,DeathDescription.LIFETOTAL,10,27.005672454833984,6,5,1,5,3,4
0,DeathDescription.LIFETOTAL,10,43.41316223144531,6,5,1,4,3,5
0,DeathDescription.LIFETOTAL,10,38.87319564819336,4,5,3,5,4,3
0,DeathDescription.LIFETOTAL,12,36.79013252258301,5,6,2,4,4,5
0,DeathDescription.LIFETOTAL,10,33.102989196777344,4,5,3,5,4,3
0,DeathDescription.LIFETOTAL,10,21.88396453857422,6,5,1,4,3,5
1,DeathDescription.LIFETOTAL,11,28.18465232849121,4,4,4,6,4,3
1,DeathDescription.LIFETOTAL,11,49.791812896728516,6,2,4,4,5,4
0,DeathDescription.LIFETOTAL,10,22.307634353637695,5,5,2,4,4,4
0,DeathDescription.LIFETOTAL,10,21.445274353027344,6,5,1,5,4,3
0,DeathDescription.LIFETOTAL,10,27.484416961669922,6,6,0,5,2,5
0,DeathDescription.LIFETOTAL,10,35.4006290435791,5,4,3,4,4,4
0,DeathDescription.LIFETOTAL,10,35.746097564697266,6,5,1,5,4,3
1,DeathDescription.LIFETOTAL,11,28.375864028930664,6,4,2,6,4,3
1,DeathDescription.LIFETOTAL,11,26.40700340270996,6,3,3,6,5,2
0,DeathDescription.LIFETOTAL,10,48.63595962524414,5,6,1,5,3,4
0,DeathDescription.LIFETOTAL,12,30.17568588256836,7,5,1,6,4,3
1,DeathDescription.LIFETOTAL,11,28.69439125061035,6,5,1,5,5,3
1,DeathDescription.LIFETOTAL,11,28.67865562438965,5,4,3,5,4,4
1,DeathDescription.LIFETOTAL,11,25.15125274658203,6,3,3,6,5,2
1,DeathDescription.LIFETOTAL,11,39.31617736816406,6,2,4,5,5,3
1,DeathDescription.LIFETOTAL,11,26.638031005859375,3,1,6,6,5,2
0,DeathDescription.LIFETOTAL,10,35.83812713623047,5,5,2,5,4,3
0,DeathDescription.LIFETOTAL,10,31.07285499572754,4,5,3,2,3,7
0,DeathDescription.LIFETOTAL,12,26.093721389770508,3,5,5,6,5,2
1,DeathDescription.LIFETOTAL,11,33.30826759338379,3,2,6,4,5,4
0,DeathDescription.LIFETOTAL,10,31.432628631591797,6,5,1,5,3,4
0,DeathDescription.LIFETOTAL,14,35.45379638671875,6,6,2,5,2,5
1,DeathDescription.LIFETOTAL,11,33.9508056640625,4,5,3,6,5,2
1,DeathDescription.LIFETOTAL,15,24.736642837524414,4,0,7,4,4,6
0,DeathDescription.LIFETOTAL,12,29.37626838684082,7,4,2,6,3,4
0,DeathDescription.LIFETOTAL,10,38.408756256103516,5,4,3,4,4,4
0,DeathDescription.LIFETOTAL,12,53.761959075927734,4,6,3,3,4,6
0,DeathDescription.LIFETOTAL,10,26.83877944946289,4,6,2,5,3,4
1,DeathDescription.LIFETOTAL,11,33.53595733642578,6,4,2,6,5,2
1,DeathDescription.LIFETOTAL,11,39.78157043457031,3,1,6,6,5,2
1,DeathDescription.LIFETOTAL,11,34.15369987487793,6,4,2,6,5,2
1,DeathDescription.LIFETOTAL,11,33.37860107421875,6,4,2,5,6,2
1,DeathDescription.LIFETOTAL,11,32.02176094055176,3,0,7,6,4,3
1,DeathDescription.LIFETOTAL,11,35.20393371582031,6,3,3,6,5,2
0,DeathDescription.LIFETOTAL,12,45.082807540893555,6,5,2,6,5,2
0,DeathDescription.LIFETOTAL,10,27.624845504760742,6,5,1,5,3,4
0,DeathDescription.LIFETOTAL,10,24.609804153442383,6,4,2,4,4,4
0,DeathDescription.LIFETOTAL,12,32.78231620788574,7,5,1,6,2,5
0,DeathDescription.LIFETOTAL,12,31.25596046447754,6,6,1,6,4,3
0,DeathDescription.LIFETOTAL,10,29.08468246459961,6,5,1,5,3,4
0,DeathDescription.LIFETOTAL,10,35.27188301086426,6,4,2,5,3,4
1,DeathDescription.LIFETOTAL,11,37.63270378112793,6,3,3,5,5,3
1,DeathDescription.LIFETOTAL,11,25.86221694946289,5,5,2,6,5,2
0,DeathDescription.LIFETOTAL,12,31.854629516601562,7,4,2,6,4,3
0,DeathDescription.LIFETOTAL,10,27.04334259033203,6,5,1,4,4,4
1,DeathDescription.LIFETOTAL,11,35.8128547668457,3,2,6,6,6,1
0,DeathDescription.LIFETOTAL,10,29.7243595123291,6,3,3,5,2,5
0,DeathDescription.LIFETOTAL,10,25.17557144165039,4,5,3,5,4,3
1,DeathDescription.LIFETOTAL,11,41.97120666503906,5,0,7,6,5,2
0,DeathDescription.LIFETOTAL,12,44.36850547790527,6,4,3,6,4,3
0,DeathDescription.LIFETOTAL,10,36.94725036621094,5,4,3,5,2,5
1,DeathDescription.LIFETOTAL,13,43.78008842468262,5,3,4,7,5,2
1,DeathDescription.LIFETOTAL,11,30.2584171295166,6,4,2,3,5,5
1,DeathDescription.LIFETOTAL,11,29.04963493347168,6,4,2,6,6,1
0,DeathDescription.LIFETOTAL,10,26.546955108642578,5,6,1,5,4,3
0,DeathDescription.LIFETOTAL,14,29.786348342895508,4,5,5,2,1,6
0,DeathDescription.LIFETOTAL,10,45.62044143676758,6,4,2,5,3,4
0,DeathDescription.LIFETOTAL,10,26.220321655273438,6,5,1,4,4,4
0,DeathDescription.LIFETOTAL,12,24.4138240814209,6,6,1,6,4,3
0,DeathDescription.LIFETOTAL,10,36.64231300354004,6,4,2,5,4,3
0,DeathDescription.LIFETOTAL,10,49.94392395019531,6,5,1,5,3,4
0,DeathDescription.LIFETOTAL,10,31.531095504760742,3,4,5,4,3,5
0,DeathDescription.LIFETOTAL,10,29.268264770507812,3,5,4,5,3,4
0,DeathDescription.LIFETOTAL,10,30.992984771728516,6,4,2,5,5,2
0,DeathDescription.LIFETOTAL,12,36.336421966552734,7,5,1,4,4,5
0,DeathDescription.LIFETOTAL,16,37.60242462158203,7,7,1,5,3,4
1,DeathDescription.LIFETOTAL,11,37.20521926879883,4,3,5,5,5,3
1,DeathDescription.LIFETOTAL,13,37.355899810791016,2,0,7,5,6,3
1,DeathDescription.LIFETOTAL,13,39.381980895996094,3,0,7,7,5,2
1,DeathDescription.LIFETOTAL,11,24.289846420288086,6,4,2,6,6,1
1,DeathDescription.LIFETOTAL,11,23.12493324279785,5,4,3,6,5,2
1,DeathDescription.LIFETOTAL,11,38.67220878601074,4,5,3,5,5,3
0,DeathDescription.LIFETOTAL,10,27.84562110900879,6,6,0,4,4,4
0,DeathDescription.LIFETOTAL,10,37.2772216796875,6,4,2,5,2,5
1,DeathDescription.LIFETOTAL,11,35.385847091674805,6,2,4,5,5,3
0,DeathDescription.LIFETOTAL,10,28.412818908691406,5,5,2,5,4,3
0,DeathDescription.LIFETOTAL,12,29.36553955078125,5,5,3,4,4,5
0,DeathDescription.LIFETOTAL,12,34.43288803100586,7,5,1,5,3,4
0,DeathDescription.LIFETOTAL,10,31.77022933959961,6,5,1,5,3,4
0,DeathDescription.LIFETOTAL,10,27.16827392578125,4,5,3,3,4,5
0,DeathDescription.LIFETOTAL,10,26.24034881591797,5,4,3,4,0,7
0,DeathDescription.LIFETOTAL,12,28.354883193969727,6,5,2,2,0,7
1,DeathDescription.LIFETOTAL,11,41.21828079223633,6,2,4,6,4,3
1,DeathDescription.LIFETOTAL,11,29.69217300415039,4,0,7,5,5,3
0,DeathDescription.LIFETOTAL,10,23.816347122192383,6,5,1,4,3,5
0,DeathDescription.LIFETOTAL,10,29.390335083007812,4,6,2,5,3,4
1,DeathDescription.LIFETOTAL,13,53.151845932006836,6,1,6,7,4,3
1,DeathDescription.LIFETOTAL,11,32.258033752441406,4,0,7,4,5,4
0,DeathDescription.LIFETOTAL,10,27.381420135498047,4,5,3,4,4,4
0,DeathDescription.LIFETOTAL,10,26.404857635498047,5,4,3,5,2,5
1,DeathDescription.LIFETOTAL,13,29.189348220825195,7,4,2,6,5,3
1,DeathDescription.LIFETOTAL,11,44.81220245361328,4,4,4,5,4,4
1,DeathDescription.LIFETOTAL,13,46.37312889099121,7,3,3,7,5,2
1,DeathDescription.LIFETOTAL,11,37.92738914489746,6,3,3,3,5,5
0,DeathDescription.LIFETOTAL,10,35.38107872009277,4,5,3,5,4,3
0,DeathDescription.LIFETOTAL,10,54.12483215332031,6,5,1,5,3,4
0,DeathDescription.LIFETOTAL,10,28.215408325195312,3,5,4,5,4,3
0,DeathDescription.LIFETOTAL,10,45.00007629394531,6,4,2,5,4,3
1,DeathDescription.LIFETOTAL,11,55.54962158203125,6,0,6,6,5,2
0,DeathDescription.LIFETOTAL,10,28.19514274597168,5,6,1,4,4,4
0,DeathDescription.LIFETOTAL,10,44.54183578491211,5,5,2,2,3,7
0,DeathDescription.LIFETOTAL,14,35.16507148742676,3,5,6,4,1,6
0,DeathDescription.LIFETOTAL,10,27.98008918762207,4,5,3,5,4,3
0,DeathDescription.LIFETOTAL,10,40.323495864868164,5,4,3,4,3,5
1,DeathDescription.LIFETOTAL,11,36.041975021362305,2,3,7,6,5,2
0,DeathDescription.LIFETOTAL,10,39.94107246398926,5,5,2,5,4,3
0,DeathDescription.LIFETOTAL,10,40.80772399902344,4,5,3,5,5,2
1,DeathDescription.LIFETOTAL,11,60.747385025024414,4,4,4,6,6,1
1,DeathDescription.LIFETOTAL,11,58.43639373779297,4,1,6,6,5,2
0,DeathDescription.LIFETOTAL,12,50.452470779418945,4,5,4,6,3,4
0,DeathDescription.LIFETOTAL,12,29.175996780395508,5,5,3,5,0,7
1,DeathDescription.LIFETOTAL,15,48.897504806518555,4,1,6,6,5,3
0,DeathDescription.LIFETOTAL,10,34.63387489318848,6,4,2,5,3,4
0,DeathDescription.LIFETOTAL,10,32.569169998168945,4,5,3,5,3,4
0,DeathDescription.LIFETOTAL,10,31.7537784576416,5,5,2,5,1,6
0,DeathDescription.LIFETOTAL,10,33.45799446105957,5,6,1,5,4,3
1,DeathDescription.LIFETOTAL,11,34.53421592712402,6,3,3,3,5,5
0,DeathDescription.LIFETOTAL,12,31.21328353881836,7,6,0,5,5,3
1,DeathDescription.LIFETOTAL,11,22.635698318481445,5,3,4,6,5,2
0,DeathDescription.LIFETOTAL,10,32.267093658447266,6,5,1,5,3,4
0,DeathDescription.LIFETOTAL,10,40.97747802734375,5,5,2,5,4,3
0,DeathDescription.LIFETOTAL,10,53.090810775756836,6,5,1,4,3,5
0,DeathDescription.LIFETOTAL,10,21.750211715698242,6,5,1,3,2,7
1,DeathDescription.LIFETOTAL,13,36.81635856628418,7,4,2,6,5,3
0,DeathDescription.LIFETOTAL,10,28.265953063964844,5,4,3,5,4,3
1,DeathDescription.LIFETOTAL,13,42.118072509765625,7,4,2,7,6,1
0,DeathDescription.LIFETOTAL,12,41.84889793395996,6,5,2,4,3,6
0,DeathDescription.LIFETOTAL,10,25.968313217163086,6,6,0,5,3,4
0,DeathDescription.LIFETOTAL,10,19.484519958496094,6,5,1,5,3,4
1,DeathDescription.LIFETOTAL,11,27.45199203491211,3,2,5,6,4,3
0,DeathDescription.LIFETOTAL,10,44.423580169677734,6,5,1,5,4,3
0,DeathDescription.LIFETOTAL,10,28.365373611450195,4,5,3,4,4,4
1,DeathDescription.LIFETOTAL,11,34.90877151489258,5,4,3,6,5,2
1,DeathDescription.LIFETOTAL,11,43.614864349365234,3,2,5,4,5,4
0,DeathDescription.LIFETOTAL,10,32.81569480895996,5,5,2,5,4,3
1,DeathDescription.LIFETOTAL,11,36.3612174987793,4,4,4,6,6,1
1,DeathDescription.LIFETOTAL,13,30.41863441467285,7,6,0,7,5,2
0,DeathDescription.LIFETOTAL,14,27.05073356628418,7,6,1,5,3,5
0,DeathDescription.LIFETOTAL,10,27.687549591064453,6,5,1,5,4,3
0,DeathDescription.LIFETOTAL,10,36.037445068359375,6,5,1,3,1,6
0,DeathDescription.LIFETOTAL,10,44.58880424499512,6,4,2,3,4,5
0,DeathDescription.LIFETOTAL,10,47.78146743774414,6,5,1,5,4,3
0,DeathDescription.LIFETOTAL,12,34.3937873840332,7,6,0,6,2,5
0,DeathDescription.LIFETOTAL,10,48.9804744720459,2,4,6,4,4,4
0,DeathDescription.LIFETOTAL,10,46.47088050842285,4,5,3,5,0,7
0,DeathDescription.LIFETOTAL,10,21.931886672973633,5,5,2,5,4,3
0,DeathDescription.LIFETOTAL,14,35.684823989868164,8,5,1,5,4,5
0,DeathDescription.LIFETOTAL,12,45.25899887084961,6,6,1,6,4,3
0,DeathDescription.LIFETOTAL,10,27.43387222290039,6,4,2,5,4,3
0,DeathDescription.LIFETOTAL,12,47.93548583984375,5,5,3,4,1,6
0,DeathDescription.LIFETOTAL,12,41.231632232666016,6,5,2,6,3,4
1,DeathDescription.LIFETOTAL,11,22.121191024780273,6,3,3,6,5,2
0,DeathDescription.LIFETOTAL,10,35.95328330993652,5,5,2,5,3,4
0,DeathDescription.LIFETOTAL,10,25.82836151123047,4,5,3,3,0,7
1,DeathDescription.LIFETOTAL,11,32.24635124206543,5,0,7,6,4,3
1,DeathDescription.LIFETOTAL,13,40.28058052062988,4,3,4,7,5,2
1,DeathDescription.LIFETOTAL,11,31.07309341430664,6,4,2,6,5,2
0,DeathDescription.LIFETOTAL,10,27.944087982177734,5,5,2,5,0,7
0,DeathDescription.LIFETOTAL,10,32.92369842529297,6,4,2,5,3,4
1,DeathDescription.LIFETOTAL,11,27.678966522216797,5,3,4,5,5,3
0,DeathDescription.LIFETOTAL,10,39.330482482910156,6,6,0,5,4,3
0,DeathDescription.LIFETOTAL,12,30.720233917236328,6,5,2,6,3,4
1,DeathDescription.LIFETOTAL,11,34.58285331726074,6,3,3,5,5,3
1,DeathDescription.LIFETOTAL,11,36.41319274902344,5,4,3,6,4,3
0,DeathDescription.LIFETOTAL,12,36.48018836975098,6,5,2,6,5,2
0,DeathDescription.LIFETOTAL,10,23.203611373901367,6,6,0,5,3,4
0,DeathDescription.LIFETOTAL,10,28.06711196899414,6,3,3,4,3,5
1,DeathDescription.LIFETOTAL,11,41.399240493774414,2,0,7,6,5,2
0,DeathDescription.LIFETOTAL,10,28.74898910522461,5,6,1,5,3,4
0,DeathDescription.LIFETOTAL,10,36.9415283203125,5,5,2,5,4,3
0,DeathDescription.LIFETOTAL,10,38.016319274902344,4,5,3,5,3,4
0,DeathDescription.LIFETOTAL,10,38.922786712646484,5,6,1,5,3,4
0,DeathDescription.LIFETOTAL,12,29.09398078918457,4,5,4,5,4,4
0,DeathDescription.LIFETOTAL,12,44.646501541137695,7,5,1,5,5,3
1,DeathDescription.LIFETOTAL,11,32.70244598388672,6,3,3,5,4,4
1,DeathDescription.LIFETOTAL,11,29.95157241821289,6,4,2,6,5,2
0,DeathDescription.LIFETOTAL,10,27.740001678466797,6,6,0,4,3,5
0,DeathDescription.LIFETOTAL,12,29.37030792236328,7,5,1,5,4,4
1,DeathDescription.LIFETOTAL,13,48.566341400146484,4,0,7,6,5,3
0,DeathDescription.LIFETOTAL,10,31.36467933654785,5,5,2,2,0,7
1,DeathDescription.LIFETOTAL,11,26.715993881225586,4,4,4,5,6,2
1,DeathDescription.LIFETOTAL,11,23.200035095214844,4,0,7,5,5,3
0,DeathDescription.LIFETOTAL,12,28.3205509185791,5,5,3,2,2,6
0,DeathDescription.LIFETOTAL,10,25.7413387298584,6,5,1,5,4,3
0,DeathDescription.LIFETOTAL,10,28.058290481567383,6,5,1,5,4,3
1,DeathDescription.LIFETOTAL,11,22.98259735107422,6,3,3,6,4,3
0,DeathDescription.LIFETOTAL,10,34.427642822265625,5,5,2,5,3,4
0,DeathDescription.LIFETOTAL,12,23.846149444580078,6,6,1,3,1,6
0,DeathDescription.LIFETOTAL,10,26.48448944091797,4,5,3,3,1,6
0,DeathDescription.LIFETOTAL,12,27.016639709472656,7,6,0,6,3,4
0,DeathDescription.LIFETOTAL,10,36.66543960571289,5,6,1,5,4,3
1,DeathDescription.LIFETOTAL,11,22.898197174072266,3,4,5,4,5,4
0,DeathDescription.LIFETOTAL,10,22.70030975341797,6,5,1,5,3,4
0,DeathDescription.LIFETOTAL,10,28.28836441040039,5,5,2,5,4,3
0,DeathDescription.LIFETOTAL,12,34.363746643066406,7,6,0,5,2,5
0,DeathDescription.LIFETOTAL,16,61.45811080932617,5,5,5,6,2,5
1,DeathDescription.LIFETOTAL,13,34.201622009277344,4,5,4,6,4,4
1,DeathDescription.LIFETOTAL,11,38.3448600769043,6,5,1,4,6,3
0,DeathDescription.LIFETOTAL,10,27.8475284576416,5,5,2,5,3,4
0,DeathDescription.LIFETOTAL,10,30.295372009277344,5,5,2,5,2,5
1,DeathDescription.LIFETOTAL,11,23.61321449279785,6,3,3,4,6,3
0,DeathDescription.LIFETOTAL,12,42.8011417388916,5,5,3,6,3,4
1,DeathDescription.LIFETOTAL,11,29.77299690246582,5,4,3,6,5,2
1,DeathDescription.LIFETOTAL,13,58.992624282836914,5,2,5,5,6,3
0,DeathDescription.LIFETOTAL,12,30.22027015686035,7,5,1,4,4,5
1,DeathDescription.LIFETOTAL,11,57.80196189880371,4,4,4,6,5,2
0,DeathDescription.LIFETOTAL,10,49.03101921081543,6,5,1,4,0,7
0,DeathDescription.LIFETOTAL,10,32.44829177856445,5,5,2,5,4,3
0,DeathDescription.LIFETOTAL,12,30.756235122680664,6,6,1,5,3,5
1,DeathDescription.LIFETOTAL,11,25.03824234008789,6,3,3,4,5,4
0,DeathDescription.LIFETOTAL,12,33.0042839050293,7,5,1,6,4,3
1,DeathDescription.LIFETOTAL,11,37.760019302368164,5,3,4,6,5,2
0,DeathDescription.LIFETOTAL,10,22.724151611328125,5,6,1,5,3,4
0,DeathDescription.LIFETOTAL,10,28.197526931762695,6,5,1,5,3,4
0,DeathDescription.LIFETOTAL,10,21.405696868896484,4,4,4,5,4,3
0,DeathDescription.LIFETOTAL,10,22.605419158935547,6,4,2,5,4,3
1,DeathDescription.LIFETOTAL,13,39.83569145202637,5,1,6,5,5,4
0,DeathDescription.LIFETOTAL,12,41.60904884338379,6,6,1,5,3,4
0,DeathDescription.LIFETOTAL,12,44.58332061767578,6,6,1,6,4,3
1,DeathDescription.LIFETOTAL,13,31.33368492126465,5,2,6,6,6,2
0,DeathDescription.LIFETOTAL,12,27.76336669921875,5,5,3,6,1,6
0,DeathDescription.LIFETOTAL,10,29.750823974609375,5,5,2,5,3,4
1,DeathDescription.LIFETOTAL,11,28.394460678100586,5,2,5,6,6,1
1,DeathDescription.LIFETOTAL,11,38.3753776550293,5,4,3,4,5,4
0,DeathDescription.LIFETOTAL,10,29.395580291748047,5,5,2,5,4,3
1,DeathDescription.LIFETOTAL,11,21.61693572998047,6,3,3,6,5,2
1,DeathDescription.LIFETOTAL,11,24.073362350463867,4,2,6,6,5,2
1,DeathDescription.LIFETOTAL,11,33.79631042480469,6,4,2,6,5,2
0,DeathDescription.LIFETOTAL,10,32.43422508239746,4,5,3,5,4,3
0,DeathDescription.LIFETOTAL,10,37.93692588806152,4,6,2,5,3,4
1,DeathDescription.LIFETOTAL,11,38.68269920349121,5,5,2,6,5,2
0,DeathDescription.LIFETOTAL,12,29.225826263427734,7,4,2,5,6,2
0,DeathDescription.LIFETOTAL,10,22.40467071533203,6,5,1,5,3,4
1,DeathDescription.LIFETOTAL,11,31.668424606323242,6,4,2,6,6,1
1,DeathDescription.LIFETOTAL,11,28.608322143554688,4,3,5,6,5,2
0,DeathDescription.LIFETOTAL,10,36.73148155212402,6,5,1,5,3,4
1,DeathDescription.LIFETOTAL,11,43.869972229003906,6,3,3,5,5,3
1,DeathDescription.LIFETOTAL,11,39.16215896606445,6,5,1,6,6,1
1,DeathDescription.LIFETOTAL,11,39.200544357299805,6,5,1,5,6,2
0,DeathDescription.LIFETOTAL,10,30.463457107543945,5,5,2,3,0,7
0,DeathDescription.LIFETOTAL,12,29.64496612548828,6,6,1,6,4,3
0,DeathDescription.LIFETOTAL,12,39.91580009460449,5,6,2,5,4,3
0,DeathDescription.LIFETOTAL,12,44.37851905822754,7,4,2,5,5,3
0,DeathDescription.LIFETOTAL,10,25.84981918334961,3,4,5,4,4,4
1,DeathDescription.LIFETOTAL,11,28.571605682373047,6,2,4,5,6,2
0,DeathDescription.LIFETOTAL,12,41.77689552307129,6,4,3,5,3,5
1,DeathDescription.LIFETOTAL,11,32.64737129211426,6,4,2,6,5,2
0,DeathDescription.LIFETOTAL,10,29.295921325683594,6,5,1,5,4,3
0,DeathDescription.LIFETOTAL,10,41.48721694946289,5,4,3,5,4,3
0,DeathDescription.LIFETOTAL,12,26.729345321655273,7,4,2,3,0,7
0,DeathDescription.LIFETOTAL,10,21.352291107177734,4,5,3,5,4,3
0,DeathDescription.LIFETOTAL,12,24.28460121154785,5,6,2,5,4,4
1,DeathDescription.LIFETOTAL,11,52.744388580322266,3,0,7,5,4,4
0,DeathDescription.LIFETOTAL,10,28.35845947265625,6,5,1,4,4,4
0,DeathDescription.LIFETOTAL,12,27.895689010620117,7,5,1,5,3,4
0,DeathDescription.LIFETOTAL,10,27.515888214111328,6,5,1,5,4,3
0,DeathDescription.LIFETOTAL,10,33.51998329162598,6,3,3,5,3,4
0,DeathDescription.LIFETOTAL,10,27.666091918945312,6,4,2,3,4,5
1,DeathDescription.LIFETOTAL,11,21.841764450073242,6,4,2,3,5,5
0,DeathDescription.LIFETOTAL,10,27.813434600830078,6,5,1,4,4,4
0,DeathDescription.LIFETOTAL,10,38.75565528869629,6,5,1,5,5,2
1,DeathDescription.LIFETOTAL,11,29.922962188720703,6,4,2,6,5,2
1,DeathDescription.LIFETOTAL,11,34.02066230773926,6,4,2,6,6,1
0,DeathDescription.LIFETOTAL,10,27.338504791259766,6,6,0,5,4,3
0,DeathDescription.LIFETOTAL,10,44.52252388000488,6,5,1,5,4,3
0,DeathDescription.LIFETOTAL,10,26.042699813842773,3,5,4,5,0,7
0,DeathDescription.LIFETOTAL,14,37.464141845703125,5,4,5,5,6,3
0,DeathDescription.LIFETOTAL,10,27.89783477783203,6,5,1,5,4,3
1,DeathDescription.LIFETOTAL,13,42.217254638671875,7,3,3,7,5,2
0,DeathDescription.LIFETOTAL,10,28.34177017211914,5,5,2,5,4,3
1,DeathDescription.LIFETOTAL,11,28.057575225830078,6,4,2,4,5,4
0,DeathDescription.LIFETOTAL,10,26.454448699951172,5,5,2,5,2,5
1,DeathDescription.LIFETOTAL,11,36.412715911865234,6,4,2,6,6,1
0,DeathDescription.LIFETOTAL,10,36.55242919921875,6,5,1,3,0,7
0,DeathDescription.LIFETOTAL,10,26.566743850708008,6,4,2,4,0,7
1,DeathDescription.LIFETOTAL,11,28.44691276550293,6,5,1,6,5,2
0,DeathDescription.LIFETOTAL,10,39.6723747253418,5,5,2,5,4,3
1,DeathDescription.LIFETOTAL,11,30.313730239868164,6,3,3,6,6,1
0,DeathDescription.LIFETOTAL,10,47.45888710021973,4,4,4,3,2,6
1,DeathDescription.LIFETOTAL,11,26.782989501953125,1,0,7,6,4,3
0,DeathDescription.LIFETOTAL,10,33.814430236816406,6,6,0,5,4,3
0,DeathDescription.LIFETOTAL,12,29.004812240600586,7,5,1,6,5,2
0,DeathDescription.LIFETOTAL,10,26.482820510864258,6,5,1,5,3,4
0,DeathDescription.LIFETOTAL,12,36.00811958312988,7,5,1,6,3,4
0,DeathDescription.LIFETOTAL,12,26.903390884399414,5,4,4,3,3,6
1,DeathDescription.LIFETOTAL,13,27.65369415283203,4,2,5,6,6,2
1,DeathDescription.LIFETOTAL,11,31.570911407470703,6,3,3,6,5,2
0,DeathDescription.LIFETOTAL,10,29.475688934326172,6,4,2,5,4,3
0,DeathDescription.LIFETOTAL,10,30.43055534362793,6,4,2,5,3,4
1,DeathDescription.LIFETOTAL,11,41.265010833740234,4,4,4,5,4,4
0,DeathDescription.LIFETOTAL,12,37.30893135070801,5,6,2,3,3,6
1,DeathDescription.LIFETOTAL,11,31.380891799926758,6,3,3,6,5,2
1,DeathDescription.LIFETOTAL,13,50.130367279052734,7,4,2,6,6,2
1,DeathDescription.LIFETOTAL,11,47.16372489929199,5,4,3,6,5,2
1,DeathDescription.LIFETOTAL,13,29.004812240600586,6,2,5,7,6,1
1,DeathDescription.LIFETOTAL,11,30.380725860595703,3,4,5,6,5,2
0,DeathDescription.LIFETOTAL,10,49.6823787689209,6,5,1,5,4,3
1,DeathDescription.LIFETOTAL,13,31.038522720336914,4,4,5,7,7,0
0,DeathDescription.LIFETOTAL,10,26.829242706298828,6,5,1,2,4,6
0,DeathDescription.LIFETOTAL,10,23.953914642333984,4,5,3,5,4,3
0,DeathDescription.LIFETOTAL,10,44.70682144165039,5,6,1,5,4,3
0,DeathDescription.LIFETOTAL,10,30.31015396118164,4,5,3,5,3,4
0,DeathDescription.LIFETOTAL,14,26.000022888183594,5,5,4,7,2,5
0,DeathDescription.LIFETOTAL,10,45.087575912475586,6,5,1,5,4,3
0,DeathDescription.LIFETOTAL,10,37.06192970275879,6,5,1,5,3,4
1,DeathDescription.LIFETOTAL,13,41.164398193359375,5,3,5,7,5,2
1,DeathDescription.LIFETOTAL,13,33.85663032531738,7,4,2,7,6,1
1,DeathDescription.LIFETOTAL,13,40.717363357543945,7,4,2,4,5,5
0,DeathDescription.LIFETOTAL,12,24.077177047729492,7,6,0,6,3,4
0,DeathDescription.LIFETOTAL,10,32.40513801574707,4,4,4,5,4,3
1,DeathDescription.LIFETOTAL,15,37.779808044433594,5,2,6,6,6,3
0,DeathDescription.LIFETOTAL,10,27.918338775634766,6,5,1,5,3,4
0,DeathDescription.LIFETOTAL,12,30.699729919433594,5,5,3,6,3,4
0,DeathDescription.LIFETOTAL,10,38.38038444519043,6,4,2,5,3,4
0,DeathDescription.LIFETOTAL,10,34.76905822753906,4,5,3,5,3,4
1,DeathDescription.LIFETOTAL,13,50.1866340637207,4,5,3,6,6,2
0,DeathDescription.LIFETOTAL,12,31.377077102661133,7,5,1,5,4,4
0,DeathDescription.LIFETOTAL,10,45.74179649353027,6,4,2,5,5,2
0,DeathDescription.LIFETOTAL,10,41.669368743896484,6,4,2,5,4,3
1,DeathDescription.LIFETOTAL,11,24.04642105102539,5,4,3,5,5,3
1,DeathDescription.LIFETOTAL,11,28.958797454833984,4,2,5,6,5,2
0,DeathDescription.LIFETOTAL,10,27.252674102783203,6,5,1,4,1,6
1,DeathDescription.LIFETOTAL,11,29.041528701782227,6,4,2,5,4,4
1,DeathDescription.LIFETOTAL,11,25.559425354003906,2,2,6,5,5,3
1,DeathDescription.LIFETOTAL,13,31.91399574279785,4,5,4,4,5,5
0,DeathDescription.LIFETOTAL,12,28.299331665039062,6,6,1,4,2,5
0,DeathDescription.LIFETOTAL,10,31.901836395263672,6,5,1,5,3,4
1,DeathDescription.LIFETOTAL,13,35.09640693664551,4,2,6,7,6,1
0,DeathDescription.LIFETOTAL,12,36.35001182556152,7,5,1,6,1,6
1,DeathDescription.LIFETOTAL,11,42.91081428527832,4,2,5,6,5,2
0,DeathDescription.LIFETOTAL,12,28.955936431884766,5,6,2,6,3,4
1,DeathDescription.LIFETOTAL,11,46.16284370422363,6,4,2,5,5,3
0,DeathDescription.LIFETOTAL,12,36.136627197265625,5,6,2,4,0,7
1,DeathDescription.LIFETOTAL,13,31.336545944213867,6,5,2,6,5,3
1,DeathDescription.LIFETOTAL,11,31.625747680664062,6,4,2,4,5,4
0,DeathDescription.LIFETOTAL,10,56.365966796875,6,5,1,5,4,3
1,DeathDescription.LIFETOTAL,11,58.072805404663086,5,2,5,4,5,4
1,DeathDescription.LIFETOTAL,11,34.49583053588867,6,3,3,6,5,2
1,DeathDescription.LIFETOTAL,11,24.04618263244629,6,3,3,6,5,2
0,DeathDescription.LIFETOTAL,10,40.45534133911133,6,4,2,5,3,4
0,DeathDescription.LIFETOTAL,12,41.226863861083984,5,5,3,6,4,3
0,DeathDescription.LIFETOTAL,10,23.736238479614258,5,5,2,5,3,4
0,DeathDescription.LIFETOTAL,10,52.84404754638672,5,5,2,3,4,5
1,DeathDescription.LIFETOTAL,11,40.54856300354004,5,5,2,6,5,2
0,DeathDescription.LIFETOTAL,10,37.32776641845703,3,5,4,5,4,3
0,DeathDescription.LIFETOTAL,12,43.46752166748047,5,6,2,5,5,3
0,DeathDescription.LIFETOTAL,10,50.9183406829834,6,4,2,4,4,4
1,DeathDescription.LIFETOTAL,13,30.7919979095459,6,4,3,6,6,2
0,DeathDescription.LIFETOTAL,12,27.902841567993164,7,5,1,5,3,5
1,DeathDescription.LIFETOTAL,11,28.020381927490234,4,0,7,6,5,2
1,DeathDescription.LIFETOTAL,11,32.906532287597656,3,3,6,5,5,3
0,DeathDescription.LIFETOTAL,10,32.095909118652344,6,5,1,5,4,3
0,DeathDescription.LIFETOTAL,14,36.32211685180664,5,5,3,2,2,6
1,DeathDescription.LIFETOTAL,13,26.682376861572266,4,4,5,7,5,2
0,DeathDescription.LIFETOTAL,10,41.53323173522949,4,5,3,5,0,7
0,DeathDescription.LIFETOTAL,12,31.100749969482422,7,5,1,6,1,6
1,DeathDescription.LIFETOTAL,11,25.566577911376953,6,4,2,6,5,2
0,DeathDescription.LIFETOTAL,10,32.85717964172363,6,5,1,5,0,7
1,DeathDescription.LIFETOTAL,11,33.7526798248291,4,4,4,5,6,2
0,DeathDescription.LIFETOTAL,10,45.10760307312012,6,5,1,5,2,5
1,DeathDescription.LIFETOTAL,11,30.223846435546875,6,3,3,6,6,1
1,DeathDescription.LIFETOTAL,11,27.399301528930664,4,1,6,6,4,3
0,DeathDescription.LIFETOTAL,12,51.12624168395996,7,4,2,6,4,3
0,DeathDescription.LIFETOTAL,10,37.74738311767578,4,5,3,5,4,3
1,DeathDescription.LIFETOTAL,21,37.33468055725098,5,3,4,7,5,4
0,DeathDescription.LIFETOTAL,12,25.684118270874023,5,5,3,6,5,2
0,DeathDescription.LIFETOTAL,10,38.72060775756836,6,6,0,4,3,5
0,DeathDescription.LIFETOTAL,10,20.935773849487305,6,4,2,4,4,4
0,DeathDescription.LIFETOTAL,10,27.578353881835938,6,5,1,4,3,5
1,DeathDescription.LIFETOTAL,11,44.55995559692383,6,3,3,5,5,3
0,DeathDescription.LIFETOTAL,10,37.28532791137695,4,5,3,5,4,3
1,DeathDescription.LIFETOTAL,11,32.94944763183594,5,4,3,6,5,2
0,DeathDescription.LIFETOTAL,10,35.57467460632324,6,4,2,5,4,3
0,DeathDescription.LIFETOTAL,12,25.469064712524414,6,5,2,6,5,2
0,DeathDescription.LIFETOTAL,12,30.999422073364258,5,5,3,6,3,4
0,DeathDescription.LIFETOTAL,10,26.23152732849121,5,5,2,5,3,4
0,DeathDescription.LIFETOTAL,10,35.645484924316406,6,4,2,5,5,2
1,DeathDescription.LIFETOTAL,11,33.237457275390625,3,1,6,5,6,2
1,DeathDescription.LIFETOTAL,11,28.490304946899414,6,4,2,6,7,0
0,DeathDescription.LIFETOTAL,10,27.83036231994629,6,5,1,5,1,6
0,DeathDescription.LIFETOTAL,10,38.86222839355469,6,5,1,5,0,7
0,DeathDescription.LIFETOTAL,12,29.912948608398438,4,5,4,5,5,3
1,DeathDescription.LIFETOTAL,13,30.852317810058594,6,5,2,7,5,2
1,DeathDescription.LIFETOTAL,11,28.654813766479492,5,4,3,6,4,3
0,DeathDescription.LIFETOTAL,10,38.573503494262695,5,5,2,5,3,4
0,DeathDescription.LIFETOTAL,10,23.693561553955078,5,5,2,4,3,5
1,DeathDescription.LIFETOTAL,13,31.6622257232666,7,4,2,7,5,2
0,DeathDescription.LIFETOTAL,10,21.871089935302734,4,6,2,5,3,4
1,DeathDescription.LIFETOTAL,11,50.191402435302734,6,5,1,5,7,1
0,DeathDescription.LIFETOTAL,10,21.638870239257812,5,6,1,4,3,5
0,DeathDescription.LIFETOTAL,12,33.8897705078125,5,6,2,4,4,5
1,DeathDescription.LIFETOTAL,13,24.325132369995117,5,0,7,5,6,3
0,DeathDescription.LIFETOTAL,10,31.45432472229004,6,5,1,3,4,5
0,DeathDescription.LIFETOTAL,10,28.68962287902832,6,6,0,5,3,4
0,DeathDescription.LIFETOTAL,10,31.345367431640625,5,6,1,3,2,6
0,DeathDescription.LIFETOTAL,10,27.278423309326172,6,5,1,5,3,4
0,DeathDescription.LIFETOTAL,12,36.77630424499512,5,5,3,2,0,7
1,DeathDescription.LIFETOTAL,13,28.003215789794922,7,6,0,7,6,1
0,DeathDescription.LIFETOTAL,12,29.657840728759766,6,6,1,6,4,3
0,DeathDescription.LIFETOTAL,10,32.86337852478027,6,4,2,2,3,7
0,DeathDescription.LIFETOTAL,12,49.15976524353027,4,6,3,5,5,3
0,DeathDescription.LIFETOTAL,10,22.327423095703125,4,5,3,5,4,3
1,DeathDescription.LIFETOTAL,11,23.944854736328125,5,4,3,6,5,2
1,DeathDescription.LIFETOTAL,11,38.6195182800293,6,4,2,5,6,2
1,DeathDescription.LIFETOTAL,11,30.277490615844727,4,4,4,5,5,3
0,DeathDescription.LIFETOTAL,10,42.452096939086914,6,4,2,5,4,3
1,DeathDescription.LIFETOTAL,11,41.756629943847656,6,3,3,6,5,2
0,DeathDescription.LIFETOTAL,10,26.06201171875,6,4,2,3,4,5
0,DeathDescription.LIFETOTAL,10,44.022321701049805,6,5,1,4,0,7
1,DeathDescription.LIFETOTAL,11,24.01876449584961,6,2,4,6,5,2
0,DeathDescription.LIFETOTAL,10,36.997079849243164,4,5,3,5,4,3
1,DeathDescription.LIFETOTAL,13,46.27108573913574,6,5,2,7,5,2
1,DeathDescription.LIFETOTAL,11,36.13758087158203,5,2,5,6,6,1
0,DeathDescription.LIFETOTAL,10,33.94961357116699,6,4,2,2,0,7
1,DeathDescription.LIFETOTAL,11,33.7979793548584,5,0,7,4,5,4
0,DeathDescription.LIFETOTAL,10,35.06827354431152,5,5,2,5,3,4
0,DeathDescription.LIFETOTAL,10,21.490097045898438,5,6,1,5,4,3
0,DeathDescription.LIFETOTAL,10,27.894020080566406,6,6,0,5,4,3
0,DeathDescription.LIFETOTAL,10,32.3026180267334,5,4,3,5,4,3
0,DeathDescription.LIFETOTAL,12,24.45220947265625,5,5,3,5,3,4
0,DeathDescription.LIFETOTAL,10,28.1832218170166,6,4,2,5,3,4
1,DeathDescription.LIFETOTAL,11,23.62060546875,5,3,4,5,5,3
0,DeathDescription.LIFETOTAL,10,56.939125061035156,6,4,2,5,0,7
0,DeathDescription.LIFETOTAL,12,58.72511863708496,5,7,1,5,1,6
0,DeathDescription.LIFETOTAL,10,23.14615249633789,6,4,2,5,2,5
0,DeathDescription.LIFETOTAL,10,26.320219039916992,6,5,1,5,0,7
0,DeathDescription.LIFETOTAL,12,29.975414276123047,4,6,3,4,0,7
0,DeathDescription.LIFETOTAL,12,47.748565673828125,6,5,2,5,3,5
1,DeathDescription.LIFETOTAL,11,36.45825386047363,6,3,3,6,5,2
1,DeathDescription.LIFETOTAL,11,38.625478744506836,6,4,2,6,6,1
0,DeathDescription.LIFETOTAL,10,34.07144546508789,5,5,2,5,3,4
0,DeathDescription.LIFETOTAL,12,30.276060104370117,5,6,2,5,5,3
0,DeathDescription.LIFETOTAL,10,51.036834716796875,4,6,2,5,2,5
0,DeathDescription.LIFETOTAL,10,37.26673126220703,6,5,1,5,3,4
1,DeathDescription.LIFETOTAL,11,44.302940368652344,6,3,3,6,5,2
0,DeathDescription.LIFETOTAL,10,41.281700134277344,6,4,2,4,4,4
1,DeathDescription.LIFETOTAL,11,31.740665435791016,5,2,5,5,5,3
0,DeathDescription.LIFETOTAL,10,43.015241622924805,6,5,1,5,4,3
1,DeathDescription.LIFETOTAL,11,38.47622871398926,5,0,7,6,5,2
0,DeathDescription.LIFETOTAL,10,39.290666580200195,6,6,0,5,4,3
1,DeathDescription.LIFETOTAL,11,33.82277488708496,4,5,3,6,5,2
0,DeathDescription.LIFETOTAL,10,27.94671058654785,6,4,2,5,3,4
0,DeathDescription.LIFETOTAL,10,22.756338119506836,4,5,3,3,0,7
0,DeathDescription.LIFETOTAL,10,30.286788940429688,5,6,1,5,3,4
1,DeathDescription.LIFETOTAL,11,29.456138610839844,3,4,5,6,4,3
1,DeathDescription.LIFETOTAL,13,47.12533950805664,4,4,4,4,4,6
0,DeathDescription.LIFETOTAL,10,34.329891204833984,4,5,3,5,3,4
0,DeathDescription.LIFETOTAL,10,27.77576446533203,4,5,3,5,4,3
1,DeathDescription.LIFETOTAL,11,35.09879112243652,6,3,3,6,5,2
0,DeathDescription.LIFETOTAL,10,21.471023559570312,6,4,2,5,5,2
0,DeathDescription.LIFETOTAL,10,38.85674476623535,6,5,1,5,3,4
0,DeathDescription.LIFETOTAL,10,23.274898529052734,4,5,3,3,4,5
0,DeathDescription.LIFETOTAL,10,49.3922233581543,4,6,2,5,4,3
0,DeathDescription.LIFETOTAL,12,28.50508689880371,5,5,3,5,3,4
0,DeathDescription.LIFETOTAL,10,39.01076316833496,4,5,3,5,0,7
0,DeathDescription.LIFETOTAL,12,45.1505184173584,7,5,1,4,1,6
0,DeathDescription.LIFETOTAL,10,33.39195251464844,6,5,1,5,4,3
0,DeathDescription.LIFETOTAL,10,47.18184471130371,6,4,2,2,0,7
0,DeathDescription.LIFETOTAL,12,24.92213249206543,5,7,1,5,4,4
1,DeathDescription.LIFETOTAL,13,40.595293045043945,6,4,3,4,4,5
0,DeathDescription.LIFETOTAL,10,47.472476959228516,6,5,1,2,0,7
0,DeathDescription.LIFETOTAL,12,29.619455337524414,5,6,2,6,1,6
0,DeathDescription.LIFETOTAL,10,37.25075721740723,5,4,3,5,4,3
0,DeathDescription.LIFETOTAL,12,41.92066192626953,4,5,4,4,3,6
1,DeathDescription.LIFETOTAL,11,28.680801391601562,6,4,2,5,6,2
0,DeathDescription.LIFETOTAL,10,32.96470642089844,6,4,2,5,4,3
0,DeathDescription.LIFETOTAL,10,34.77191925048828,2,5,5,5,4,3
1,DeathDescription.LIFETOTAL,11,38.31815719604492,6,3,3,5,6,2
1,DeathDescription.LIFETOTAL,11,29.387235641479492,6,4,2,6,5,2
1,DeathDescription.LIFETOTAL,11,23.60677719116211,6,4,2,6,6,1
0,DeathDescription.LIFETOTAL,10,43.5032844543457,6,4,2,5,4,3
0,DeathDescription.LIFETOTAL,10,42.006492614746094,4,5,3,5,0,7
0,DeathDescription.LIFETOTAL,10,34.72638130187988,5,5,2,4,3,5
0,DeathDescription.LIFETOTAL,20,36.23342514038086,7,5,3,4,2,5
0,DeathDescription.LIFETOTAL,10,28.05495262145996,6,5,1,5,4,3
1,DeathDescription.LIFETOTAL,11,30.02762794494629,6,5,1,6,5,2
0,DeathDescription.LIFETOTAL,10,26.984453201293945,6,6,0,3,3,6
0,DeathDescription.LIFETOTAL,12,27.513504028320312,6,6,1,6,4,3
0,DeathDescription.LIFETOTAL,10,35.82358360290527,3,5,4,4,3,4
1,DeathDescription.LIFETOTAL,11,31.956195831298828,5,4,3,5,5,3
1,DeathDescription.LIFETOTAL,11,36.669254302978516,6,3,3,6,5,2
0,DeathDescription.LIFETOTAL,10,26.318788528442383,5,4,3,2,0,7
0,DeathDescription.LIFETOTAL,10,31.406402587890625,5,5,2,5,4,3
0,DeathDescription.LIFETOTAL,10,22.860288619995117,6,5,1,5,2,5
0,DeathDescription.LIFETOTAL,10,40.53664207458496,6,4,2,5,3,4
1,DeathDescription.LIFETOTAL,11,35.84790229797363,6,2,4,6,5,2
0,DeathDescription.LIFETOTAL,12,36.29755973815918,7,4,2,6,4,3
1,DeathDescription.LIFETOTAL,11,22.386789321899414,3,2,6,6,5,2
0,DeathDescription.LIFETOTAL,12,46.54860496520996,4,6,3,6,4,3
0,DeathDescription.LIFETOTAL,10,23.005962371826172,4,4,4,5,4,3
0,DeathDescription.LIFETOTAL,10,20.1871395111084,4,5,3,4,1,6
1,DeathDescription.LIFETOTAL,11,38.04135322570801,6,4,2,4,5,4
0,DeathDescription.LIFETOTAL,12,52.63638496398926,6,6,1,6,4,3
1,DeathDescription.LIFETOTAL,11,23.634672164916992,5,5,2,4,4,5
0,DeathDescription.LIFETOTAL,14,66.12682342529297,3,5,6,7,5,2
0,DeathDescription.LIFETOTAL,10,47.080039978027344,5,5,2,2,3,6
0,DeathDescription.LIFETOTAL,10,34.93475914001465,6,5,1,5,2,5
0,DeathDescription.LIFETOTAL,10,26.652097702026367,5,6,1,5,4,3
1,DeathDescription.LIFETOTAL,11,27.629613876342773,4,4,4,6,6,1
0,DeathDescription.LIFETOTAL,10,25.597333908081055,6,4,2,3,4,5
0,DeathDescription.LIFETOTAL,12,55.08565902709961,5,6,2,4,2,6
0,DeathDescription.LIFETOTAL,10,29.27994728088379,5,5,2,4,2,6
0,DeathDescription.LIFETOTAL,10,31.480073928833008,6,4,2,5,0,7
0,DeathDescription.LIFETOTAL,10,34.81626510620117,6,5,1,4,3,5
1,DeathDescription.LIFETOTAL,11,26.540279388427734,5,4,3,6,5,2
1,DeathDescription.LIFETOTAL,11,23.072481155395508,5,4,3,5,5,3
0,DeathDescription.LIFETOTAL,10,42.974233627319336,4,5,3,5,4,3
0,DeathDescription.LIFETOTAL,10,39.01839256286621,6,4,2,5,1,6
1,DeathDescription.LIFETOTAL,11,28.578996658325195,3,2,6,5,5,3
1,DeathDescription.LIFETOTAL,11,22.80402183532715,4,1,6,6,6,1
0,DeathDescription.LIFETOTAL,10,27.019739151000977,4,5,3,5,4,3
0,DeathDescription.LIFETOTAL,10,25.4819393157959,4,4,4,5,4,3
1,DeathDescription.LIFETOTAL,11,30.86996078491211,6,4,2,6,5,2
0,DeathDescription.LIFETOTAL,10,28.486013412475586,6,4,2,5,4,3
1,DeathDescription.LIFETOTAL,11,30.045032501220703,6,2,4,6,5,2
1,DeathDescription.LIFETOTAL,13,49.47018623352051,7,6,0,6,6,2
1,DeathDescription.LIFETOTAL,11,28.63001823425293,5,4,3,6,5,2
0,DeathDescription.LIFETOTAL,10,31.726598739624023,6,4,2,5,3,4
0,DeathDescription.LIFETOTAL,12,25.080204010009766,7,5,1,6,4,3
1,DeathDescription.LIFETOTAL,11,60.172319412231445,4,3,5,6,6,1
1,DeathDescription.LIFETOTAL,11,23.21457862854004,6,4,2,6,4,3
1,DeathDescription.LIFETOTAL,11,26.479721069335938,4,4,4,3,5,5
0,DeathDescription.LIFETOTAL,12,44.353485107421875,7,5,1,4,4,5
0,DeathDescription.LIFETOTAL,10,59.7844123840332,6,5,1,5,4,3
0,DeathDescription.LIFETOTAL,10,38.28263282775879,6,5,1,4,4,4
0,DeathDescription.LIFETOTAL,10,22.144079208374023,5,5,2,5,4,3
1,DeathDescription.LIFETOTAL,11,41.03589057922363,6,5,1,5,5,3
0,DeathDescription.LIFETOTAL,10,56.94293975830078,6,4,2,5,3,4
1,DeathDescription.LIFETOTAL,11,32.37462043762207,6,4,2,3,5,5
0,DeathDescription.LIFETOTAL,10,26.498794555664062,4,6,2,5,4,3
1,DeathDescription.LIFETOTAL,13,41.400909423828125,5,1,6,3,5,6
0,DeathDescription.LIFETOTAL,14,61.13076210021973,6,6,2,5,4,4
1,DeathDescription.LIFETOTAL,11,38.57088088989258,4,4,4,6,6,1
0,DeathDescription.LIFETOTAL,10,26.76868438720703,6,5,1,5,3,4
1,DeathDescription.LIFETOTAL,11,32.56845474243164,6,4,2,6,5,2
0,DeathDescription.LIFETOTAL,12,29.30450439453125,6,6,1,4,4,4
1,DeathDescription.LIFETOTAL,13,44.60334777832031,4,4,4,6,6,2
1,DeathDescription.LIFETOTAL,11,28.569459915161133,5,5,2,5,6,2
0,DeathDescription.LIFETOTAL,12,33.52046012878418,4,4,5,4,4,5
0,DeathDescription.LIFETOTAL,10,39.11709785461426,4,5,3,5,4,3
1,DeathDescription.LIFETOTAL,11,39.07275199890137,4,1,6,6,6,1
0,DeathDescription.LIFETOTAL,12,35.117387771606445,6,5,2,6,4,3
0,DeathDescription.LIFETOTAL,10,38.834571838378906,6,4,2,4,4,4
0,DeathDescription.LIFETOTAL,10,23.198604583740234,4,5,3,5,3,4
0,DeathDescription.LIFETOTAL,10,37.99104690551758,4,5,3,5,2,5
0,DeathDescription.LIFETOTAL,10,44.486045837402344,6,5,1,5,4,3
0,DeathDescription.LIFETOTAL,12,35.151004791259766,6,6,1,6,4,3
0,DeathDescription.LIFETOTAL,10,37.754058837890625,5,5,2,4,4,4
0,DeathDescription.LIFETOTAL,12,35.683393478393555,7,5,1,4,5,4
0,DeathDescription.LIFETOTAL,10,36.653995513916016,5,4,3,2,4,6
1,DeathDescription.LIFETOTAL,11,21.689653396606445,5,4,3,6,5,2
0,DeathDescription.LIFETOTAL,10,21.03281021118164,5,6,1,3,3,5
0,DeathDescription.LIFETOTAL,12,56.28061294555664,5,5,3,6,4,3
0,DeathDescription.LIFETOTAL,10,21.001338958740234,4,5,3,2,2,7
0,DeathDescription.LIFETOTAL,12,23.502349853515625,5,6,2,6,2,5
1,DeathDescription.LIFETOTAL,11,45.16482353210449,6,4,2,4,5,4
0,DeathDescription.LIFETOTAL,10,31.98981285095215,5,5,2,5,4,3
1,DeathDescription.LIFETOTAL,11,36.76128387451172,6,4,2,4,5,4
0,DeathDescription.LIFETOTAL,10,37.7504825592041,5,5,2,5,4,3
0,DeathDescription.LIFETOTAL,10,42.54436492919922,5,5,2,5,4,3
1,DeathDescription.LIFETOTAL,11,23.257732391357422,4,4,4,5,6,2
0,DeathDescription.LIFETOTAL,10,33.68425369262695,3,4,5,5,4,3
0,DeathDescription.LIFETOTAL,10,22.89438247680664,5,5,2,5,4,3
0,DeathDescription.LIFETOTAL,10,26.58534049987793,6,4,2,5,1,6
0,DeathDescription.LIFETOTAL,12,29.87074851989746,6,5,2,6,5,2
1,DeathDescription.LIFETOTAL,11,35.939931869506836,4,4,4,4,5,4
0,DeathDescription.LIFETOTAL,10,36.832571029663086,4,5,3,5,3,4
0,DeathDescription.LIFETOTAL,10,42.47283935546875,5,4,3,4,4,4
0,DeathDescription.LIFETOTAL,10,52.1388053894043,2,5,5,5,3,4
0,DeathDescription.LIFETOTAL,12,35.91346740722656,7,4,2,3,1,6
0,DeathDescription.LIFETOTAL,10,21.582841873168945,4,5,3,5,3,4
0,DeathDescription.LIFETOTAL,10,23.403406143188477,5,5,2,3,4,5
0,DeathDescription.LIFETOTAL,10,37.923574447631836,4,5,3,5,4,3
1,DeathDescription.LIFETOTAL,11,38.86604309082031,4,0,7,6,5,2
1,DeathDescription.LIFETOTAL,11,43.29729080200195,4,3,5,6,6,1
0,DeathDescription.LIFETOTAL,10,22.114276885986328,6,4,2,5,4,3
0,DeathDescription.LIFETOTAL,12,27.98175811767578,7,4,2,6,3,4
0,DeathDescription.LIFETOTAL,10,34.08670425415039,5,6,1,3,4,5
1,DeathDescription.LIFETOTAL,11,28.272390365600586,5,4,3,6,4,3
1,DeathDescription.LIFETOTAL,11,59.24034118652344,6,4,2,5,5,3
1,DeathDescription.LIFETOTAL,11,39.70766067504883,3,2,6,6,6,1
0,DeathDescription.LIFETOTAL,10,34.441471099853516,6,4,2,5,2,5
0,DeathDescription.LIFETOTAL,10,32.697439193725586,5,5,2,5,3,4
0,DeathDescription.LIFETOTAL,12,29.016971588134766,5,5,3,6,4,3
0,DeathDescription.LIFETOTAL,10,36.992549896240234,6,4,2,4,4,4
0,DeathDescription.LIFETOTAL,10,32.804012298583984,4,6,2,5,3,4
0,DeathDescription.LIFETOTAL,12,25.202035903930664,7,5,1,6,6,1
1,DeathDescription.LIFETOTAL,11,37.634849548339844,3,4,5,4,5,4
0,DeathDescription.LIFETOTAL,10,37.2471809387207,5,5,2,5,4,3
0,DeathDescription.LIFETOTAL,12,33.06078910827637,7,5,1,4,0,7
0,DeathDescription.LIFETOTAL,10,37.38760948181152,6,4,2,5,3,4
0,DeathDescription.LIFETOTAL,12,48.29096794128418,4,5,4,6,0,7
0,DeathDescription.LIFETOTAL,10,41.16678237915039,5,5,2,5,3,4
1,DeathDescription.LIFETOTAL,13,30.251264572143555,6,5,2,7,3,4
0,DeathDescription.LIFETOTAL,10,20.798921585083008,4,5,3,4,0,7
0,DeathDescription.LIFETOTAL,12,28.134822845458984,7,5,1,3,3,5
0,DeathDescription.LIFETOTAL,12,39.511680603027344,6,5,2,4,4,5
0,DeathDescription.LIFETOTAL,12,39.30997848510742,5,5,3,6,4,3
0,DeathDescription.LIFETOTAL,10,33.68401527404785,6,4,2,5,4,3
0,DeathDescription.LIFETOTAL,10,36.42010688781738,5,5,2,5,5,2
0,DeathDescription.LIFETOTAL,10,23.41318130493164,6,5,1,5,2,5
1,DeathDescription.LIFETOTAL,13,26.867151260375977,3,2,6,7,6,1
1,DeathDescription.LIFETOTAL,11,24.96504783630371,6,5,1,6,5,2
0,DeathDescription.LIFETOTAL,10,40.90571403503418,6,5,1,5,4,3
0,DeathDescription.LIFETOTAL,10,34.30604934692383,5,6,1,5,4,3
1,DeathDescription.LIFETOTAL,11,23.98085594177246,5,4,3,4,6,3
0,DeathDescription.LIFETOTAL,10,33.1883430480957,4,5,3,4,3,5
0,DeathDescription.LIFETOTAL,10,23.44059944152832,6,5,1,4,3,5
0,DeathDescription.LIFETOTAL,10,47.78695106506348,4,5,3,5,3,4
1,DeathDescription.LIFETOTAL,11,20.775556564331055,3,2,5,5,5,3
0,DeathDescription.LIFETOTAL,10,26.318788528442383,6,5,1,4,2,5
0,DeathDescription.LIFETOTAL,10,34.42502021789551,2,5,5,5,4,3
0,DeathDescription.LIFETOTAL,12,37.02998161315918,7,5,1,6,4,3
0,DeathDescription.LIFETOTAL,12,45.073747634887695,7,5,1,6,5,2
1,DeathDescription.LIFETOTAL,15,31.610965728759766,3,0,7,4,5,5
0,DeathDescription.LIFETOTAL,10,37.400007247924805,6,5,1,2,0,7
0,DeathDescription.LIFETOTAL,10,28.14340591430664,6,5,1,5,3,4
1,DeathDescription.LIFETOTAL,11,22.48406410217285,6,3,3,5,5,3
0,DeathDescription.LIFETOTAL,10,26.89838409423828,6,4,2,5,3,4
1,DeathDescription.LIFETOTAL,13,36.44704818725586,6,2,5,7,5,2
0,DeathDescription.LIFETOTAL,10,23.28205108642578,6,5,1,5,3,4
1,DeathDescription.LIFETOTAL,11,22.939682006835938,4,3,4,4,5,4
0,DeathDescription.LIFETOTAL,12,23.802518844604492,7,4,2,6,3,4
1,DeathDescription.LIFETOTAL,13,40.682077407836914,2,2,6,4,5,5
0,DeathDescription.LIFETOTAL,10,37.191152572631836,6,5,1,4,4,4
1,DeathDescription.LIFETOTAL,13,28.954505920410156,4,0,7,5,7,2
0,DeathDescription.LIFETOTAL,10,27.699708938598633,5,6,1,4,4,4
0,DeathDescription.LIFETOTAL,12,46.387672424316406,6,6,1,6,4,3
1,DeathDescription.LIFETOTAL,11,36.20743751525879,3,0,7,4,5,4
0,DeathDescription.LIFETOTAL,10,27.67205238342285,6,6,0,5,5,2
0,DeathDescription.LIFETOTAL,10,27.525901794433594,6,5,1,4,4,4
0,DeathDescription.LIFETOTAL,12,40.055036544799805,4,5,4,6,4,3
1,DeathDescription.LIFETOTAL,13,38.42782974243164,5,4,4,6,7,1
1,DeathDescription.LIFETOTAL,11,43.5643196105957,3,3,6,4,6,3
0,DeathDescription.LIFETOTAL,10,27.451753616333008,4,5,3,5,3,4
1,DeathDescription.LIFETOTAL,13,33.02764892578125,6,4,3,7,5,2
1,DeathDescription.LIFETOTAL,11,28.731822967529297,5,3,4,6,5,2
0,DeathDescription.LIFETOTAL,10,27.891159057617188,6,5,1,5,4,3
1,DeathDescription.LIFETOTAL,11,33.769845962524414,4,4,4,5,6,2
0,DeathDescription.LIFETOTAL,10,48.39801788330078,5,6,1,4,2,6
0,DeathDescription.LIFETOTAL,10,21.6214656829834,5,5,2,5,4,3
0,DeathDescription.LIFETOTAL,10,33.91623497009277,6,5,1,5,4,3
0,DeathDescription.LIFETOTAL,10,21.552085876464844,6,4,2,4,2,5
0,DeathDescription.LIFETOTAL,10,32.05680847167969,4,5,3,5,3,4
1,DeathDescription.LIFETOTAL,11,44.480323791503906,6,3,3,6,4,3
1,DeathDescription.LIFETOTAL,15,40.90738296508789,3,0,7,8,5,2
0,DeathDescription.LIFETOTAL,10,20.242691040039062,5,5,2,5,4,3
1,DeathDescription.LIFETOTAL,15,45.537471771240234,4,0,7,6,8,1
0,DeathDescription.LIFETOTAL,10,28.04851531982422,6,5,1,4,4,4
1,DeathDescription.LIFETOTAL,11,23.037195205688477,6,0,6,5,5,3
1,DeathDescription.LIFETOTAL,11,33.591508865356445,6,4,2,6,4,3
0,DeathDescription.LIFETOTAL,12,35.36415100097656,6,5,2,6,5,2
0,DeathDescription.LIFETOTAL,10,22.935152053833008,3,5,4,5,4,3
0,DeathDescription.LIFETOTAL,10,27.32563018798828,6,5,1,5,4,3
1,DeathDescription.LIFETOTAL,13,25.455951690673828,7,1,5,6,6,2
1,DeathDescription.LIFETOTAL,11,31.26215934753418,6,4,2,6,5,2
1,DeathDescription.LIFETOTAL,11,37.8568172454834,4,3,5,6,5,2
0,DeathDescription.LIFETOTAL,10,27.320384979248047,6,6,0,5,5,2
0,DeathDescription.LIFETOTAL,12,22.614240646362305,7,5,1,3,0,7
0,DeathDescription.LIFETOTAL,10,33.53571891784668,6,5,1,4,3,5
0,DeathDescription.LIFETOTAL,10,22.100210189819336,4,5,3,4,4,4
0,DeathDescription.LIFETOTAL,12,23.149728775024414,7,4,2,5,4,4
1,DeathDescription.LIFETOTAL,11,47.289371490478516,6,0,6,5,6,2
0,DeathDescription.LIFETOTAL,10,35.13741493225098,6,4,2,5,3,4
0,DeathDescription.LIFETOTAL,10,42.61445999145508,6,5,1,5,2,5
0,DeathDescription.LIFETOTAL,10,35.923004150390625,6,6,0,4,4,4
1,DeathDescription.LIFETOTAL,13,29.742002487182617,4,4,5,7,4,3
0,DeathDescription.LIFETOTAL,10,44.43049430847168,5,5,2,3,4,5
1,DeathDescription.LIFETOTAL,11,32.27996826171875,6,2,4,6,6,1
0,DeathDescription.LIFETOTAL,10,26.65233612060547,3,5,4,5,3,4
0,DeathDescription.LIFETOTAL,10,21.567106246948242,6,4,2,5,4,3
1,DeathDescription.LIFETOTAL,11,39.092063903808594,6,4,2,6,4,3
0,DeathDescription.LIFETOTAL,10,33.04338455200195,5,6,1,2,2,7
1,DeathDescription.LIFETOTAL,15,62.02101707458496,6,3,4,8,3,4
0,DeathDescription.LIFETOTAL,10,41.570425033569336,6,5,1,5,4,3
0,DeathDescription.LIFETOTAL,10,33.85519981384277,5,5,2,2,2,6
0,DeathDescription.LIFETOTAL,10,28.499126434326172,3,5,4,4,5,3
0,DeathDescription.LIFETOTAL,10,22.53270149230957,6,5,1,5,4,3
0,DeathDescription.LIFETOTAL,12,29.791593551635742,7,5,1,5,4,4
1,DeathDescription.LIFETOTAL,11,36.65304183959961,5,5,2,6,6,1
0,DeathDescription.LIFETOTAL,10,28.670310974121094,5,4,3,4,4,4
1,DeathDescription.LIFETOTAL,11,34.60335731506348,6,3,3,5,5,3
0,DeathDescription.LIFETOTAL,10,32.979726791381836,6,5,1,4,4,4
1,DeathDescription.LIFETOTAL,15,34.02829170227051,3,3,5,6,7,1
1,DeathDescription.LIFETOTAL,11,65.4451847076416,6,5,1,6,7,0
1,DeathDescription.LIFETOTAL,13,26.7026424407959,4,4,4,7,5,2
0,DeathDescription.LIFETOTAL,10,26.671409606933594,5,4,3,4,4,4
1,DeathDescription.LIFETOTAL,11,39.04557228088379,1,0,7,5,5,3
0,DeathDescription.LIFETOTAL,10,42.87838935852051,4,5,3,4,4,4
1,DeathDescription.LIFETOTAL,11,28.677701950073242,6,4,2,6,6,1
0,DeathDescription.LIFETOTAL,12,36.04769706726074,6,6,1,6,4,3
1,DeathDescription.LIFETOTAL,11,24.09505844116211,5,4,3,5,5,3
1,DeathDescription.LIFETOTAL,11,28.918981552124023,6,4,2,6,6,1
0,DeathDescription.LIFETOTAL,10,28.10192108154297,4,5,3,4,4,4
1,DeathDescription.LIFETOTAL,11,39.37864303588867,3,1,6,6,5,2
0,DeathDescription.LIFETOTAL,12,39.734840393066406,7,4,2,5,0,7
1,DeathDescription.LIFETOTAL,13,30.902385711669922,4,1,6,5,6,3
0,DeathDescription.LIFETOTAL,12,33.975839614868164,5,5,3,5,5,3
1,DeathDescription.LIFETOTAL,11,44.48127746582031,4,0,7,4,5,4
0,DeathDescription.LIFETOTAL,10,21.28314971923828,6,5,1,4,1,6
0,DeathDescription.LIFETOTAL,10,27.11629867553711,5,5,2,5,4,3
0,DeathDescription.LIFETOTAL,10,32.34291076660156,5,4,3,5,4,3
0,DeathDescription.LIFETOTAL,10,28.748273849487305,4,5,3,2,0,7
0,DeathDescription.LIFETOTAL,10,27.71592140197754,4,5,3,5,5,2
0,DeathDescription.LIFETOTAL,12,29.0830135345459,5,4,4,2,3,6
0,DeathDescription.LIFETOTAL,12,24.885892868041992,6,5,2,5,5,3
1,DeathDescription.LIFETOTAL,11,39.57676887512207,5,3,4,6,5,2
0,DeathDescription.LIFETOTAL,10,32.05704689025879,5,5,2,5,4,3
0,DeathDescription.LIFETOTAL,14,31.55827522277832,7,5,2,7,6,1
1,DeathDescription.LIFETOTAL,13,24.975299835205078,5,3,5,7,5,2
0,DeathDescription.LIFETOTAL,10,27.2214412689209,5,5,2,5,1,6
0,DeathDescription.LIFETOTAL,10,22.34339714050293,5,4,3,5,3,4
0,DeathDescription.LIFETOTAL,12,25.16484260559082,7,3,3,5,5,3
0,DeathDescription.LIFETOTAL,12,21.553516387939453,7,6,0,2,0,7
0,DeathDescription.LIFETOTAL,10,26.46780014038086,5,5,2,5,1,6
0,DeathDescription.LIFETOTAL,10,24.211883544921875,5,6,1,4,4,4
0,DeathDescription.LIFETOTAL,10,34.73091125488281,6,4,2,5,4,3
0,DeathDescription.LIFETOTAL,12,49.28922653198242,6,6,1,4,4,5
0,DeathDescription.LIFETOTAL,12,28.775691986083984,5,6,2,6,1,6
0,DeathDescription.LIFETOTAL,10,44.801950454711914,6,5,1,5,3,4
0,DeathDescription.LIFETOTAL,10,22.809982299804688,5,6,1,5,4,3
0,DeathDescription.LIFETOTAL,12,23.530244827270508,7,5,1,4,0,7
1,DeathDescription.LIFETOTAL,11,22.866487503051758,6,4,2,4,5,4
0,DeathDescription.LIFETOTAL,12,45.84646224975586,5,5,3,5,4,4
1,DeathDescription.LIFETOTAL,11,32.59110450744629,4,1,6,4,5,4
0,DeathDescription.LIFETOTAL,10,23.902416229248047,6,4,2,5,4,3
1,DeathDescription.LIFETOTAL,11,32.982587814331055,3,0,7,6,4,3
1,DeathDescription.LIFETOTAL,13,41.4576530456543,5,5,3,7,5,2
1,DeathDescription.LIFETOTAL,11,34.19137001037598,6,3,3,4,6,3
1,DeathDescription.LIFETOTAL,11,34.25264358520508,5,5,2,6,5,2
0,DeathDescription.LIFETOTAL,10,21.179914474487305,6,5,1,5,3,4
0,DeathDescription.LIFETOTAL,10,39.16025161743164,5,5,2,5,5,2
0,DeathDescription.LIFETOTAL,10,38.28167915344238,5,6,1,4,4,4
1,DeathDescription.LIFETOTAL,11,23.027896881103516,3,4,5,6,5,2
1,DeathDescription.LIFETOTAL,11,30.45654296875,3,1,6,6,4,3
0,DeathDescription.LIFETOTAL,12,47.089338302612305,5,5,3,4,3,5
0,DeathDescription.LIFETOTAL,10,27.802705764770508,6,5,1,5,3,4
1,DeathDescription.LIFETOTAL,11,28.77068519592285,6,4,2,5,5,3
0,DeathDescription.LIFETOTAL,10,38.66147994995117,5,5,2,4,4,4
0,DeathDescription.LIFETOTAL,10,45.16768455505371,4,5,3,4,1,6
0,DeathDescription.LIFETOTAL,10,28.0306339263916,6,5,1,5,3,4
1,DeathDescription.LIFETOTAL,11,29.984235763549805,2,0,7,6,5,2
0,DeathDescription.LIFETOTAL,10,35.62784194946289,6,4,2,5,4,3
1,DeathDescription.LIFETOTAL,11,50.572872161865234,6,4,2,5,6,2
1,DeathDescription.LIFETOTAL,13,32.51218795776367,5,4,4,6,5,3
1,DeathDescription.LIFETOTAL,11,54.589033126831055,5,6,1,5,5,3
1,DeathDescription.LIFETOTAL,11,31.841278076171875,3,4,5,5,5,3
0,DeathDescription.LIFETOTAL,10,55.33409118652344,5,4,3,5,5,2
0,DeathDescription.LIFETOTAL,10,42.63186454772949,4,5,3,5,3,4
0,DeathDescription.LIFETOTAL,10,34.171104431152344,6,4,2,5,4,3
1,DeathDescription.LIFETOTAL,11,23.331880569458008,6,3,3,6,5,2
0,DeathDescription.LIFETOTAL,10,27.004003524780273,5,4,3,5,2,5
0,DeathDescription.LIFETOTAL,10,26.404142379760742,6,3,3,5,5,2
0,DeathDescription.LIFETOTAL,10,25.296926498413086,6,4,2,5,4,3
1,DeathDescription.LIFETOTAL,11,30.984163284301758,6,5,1,6,6,1
0,DeathDescription.LIFETOTAL,16,28.896808624267578,5,6,3,4,4,5
0,DeathDescription.LIFETOTAL,10,24.118661880493164,6,5,1,5,4,3
0,DeathDescription.LIFETOTAL,12,40.303707122802734,4,5,4,6,3,4
1,DeathDescription.LIFETOTAL,11,35.60018539428711,3,0,7,5,6,2
1,DeathDescription.LIFETOTAL,11,24.294137954711914,6,4,2,6,7,0
0,DeathDescription.LIFETOTAL,10,31.290769577026367,6,5,1,5,4,3
1,DeathDescription.LIFETOTAL,11,31.666278839111328,3,2,5,5,6,2
1,DeathDescription.LIFETOTAL,11,32.75442123413086,6,5,1,5,5,3
0,DeathDescription.LIFETOTAL,10,23.24080467224121,5,5,2,4,4,4
1,DeathDescription.LIFETOTAL,13,30.83324432373047,7,5,1,5,7,2
0,DeathDescription.LIFETOTAL,10,30.111074447631836,6,5,1,3,3,6
0,DeathDescription.LIFETOTAL,10,33.34927558898926,5,4,3,4,4,4
0,DeathDescription.LIFETOTAL,12,44.15607452392578,6,6,1,6,4,3
0,DeathDescription.LIFETOTAL,10,31.69989585876465,5,5,2,5,4,3
0,DeathDescription.LIFETOTAL,10,29.281139373779297,6,4,2,4,4,4
1,DeathDescription.LIFETOTAL,11,32.00411796569824,3,3,5,6,5,2
0,DeathDescription.LIFETOTAL,10,28.78570556640625,6,5,1,5,2,5
1,DeathDescription.LIFETOTAL,13,34.8660945892334,5,1,6,7,6,1
1,DeathDescription.LIFETOTAL,11,56.296348571777344,4,3,5,5,5,3
1,DeathDescription.LIFETOTAL,11,33.03194046020508,3,1,6,5,6,2
0,DeathDescription.LIFETOTAL,10,28.62548828125,6,5,1,3,4,5
0,DeathDescription.LIFETOTAL,10,26.73029899597168,3,5,4,5,4,3
0,DeathDescription.LIFETOTAL,12,46.680450439453125,4,4,5,5,5,3
0,DeathDescription.LIFETOTAL,10,38.063764572143555,5,5,2,5,4,3
1,DeathDescription.LIFETOTAL,11,58.733224868774414,5,4,3,6,6,1
0,DeathDescription.LIFETOTAL,10,21.645069122314453,6,5,1,4,0,7
0,DeathDescription.LIFETOTAL,12,28.474092483520508,7,4,2,6,4,3
0,DeathDescription.LIFETOTAL,10,29.543638229370117,6,5,1,5,2,5
0,DeathDescription.LIFETOTAL,10,23.149728775024414,6,5,1,5,2,5
0,DeathDescription.LIFETOTAL,12,26.921987533569336,7,5,1,5,4,4
1,DeathDescription.LIFETOTAL,13,34.87110137939453,5,4,3,7,5,2
1,DeathDescription.LIFETOTAL,13,36.00645065307617,2,4,7,5,6,3
1,DeathDescription.LIFETOTAL,11,29.720067977905273,3,2,6,6,5,2
0,DeathDescription.LIFETOTAL,10,33.78033638000488,5,6,1,5,3,4
0,DeathDescription.LIFETOTAL,10,33.46085548400879,4,5,3,5,3,4
1,DeathDescription.LIFETOTAL,15,27.538537979125977,4,0,7,7,6,2
1,DeathDescription.LIFETOTAL,11,48.3851432800293,5,2,5,4,5,4
1,DeathDescription.LIFETOTAL,11,44.46101188659668,6,3,3,5,6,2
0,DeathDescription.LIFETOTAL,12,33.203125,6,4,3,2,0,7
1,DeathDescription.LIFETOTAL,11,42.85836219787598,3,0,7,5,5,3
0,DeathDescription.LIFETOTAL,10,33.10990333557129,5,5,2,5,5,2
0,DeathDescription.LIFETOTAL,12,31.457901000976562,5,4,4,6,5,2
0,DeathDescription.LIFETOTAL,10,28.104543685913086,5,6,1,3,3,6
1,DeathDescription.LIFETOTAL,11,21.51656150817871,4,3,5,4,5,4
1,DeathDescription.LIFETOTAL,11,33.10561180114746,5,4,3,6,5,2
1,DeathDescription.LIFETOTAL,11,39.56341743469238,6,4,2,6,5,2
1,DeathDescription.LIFETOTAL,13,25.50482749938965,3,4,6,6,6,2
0,DeathDescription.LIFETOTAL,10,25.88343620300293,4,5,3,4,4,4
0,DeathDescription.LIFETOTAL,10,22.665023803710938,5,5,2,3,1,6
0,DeathDescription.LIFETOTAL,14,40.52996635437012,8,4,2,4,0,7
0,DeathDescription.LIFETOTAL,10,31.356334686279297,6,4,2,5,4,3
0,DeathDescription.LIFETOTAL,10,26.304006576538086,5,5,2,5,4,3
0,DeathDescription.LIFETOTAL,10,23.81110191345215,4,5,3,3,0,7
0,DeathDescription.LIFETOTAL,10,32.42135047912598,5,5,2,5,3,4
0,DeathDescription.LIFETOTAL,10,45.19391059875488,5,5,2,2,0,7
1,DeathDescription.LIFETOTAL,11,31.99625015258789,6,3,3,5,6,2
1,DeathDescription.LIFETOTAL,11,32.7906608581543,6,2,4,6,6,1
1,DeathDescription.LIFETOTAL,11,37.69326210021973,5,0,7,6,4,3
0,DeathDescription.LIFETOTAL,10,47.09744453430176,5,6,1,4,3,5
1,DeathDescription.LIFETOTAL,11,47.97673225402832,6,4,2,6,5,2
1,DeathDescription.LIFETOTAL,11,29.32453155517578,6,4,2,6,5,2
1,DeathDescription.LIFETOTAL,11,29.85382080078125,5,3,4,5,5,3
0,DeathDescription.LIFETOTAL,10,23.018598556518555,6,4,2,4,0,7
0,DeathDescription.LIFETOTAL,10,23.06365966796875,4,4,4,5,3,4
0,DeathDescription.LIFETOTAL,10,23.64516258239746,5,5,2,4,4,4
0,DeathDescription.LIFETOTAL,10,37.023305892944336,5,5,2,5,0,7
1,DeathDescription.LIFETOTAL,11,44.61193084716797,6,3,3,5,7,1
0,DeathDescription.LIFETOTAL,10,27.92644500732422,3,5,4,4,5,3
1,DeathDescription.LIFETOTAL,11,34.26170349121094,6,2,4,4,5,4
0,DeathDescription.LIFETOTAL,10,32.43660926818848,5,6,1,5,3,4
1,DeathDescription.LIFETOTAL,11,45.82834243774414,3,3,5,6,5,2
1,DeathDescription.LIFETOTAL,11,28.244733810424805,6,5,1,4,5,4
1,DeathDescription.LIFETOTAL,11,21.66461944580078,6,4,2,4,5,4
1,DeathDescription.LIFETOTAL,11,33.50543975830078,6,5,1,6,6,1
1,DeathDescription.LIFETOTAL,13,37.33944892883301,3,4,5,7,5,2
0,DeathDescription.LIFETOTAL,10,28.650760650634766,5,5,2,4,4,4
0,DeathDescription.LIFETOTAL,10,23.91529083251953,5,5,2,5,4,3
0,DeathDescription.LIFETOTAL,14,26.216983795166016,7,6,1,7,3,4
0,DeathDescription.LIFETOTAL,12,42.90628433227539,6,6,1,6,5,2
0,DeathDescription.LIFETOTAL,10,29.467344284057617,4,5,3,5,3,4
0,DeathDescription.LIFETOTAL,10,24.057626724243164,6,4,2,4,3,5
0,DeathDescription.LIFETOTAL,10,26.02839469909668,5,4,3,4,3,5
0,DeathDescription.LIFETOTAL,10,51.1164665222168,4,5,3,5,2,5
0,DeathDescription.LIFETOTAL,10,22.897005081176758,6,5,1,5,4,3
1,DeathDescription.LIFETOTAL,13,31.31699562072754,7,4,2,5,5,4
1,DeathDescription.LIFETOTAL,11,30.623674392700195,5,0,7,6,5,2
0,DeathDescription.LIFETOTAL,10,32.27639198303223,5,5,2,5,3,4
0,DeathDescription.LIFETOTAL,10,35.45975685119629,4,5,3,4,3,5
1,DeathDescription.LIFETOTAL,13,28.99479866027832,4,2,5,7,5,2
0,DeathDescription.LIFETOTAL,10,27.110815048217773,6,5,1,5,4,3
1,DeathDescription.LIFETOTAL,13,40.42387008666992,5,0,7,5,6,3
0,DeathDescription.LIFETOTAL,10,23.609399795532227,5,5,2,4,3,5
1,DeathDescription.LIFETOTAL,11,33.6155891418457,6,4,2,6,5,2
1,DeathDescription.LIFETOTAL,11,27.327537536621094,5,2,5,6,4,3
0,DeathDescription.LIFETOTAL,10,38.570404052734375,6,4,2,5,4,3
1,DeathDescription.LIFETOTAL,11,43.7312126159668,6,5,1,6,6,1
0,DeathDescription.LIFETOTAL,10,27.58955955505371,6,4,2,5,4,3
0,DeathDescription.LIFETOTAL,12,34.44218635559082,6,6,1,5,4,4
0,DeathDescription.LIFETOTAL,12,36.23509407043457,7,4,2,6,4,3
0,DeathDescription.LIFETOTAL,10,22.182464599609375,5,6,1,5,3,4
0,DeathDescription.LIFETOTAL,12,24.619102478027344,6,5,2,5,4,4
1,DeathDescription.LIFETOTAL,11,28.092384338378906,3,4,5,6,5,2
0,DeathDescription.LIFETOTAL,10,29.801607131958008,6,5,1,5,4,3
1,DeathDescription.LIFETOTAL,13,31.51535987854004,5,1,6,4,5,5
0,DeathDescription.LIFETOTAL,10,57.32583999633789,5,5,2,3,4,5
0,DeathDescription.LIFETOTAL,10,25.97808837890625,5,5,2,5,3,4
0,DeathDescription.LIFETOTAL,12,31.780719757080078,7,5,1,6,4,3
0,DeathDescription.LIFETOTAL,12,29.29091453552246,3,5,5,6,5,2
0,DeathDescription.LIFETOTAL,10,32.77134895324707,3,5,4,5,4,3
0,DeathDescription.LIFETOTAL,10,26.387453079223633,5,5,2,4,4,4
1,DeathDescription.LIFETOTAL,11,39.80612754821777,4,4,4,6,6,1
0,DeathDescription.LIFETOTAL,10,23.64635467529297,4,5,3,5,4,3
1,DeathDescription.LIFETOTAL,11,29.262781143188477,4,3,5,3,5,5
1,DeathDescription.LIFETOTAL,11,40.85731506347656,6,4,2,5,6,2
0,DeathDescription.LIFETOTAL,12,41.76449775695801,5,6,2,4,4,5
1,DeathDescription.LIFETOTAL,11,35.75897216796875,6,3,3,6,5,2
1,DeathDescription.LIFETOTAL,13,34.51704978942871,2,0,7,5,5,4
1,DeathDescription.LIFETOTAL,11,23.322105407714844,5,4,3,5,6,2
0,DeathDescription.LIFETOTAL,10,43.015480041503906,6,5,1,5,2,5
0,DeathDescription.LIFETOTAL,10,22.953510284423828,6,6,0,5,4,3
0,DeathDescription.LIFETOTAL,10,24.539947509765625,5,4,3,5,4,3
0,DeathDescription.LIFETOTAL,10,25.43163299560547,6,4,2,5,4,3
0,DeathDescription.LIFETOTAL,10,38.164615631103516,4,5,3,5,4,3
1,DeathDescription.LIFETOTAL,11,22.497892379760742,3,1,6,6,4,3
0,DeathDescription.LIFETOTAL,10,22.11451530456543,6,5,1,5,4,3
0,DeathDescription.LIFETOTAL,12,30.060768127441406,7,6,0,6,4,3
1,DeathDescription.LIFETOTAL,13,33.933401107788086,6,4,3,7,4,3
1,DeathDescription.LIFETOTAL,11,38.045644760131836,3,0,7,4,5,4
0,DeathDescription.LIFETOTAL,10,26.718616485595703,5,5,2,5,3,4
0,DeathDescription.LIFETOTAL,10,27.095794677734375,5,4,3,5,2,5
0,DeathDescription.LIFETOTAL,10,60.90116500854492,3,4,5,4,2,6
1,DeathDescription.LIFETOTAL,11,23.10967445373535,6,4,2,6,5,2
0,DeathDescription.LIFETOTAL,10,21.653175354003906,5,6,1,5,3,4
0,DeathDescription.LIFETOTAL,12,39.466142654418945,7,5,1,6,4,3
0,DeathDescription.LIFETOTAL,10,33.20813179016113,4,6,2,5,3,4
0,DeathDescription.LIFETOTAL,10,38.00606727600098,4,5,3,5,3,4
1,DeathDescription.LIFETOTAL,13,31.014204025268555,7,4,2,4,5,5
0,DeathDescription.LIFETOTAL,10,22.23992347717285,5,5,2,5,5,2
1,DeathDescription.LIFETOTAL,11,34.230947494506836,4,5,3,5,5,3
1,DeathDescription.LIFETOTAL,13,24.423837661743164,5,2,5,7,5,2
1,DeathDescription.LIFETOTAL,11,43.933868408203125,6,5,1,4,5,4
0,DeathDescription.LIFETOTAL,12,29.66451644897461,5,5,3,3,4,6
0,DeathDescription.LIFETOTAL,10,27.665376663208008,6,4,2,5,3,4
1,DeathDescription.LIFETOTAL,11,22.392988204956055,4,3,5,6,4,3
1,DeathDescription.LIFETOTAL,13,34.72137451171875,3,4,6,6,5,3
1,DeathDescription.LIFETOTAL,11,28.355121612548828,5,4,3,6,5,2
1,DeathDescription.LIFETOTAL,11,55.42778968811035,4,4,4,5,4,4
0,DeathDescription.LIFETOTAL,10,20.156145095825195,2,5,5,5,2,5
0,DeathDescription.LIFETOTAL,10,26.70764923095703,4,5,3,5,3,4
1,DeathDescription.LIFETOTAL,13,47.559261322021484,4,5,4,5,7,2
1,DeathDescription.LIFETOTAL,11,38.91730308532715,2,0,7,6,4,3
1,DeathDescription.LIFETOTAL,11,32.87672996520996,6,3,3,4,5,4
0,DeathDescription.LIFETOTAL,10,20.817995071411133,4,5,3,5,3,4
1,DeathDescription.LIFETOTAL,15,31.731128692626953,3,0,7,7,6,2
0,DeathDescription.LIFETOTAL,12,26.089191436767578,6,6,1,5,5,3
1,DeathDescription.LIFETOTAL,11,29.77752685546875,6,3,3,4,6,3
0,DeathDescription.LIFETOTAL,10,26.29256248474121,6,4,2,3,4,5
1,DeathDescription.LIFETOTAL,11,27.725934982299805,5,3,4,6,5,2
0,DeathDescription.LIFETOTAL,12,37.53352165222168,7,5,1,5,4,4
1,DeathDescription.LIFETOTAL,13,30.627965927124023,2,2,7,6,5,3
1,DeathDescription.LIFETOTAL,17,34.189701080322266,5,4,4,6,7,3
0,DeathDescription.LIFETOTAL,10,27.89902687072754,5,6,1,5,4,3
0,DeathDescription.LIFETOTAL,12,38.20228576660156,6,5,2,6,5,2
0,DeathDescription.LIFETOTAL,10,23.82063865661621,5,5,2,5,3,4
1,DeathDescription.LIFETOTAL,13,27.16803550720215,5,4,4,6,5,3
1,DeathDescription.LIFETOTAL,11,31.734704971313477,2,1,6,6,4,3
1,DeathDescription.LIFETOTAL,11,23.59628677368164,4,0,7,5,5,3
1,DeathDescription.LIFETOTAL,11,39.34979438781738,5,2,5,5,5,3
1,DeathDescription.LIFETOTAL,11,28.47146987915039,4,2,6,6,4,3
0,DeathDescription.LIFETOTAL,10,32.305240631103516,5,5,2,5,4,3
1,DeathDescription.LIFETOTAL,11,29.42204475402832,6,0,6,4,5,4
1,DeathDescription.LIFETOTAL,13,59.87977981567383,5,5,3,7,6,1
0,DeathDescription.LIFETOTAL,10,21.47984504699707,4,5,3,4,4,4
0,DeathDescription.LIFETOTAL,10,37.34278678894043,5,5,2,5,4,3
1,DeathDescription.LIFETOTAL,13,32.70530700683594,6,5,2,6,5,3
1,DeathDescription.LIFETOTAL,11,29.483795166015625,6,3,3,6,6,1
0,DeathDescription.LIFETOTAL,10,42.31119155883789,5,6,1,5,4,3
0,DeathDescription.LIFETOTAL,10,26.274442672729492,5,4,3,3,3,6
0,DeathDescription.LIFETOTAL,10,45.8066463470459,4,5,3,4,4,4
0,DeathDescription.LIFETOTAL,10,26.79920196533203,6,5,1,3,3,6
0,DeathDescription.LIFETOTAL,10,42.608022689819336,5,6,1,5,0,7
0,DeathDescription.LIFETOTAL,12,26.221752166748047,7,6,0,6,4,3
0,DeathDescription.LIFETOTAL,10,36.24582290649414,6,5,1,5,4,3
0,DeathDescription.LIFETOTAL,10,29.46329116821289,3,5,4,5,4,3
0,DeathDescription.LIFETOTAL,10,31.91399574279785,2,4,6,5,3,4
0,DeathDescription.LIFETOTAL,12,27.858495712280273,6,6,1,4,5,4
0,DeathDescription.LIFETOTAL,10,47.46699333190918,6,4,2,4,5,3
0,DeathDescription.LIFETOTAL,10,26.48019790649414,4,4,4,4,1,6
0,DeathDescription.LIFETOTAL,12,33.22601318359375,6,5,2,6,3,4
0,DeathDescription.LIFETOTAL,12,34.61742401123047,7,5,1,4,2,5
0,DeathDescription.LIFETOTAL,10,33.971548080444336,5,6,1,5,3,4
0,DeathDescription.LIFETOTAL,10,24.248600006103516,5,5,2,4,3,5
1,DeathDescription.LIFETOTAL,11,22.671222686767578,1,0,7,5,5,3
0,DeathDescription.LIFETOTAL,12,30.384063720703125,4,6,3,5,1,6
1,DeathDescription.LIFETOTAL,13,26.24821662902832,3,1,6,5,6,3
1,DeathDescription.LIFETOTAL,13,37.53089904785156,4,3,6,6,6,2
0,DeathDescription.LIFETOTAL,10,26.940345764160156,4,5,3,5,3,4
0,DeathDescription.LIFETOTAL,10,31.948089599609375,5,6,1,5,3,4
1,DeathDescription.LIFETOTAL,11,49.078941345214844,6,3,3,5,6,2
0,DeathDescription.LIFETOTAL,12,25.1007080078125,7,5,1,4,3,5
1,DeathDescription.LIFETOTAL,11,47.5306510925293,5,3,4,6,5,2
0,DeathDescription.LIFETOTAL,10,22.28093147277832,5,5,2,5,4,3
1,DeathDescription.LIFETOTAL,11,56.19502067565918,6,5,1,6,4,3
0,DeathDescription.LIFETOTAL,12,24.279117584228516,4,5,4,4,5,4
0,DeathDescription.LIFETOTAL,12,28.920888900756836,5,5,3,6,5,2
0,DeathDescription.LIFETOTAL,10,26.272058486938477,6,6,0,5,2,5
0,DeathDescription.LIFETOTAL,12,36.66806221008301,3,5,5,6,5,2
1,DeathDescription.LIFETOTAL,11,49.78036880493164,6,3,3,6,4,3
1,DeathDescription.LIFETOTAL,11,23.361921310424805,3,3,6,5,5,3
0,DeathDescription.LIFETOTAL,10,27.78005599975586,3,4,5,5,4,3
1,DeathDescription.LIFETOTAL,13,33.830881118774414,4,2,5,6,6,2
0,DeathDescription.LIFETOTAL,10,34.28292274475098,5,6,1,5,4,3
0,DeathDescription.LIFETOTAL,10,23.503541946411133,5,5,2,4,4,4
1,DeathDescription.LIFETOTAL,11,37.706613540649414,4,4,4,6,5,2
0,DeathDescription.LIFETOTAL,12,32.930850982666016,4,5,4,6,4,3
1,DeathDescription.LIFETOTAL,11,27.964115142822266,6,3,3,6,5,2
0,DeathDescription.LIFETOTAL,12,35.37487983703613,6,5,2,6,6,1
0,DeathDescription.LIFETOTAL,10,22.013187408447266,6,5,1,4,4,4
1,DeathDescription.LIFETOTAL,13,26.719331741333008,4,4,4,6,7,1
0,DeathDescription.LIFETOTAL,10,48.16246032714844,6,5,1,5,5,2
0,DeathDescription.LIFETOTAL,10,25.785446166992188,6,5,1,3,2,6
1,DeathDescription.LIFETOTAL,11,27.208805084228516,5,1,6,6,5,2
0,DeathDescription.LIFETOTAL,10,33.97846221923828,3,5,4,5,3,4
0,DeathDescription.LIFETOTAL,10,32.04154968261719,4,4,4,4,4,4
1,DeathDescription.LIFETOTAL,11,22.69887924194336,4,5,3,6,5,2
0,DeathDescription.LIFETOTAL,10,21.69060707092285,6,5,1,5,4,3
0,DeathDescription.LIFETOTAL,12,26.42369270324707,6,6,1,6,3,4
1,DeathDescription.LIFETOTAL,13,30.275344848632812,7,4,2,7,6,1
0,DeathDescription.LIFETOTAL,10,37.11295127868652,5,4,3,4,4,4
0,DeathDescription.LIFETOTAL,10,26.384353637695312,3,5,4,4,3,5
1,DeathDescription.LIFETOTAL,11,34.17778015136719,4,1,6,4,5,4
1,DeathDescription.LIFETOTAL,11,33.87904167175293,2,3,6,6,5,2
0,DeathDescription.LIFETOTAL,12,27.95720100402832,5,5,3,6,3,4
0,DeathDescription.LIFETOTAL,10,26.19194984436035,4,5,3,5,3,4
1,DeathDescription.LIFETOTAL,11,30.32708168029785,4,4,4,6,4,3
0,DeathDescription.LIFETOTAL,10,36.57722473144531,5,4,3,3,4,5
0,DeathDescription.LIFETOTAL,10,21.55160903930664,5,5,2,5,3,4
1,DeathDescription.LIFETOTAL,13,29.85525131225586,4,3,5,7,6,1
0,DeathDescription.LIFETOTAL,10,28.638362884521484,5,5,2,3,3,6
0,DeathDescription.LIFETOTAL,12,26.3214111328125,4,5,4,6,4,3
0,DeathDescription.LIFETOTAL,14,40.612220764160156,2,5,6,3,2,5
1,DeathDescription.LIFETOTAL,11,32.891273498535156,5,4,3,5,4,4
0,DeathDescription.LIFETOTAL,10,24.958133697509766,6,4,2,5,4,3
0,DeathDescription.LIFETOTAL,10,33.58006477355957,6,5,1,5,3,4
0,DeathDescription.LIFETOTAL,14,32.07802772521973,8,5,1,5,3,5
0,DeathDescription.LIFETOTAL,12,30.872344970703125,6,5,2,6,4,3
1,DeathDescription.LIFETOTAL,13,37.60790824890137,5,3,5,6,6,2
0,DeathDescription.LIFETOTAL,10,42.253971099853516,6,4,2,5,4,3
0,DeathDescription.LIFETOTAL,12,25.457143783569336,4,5,4,6,3,4
0,DeathDescription.LIFETOTAL,10,29.618501663208008,5,4,3,5,4,3
1,DeathDescription.LIFETOTAL,11,36.487579345703125,3,0,7,5,6,2
0,DeathDescription.LIFETOTAL,10,30.742645263671875,6,5,1,4,4,4
0,DeathDescription.LIFETOTAL,10,29.556989669799805,5,5,2,5,3,4
1,DeathDescription.LIFETOTAL,11,36.53669357299805,6,4,2,5,5,3
1,DeathDescription.LIFETOTAL,11,30.393123626708984,6,5,1,6,5,2
0,DeathDescription.LIFETOTAL,12,33.8740348815918,4,5,4,5,4,4
1,DeathDescription.LIFETOTAL,11,25.197267532348633,3,0,7,6,6,1
0,DeathDescription.LIFETOTAL,12,32.13930130004883,5,6,2,4,4,5
1,DeathDescription.LIFETOTAL,11,60.256242752075195,6,3,3,5,4,4
0,DeathDescription.LIFETOTAL,10,21.370410919189453,5,6,1,4,4,4
1,DeathDescription.LIFETOTAL,11,23.9105224609375,5,4,3,5,6,2
1,DeathDescription.LIFETOTAL,11,33.547401428222656,5,4,3,4,5,4
1,DeathDescription.LIFETOTAL,11,30.240535736083984,5,5,2,5,5,3
1,DeathDescription.LIFETOTAL,13,26.998519897460938,5,3,4,5,5,4
0,DeathDescription.LIFETOTAL,10,31.340360641479492,6,5,1,3,1,6
0,DeathDescription.LIFETOTAL,10,32.26494789123535,5,5,2,5,4,3
1,DeathDescription.LIFETOTAL,11,55.11760711669922,4,4,4,6,6,1
0,DeathDescription.LIFETOTAL,10,32.366037368774414,6,5,1,4,4,4
1,DeathDescription.LIFETOTAL,13,24.512529373168945,3,0,7,7,6,1
1,DeathDescription.LIFETOTAL,11,22.156953811645508,4,3,4,5,5,3
1,DeathDescription.LIFETOTAL,13,26.521921157836914,3,3,5,6,6,2
0,DeathDescription.LIFETOTAL,10,28.355836868286133,5,4,3,5,3,4
1,DeathDescription.LIFETOTAL,11,28.158903121948242,6,3,3,4,5,4
0,DeathDescription.LIFETOTAL,12,33.95271301269531,7,4,2,6,5,2
0,DeathDescription.LIFETOTAL,10,34.22713279724121,6,5,1,5,4,3
1,DeathDescription.LIFETOTAL,11,43.678998947143555,6,3,3,6,5,2
0,DeathDescription.LIFETOTAL,10,21.954059600830078,6,5,1,4,0,7
0,DeathDescription.LIFETOTAL,12,28.944969177246094,6,4,3,6,5,2
1,DeathDescription.LIFETOTAL,11,45.42827606201172,5,3,4,5,5,3
0,DeathDescription.LIFETOTAL,12,24.862289428710938,7,5,1,5,4,4
1,DeathDescription.LIFETOTAL,13,26.125192642211914,7,4,2,7,6,1
0,DeathDescription.LIFETOTAL,10,26.012420654296875,4,5,3,5,1,6
1,DeathDescription.LIFETOTAL,11,42.86313056945801,6,4,2,6,5,2
0,DeathDescription.LIFETOTAL,10,33.153533935546875,6,6,0,4,4,4
0,DeathDescription.LIFETOTAL,10,27.2066593170166,5,5,2,4,4,4
0,DeathDescription.LIFETOTAL,10,26.762962341308594,5,6,1,3,0,7
0,DeathDescription.LIFETOTAL,10,42.086124420166016,5,6,1,5,2,5
0,DeathDescription.LIFETOTAL,10,36.58127784729004,3,5,4,5,3,4
1,DeathDescription.LIFETOTAL,11,41.84365272521973,5,0,7,2,5,6
0,DeathDescription.LIFETOTAL,10,22.222280502319336,6,5,1,5,0,7
0,DeathDescription.LIFETOTAL,10,43.07889938354492,4,5,3,5,1,6
1,DeathDescription.LIFETOTAL,13,24.65510368347168,5,0,7,7,5,2
0,DeathDescription.LIFETOTAL,12,32.39631652832031,6,6,1,5,4,4
1,DeathDescription.LIFETOTAL,13,60.66393852233887,3,0,7,6,5,3
0,DeathDescription.LIFETOTAL,12,37.53805160522461,6,6,1,6,3,4
1,DeathDescription.LIFETOTAL,11,23.320674896240234,4,3,5,6,4,3
0,DeathDescription.LIFETOTAL,10,27.309894561767578,5,5,2,5,4,3
0,DeathDescription.LIFETOTAL,12,25.68221092224121,6,6,1,6,4,3
0,DeathDescription.LIFETOTAL,10,45.70317268371582,6,5,1,4,4,4
1,DeathDescription.LIFETOTAL,11,44.67368125915527,5,4,3,6,5,2
1,DeathDescription.LIFETOTAL,11,27.510881423950195,4,1,6,5,5,3
1,DeathDescription.LIFETOTAL,11,22.73726463317871,5,4,3,4,5,4
0,DeathDescription.LIFETOTAL,10,25.211334228515625,6,5,1,5,4,3
0,DeathDescription.LIFETOTAL,10,43.5335636138916,6,6,0,5,4,3
0,DeathDescription.LIFETOTAL,12,28.35392951965332,4,4,5,5,5,3
0,DeathDescription.LIFETOTAL,10,21.741390228271484,6,4,2,5,3,4
0,DeathDescription.LIFETOTAL,10,35.73107719421387,5,5,2,5,4,3
0,DeathDescription.LIFETOTAL,10,28.248310089111328,3,5,4,5,1,6
0,DeathDescription.LIFETOTAL,10,29.538631439208984,4,5,3,5,3,4
1,DeathDescription.LIFETOTAL,13,32.094478607177734,5,4,4,7,4,3
0,DeathDescription.LIFETOTAL,12,49.623966217041016,7,6,0,4,2,5
1,DeathDescription.LIFETOTAL,11,23.563623428344727,6,5,1,5,5,3
0,DeathDescription.LIFETOTAL,10,27.393817901611328,5,5,2,5,3,4
0,DeathDescription.LIFETOTAL,10,30.811309814453125,3,5,4,5,3,4
0,DeathDescription.LIFETOTAL,10,29.04367446899414,5,4,3,5,4,3
1,DeathDescription.LIFETOTAL,13,43.59316825866699,5,4,4,7,5,2
1,DeathDescription.LIFETOTAL,11,28.867006301879883,4,4,4,5,6,2
1,DeathDescription.LIFETOTAL,11,44.01397705078125,6,2,4,6,4,3
1,DeathDescription.LIFETOTAL,11,29.271602630615234,6,5,1,3,5,5
1,DeathDescription.LIFETOTAL,11,26.080846786499023,6,4,2,6,5,2
0,DeathDescription.LIFETOTAL,10,33.2643985748291,6,5,1,5,4,3
0,DeathDescription.LIFETOTAL,10,22.165536880493164,4,5,3,5,3,4
0,DeathDescription.LIFETOTAL,10,43.41602325439453,6,5,1,5,3,4
0,DeathDescription.LIFETOTAL,10,37.97340393066406,4,5,3,4,3,5
1,DeathDescription.LIFETOTAL,11,21.66271209716797,4,4,4,5,5,3
1,DeathDescription.LIFETOTAL,11,33.3859920501709,6,4,2,6,4,3
0,DeathDescription.LIFETOTAL,10,33.660888671875,4,5,3,4,4,4
0,DeathDescription.LIFETOTAL,12,38.425445556640625,7,2,4,6,5,2
0,DeathDescription.LIFETOTAL,12,29.768943786621094,7,4,2,5,4,4
0,DeathDescription.LIFETOTAL,10,22.611141204833984,4,5,3,5,4,3
0,DeathDescription.LIFETOTAL,12,59.423208236694336,4,5,4,6,4,3
0,DeathDescription.LIFETOTAL,10,31.27002716064453,6,3,3,4,4,4
0,DeathDescription.LIFETOTAL,10,25.3298282623291,5,5,2,3,3,6
0,DeathDescription.LIFETOTAL,12,43.150901794433594,7,4,2,4,3,5
1,DeathDescription.LIFETOTAL,11,33.04600715637207,5,2,5,6,5,2
0,DeathDescription.LIFETOTAL,10,25.925159454345703,6,4,2,4,3,5
0,DeathDescription.LIFETOTAL,10,37.05549240112305,6,5,1,5,3,4
0,DeathDescription.LIFETOTAL,10,24.460792541503906,6,4,2,5,4,3
1,DeathDescription.LIFETOTAL,11,41.692495346069336,6,1,5,6,4,3
1,DeathDescription.LIFETOTAL,11,24.480342864990234,6,5,1,6,5,2
1,DeathDescription.LIFETOTAL,13,24.56521987915039,4,0,7,7,6,1
0,DeathDescription.LIFETOTAL,10,27.23240852355957,3,5,4,5,3,4
0,DeathDescription.LIFETOTAL,12,28.924942016601562,4,5,4,2,4,6
0,DeathDescription.LIFETOTAL,10,28.745412826538086,4,5,3,5,3,4
1,DeathDescription.LIFETOTAL,11,23.5135555267334,6,3,3,6,5,2
0,DeathDescription.LIFETOTAL,10,22.438764572143555,6,5,1,5,4,3
0,DeathDescription.LIFETOTAL,12,44.6171760559082,7,4,2,5,1,6
0,DeathDescription.LIFETOTAL,12,39.777517318725586,7,5,1,6,4,3
0,DeathDescription.LIFETOTAL,10,31.67128562927246,6,4,2,5,2,5
0,DeathDescription.LIFETOTAL,10,32.28497505187988,4,4,4,5,5,2
0,DeathDescription.LIFETOTAL,12,45.06111145019531,4,5,4,2,0,7
1,DeathDescription.LIFETOTAL,15,32.69386291503906,4,0,7,6,7,2
1,DeathDescription.LIFETOTAL,11,28.695106506347656,5,4,3,4,6,3
0,DeathDescription.LIFETOTAL,10,23.852825164794922,4,6,2,5,4,3
1,DeathDescription.LIFETOTAL,13,56.555747985839844,5,5,3,7,5,2
0,DeathDescription.LIFETOTAL,12,43.77460479736328,7,5,1,6,4,3
0,DeathDescription.LIFETOTAL,10,39.140939712524414,6,4,2,5,2,5
1,DeathDescription.LIFETOTAL,11,26.23891830444336,6,4,2,6,6,1
0,DeathDescription.LIFETOTAL,12,34.63411331176758,7,6,0,6,4,3
1,DeathDescription.LIFETOTAL,11,42.6783561706543,6,3,3,6,5,2
0,DeathDescription.LIFETOTAL,10,24.836063385009766,3,5,4,4,3,5
1,DeathDescription.LIFETOTAL,11,32.96494483947754,6,5,1,4,5,4
1,DeathDescription.LIFETOTAL,11,37.36400604248047,5,4,3,6,4,3
1,DeathDescription.LIFETOTAL,13,33.83350372314453,4,1,6,7,6,1
0,DeathDescription.LIFETOTAL,10,45.749664306640625,6,5,1,5,3,4
0,DeathDescription.LIFETOTAL,10,46.76342010498047,4,5,3,5,2,5
1,DeathDescription.LIFETOTAL,11,29.483795166015625,5,5,2,6,4,3
0,DeathDescription.LIFETOTAL,10,22.76158332824707,6,5,1,5,5,2
0,DeathDescription.LIFETOTAL,14,42.981863021850586,6,6,2,4,4,6
0,DeathDescription.LIFETOTAL,12,28.951406478881836,7,5,1,4,4,5
0,DeathDescription.LIFETOTAL,10,20.989418029785156,6,4,2,5,1,6
0,DeathDescription.LIFETOTAL,10,35.451650619506836,6,5,1,5,3,4
1,DeathDescription.LIFETOTAL,11,44.219017028808594,5,6,1,6,5,2
1,DeathDescription.LIFETOTAL,11,29.102802276611328,6,5,1,6,5,2
0,DeathDescription.LIFETOTAL,10,39.2000675201416,4,5,3,5,4,3
1,DeathDescription.LIFETOTAL,11,23.937463760375977,6,4,2,6,4,3
0,DeathDescription.LIFETOTAL,10,21.976232528686523,6,4,2,5,3,4
0,DeathDescription.LIFETOTAL,10,42.17338562011719,3,5,4,5,4,3
0,DeathDescription.LIFETOTAL,10,28.84221076965332,5,5,2,2,0,7
0,DeathDescription.LIFETOTAL,10,23.050546646118164,6,5,1,5,3,4
0,DeathDescription.LIFETOTAL,10,21.288394927978516,6,6,0,5,3,4
0,DeathDescription.LIFETOTAL,12,22.80569076538086,4,5,4,4,0,7
0,DeathDescription.LIFETOTAL,12,46.35739326477051,6,6,1,5,1,6
1,DeathDescription.LIFETOTAL,11,39.71552848815918,5,4,3,5,4,4
0,DeathDescription.LIFETOTAL,10,47.12724685668945,6,4,2,5,1,6
0,DeathDescription.LIFETOTAL,12,28.697490692138672,3,4,6,5,4,4
1,DeathDescription.LIFETOTAL,11,27.420997619628906,5,0,7,3,5,5
0,DeathDescription.LIFETOTAL,10,27.669429779052734,4,5,3,5,2,5
1,DeathDescription.LIFETOTAL,11,34.73663330078125,4,4,4,5,5,3
0,DeathDescription.LIFETOTAL,12,29.263734817504883,5,7,1,3,0,7
0,DeathDescription.LIFETOTAL,10,41.60928726196289,5,5,2,4,3,5
0,DeathDescription.LIFETOTAL,10,24.01566505432129,6,5,1,5,4,3
0,DeathDescription.LIFETOTAL,12,30.249357223510742,4,4,5,6,3,4
1,DeathDescription.LIFETOTAL,11,28.593063354492188,4,0,7,5,5,3
0,DeathDescription.LIFETOTAL,10,22.133588790893555,4,5,3,5,3,4
0,DeathDescription.LIFETOTAL,12,26.37958526611328,7,4,2,6,4,3
1,DeathDescription.LIFETOTAL,11,28.49555015563965,6,3,3,3,5,5
0,DeathDescription.LIFETOTAL,10,31.655550003051758,4,5,3,4,1,6
0,DeathDescription.LIFETOTAL,10,61.9199275970459,6,4,2,5,4,3
0,DeathDescription.LIFETOTAL,12,51.00059509277344,6,5,2,5,5,3
1,DeathDescription.LIFETOTAL,11,34.81149673461914,6,5,1,5,6,2
0,DeathDescription.LIFETOTAL,10,22.25041389465332,6,5,1,5,4,3
0,DeathDescription.LIFETOTAL,10,33.57982635498047,6,4,2,5,4,3
1,DeathDescription.LIFETOTAL,13,26.723623275756836,5,5,3,4,6,4
1,DeathDescription.LIFETOTAL,13,36.69142723083496,3,2,6,6,5,3
0,DeathDescription.LIFETOTAL,14,36.53883934020996,5,5,4,6,5,3
0,DeathDescription.LIFETOTAL,12,30.0447940826416,7,6,0,6,6,1
1,DeathDescription.LIFETOTAL,11,36.002159118652344,6,4,2,5,5,3
1,DeathDescription.LIFETOTAL,11,23.334503173828125,5,4,3,6,5,2
1,DeathDescription.LIFETOTAL,11,28.954744338989258,6,5,1,4,5,4
0,DeathDescription.LIFETOTAL,10,20.848751068115234,5,5,2,5,4,3
1,DeathDescription.LIFETOTAL,11,35.2025032043457,4,0,7,6,5,2
1,DeathDescription.LIFETOTAL,15,36.99541091918945,3,1,6,8,6,1
1,DeathDescription.LIFETOTAL,15,47.786712646484375,6,4,3,7,5,3
0,DeathDescription.LIFETOTAL,10,22.48072624206543,5,4,3,5,4,3
0,DeathDescription.LIFETOTAL,10,29.435157775878906,5,6,1,5,4,3
1,DeathDescription.LIFETOTAL,11,32.30762481689453,1,0,7,4,6,3
0,DeathDescription.LIFETOTAL,10,32.318830490112305,6,5,1,5,4,3
0,DeathDescription.LIFETOTAL,10,32.518625259399414,4,5,3,4,5,3
0,DeathDescription.LIFETOTAL,10,39.4291877746582,6,5,1,3,4,5
0,DeathDescription.LIFETOTAL,10,28.346776962280273,5,5,2,3,3,6
0,DeathDescription.LIFETOTAL,12,26.810407638549805,3,5,5,2,1,6
0,DeathDescription.LIFETOTAL,10,26.066303253173828,5,5,2,5,2,5
0,DeathDescription.LIFETOTAL,10,29.67357635498047,5,5,2,5,3,4
1,DeathDescription.LIFETOTAL,11,30.04145622253418,4,2,6,5,5,3
1,DeathDescription.LIFETOTAL,11,25.66695213317871,6,2,4,6,5,2
0,DeathDescription.LIFETOTAL,10,29.808998107910156,6,5,1,3,4,5
0,DeathDescription.LIFETOTAL,10,34.69705581665039,5,5,2,5,4,3
0,DeathDescription.LIFETOTAL,10,32.379865646362305,5,5,2,4,4,4
1,DeathDescription.LIFETOTAL,13,25.51102638244629,3,0,7,7,6,1
1,DeathDescription.LIFETOTAL,17,31.303882598876953,5,4,4,4,5,5
1,DeathDescription.LIFETOTAL,11,52.56175994873047,6,3,3,6,6,1
0,DeathDescription.LIFETOTAL,10,31.24690055847168,6,4,2,5,4,3
0,DeathDescription.LIFETOTAL,10,48.73514175415039,6,6,0,5,4,3
0,DeathDescription.LIFETOTAL,10,31.300067901611328,6,5,1,5,3,4
0,DeathDescription.LIFETOTAL,10,23.003339767456055,5,6,1,5,4,3
1,DeathDescription.LIFETOTAL,13,61.79976463317871,3,4,6,7,5,2
0,DeathDescription.LIFETOTAL,12,23.097515106201172,7,5,1,6,3,4
1,DeathDescription.LIFETOTAL,13,24.67179298400879,6,3,4,5,6,3
0,DeathDescription.LIFETOTAL,10,34.954071044921875,5,5,2,5,6,1
0,DeathDescription.LIFETOTAL,12,39.010047912597656,7,3,3,5,5,3
1,DeathDescription.LIFETOTAL,13,30.39407730102539,7,3,3,6,5,3
0,DeathDescription.LIFETOTAL,12,29.884815216064453,4,5,4,6,4,3
0,DeathDescription.LIFETOTAL,10,30.579805374145508,6,4,2,5,4,3
0,DeathDescription.LIFETOTAL,10,48.21658134460449,4,5,3,5,4,3
1,DeathDescription.LIFETOTAL,11,33.76650810241699,5,4,3,6,6,1
1,DeathDescription.LIFETOTAL,11,28.841018676757812,6,3,3,6,4,3
0,DeathDescription.LIFETOTAL,10,23.211956024169922,5,5,2,5,5,2
1,DeathDescription.LIFETOTAL,11,34.63935852050781,4,4,4,6,5,2
0,DeathDescription.LIFETOTAL,12,24.58810806274414,5,5,3,6,5,2
1,DeathDescription.LIFETOTAL,11,37.34898567199707,6,4,2,6,5,2
0,DeathDescription.LIFETOTAL,10,28.24997901916504,4,6,2,5,0,7
1,DeathDescription.LIFETOTAL,11,27.45676040649414,2,1,7,5,5,3
0,DeathDescription.LIFETOTAL,10,22.228479385375977,5,5,2,4,4,4
1,DeathDescription.LIFETOTAL,11,30.893802642822266,6,3,3,6,6,1
0,DeathDescription.LIFETOTAL,12,25.534629821777344,7,5,1,5,5,3
0,DeathDescription.LIFETOTAL,12,24.127960205078125,4,5,4,6,4,3
0,DeathDescription.LIFETOTAL,10,22.762298583984375,3,5,4,5,4,3
1,DeathDescription.LIFETOTAL,11,38.17939758300781,5,4,3,5,6,2
1,DeathDescription.LIFETOTAL,11,23.95939826965332,6,4,2,6,4,3
0,DeathDescription.LIFETOTAL,12,40.671586990356445,7,5,1,6,4,3
0,DeathDescription.LIFETOTAL,12,31.916379928588867,7,5,1,6,4,3
0,DeathDescription.LIFETOTAL,10,42.1142578125,6,4,2,4,3,5
0,DeathDescription.LIFETOTAL,10,28.676748275756836,6,4,2,5,4,3
0,DeathDescription.LIFETOTAL,10,27.397632598876953,6,4,2,5,3,4
1,DeathDescription.LIFETOTAL,19,30.703306198120117,7,2,5,6,6,2
1,DeathDescription.LIFETOTAL,11,34.84296798706055,4,1,6,4,5,4
0,DeathDescription.LIFETOTAL,10,29.295682907104492,3,5,4,5,4,3
1,DeathDescription.LIFETOTAL,11,34.052371978759766,4,5,3,4,5,4
1,DeathDescription.LIFETOTAL,11,25.502681732177734,5,4,3,4,5,4
0,DeathDescription.LIFETOTAL,10,34.31987762451172,4,5,3,5,1,6
1,DeathDescription.LIFETOTAL,13,36.6215705871582,3,0,7,7,5,2
0,DeathDescription.LIFETOTAL,12,25.055885314941406,5,5,3,6,4,3
1,DeathDescription.LIFETOTAL,11,24.366378784179688,2,0,7,5,5,3
1,DeathDescription.LIFETOTAL,11,27.09650993347168,6,4,2,4,5,4
0,DeathDescription.LIFETOTAL,10,33.86402130126953,4,5,3,5,0,7
1,DeathDescription.LIFETOTAL,11,27.64153480529785,6,3,3,5,5,3
0,DeathDescription.LIFETOTAL,10,32.14216232299805,4,5,3,5,4,3
0,DeathDescription.LIFETOTAL,12,50.484657287597656,4,5,4,6,5,2
0,DeathDescription.LIFETOTAL,10,20.447254180908203,4,5,3,3,2,6
0,DeathDescription.LIFETOTAL,10,31.604766845703125,5,6,1,5,4,3
1,DeathDescription.LIFETOTAL,11,25.804519653320312,6,3,3,6,5,2
1,DeathDescription.LIFETOTAL,11,40.40813446044922,6,3,3,6,4,3
1,DeathDescription.LIFETOTAL,11,23.876190185546875,4,4,4,6,5,2
0,DeathDescription.LIFETOTAL,10,22.300004959106445,6,5,1,5,4,3
0,DeathDescription.LIFETOTAL,10,31.554222106933594,6,5,1,4,4,4
0,DeathDescription.LIFETOTAL,10,40.027618408203125,5,5,2,5,4,3
0,DeathDescription.LIFETOTAL,12,37.84751892089844,5,5,3,4,3,5
1,DeathDescription.LIFETOTAL,11,24.380207061767578,5,5,2,6,5,2
0,DeathDescription.LIFETOTAL,10,21.26002311706543,6,4,2,5,2,5
0,DeathDescription.LIFETOTAL,10,39.144039154052734,5,5,2,4,0,7
1,DeathDescription.LIFETOTAL,11,23.006439208984375,4,4,4,5,5,3
0,DeathDescription.LIFETOTAL,10,24.90091323852539,5,6,1,5,4,3
0,DeathDescription.LIFETOTAL,10,32.65690803527832,5,5,2,3,3,6
0,DeathDescription.LIFETOTAL,10,36.36431694030762,6,5,1,3,0,7
0,DeathDescription.LIFETOTAL,10,23.186683654785156,5,6,1,5,3,4
1,DeathDescription.LIFETOTAL,11,28.4578800201416,4,4,4,6,5,2
0,DeathDescription.LIFETOTAL,10,32.01770782470703,6,5,1,3,4,5
1,DeathDescription.LIFETOTAL,11,54.58807945251465,4,4,4,6,5,2
0,DeathDescription.LIFETOTAL,12,35.28475761413574,5,6,2,6,4,3
1,DeathDescription.LIFETOTAL,11,22.639036178588867,6,5,1,5,6,2
0,DeathDescription.LIFETOTAL,10,21.372079849243164,5,5,2,2,4,6
1,DeathDescription.LIFETOTAL,11,31.114816665649414,6,4,2,6,6,1
1,DeathDescription.LIFETOTAL,11,34.50655937194824,5,4,3,6,5,2
0,DeathDescription.LIFETOTAL,10,27.040958404541016,5,5,2,4,5,3
1,DeathDescription.LIFETOTAL,11,25.65455436706543,3,0,7,6,5,2
0,DeathDescription.LIFETOTAL,10,39.43443298339844,4,5,3,5,4,3
0,DeathDescription.LIFETOTAL,12,30.027389526367188,7,4,2,4,0,7
1,DeathDescription.LIFETOTAL,11,23.156166076660156,6,3,3,5,4,4
0,DeathDescription.LIFETOTAL,10,26.950836181640625,4,6,2,4,3,5
1,DeathDescription.LIFETOTAL,13,26.324987411499023,3,1,6,5,5,4
0,DeathDescription.LIFETOTAL,10,55.182456970214844,4,5,3,5,4,3
0,DeathDescription.LIFETOTAL,12,23.017406463623047,5,6,2,2,0,7
0,DeathDescription.LIFETOTAL,10,25.366783142089844,6,5,1,2,0,7
0,DeathDescription.LIFETOTAL,10,29.47831153869629,6,6,0,5,3,4
0,DeathDescription.LIFETOTAL,10,32.239437103271484,4,5,3,5,3,4
0,DeathDescription.LIFETOTAL,12,24.435043334960938,5,6,2,4,4,5
0,DeathDescription.LIFETOTAL,12,40.09222984313965,5,5,3,6,5,2
1,DeathDescription.LIFETOTAL,11,30.669212341308594,6,3,3,5,5,3
0,DeathDescription.LIFETOTAL,10,22.494792938232422,6,6,0,5,3,4
1,DeathDescription.LIFETOTAL,11,22.721529006958008,6,3,3,6,5,2
0,DeathDescription.LIFETOTAL,10,22.37415313720703,5,5,2,4,2,6
0,DeathDescription.LIFETOTAL,10,44.28267478942871,5,5,2,3,4,5
1,DeathDescription.LIFETOTAL,13,43.11990737915039,3,0,7,6,6,2
1,DeathDescription.LIFETOTAL,11,28.914690017700195,6,3,3,4,5,4
1,DeathDescription.LIFETOTAL,11,26.533842086791992,2,0,7,6,5,2
0,DeathDescription.LIFETOTAL,12,44.458866119384766,4,6,3,6,4,3
0,DeathDescription.LIFETOTAL,10,35.22944450378418,5,5,2,4,3,4
1,DeathDescription.LIFETOTAL,11,44.47340965270996,5,4,3,4,5,4
1,DeathDescription.LIFETOTAL,11,32.20677375793457,4,3,5,5,5,3
1,DeathDescription.LIFETOTAL,11,32.69362449645996,5,4,3,3,5,5
0,DeathDescription.LIFETOTAL,10,40.8933162689209,5,4,3,5,4,3
0,DeathDescription.LIFETOTAL,10,36.98277473449707,4,5,3,5,3,4
1,DeathDescription.LIFETOTAL,13,24.75142478942871,3,0,7,7,5,2
1,DeathDescription.LIFETOTAL,11,28.510332107543945,5,4,3,4,4,5
1,DeathDescription.LIFETOTAL,11,57.745933532714844,6,4,2,6,6,1
1,DeathDescription.LIFETOTAL,13,26.00574493408203,4,0,7,5,5,4
0,DeathDescription.LIFETOTAL,10,27.462005615234375,6,4,2,5,4,3
0,DeathDescription.LIFETOTAL,12,24.60026741027832,4,6,3,6,5,2
0,DeathDescription.LIFETOTAL,10,38.76543045043945,6,4,2,5,3,4
0,DeathDescription.LIFETOTAL,12,23.8187313079834,7,4,2,5,5,3
0,DeathDescription.LIFETOTAL,14,31.62860870361328,6,5,3,7,5,2
1,DeathDescription.LIFETOTAL,11,33.46610069274902,6,4,2,6,4,3
0,DeathDescription.LIFETOTAL,10,47.51157760620117,5,5,2,3,1,6
1,DeathDescription.LIFETOTAL,11,33.00333023071289,4,5,3,6,4,3
0,DeathDescription.LIFETOTAL,10,21.932363510131836,6,5,1,5,2,5
0,DeathDescription.LIFETOTAL,10,26.764392852783203,6,4,2,5,3,4
1,DeathDescription.LIFETOTAL,11,41.55540466308594,6,3,3,6,5,2
0,DeathDescription.LIFETOTAL,10,27.851104736328125,5,5,2,5,2,5
0,DeathDescription.LIFETOTAL,12,29.078960418701172,6,5,2,5,4,4
0,DeathDescription.LIFETOTAL,10,21.964550018310547,5,6,1,5,3,4
1,DeathDescription.LIFETOTAL,15,37.140607833862305,2,1,6,5,5,4
0,DeathDescription.LIFETOTAL,10,22.794008255004883,6,5,1,5,4,3
0,DeathDescription.LIFETOTAL,10,20.517587661743164,4,5,3,4,4,4
1,DeathDescription.LIFETOTAL,13,29.93321418762207,3,0,7,7,6,1
0,DeathDescription.LIFETOTAL,12,48.035621643066406,6,6,1,6,3,4
1,DeathDescription.LIFETOTAL,11,44.93093490600586,5,5,2,5,5,3
1,DeathDescription.LIFETOTAL,11,43.24650764465332,4,5,3,6,5,2
0,DeathDescription.LIFETOTAL,12,24.260520935058594,7,4,2,6,4,3
1,DeathDescription.LIFETOTAL,11,29.662370681762695,6,5,1,4,6,3
1,DeathDescription.LIFETOTAL,11,27.78911590576172,4,2,6,4,5,4
0,DeathDescription.LIFETOTAL,12,26.8399715423584,3,5,5,3,0,7
0,DeathDescription.LIFETOTAL,10,20.830631256103516,5,5,2,5,3,4
0,DeathDescription.LIFETOTAL,10,29.007911682128906,4,5,3,4,1,6
0,DeathDescription.LIFETOTAL,12,33.792734146118164,5,5,3,4,3,5
1,DeathDescription.LIFETOTAL,11,22.639751434326172,6,3,3,6,5,2
1,DeathDescription.LIFETOTAL,11,28.781652450561523,5,1,6,5,5,3
0,DeathDescription.LIFETOTAL,10,54.558515548706055,6,5,1,5,3,4
1,DeathDescription.LIFETOTAL,11,28.475046157836914,5,5,2,5,5,3
0,DeathDescription.LIFETOTAL,10,21.588563919067383,4,5,3,5,2,5
0,DeathDescription.LIFETOTAL,10,32.0582389831543,5,4,3,5,3,4
0,DeathDescription.LIFETOTAL,10,53.61342430114746,5,6,1,5,2,5
0,DeathDescription.LIFETOTAL,12,49.530744552612305,5,6,2,6,4,3
0,DeathDescription.LIFETOTAL,10,21.43073081970215,5,5,2,5,4,3
1,DeathDescription.LIFETOTAL,11,23.35834503173828,5,4,3,4,5,4
0,DeathDescription.LIFETOTAL,10,22.44877815246582,5,5,2,5,4,3
0,DeathDescription.LIFETOTAL,10,43.41626167297363,4,5,3,5,4,3
0,DeathDescription.LIFETOTAL,10,27.744293212890625,5,5,2,5,4,3
0,DeathDescription.LIFETOTAL,10,21.076440811157227,5,5,2,4,1,6
0,DeathDescription.LIFETOTAL,10,55.71460723876953,5,5,2,4,3,5
1,DeathDescription.LIFETOTAL,15,33.212900161743164,6,0,7,6,7,2
0,DeathDescription.LIFETOTAL,10,28.629779815673828,6,4,2,5,4,3
1,DeathDescription.LIFETOTAL,11,21.262168884277344,1,0,7,6,4,3
0,DeathDescription.LIFETOTAL,10,42.885541915893555,4,6,2,5,3,4
1,DeathDescription.LIFETOTAL,11,28.849363327026367,6,4,2,6,5,2
0,DeathDescription.LIFETOTAL,10,21.836519241333008,5,5,2,5,4,3
0,DeathDescription.LIFETOTAL,10,22.504568099975586,6,4,2,5,4,3
0,DeathDescription.LIFETOTAL,10,46.418190002441406,6,5,1,5,3,4
1,DeathDescription.LIFETOTAL,13,62.232255935668945,4,0,7,6,6,2
1,DeathDescription.LIFETOTAL,11,44.31462287902832,5,5,2,4,6,3
0,DeathDescription.LIFETOTAL,10,21.793365478515625,6,5,1,3,0,7
0,DeathDescription.LIFETOTAL,10,52.90627479553223,6,5,1,4,4,4
0,DeathDescription.LIFETOTAL,12,22.039175033569336,5,6,2,3,0,7
0,DeathDescription.LIFETOTAL,14,24.343252182006836,4,5,4,3,1,6
0,DeathDescription.LIFETOTAL,10,26.083946228027344,4,5,3,5,0,7
0,DeathDescription.LIFETOTAL,12,43.11776161193848,6,5,2,6,6,1
0,DeathDescription.LIFETOTAL,10,29.324769973754883,6,5,1,5,3,4
0,DeathDescription.LIFETOTAL,10,22.463321685791016,6,4,2,5,3,4
0,DeathDescription.LIFETOTAL,12,24.135351181030273,6,5,2,5,5,3
0,DeathDescription.LIFETOTAL,10,33.660173416137695,5,4,3,5,2,5
0,DeathDescription.LIFETOTAL,12,35.43543815612793,6,4,3,6,4,3
1,DeathDescription.LIFETOTAL,11,33.87951850891113,6,5,1,4,5,4
0,DeathDescription.LIFETOTAL,10,38.6202335357666,5,5,2,5,5,2
0,DeathDescription.LIFETOTAL,10,29.37936782836914,5,5,2,5,4,3
1,DeathDescription.LIFETOTAL,11,23.630142211914062,6,4,2,4,5,4
1,DeathDescription.LIFETOTAL,13,25.614023208618164,3,3,6,5,6,3
0,DeathDescription.LIFETOTAL,14,31.439781188964844,8,5,1,4,3,5
1,DeathDescription.LIFETOTAL,11,34.20209884643555,5,4,3,6,5,2
0,DeathDescription.LIFETOTAL,10,28.3048152923584,6,4,2,5,2,5
1,DeathDescription.LIFETOTAL,11,38.103580474853516,3,3,6,4,5,4
0,DeathDescription.LIFETOTAL,12,29.137134552001953,7,6,0,6,4,3
0,DeathDescription.LIFETOTAL,10,37.80651092529297,4,5,3,4,3,5
0,DeathDescription.LIFETOTAL,10,27.72355079650879,6,4,2,5,3,4
0,DeathDescription.LIFETOTAL,10,27.587890625,5,5,2,5,4,3
0,DeathDescription.LIFETOTAL,10,20.789623260498047,4,4,4,5,3,4
0,DeathDescription.LIFETOTAL,10,39.79969024658203,5,5,2,5,2,5
1,DeathDescription.LIFETOTAL,11,28.45931053161621,4,2,6,5,5,3
0,DeathDescription.LIFETOTAL,10,36.27753257751465,5,5,2,5,4,3
0,DeathDescription.LIFETOTAL,12,44.838905334472656,7,5,1,5,5,3
1,DeathDescription.LIFETOTAL,13,33.81919860839844,5,3,5,7,5,2
1,DeathDescription.LIFETOTAL,11,31.624794006347656,6,4,2,6,5,2
0,DeathDescription.LIFETOTAL,10,23.25749397277832,4,4,4,5,4,3
1,DeathDescription.LIFETOTAL,11,30.829429626464844,6,4,2,4,5,4
0,DeathDescription.LIFETOTAL,12,42.1290397644043,7,5,1,6,2,5
0,DeathDescription.LIFETOTAL,10,24.42169189453125,5,5,2,5,4,3
1,DeathDescription.LIFETOTAL,13,26.898622512817383,7,3,3,7,6,1
1,DeathDescription.LIFETOTAL,11,28.247356414794922,4,4,4,4,5,4
0,DeathDescription.LIFETOTAL,14,36.852121353149414,6,5,3,6,2,6
1,DeathDescription.LIFETOTAL,13,25.69890022277832,6,4,3,7,5,2
1,DeathDescription.LIFETOTAL,11,28.226375579833984,5,1,6,6,5,2
1,DeathDescription.LIFETOTAL,17,36.04245185852051,6,5,3,5,5,3
1,DeathDescription.LIFETOTAL,15,28.800487518310547,4,3,5,7,7,1
0,DeathDescription.LIFETOTAL,12,48.78091812133789,6,7,0,4,0,7
0,DeathDescription.LIFETOTAL,12,29.059171676635742,7,5,1,5,3,5
0,DeathDescription.LIFETOTAL,12,39.041757583618164,7,5,1,5,5,3
0,DeathDescription.LIFETOTAL,12,31.42237663269043,7,5,1,6,4,3
0,DeathDescription.LIFETOTAL,10,51.915884017944336,6,6,0,5,3,4
0,DeathDescription.LIFETOTAL,10,26.620149612426758,5,6,1,5,3,4
1,DeathDescription.LIFETOTAL,11,23.35190773010254,6,2,4,5,5,3
0,DeathDescription.LIFETOTAL,12,32.73749351501465,7,5,1,5,4,4
0,DeathDescription.LIFETOTAL,10,40.673017501831055,6,4,2,5,4,3
0,DeathDescription.LIFETOTAL,14,27.59385108947754,6,5,3,4,2,5
1,DeathDescription.LIFETOTAL,11,25.379419326782227,4,1,6,3,5,5
0,DeathDescription.LIFETOTAL,10,43.84136199951172,6,5,1,5,4,3
0,DeathDescription.LIFETOTAL,12,35.29095649719238,7,4,2,5,1,6
0,DeathDescription.LIFETOTAL,14,40.24648666381836,8,6,0,5,3,6
0,DeathDescription.LIFETOTAL,12,34.83009338378906,6,5,2,6,4,3
0,DeathDescription.LIFETOTAL,10,44.55113410949707,6,5,1,5,3,4
1,DeathDescription.LIFETOTAL,11,22.962331771850586,5,5,2,4,5,4
1,DeathDescription.LIFETOTAL,13,29.89983558654785,7,3,3,7,5,2
0,DeathDescription.LIFETOTAL,10,33.33091735839844,5,4,3,5,4,3
0,DeathDescription.LIFETOTAL,10,53.640127182006836,5,5,2,5,5,2
1,DeathDescription.LIFETOTAL,11,22.90940284729004,4,2,5,5,4,4
0,DeathDescription.LIFETOTAL,10,22.054195404052734,3,5,4,5,3,4
0,DeathDescription.LIFETOTAL,12,25.872468948364258,5,4,4,6,4,3
0,DeathDescription.LIFETOTAL,10,33.01048278808594,3,5,4,5,1,6
0,DeathDescription.LIFETOTAL,10,27.60767936706543,6,5,1,5,3,4
1,DeathDescription.LIFETOTAL,13,24.393796920776367,2,3,6,7,4,3
1,DeathDescription.LIFETOTAL,11,26.424169540405273,3,4,5,5,7,1
1,DeathDescription.LIFETOTAL,11,24.356365203857422,5,4,3,5,6,2
0,DeathDescription.LIFETOTAL,10,33.075809478759766,5,5,2,5,0,7
0,DeathDescription.LIFETOTAL,10,32.63521194458008,6,4,2,5,4,3
0,DeathDescription.LIFETOTAL,10,32.22155570983887,6,4,2,3,4,5
0,DeathDescription.LIFETOTAL,10,28.94115447998047,5,5,2,5,4,3
1,DeathDescription.LIFETOTAL,11,29.544830322265625,6,2,4,6,5,2
0,DeathDescription.LIFETOTAL,10,28.88011932373047,6,4,2,5,3,4
0,DeathDescription.LIFETOTAL,10,22.698163986206055,4,5,3,5,3,4
1,DeathDescription.LIFETOTAL,11,37.009239196777344,4,2,5,6,6,1
0,DeathDescription.LIFETOTAL,12,48.555612564086914,6,5,2,5,4,4
0,DeathDescription.LIFETOTAL,10,29.39748764038086,6,5,1,5,3,4
1,DeathDescription.LIFETOTAL,11,26.660442352294922,6,4,2,6,5,2
0,DeathDescription.LIFETOTAL,12,43.28107833862305,7,5,1,3,4,6
0,DeathDescription.LIFETOTAL,10,38.35177421569824,6,6,0,5,5,2
0,DeathDescription.LIFETOTAL,10,27.551889419555664,6,4,2,5,3,4
1,DeathDescription.LIFETOTAL,15,35.617828369140625,8,5,1,6,5,3
1,DeathDescription.LIFETOTAL,11,42.43922233581543,6,4,2,6,5,2
1,DeathDescription.LIFETOTAL,11,28.508663177490234,5,4,3,5,4,4
0,DeathDescription.LIFETOTAL,10,41.750431060791016,5,5,2,4,3,5
0,DeathDescription.LIFETOTAL,12,28.27596664428711,6,5,2,4,2,6
0,DeathDescription.LIFETOTAL,10,34.380435943603516,5,5,2,5,3,4
0,DeathDescription.LIFETOTAL,10,29.279470443725586,4,6,2,5,4,3
0,DeathDescription.LIFETOTAL,10,39.92486000061035,4,5,3,5,4,3
1,DeathDescription.LIFETOTAL,11,32.6540470123291,5,5,2,6,6,1
0,DeathDescription.LIFETOTAL,10,31.108379364013672,5,5,2,5,3,4
0,DeathDescription.LIFETOTAL,10,23.66352081298828,3,5,4,5,4,3
0,DeathDescription.LIFETOTAL,10,33.74314308166504,5,6,1,4,4,4
1,DeathDescription.LIFETOTAL,11,37.05143928527832,6,5,1,5,5,3
0,DeathDescription.LIFETOTAL,12,27.72998809814453,5,5,3,6,5,2
0,DeathDescription.LIFETOTAL,12,35.111427307128906,5,6,2,3,0,7
0,DeathDescription.LIFETOTAL,10,26.899337768554688,6,5,1,4,4,4
1,DeathDescription.LIFETOTAL,11,32.62972831726074,6,3,3,6,4,3
0,DeathDescription.LIFETOTAL,10,28.661012649536133,6,5,1,5,3,4
0,DeathDescription.LIFETOTAL,12,28.882741928100586,7,3,3,5,4,4
1,DeathDescription.LIFETOTAL,11,42.310237884521484,6,4,2,4,5,4
0,DeathDescription.LIFETOTAL,10,34.47270393371582,4,6,2,5,0,7
0,DeathDescription.LIFETOTAL,12,29.421567916870117,5,5,3,4,0,7
0,DeathDescription.LIFETOTAL,10,27.397871017456055,6,4,2,5,4,3
0,DeathDescription.LIFETOTAL,12,23.892641067504883,7,4,2,6,4,3
0,DeathDescription.LIFETOTAL,12,35.247087478637695,5,5,3,4,1,6
0,DeathDescription.LIFETOTAL,10,28.571128845214844,6,4,2,4,4,4
1,DeathDescription.LIFETOTAL,11,33.23030471801758,6,4,2,5,5,3
0,DeathDescription.LIFETOTAL,10,21.557331085205078,5,5,2,5,3,4
1,DeathDescription.LIFETOTAL,11,39.755821228027344,6,3,3,6,4,3
1,DeathDescription.LIFETOTAL,11,34.64794158935547,6,2,4,6,5,2
0,DeathDescription.LIFETOTAL,10,36.81039810180664,6,5,1,4,4,4
0,DeathDescription.LIFETOTAL,12,44.27456855773926,7,6,0,6,4,3
0,DeathDescription.LIFETOTAL,10,41.74542427062988,5,4,3,5,3,4
0,DeathDescription.LIFETOTAL,10,31.949758529663086,6,5,1,5,3,4
1,DeathDescription.LIFETOTAL,11,22.151470184326172,6,4,2,6,5,2
0,DeathDescription.LIFETOTAL,10,28.35869789123535,6,5,1,5,4,3
0,DeathDescription.LIFETOTAL,10,33.66684913635254,5,4,3,3,1,6
0,DeathDescription.LIFETOTAL,10,28.360605239868164,6,5,1,5,4,3
0,DeathDescription.LIFETOTAL,10,25.815248489379883,5,5,2,5,4,3
1,DeathDescription.LIFETOTAL,13,58.04324150085449,3,1,6,6,5,3
1,DeathDescription.LIFETOTAL,11,28.910160064697266,6,4,2,6,5,2
0,DeathDescription.LIFETOTAL,10,31.699180603027344,6,5,1,5,3,4
1,DeathDescription.LIFETOTAL,13,35.37559509277344,3,2,6,6,6,2
1,DeathDescription.LIFETOTAL,11,49.67999458312988,6,4,2,4,6,3
0,DeathDescription.LIFETOTAL,10,32.479047775268555,6,4,2,5,4,3
0,DeathDescription.LIFETOTAL,12,30.207157135009766,7,4,2,6,3,4
0,DeathDescription.LIFETOTAL,12,23.98848533630371,5,6,2,4,3,4
0,DeathDescription.LIFETOTAL,10,41.53776168823242,6,4,2,3,0,7
1,DeathDescription.LIFETOTAL,11,37.98413276672363,5,4,3,5,5,3
0,DeathDescription.LIFETOTAL,10,25.803565979003906,6,5,1,5,4,3
0,DeathDescription.LIFETOTAL,10,26.7636775970459,5,4,3,5,3,4
1,DeathDescription.LIFETOTAL,11,25.387048721313477,6,3,3,5,6,2
0,DeathDescription.LIFETOTAL,12,29.56366539001465,6,5,2,3,0,7
1,DeathDescription.LIFETOTAL,11,37.91403770446777,6,4,2,4,6,3
0,DeathDescription.LIFETOTAL,10,32.46903419494629,5,5,2,5,0,7
0,DeathDescription.LIFETOTAL,10,20.770549774169922,5,5,2,5,5,2
0,DeathDescription.LIFETOTAL,10,25.171279907226562,6,5,1,5,3,4
0,DeathDescription.LIFETOTAL,10,44.7077751159668,5,5,2,5,4,3
1,DeathDescription.LIFETOTAL,11,23.42391014099121,3,0,7,6,6,1
1,DeathDescription.LIFETOTAL,11,24.25074577331543,3,4,5,6,5,2
0,DeathDescription.LIFETOTAL,10,30.079364776611328,6,5,1,5,3,4
0,DeathDescription.LIFETOTAL,12,34.64174270629883,7,5,1,6,4,3
1,DeathDescription.LIFETOTAL,11,22.435426712036133,6,4,2,6,5,2
0,DeathDescription.LIFETOTAL,10,26.901721954345703,5,5,2,5,3,4
0,DeathDescription.LIFETOTAL,10,34.25955772399902,6,5,1,5,4,3
1,DeathDescription.LIFETOTAL,11,30.90500831604004,4,4,4,6,6,1
0,DeathDescription.LIFETOTAL,10,33.051252365112305,6,4,2,5,4,3
1,DeathDescription.LIFETOTAL,11,37.61100769042969,6,4,2,5,5,3
0,DeathDescription.LIFETOTAL,10,28.084516525268555,5,5,2,4,0,7
1,DeathDescription.LIFETOTAL,11,24.839401245117188,6,3,3,5,4,4
1,DeathDescription.LIFETOTAL,13,29.769182205200195,7,4,2,4,4,6
0,DeathDescription.LIFETOTAL,10,25.551557540893555,6,5,1,5,4,3
0,DeathDescription.LIFETOTAL,10,29.19149398803711,6,4,2,5,3,4
1,DeathDescription.LIFETOTAL,11,50.241708755493164,5,4,3,6,5,2
0,DeathDescription.LIFETOTAL,12,24.47986602783203,5,6,2,4,4,5
1,DeathDescription.LIFETOTAL,17,44.1594123840332,5,2,5,7,7,2
1,DeathDescription.LIFETOTAL,11,56.60724639892578,6,5,1,6,6,1
0,DeathDescription.LIFETOTAL,12,24.292945861816406,5,5,3,5,4,4
0,DeathDescription.LIFETOTAL,10,31.0211181640625,6,5,1,5,4,3
1,DeathDescription.LIFETOTAL,11,31.79144859313965,2,0,7,4,5,4
0,DeathDescription.LIFETOTAL,10,31.087160110473633,6,4,2,5,4,3
0,DeathDescription.LIFETOTAL,10,33.36977958679199,5,4,3,4,3,5
0,DeathDescription.LIFETOTAL,12,40.45891761779785,5,6,2,6,5,2
0,DeathDescription.LIFETOTAL,12,23.30493927001953,4,5,4,5,3,5
1,DeathDescription.LIFETOTAL,13,49.29161071777344,6,6,1,7,5,2
0,DeathDescription.LIFETOTAL,12,29.46925163269043,7,6,0,5,2,6
0,DeathDescription.LIFETOTAL,10,22.502660751342773,6,5,1,5,4,3
0,DeathDescription.LIFETOTAL,10,27.20475196838379,5,5,2,5,5,2
0,DeathDescription.LIFETOTAL,10,37.888526916503906,6,5,1,3,3,6
0,DeathDescription.LIFETOTAL,12,35.294532775878906,7,4,2,6,4,3
0,DeathDescription.LIFETOTAL,12,23.67687225341797,5,5,3,4,3,6
0,DeathDescription.LIFETOTAL,12,28.343677520751953,6,5,2,6,4,3
0,DeathDescription.LIFETOTAL,12,33.522844314575195,7,3,3,5,4,4
1,DeathDescription.LIFETOTAL,13,29.261350631713867,5,1,6,5,6,2
0,DeathDescription.LIFETOTAL,10,32.07588195800781,6,5,1,5,4,3
1,DeathDescription.LIFETOTAL,11,48.268795013427734,5,5,2,6,5,2
0,DeathDescription.LIFETOTAL,10,40.68922996520996,4,6,2,5,2,5
0,DeathDescription.LIFETOTAL,12,55.143117904663086,4,5,4,5,5,3
1,DeathDescription.LIFETOTAL,11,23.703575134277344,6,3,3,6,5,2
1,DeathDescription.LIFETOTAL,13,25.18939971923828,4,4,4,7,4,3
0,DeathDescription.LIFETOTAL,10,32.9439640045166,6,5,1,5,2,5
0,DeathDescription.LIFETOTAL,10,28.51557731628418,6,5,1,5,4,3
1,DeathDescription.LIFETOTAL,11,27.26912498474121,3,1,6,6,5,2
0,DeathDescription.LIFETOTAL,12,33.933401107788086,6,5,2,3,3,7
1,DeathDescription.LIFETOTAL,11,34.589529037475586,5,4,3,6,5,2
0,DeathDescription.LIFETOTAL,10,33.820152282714844,6,4,2,5,4,3
0,DeathDescription.LIFETOTAL,10,22.52650260925293,6,5,1,5,3,4
1,DeathDescription.LIFETOTAL,13,25.084257125854492,5,3,5,7,4,3
0,DeathDescription.LIFETOTAL,10,40.254831314086914,5,5,2,5,4,3
0,DeathDescription.LIFETOTAL,10,27.362585067749023,5,5,2,5,2,5
1,DeathDescription.LIFETOTAL,11,28.63621711730957,6,4,2,6,5,2
0,DeathDescription.LIFETOTAL,10,21.785974502563477,4,4,4,4,4,4
1,DeathDescription.LIFETOTAL,11,40.28153419494629,6,3,3,4,5,4
0,DeathDescription.LIFETOTAL,10,27.321338653564453,6,4,2,5,1,6
1,DeathDescription.LIFETOTAL,11,32.88149833679199,6,0,6,6,5,2
1,DeathDescription.LIFETOTAL,11,37.53066062927246,3,0,7,3,5,5
0,DeathDescription.LIFETOTAL,10,39.279937744140625,4,5,3,4,5,3
0,DeathDescription.LIFETOTAL,10,27.14705467224121,4,4,4,5,4,3
0,DeathDescription.LIFETOTAL,10,20.810365676879883,4,5,3,5,4,3
1,DeathDescription.LIFETOTAL,11,22.157669067382812,6,4,2,6,4,3
0,DeathDescription.LIFETOTAL,12,37.5063419342041,4,5,4,6,6,1
0,DeathDescription.LIFETOTAL,10,20.365238189697266,6,5,1,5,3,4
1,DeathDescription.LIFETOTAL,13,29.51669692993164,3,3,5,5,5,3
0,DeathDescription.LIFETOTAL,12,22.62711524963379,7,5,1,3,1,6
1,DeathDescription.LIFETOTAL,11,49.55434799194336,6,3,3,5,5,3
0,DeathDescription.LIFETOTAL,10,32.11402893066406,6,4,2,5,4,3
0,DeathDescription.LIFETOTAL,12,35.71057319641113,7,4,2,6,5,2
0,DeathDescription.LIFETOTAL,14,31.967878341674805,7,4,3,4,1,6
1,DeathDescription.LIFETOTAL,11,40.4360294342041,4,4,4,4,6,3
1,DeathDescription.LIFETOTAL,13,32.54866600036621,4,4,5,6,7,1
0,DeathDescription.LIFETOTAL,10,21.709918975830078,6,4,2,3,4,5
0,DeathDescription.LIFETOTAL,10,21.747827529907227,4,5,3,5,2,5
0,DeathDescription.LIFETOTAL,10,48.879384994506836,4,5,3,5,3,4
0,DeathDescription.LIFETOTAL,10,32.40394592285156,4,6,2,5,4,3
0,DeathDescription.LIFETOTAL,10,30.518054962158203,5,5,2,5,1,6
1,DeathDescription.LIFETOTAL,11,33.109188079833984,6,3,3,4,5,4
1,DeathDescription.LIFETOTAL,11,32.470703125,6,5,1,5,4,4
0,DeathDescription.LIFETOTAL,10,53.546905517578125,6,5,1,5,3,4
0,DeathDescription.LIFETOTAL,12,35.66122055053711,7,5,1,5,4,4
1,DeathDescription.LIFETOTAL,11,28.44834327697754,6,4,2,4,5,4
0,DeathDescription.LIFETOTAL,10,50.012826919555664,5,5,2,5,4,3
1,DeathDescription.LIFETOTAL,11,29.249906539916992,6,2,4,5,5,3
1,DeathDescription.LIFETOTAL,11,28.24091911315918,6,3,3,6,5,2
0,DeathDescription.LIFETOTAL,10,48.54297637939453,5,4,3,4,4,4
0,DeathDescription.LIFETOTAL,10,22.50981330871582,5,6,1,5,3,4
0,DeathDescription.LIFETOTAL,12,24.59120750427246,3,4,6,6,3,4
1,DeathDescription.LIFETOTAL,11,22.701740264892578,6,2,4,6,5,2
0,DeathDescription.LIFETOTAL,10,39.37506675720215,5,5,2,4,4,4
0,DeathDescription.LIFETOTAL,10,28.332948684692383,4,6,2,5,2,5
0,DeathDescription.LIFETOTAL,12,30.469655990600586,4,5,4,5,5,3
0,DeathDescription.LIFETOTAL,10,47.3484992980957,6,5,1,5,3,4
1,DeathDescription.LIFETOTAL,11,30.938148498535156,6,4,2,5,5,3
0,DeathDescription.LIFETOTAL,10,33.8139533996582,5,5,2,5,4,3
0,DeathDescription.LIFETOTAL,14,28.83124351501465,8,4,2,6,6,2
0,DeathDescription.LIFETOTAL,10,23.160696029663086,5,5,2,5,4,3
0,DeathDescription.LIFETOTAL,10,27.463674545288086,6,4,2,5,3,4
0,DeathDescription.LIFETOTAL,10,22.704601287841797,4,4,4,5,4,3
0,DeathDescription.LIFETOTAL,10,32.33456611633301,6,5,1,1,0,7
0,DeathDescription.LIFETOTAL,10,28.115510940551758,5,4,3,5,4,3
1,DeathDescription.LIFETOTAL,11,29.896259307861328,5,4,3,6,6,1
1,DeathDescription.LIFETOTAL,11,30.09819984436035,4,0,7,6,5,2
1,DeathDescription.LIFETOTAL,13,24.689674377441406,6,2,5,7,7,0
0,DeathDescription.LIFETOTAL,10,26.463985443115234,6,5,1,5,1,6
0,DeathDescription.LIFETOTAL,10,45.45307159423828,3,5,4,5,4,3
1,DeathDescription.LIFETOTAL,11,23.992061614990234,6,4,2,5,4,4
0,DeathDescription.LIFETOTAL,10,32.353878021240234,6,5,1,3,1,6
1,DeathDescription.LIFETOTAL,11,28.502225875854492,5,4,3,5,5,3
0,DeathDescription.LIFETOTAL,10,38.51675987243652,3,5,4,5,3,4
0,DeathDescription.LIFETOTAL,10,27.769088745117188,4,5,3,4,4,4
1,DeathDescription.LIFETOTAL,11,26.427030563354492,2,0,7,3,5,5
1,DeathDescription.LIFETOTAL,11,27.027130126953125,6,4,2,6,6,1
0,DeathDescription.LIFETOTAL,10,24.561405181884766,5,6,1,5,3,4
0,DeathDescription.LIFETOTAL,10,25.60257911682129,6,5,1,3,4,5
0,DeathDescription.LIFETOTAL,10,39.420366287231445,5,5,2,5,3,4
1,DeathDescription.LIFETOTAL,11,30.187129974365234,6,3,3,6,6,1
0,DeathDescription.LIFETOTAL,12,31.778335571289062,7,6,0,6,5,2
0,DeathDescription.LIFETOTAL,10,32.98830986022949,6,5,1,4,4,4
0,DeathDescription.LIFETOTAL,10,37.413835525512695,5,5,2,5,3,4
1,DeathDescription.LIFETOTAL,11,24.177074432373047,6,5,1,6,5,2
0,DeathDescription.LIFETOTAL,12,36.96322441101074,6,6,1,5,6,2
0,DeathDescription.LIFETOTAL,10,32.1049690246582,6,4,2,4,1,6
0,DeathDescription.LIFETOTAL,10,27.554035186767578,6,5,1,5,3,4
1,DeathDescription.LIFETOTAL,11,22.63808250427246,6,6,0,6,5,2
1,DeathDescription.LIFETOTAL,13,48.194169998168945,4,4,5,5,5,4
1,DeathDescription.LIFETOTAL,11,47.25337028503418,6,3,3,6,5,2
0,DeathDescription.LIFETOTAL,10,28.542518615722656,6,5,1,5,4,3
0,DeathDescription.LIFETOTAL,10,20.92456817626953,6,4,2,5,4,3
0,DeathDescription.LIFETOTAL,10,34.668684005737305,6,5,1,5,1,6
0,DeathDescription.LIFETOTAL,10,27.884244918823242,4,5,3,4,4,4
0,DeathDescription.LIFETOTAL,10,26.86762809753418,6,4,2,5,3,4
0,DeathDescription.LIFETOTAL,10,25.577306747436523,4,5,3,5,4,3
0,DeathDescription.LIFETOTAL,10,33.924102783203125,6,5,1,5,1,6
1,DeathDescription.LIFETOTAL,15,37.131547927856445,6,0,7,3,5,6
0,DeathDescription.LIFETOTAL,12,29.096364974975586,4,5,4,5,5,3
0,DeathDescription.LIFETOTAL,12,35.265207290649414,5,5,3,6,4,3
0,DeathDescription.LIFETOTAL,12,41.47028923034668,5,5,3,6,5,2
1,DeathDescription.LIFETOTAL,11,23.7884521484375,6,4,2,4,5,4
0,DeathDescription.LIFETOTAL,10,26.168107986450195,3,5,4,4,4,4
0,DeathDescription.LIFETOTAL,10,22.184133529663086,6,4,2,5,3,4
1,DeathDescription.LIFETOTAL,11,35.09521484375,6,4,2,6,6,1
0,DeathDescription.LIFETOTAL,12,33.56194496154785,7,4,2,2,0,7
0,DeathDescription.LIFETOTAL,10,32.132863998413086,4,5,3,5,3,4
0,DeathDescription.LIFETOTAL,12,40.17996788024902,7,6,0,6,4,3
0,DeathDescription.LIFETOTAL,10,34.97147560119629,5,5,2,5,3,4
0,DeathDescription.LIFETOTAL,10,47.49941825866699,4,4,4,5,3,4
0,DeathDescription.LIFETOTAL,10,37.59884834289551,6,5,1,5,5,2
1,DeathDescription.LIFETOTAL,11,24.643421173095703,6,4,2,6,5,2
1,DeathDescription.LIFETOTAL,11,39.354801177978516,3,0,7,4,5,4
0,DeathDescription.LIFETOTAL,10,29.353857040405273,6,6,0,5,4,3
1,DeathDescription.LIFETOTAL,11,29.43563461303711,6,3,3,4,4,5
0,DeathDescription.LIFETOTAL,10,26.556968688964844,4,5,3,4,2,5
0,DeathDescription.LIFETOTAL,10,24.866342544555664,6,5,1,4,4,4
0,DeathDescription.LIFETOTAL,12,26.97610855102539,7,5,1,6,4,3
0,DeathDescription.LIFETOTAL,12,30.299901962280273,4,5,4,6,4,3
0,DeathDescription.LIFETOTAL,10,23.113727569580078,6,6,0,5,4,3
0,DeathDescription.LIFETOTAL,10,33.93363952636719,6,5,1,2,2,6
0,DeathDescription.LIFETOTAL,10,32.39321708679199,6,5,1,5,3,4
0,DeathDescription.LIFETOTAL,10,41.81075096130371,6,4,2,5,4,3
0,DeathDescription.LIFETOTAL,10,21.63243293762207,5,5,2,5,4,3
1,DeathDescription.LIFETOTAL,11,34.03425216674805,4,3,5,6,7,0
0,DeathDescription.LIFETOTAL,12,26.15499496459961,6,6,1,6,5,2
1,DeathDescription.LIFETOTAL,11,23.940563201904297,6,4,2,6,4,3
1,DeathDescription.LIFETOTAL,13,29.836177825927734,3,1,6,7,5,2
1,DeathDescription.LIFETOTAL,11,38.374900817871094,6,4,2,5,6,2
0,DeathDescription.LIFETOTAL,12,28.929471969604492,7,5,1,4,3,5
1,DeathDescription.LIFETOTAL,11,28.629064559936523,3,4,5,6,5,2
0,DeathDescription.LIFETOTAL,10,21.138906478881836,6,4,2,3,2,6
1,DeathDescription.LIFETOTAL,13,34.49702262878418,4,0,7,7,6,1
1,DeathDescription.LIFETOTAL,13,25.777339935302734,7,4,2,6,6,2
1,DeathDescription.LIFETOTAL,13,45.46475410461426,4,4,5,5,5,4
0,DeathDescription.LIFETOTAL,10,21.791696548461914,6,4,2,5,2,5
0,DeathDescription.LIFETOTAL,10,34.22403335571289,6,6,0,5,4,3
1,DeathDescription.LIFETOTAL,11,29.855012893676758,5,4,3,4,5,4
0,DeathDescription.LIFETOTAL,10,32.87148475646973,6,5,1,5,4,3
0,DeathDescription.LIFETOTAL,10,23.096561431884766,6,4,2,5,3,4
0,DeathDescription.LIFETOTAL,10,34.925222396850586,5,6,1,5,4,3
0,DeathDescription.LIFETOTAL,12,36.724090576171875,7,5,1,5,4,4
1,DeathDescription.LIFETOTAL,13,25.336027145385742,5,1,6,4,5,5
1,DeathDescription.LIFETOTAL,11,23.43010902404785,3,2,6,6,5,2
0,DeathDescription.LIFETOTAL,12,31.221866607666016,7,4,2,4,4,5
0,DeathDescription.LIFETOTAL,10,22.244930267333984,6,5,1,5,4,3
0,DeathDescription.LIFETOTAL,10,36.71526908874512,6,4,2,5,1,6
0,DeathDescription.LIFETOTAL,12,27.605295181274414,6,5,2,2,0,7
0,DeathDescription.LIFETOTAL,10,48.55704307556152,5,5,2,5,1,6
0,DeathDescription.LIFETOTAL,10,27.306079864501953,6,5,1,2,4,6
1,DeathDescription.LIFETOTAL,11,26.73959732055664,4,1,6,6,4,3
1,DeathDescription.LIFETOTAL,13,24.72996711730957,4,4,5,6,6,2
1,DeathDescription.LIFETOTAL,11,34.073829650878906,6,3,3,6,5,2
0,DeathDescription.LIFETOTAL,10,28.600454330444336,6,4,2,5,4,3
1,DeathDescription.LIFETOTAL,11,22.786378860473633,6,4,2,6,5,2
0,DeathDescription.LIFETOTAL,16,37.003278732299805,5,6,3,4,0,7
0,DeathDescription.LIFETOTAL,10,24.811267852783203,6,5,1,5,5,2
0,DeathDescription.LIFETOTAL,10,30.242204666137695,6,5,1,5,2,5
0,DeathDescription.LIFETOTAL,10,23.575305938720703,5,6,1,5,4,3
0,DeathDescription.LIFETOTAL,12,37.09220886230469,7,6,0,6,4,3
0,DeathDescription.LIFETOTAL,10,45.05491256713867,6,4,2,5,3,4
1,DeathDescription.LIFETOTAL,11,22.32813835144043,3,3,6,6,5,2
0,DeathDescription.LIFETOTAL,10,26.789426803588867,6,5,1,5,3,4
1,DeathDescription.LIFETOTAL,11,29.450416564941406,6,4,2,6,4,3
1,DeathDescription.LIFETOTAL,11,66.11418724060059,6,3,3,6,4,3
0,DeathDescription.LIFETOTAL,10,21.968364715576172,6,5,1,4,0,7
1,DeathDescription.LIFETOTAL,13,45.88174819946289,7,5,1,7,5,2
0,DeathDescription.LIFETOTAL,10,27.827978134155273,6,5,1,5,3,4
0,DeathDescription.LIFETOTAL,10,34.026145935058594,6,5,1,5,1,6
1,DeathDescription.LIFETOTAL,11,28.58591079711914,4,4,4,3,5,5
0,DeathDescription.LIFETOTAL,12,22.56011962890625,6,6,1,4,3,6
1,DeathDescription.LIFETOTAL,11,32.74106979370117,3,0,7,6,5,2
0,DeathDescription.LIFETOTAL,10,38.33603858947754,5,6,1,3,4,5
1,DeathDescription.LIFETOTAL,11,22.726774215698242,5,5,2,6,5,2
0,DeathDescription.LIFETOTAL,10,20.799875259399414,5,4,3,3,0,7
0,DeathDescription.LIFETOTAL,10,42.912960052490234,6,4,2,5,4,3
1,DeathDescription.LIFETOTAL,11,44.31557655334473,5,5,2,6,5,2
1,DeathDescription.LIFETOTAL,11,30.59077262878418,5,4,3,5,6,2
0,DeathDescription.LIFETOTAL,10,38.04159164428711,3,5,4,4,0,7
0,DeathDescription.LIFETOTAL,12,48.68650436401367,5,5,3,5,5,3
0,DeathDescription.LIFETOTAL,10,45.12810707092285,6,5,1,5,3,4
1,DeathDescription.LIFETOTAL,11,22.510766983032227,2,0,7,6,6,1
0,DeathDescription.LIFETOTAL,10,32.09280967712402,6,4,2,4,4,4
0,DeathDescription.LIFETOTAL,12,29.942750930786133,7,5,1,6,5,2
0,DeathDescription.LIFETOTAL,12,66.05792045593262,6,6,1,4,4,4
0,DeathDescription.LIFETOTAL,12,42.9224967956543,7,5,1,3,0,7
1,DeathDescription.LIFETOTAL,11,24.270296096801758,5,3,4,6,4,3
1,DeathDescription.LIFETOTAL,11,44.30699348449707,4,2,5,6,5,2
0,DeathDescription.LIFETOTAL,12,34.49869155883789,3,5,5,5,3,5
1,DeathDescription.LIFETOTAL,13,44.84963417053223,5,2,6,6,6,2
0,DeathDescription.LIFETOTAL,10,44.22450065612793,6,5,1,5,5,2
1,DeathDescription.LIFETOTAL,11,27.37712860107422,6,5,1,4,4,5
0,DeathDescription.LIFETOTAL,12,29.07395362854004,6,5,2,4,4,5
0,DeathDescription.LIFETOTAL,10,36.42845153808594,6,4,2,4,4,4
0,DeathDescription.LIFETOTAL,10,25.594472885131836,4,5,3,5,5,2
0,DeathDescription.LIFETOTAL,10,31.016111373901367,6,4,2,2,0,7
1,DeathDescription.LIFETOTAL,11,31.99911117553711,6,4,2,6,5,2
1,DeathDescription.LIFETOTAL,11,30.5783748626709,5,5,2,6,5,2
1,DeathDescription.LIFETOTAL,11,27.894973754882812,3,0,7,6,5,2
0,DeathDescription.LIFETOTAL,12,22.170066833496094,5,5,3,6,0,7
0,DeathDescription.LIFETOTAL,10,26.888370513916016,6,5,1,4,3,5
0,DeathDescription.LIFETOTAL,10,23.815393447875977,5,5,2,5,3,4
0,DeathDescription.LIFETOTAL,10,40.92121124267578,6,4,2,4,5,3
0,DeathDescription.LIFETOTAL,12,29.012441635131836,4,5,4,3,3,6
1,DeathDescription.LIFETOTAL,11,33.18381309509277,6,4,2,6,5,2
0,DeathDescription.LIFETOTAL,10,34.57450866699219,6,6,0,2,2,7
0,DeathDescription.LIFETOTAL,12,35.95328330993652,7,4,2,6,5,2
0,DeathDescription.LIFETOTAL,10,27.578115463256836,6,5,1,5,4,3
0,DeathDescription.LIFETOTAL,10,21.060705184936523,4,5,3,4,0,7
0,DeathDescription.LIFETOTAL,12,52.82306671142578,6,5,2,6,3,4
1,DeathDescription.LIFETOTAL,11,22.522449493408203,3,4,5,6,5,2
0,DeathDescription.LIFETOTAL,12,39.278268814086914,7,5,1,5,4,4
0,DeathDescription.LIFETOTAL,12,24.588584899902344,5,5,3,6,4,3
0,DeathDescription.LIFETOTAL,12,46.700239181518555,4,5,4,5,4,4
1,DeathDescription.LIFETOTAL,11,27.4198055267334,6,2,4,5,5,3
0,DeathDescription.LIFETOTAL,10,31.90922737121582,6,5,1,5,4,3
0,DeathDescription.LIFETOTAL,10,47.70922660827637,6,5,1,5,4,3
0,DeathDescription.LIFETOTAL,10,42.19365119934082,6,6,0,4,4,4
0,DeathDescription.LIFETOTAL,10,23.11396598815918,6,4,2,5,2,5
1,DeathDescription.LIFETOTAL,13,25.44546127319336,3,0,7,4,5,5
0,DeathDescription.LIFETOTAL,12,43.06364059448242,4,5,4,6,5,2
1,DeathDescription.LIFETOTAL,11,44.928789138793945,4,0,7,5,5,3
0,DeathDescription.LIFETOTAL,12,23.856639862060547,5,5,3,4,4,5
1,DeathDescription.LIFETOTAL,11,21.494388580322266,6,2,4,3,5,5
0,DeathDescription.LIFETOTAL,10,23.082733154296875,6,4,2,5,3,4
0,DeathDescription.LIFETOTAL,10,44.9979305267334,6,5,1,5,5,2
1,DeathDescription.LIFETOTAL,11,48.73156547546387,4,4,4,4,5,4
0,DeathDescription.LIFETOTAL,10,32.625675201416016,5,6,1,5,4,3
0,DeathDescription.LIFETOTAL,10,52.451133728027344,5,4,3,3,4,5
1,DeathDescription.LIFETOTAL,11,41.65244102478027,4,4,4,6,7,0
1,DeathDescription.LIFETOTAL,11,44.46554183959961,6,4,2,6,5,2
1,DeathDescription.LIFETOTAL,11,22.116661071777344,6,3,3,5,6,2
0,DeathDescription.LIFETOTAL,12,58.73894691467285,7,5,1,6,3,4
0,DeathDescription.LIFETOTAL,10,61.66338920593262,6,4,2,5,3,4
1,DeathDescription.LIFETOTAL,11,22.724390029907227,5,3,4,5,5,3
1,DeathDescription.LIFETOTAL,11,39.249420166015625,6,0,6,6,6,1
1,DeathDescription.LIFETOTAL,11,42.931318283081055,3,2,5,6,5,2
0,DeathDescription.LIFETOTAL,10,21.96359634399414,6,4,2,5,3,4
0,DeathDescription.LIFETOTAL,10,31.93831443786621,5,5,2,1,0,7
0,DeathDescription.LIFETOTAL,10,23.035526275634766,6,5,1,4,5,3
1,DeathDescription.LIFETOTAL,13,36.34953498840332,5,5,3,6,5,3
0,DeathDescription.LIFETOTAL,10,26.843547821044922,4,5,3,5,4,3
1,DeathDescription.LIFETOTAL,11,25.983095169067383,6,4,2,5,5,3
0,DeathDescription.LIFETOTAL,10,23.057937622070312,6,6,0,5,4,3
0,DeathDescription.LIFETOTAL,14,27.870893478393555,5,5,4,7,5,2
0,DeathDescription.LIFETOTAL,10,37.15872764587402,6,5,1,4,4,4
1,DeathDescription.LIFETOTAL,13,42.4346923828125,6,3,4,7,7,0
0,DeathDescription.LIFETOTAL,10,26.70907974243164,4,5,3,5,3,4
1,DeathDescription.LIFETOTAL,11,27.671098709106445,6,4,2,4,5,4
1,DeathDescription.LIFETOTAL,13,31.81934356689453,5,3,5,6,6,2
1,DeathDescription.LIFETOTAL,11,29.620885848999023,5,0,7,4,5,4
1,DeathDescription.LIFETOTAL,11,28.921127319335938,6,3,3,6,5,2
1,DeathDescription.LIFETOTAL,11,34.75475311279297,6,4,2,6,5,2
0,DeathDescription.LIFETOTAL,12,25.899887084960938,7,6,0,6,4,3
1,DeathDescription.LIFETOTAL,11,36.39960289001465,3,4,5,6,5,2
1,DeathDescription.LIFETOTAL,11,23.862123489379883,3,4,5,6,6,1
0,DeathDescription.LIFETOTAL,12,23.84781837463379,6,5,2,5,5,3
0,DeathDescription.LIFETOTAL,10,25.21204948425293,6,5,1,5,4,3
0,DeathDescription.LIFETOTAL,10,24.170398712158203,5,5,2,5,4,3
0,DeathDescription.LIFETOTAL,10,33.61797332763672,5,5,2,4,4,4
1,DeathDescription.LIFETOTAL,11,22.723913192749023,4,1,6,5,6,2
0,DeathDescription.LIFETOTAL,10,26.856422424316406,6,4,2,3,4,5
1,DeathDescription.LIFETOTAL,13,35.63213348388672,3,0,7,5,6,3
0,DeathDescription.LIFETOTAL,10,22.873878479003906,5,6,1,5,4,3
0,DeathDescription.LIFETOTAL,12,24.298429489135742,7,5,1,5,4,4
1,DeathDescription.LIFETOTAL,11,23.773670196533203,5,4,3,4,5,4
1,DeathDescription.LIFETOTAL,11,51.67889595031738,4,4,4,6,6,1
0,DeathDescription.LIFETOTAL,10,27.698516845703125,5,4,3,4,3,5
0,DeathDescription.LIFETOTAL,14,26.177406311035156,6,5,3,5,4,5
1,DeathDescription.LIFETOTAL,11,23.653030395507812,6,4,2,5,5,3
1,DeathDescription.LIFETOTAL,11,25.03180503845215,6,5,1,6,5,2
1,DeathDescription.LIFETOTAL,11,25.266170501708984,4,4,4,6,4,3
0,DeathDescription.LIFETOTAL,10,46.64921760559082,6,5,1,5,4,3
1,DeathDescription.LIFETOTAL,11,23.70619773864746,6,3,3,6,4,3
1,DeathDescription.LIFETOTAL,13,35.17270088195801,4,0,7,7,6,1
1,DeathDescription.LIFETOTAL,11,32.23681449890137,3,0,7,6,6,1
1,DeathDescription.LIFETOTAL,15,35.89630126953125,4,1,6,5,5,5
1,DeathDescription.LIFETOTAL,15,38.42043876647949,6,1,6,7,5,3
1,DeathDescription.LIFETOTAL,11,35.423994064331055,6,4,2,5,5,3
0,DeathDescription.LIFETOTAL,10,27.85015106201172,5,5,2,5,3,4
0,DeathDescription.LIFETOTAL,10,21.825790405273438,5,5,2,2,3,6
0,DeathDescription.LIFETOTAL,12,44.153451919555664,5,5,3,6,3,4
0,DeathDescription.LIFETOTAL,10,59.94462966918945,6,5,1,5,3,4
0,DeathDescription.LIFETOTAL,10,27.015209197998047,6,5,1,5,0,7
0,DeathDescription.LIFETOTAL,10,46.28276824951172,5,4,3,5,3,4
1,DeathDescription.LIFETOTAL,11,28.57375144958496,6,2,4,6,5,2
0,DeathDescription.LIFETOTAL,10,24.681806564331055,6,4,2,5,4,3
0,DeathDescription.LIFETOTAL,10,24.25241470336914,6,5,1,5,3,4
0,DeathDescription.LIFETOTAL,10,31.627178192138672,4,5,3,5,4,3
1,DeathDescription.LIFETOTAL,11,26.847362518310547,5,4,3,6,6,1
0,DeathDescription.LIFETOTAL,10,39.076805114746094,4,5,3,5,3,4
0,DeathDescription.LIFETOTAL,10,22.789716720581055,6,5,1,5,3,4
0,DeathDescription.LIFETOTAL,10,36.5908145904541,4,5,3,5,4,3
0,DeathDescription.LIFETOTAL,10,31.325578689575195,4,4,4,4,0,7
1,DeathDescription.LIFETOTAL,11,30.056238174438477,3,2,5,6,5,2
1,DeathDescription.LIFETOTAL,13,31.41164779663086,7,5,1,6,5,3
1,DeathDescription.LIFETOTAL,11,33.275604248046875,6,4,2,6,4,3
0,DeathDescription.LIFETOTAL,12,25.40111541748047,7,6,0,6,3,4
1,DeathDescription.LIFETOTAL,11,29.247283935546875,5,4,3,6,5,2
0,DeathDescription.LIFETOTAL,10,30.96485137939453,5,6,1,5,3,4
1,DeathDescription.LIFETOTAL,15,31.01491928100586,4,0,7,7,6,2
1,DeathDescription.LIFETOTAL,11,22.87459373474121,5,4,3,4,5,4
0,DeathDescription.LIFETOTAL,10,31.23950958251953,5,4,3,5,4,3
0,DeathDescription.LIFETOTAL,12,26.8247127532959,4,6,3,6,5,2
0,DeathDescription.LIFETOTAL,10,26.785612106323242,4,5,3,4,3,4
0,DeathDescription.LIFETOTAL,10,21.405696868896484,3,5,4,5,5,2
0,DeathDescription.LIFETOTAL,10,33.49018096923828,4,5,3,5,4,3
0,DeathDescription.LIFETOTAL,10,32.852888107299805,4,5,3,5,4,3
0,DeathDescription.LIFETOTAL,12,29.792308807373047,5,6,2,6,4,3
1,DeathDescription.LIFETOTAL,11,23.29730987548828,5,5,2,6,6,1
0,DeathDescription.LIFETOTAL,10,34.981727600097656,5,4,3,5,2,5
1,DeathDescription.LIFETOTAL,13,32.55414962768555,6,5,2,5,6,3
0,DeathDescription.LIFETOTAL,10,21.265029907226562,5,4,3,4,4,4
0,DeathDescription.LIFETOTAL,10,42.38486289978027,4,5,3,2,0,7
0,DeathDescription.LIFETOTAL,10,29.96373176574707,4,5,3,5,3,4
0,DeathDescription.LIFETOTAL,12,35.60924530029297,6,5,2,6,4,3
1,DeathDescription.LIFETOTAL,13,30.024051666259766,3,0,7,6,6,2
0,DeathDescription.LIFETOTAL,10,57.76619911193848,6,5,1,3,4,5
0,DeathDescription.LIFETOTAL,12,43.562889099121094,6,6,1,5,3,5
0,DeathDescription.LIFETOTAL,10,21.105051040649414,5,5,2,4,4,4
1,DeathDescription.LIFETOTAL,11,23.732423782348633,5,3,4,5,5,3
1,DeathDescription.LIFETOTAL,11,27.48274803161621,5,4,3,6,4,3
0,DeathDescription.LIFETOTAL,10,32.994747161865234,6,4,2,4,4,4
1,DeathDescription.LIFETOTAL,11,40.021419525146484,6,4,2,6,6,1
0,DeathDescription.LIFETOTAL,10,21.48270606994629,5,5,2,5,4,3
0,DeathDescription.LIFETOTAL,12,29.28900718688965,6,5,2,4,5,4
0,DeathDescription.LIFETOTAL,10,43.213844299316406,6,6,0,4,0,7
0,DeathDescription.LIFETOTAL,10,32.775163650512695,5,4,3,4,3,5
0,DeathDescription.LIFETOTAL,10,23.109912872314453,6,5,1,5,4,3
1,DeathDescription.LIFETOTAL,13,28.49125862121582,4,2,6,7,5,2
0,DeathDescription.LIFETOTAL,12,40.41433334350586,5,6,2,6,3,4
0,DeathDescription.LIFETOTAL,10,26.836395263671875,5,5,2,5,4,3
0,DeathDescription.LIFETOTAL,12,34.07478332519531,6,5,2,6,5,2
1,DeathDescription.LIFETOTAL,11,33.219099044799805,2,3,6,5,6,2
1,DeathDescription.LIFETOTAL,13,32.901763916015625,5,4,4,6,5,3
1,DeathDescription.LIFETOTAL,11,29.49833869934082,6,4,2,6,5,2
1,DeathDescription.LIFETOTAL,11,22.516965866088867,6,4,2,6,5,2
0,DeathDescription.LIFETOTAL,10,20.677804946899414,6,4,2,4,0,7
0,DeathDescription.LIFETOTAL,12,44.43502426147461,7,4,2,3,0,7
1,DeathDescription.LIFETOTAL,11,33.11276435852051,4,3,5,6,4,3
0,DeathDescription.LIFETOTAL,10,21.18849754333496,4,5,3,5,3,4
1,DeathDescription.LIFETOTAL,11,43.53642463684082,4,4,4,6,5,2
0,DeathDescription.LIFETOTAL,18,58.869123458862305,7,6,1,4,3,5
0,DeathDescription.LIFETOTAL,12,44.83175277709961,6,6,1,6,4,3
0,DeathDescription.LIFETOTAL,12,26.77607536315918,6,5,2,5,1,6
0,DeathDescription.LIFETOTAL,10,20.65563201904297,6,4,2,5,0,7
0,DeathDescription.LIFETOTAL,12,39.49594497680664,7,5,1,5,5,3
0,DeathDescription.LIFETOTAL,10,32.08112716674805,6,5,1,5,3,4
0,DeathDescription.LIFETOTAL,10,32.64427185058594,6,5,1,3,4,5
0,DeathDescription.LIFETOTAL,10,21.6522216796875,5,4,3,4,4,4
1,DeathDescription.LIFETOTAL,11,27.704715728759766,6,5,1,5,5,3
0,DeathDescription.LIFETOTAL,10,23.42700958251953,6,6,0,5,5,2
0,DeathDescription.LIFETOTAL,10,22.665977478027344,6,4,2,4,1,6
0,DeathDescription.LIFETOTAL,10,34.45553779602051,5,5,2,5,4,3
1,DeathDescription.LIFETOTAL,13,43.01738739013672,5,2,5,6,6,2
0,DeathDescription.LIFETOTAL,10,27.140140533447266,4,6,2,5,2,5
1,DeathDescription.LIFETOTAL,11,27.793407440185547,5,3,4,4,5,4
0,DeathDescription.LIFETOTAL,10,33.71071815490723,6,4,2,5,4,3
1,DeathDescription.LIFETOTAL,11,40.378570556640625,4,0,7,6,5,2
1,DeathDescription.LIFETOTAL,13,25.17986297607422,4,4,5,7,4,3
1,DeathDescription.LIFETOTAL,11,22.100448608398438,6,4,2,6,6,1
1,DeathDescription.LIFETOTAL,11,28.9914608001709,5,5,2,5,5,3
1,DeathDescription.LIFETOTAL,11,31.066417694091797,6,4,2,6,5,2
1,DeathDescription.LIFETOTAL,13,56.237220764160156,5,1,6,7,6,1
0,DeathDescription.LIFETOTAL,10,21.83842658996582,4,5,3,5,3,4
0,DeathDescription.LIFETOTAL,10,22.40920066833496,6,5,1,5,5,2
0,DeathDescription.LIFETOTAL,10,49.58701133728027,6,5,1,5,2,5
0,DeathDescription.LIFETOTAL,10,32.89389610290527,5,6,1,5,4,3
0,DeathDescription.LIFETOTAL,10,33.239126205444336,5,5,2,5,4,3
0,DeathDescription.LIFETOTAL,10,26.60369873046875,6,4,2,3,0,7
1,DeathDescription.LIFETOTAL,11,31.411409378051758,6,4,2,6,5,2
0,DeathDescription.LIFETOTAL,16,39.15286064147949,5,5,3,7,4,4
1,DeathDescription.LIFETOTAL,15,25.742530822753906,4,0,7,6,5,3
0,DeathDescription.LIFETOTAL,10,28.047561645507812,6,4,2,5,4,3
0,DeathDescription.LIFETOTAL,10,30.33757209777832,6,6,0,5,3,4
0,DeathDescription.LIFETOTAL,10,23.47278594970703,4,5,3,5,4,3
1,DeathDescription.LIFETOTAL,13,31.127452850341797,5,5,3,4,5,5
0,DeathDescription.LIFETOTAL,10,51.224470138549805,6,4,2,4,3,5
0,DeathDescription.LIFETOTAL,10,47.17421531677246,6,6,0,5,2,5
0,DeathDescription.LIFETOTAL,10,50.444841384887695,6,4,2,5,5,2
0,DeathDescription.LIFETOTAL,10,44.3415641784668,4,5,3,5,4,3
0,DeathDescription.LIFETOTAL,10,37.778615951538086,6,5,1,4,4,4
1,DeathDescription.LIFETOTAL,13,50.698280334472656,4,3,5,7,5,2
0,DeathDescription.LIFETOTAL,10,52.29973793029785,3,5,4,4,3,5
1,DeathDescription.LIFETOTAL,11,24.99866485595703,4,4,4,6,6,1
1,DeathDescription.LIFETOTAL,11,43.190956115722656,6,4,2,6,6,1
0,DeathDescription.LIFETOTAL,10,23.09250831604004,6,4,2,5,2,5
0,DeathDescription.LIFETOTAL,12,28.0914306640625,4,4,5,4,4,5
1,DeathDescription.LIFETOTAL,11,58.77542495727539,4,4,4,6,5,2
0,DeathDescription.LIFETOTAL,10,38.56706619262695,6,5,1,5,4,3
1,DeathDescription.LIFETOTAL,11,53.080081939697266,5,5,2,5,4,4
0,DeathDescription.LIFETOTAL,16,44.23809051513672,8,6,1,3,0,7
0,DeathDescription.LIFETOTAL,10,40.601491928100586,6,5,1,4,3,5
0,DeathDescription.LIFETOTAL,10,43.02358627319336,6,5,1,5,4,3
0,DeathDescription.LIFETOTAL,12,45.087575912475586,6,6,1,6,3,4
0,DeathDescription.LIFETOTAL,10,34.19232368469238,4,5,3,4,4,4
0,DeathDescription.LIFETOTAL,12,36.46683692932129,5,6,2,5,4,4
0,DeathDescription.LIFETOTAL,10,23.461103439331055,6,4,2,5,2,5
1,DeathDescription.LIFETOTAL,11,22.53413200378418,6,4,2,6,5,2
1,DeathDescription.LIFETOTAL,11,51.804542541503906,6,4,2,6,5,2
0,DeathDescription.LIFETOTAL,10,37.956953048706055,3,5,4,5,2,5
0,DeathDescription.LIFETOTAL,10,46.982765197753906,6,5,1,5,4,3
1,DeathDescription.LIFETOTAL,11,44.67201232910156,4,1,6,5,4,4
0,DeathDescription.LIFETOTAL,10,51.148414611816406,6,4,2,4,3,5
0,DeathDescription.LIFETOTAL,10,46.64897918701172,6,4,2,5,3,4
1,DeathDescription.LIFETOTAL,11,53.19976806640625,6,1,5,3,5,5
0,DeathDescription.LIFETOTAL,10,35.25519371032715,4,4,4,5,4,3
0,DeathDescription.LIFETOTAL,10,45.510053634643555,4,5,3,3,4,5
0,DeathDescription.LIFETOTAL,12,49.510955810546875,5,6,2,5,3,5
1,DeathDescription.LIFETOTAL,11,42.513370513916016,4,5,3,4,5,4
0,DeathDescription.LIFETOTAL,10,35.601139068603516,6,5,1,5,3,4
0,DeathDescription.LIFETOTAL,12,51.72467231750488,5,5,3,6,3,4
0,DeathDescription.LIFETOTAL,10,27.74953842163086,4,5,3,5,4,3
1,DeathDescription.LIFETOTAL,15,27.90236473083496,4,3,5,7,7,1
1,DeathDescription.LIFETOTAL,15,58.196067810058594,5,0,7,6,6,3
0,DeathDescription.LIFETOTAL,12,35.44473648071289,7,5,1,6,6,1
0,DeathDescription.LIFETOTAL,12,28.87892723083496,7,6,0,6,4,3
0,DeathDescription.LIFETOTAL,10,38.80810737609863,6,5,1,3,3,6
1,DeathDescription.LIFETOTAL,11,29.056787490844727,6,3,3,6,4,3
1,DeathDescription.LIFETOTAL,11,22.8424072265625,5,2,5,6,5,2
1,DeathDescription.LIFETOTAL,11,23.085355758666992,6,4,2,5,5,3
1,DeathDescription.LIFETOTAL,13,26.630401611328125,4,3,5,6,5,3
0,DeathDescription.LIFETOTAL,10,28.194904327392578,4,5,3,5,4,3
0,DeathDescription.LIFETOTAL,10,21.18229866027832,3,4,5,5,3,4
1,DeathDescription.LIFETOTAL,11,20.742416381835938,4,4,4,4,5,4
0,DeathDescription.LIFETOTAL,10,32.57608413696289,5,5,2,5,4,3
1,DeathDescription.LIFETOTAL,11,41.00990295410156,3,0,7,6,4,3
1,DeathDescription.LIFETOTAL,11,22.508621215820312,3,2,6,4,5,4
1,DeathDescription.LIFETOTAL,11,28.477191925048828,5,4,3,4,5,4
0,DeathDescription.LIFETOTAL,10,27.132511138916016,5,5,2,5,0,7
0,DeathDescription.LIFETOTAL,12,27.222871780395508,7,4,2,4,4,5
1,DeathDescription.LIFETOTAL,11,40.26985168457031,5,4,3,6,6,1
0,DeathDescription.LIFETOTAL,10,22.541046142578125,6,5,1,5,4,3
1,DeathDescription.LIFETOTAL,13,30.554533004760742,6,3,4,6,5,3
0,DeathDescription.LIFETOTAL,10,45.000553131103516,6,5,1,4,4,4
0,DeathDescription.LIFETOTAL,12,30.383586883544922,7,6,0,6,4,3
0,DeathDescription.LIFETOTAL,12,24.63555335998535,4,5,4,6,4,3
0,DeathDescription.LIFETOTAL,10,24.249792098999023,6,5,1,5,3,4
0,DeathDescription.LIFETOTAL,10,30.20191192626953,6,5,1,5,2,5
0,DeathDescription.LIFETOTAL,10,23.24819564819336,6,5,1,5,4,3
0,DeathDescription.LIFETOTAL,10,28.4121036529541,5,5,2,5,3,4
1,DeathDescription.LIFETOTAL,11,28.4879207611084,6,4,2,5,6,2
0,DeathDescription.LIFETOTAL,10,33.33592414855957,5,5,2,4,3,5
0,DeathDescription.LIFETOTAL,12,25.310754776000977,7,5,1,5,5,3
0,DeathDescription.LIFETOTAL,16,27.62007713317871,5,4,5,4,5,4
1,DeathDescription.LIFETOTAL,11,33.58006477355957,6,2,4,5,6,2
0,DeathDescription.LIFETOTAL,10,37.34087944030762,6,5,1,3,2,5
1,DeathDescription.LIFETOTAL,11,28.34486961364746,6,5,1,5,5,3
0,DeathDescription.LIFETOTAL,10,33.36977958679199,4,5,3,5,3,4
0,DeathDescription.LIFETOTAL,10,32.09662437438965,6,4,2,5,3,4
1,DeathDescription.LIFETOTAL,11,38.823843002319336,6,3,3,6,5,2
1,DeathDescription.LIFETOTAL,11,29.99567985534668,3,0,7,6,6,1
0,DeathDescription.LIFETOTAL,12,29.796838760375977,5,6,2,6,4,3
0,DeathDescription.LIFETOTAL,10,22.64547348022461,6,5,1,5,4,3
0,DeathDescription.LIFETOTAL,10,28.32770347595215,4,5,3,5,2,5
1,DeathDescription.LIFETOTAL,11,28.388261795043945,5,1,6,6,4,3
0,DeathDescription.LIFETOTAL,12,33.46109390258789,7,5,1,6,2,5
0,DeathDescription.LIFETOTAL,12,22.296667098999023,3,3,7,2,0,7
0,DeathDescription.LIFETOTAL,12,37.397146224975586,5,5,3,5,4,4
0,DeathDescription.LIFETOTAL,10,22.33719825744629,6,4,2,5,3,4
0,DeathDescription.LIFETOTAL,10,25.823354721069336,6,4,2,5,3,4
0,DeathDescription.LIFETOTAL,12,28.155803680419922,5,5,3,4,4,5
0,DeathDescription.LIFETOTAL,10,38.51199150085449,6,5,1,3,3,6
0,DeathDescription.LIFETOTAL,10,26.9625186920166,6,4,2,5,1,6
0,DeathDescription.LIFETOTAL,12,29.642820358276367,6,6,1,6,4,3
1,DeathDescription.LIFETOTAL,11,21.619558334350586,6,0,6,3,5,5
0,DeathDescription.LIFETOTAL,10,28.42879295349121,5,6,1,5,2,5
0,DeathDescription.LIFETOTAL,10,23.27275276184082,5,5,2,5,3,4
0,DeathDescription.LIFETOTAL,10,26.610374450683594,4,5,3,5,0,7
0,DeathDescription.LIFETOTAL,12,23.407697677612305,6,6,1,5,3,5
1,DeathDescription.LIFETOTAL,11,62.40415573120117,6,3,3,6,5,2
1,DeathDescription.LIFETOTAL,13,34.8663330078125,4,4,5,7,4,3
1,DeathDescription.LIFETOTAL,11,27.43840217590332,5,3,4,6,4,3
0,DeathDescription.LIFETOTAL,12,55.01961708068848,7,5,1,3,4,6
0,DeathDescription.LIFETOTAL,12,41.29958152770996,6,5,2,6,0,7
1,DeathDescription.LIFETOTAL,11,34.57999229431152,5,4,3,6,5,2
1,DeathDescription.LIFETOTAL,13,25.76446533203125,3,3,5,7,6,1
0,DeathDescription.LIFETOTAL,12,44.205427169799805,4,5,4,5,4,4
1,DeathDescription.LIFETOTAL,11,46.25058174133301,6,3,3,6,4,3
0,DeathDescription.LIFETOTAL,10,37.927865982055664,5,5,2,3,4,5
1,DeathDescription.LIFETOTAL,13,29.872655868530273,3,2,5,7,7,0
1,DeathDescription.LIFETOTAL,11,23.046016693115234,6,4,2,4,5,4
1,DeathDescription.LIFETOTAL,11,45.92299461364746,4,4,4,6,5,2
0,DeathDescription.LIFETOTAL,10,23.085832595825195,6,5,1,5,3,4
0,DeathDescription.LIFETOTAL,12,34.06357765197754,4,5,4,3,1,6
0,DeathDescription.LIFETOTAL,12,36.35859489440918,4,5,4,5,3,5
0,DeathDescription.LIFETOTAL,10,42.69814491271973,5,5,2,5,5,2
0,DeathDescription.LIFETOTAL,10,37.7354621887207,6,4,2,5,3,4
0,DeathDescription.LIFETOTAL,12,35.42923927307129,4,5,4,6,5,2
0,DeathDescription.LIFETOTAL,10,32.36079216003418,5,5,2,5,4,3
0,DeathDescription.LIFETOTAL,10,27.660131454467773,5,5,2,5,3,4
0,DeathDescription.LIFETOTAL,10,52.910566329956055,6,6,0,5,3,4
1,DeathDescription.LIFETOTAL,11,40.053367614746094,6,0,6,6,6,1
0,DeathDescription.LIFETOTAL,10,21.550893783569336,5,5,2,5,3,4
0,DeathDescription.LIFETOTAL,10,23.777246475219727,4,5,3,5,3,4
1,DeathDescription.LIFETOTAL,11,42.22869873046875,3,0,7,5,7,1
1,DeathDescription.LIFETOTAL,11,35.94803810119629,6,4,2,6,5,2
0,DeathDescription.LIFETOTAL,10,25.076866149902344,5,5,2,3,4,5
0,DeathDescription.LIFETOTAL,12,25.841474533081055,5,6,2,1,0,7
1,DeathDescription.LIFETOTAL,13,39.68238830566406,7,5,1,7,5,2
0,DeathDescription.LIFETOTAL,10,43.450117111206055,5,5,2,5,4,3
1,DeathDescription.LIFETOTAL,11,22.697925567626953,5,3,4,6,5,2
0,DeathDescription.LIFETOTAL,10,27.67801284790039,3,5,4,5,4,3
1,DeathDescription.LIFETOTAL,11,24.517059326171875,5,4,3,6,4,3
1,DeathDescription.LIFETOTAL,11,34.50465202331543,3,0,7,6,6,1
1,DeathDescription.LIFETOTAL,11,24.201154708862305,4,5,3,5,5,3
0,DeathDescription.LIFETOTAL,10,22.840261459350586,4,5,3,4,3,5
1,DeathDescription.LIFETOTAL,15,32.7756404876709,6,2,5,8,5,2
1,DeathDescription.LIFETOTAL,13,45.96543312072754,4,3,6,6,6,2
0,DeathDescription.LIFETOTAL,10,21.863937377929688,6,4,2,5,0,7
0,DeathDescription.LIFETOTAL,10,27.608394622802734,6,5,1,5,4,3
0,DeathDescription.LIFETOTAL,10,26.56269073486328,5,5,2,3,4,5
0,DeathDescription.LIFETOTAL,12,25.774478912353516,6,5,2,3,4,6
0,DeathDescription.LIFETOTAL,10,41.89014434814453,4,5,3,5,3,4
1,DeathDescription.LIFETOTAL,11,32.94825553894043,5,4,3,3,5,5
0,DeathDescription.LIFETOTAL,10,46.56410217285156,5,5,2,5,4,3
0,DeathDescription.LIFETOTAL,10,29.448270797729492,5,5,2,3,3,6
0,DeathDescription.LIFETOTAL,10,21.346092224121094,5,4,3,5,3,4
1,DeathDescription.LIFETOTAL,11,38.47670555114746,6,4,2,3,5,5
1,DeathDescription.LIFETOTAL,11,26.014089584350586,1,0,7,5,6,2
0,DeathDescription.LIFETOTAL,14,59.510231018066406,7,6,1,7,3,4
0,DeathDescription.LIFETOTAL,12,41.681528091430664,7,5,1,5,6,2
1,DeathDescription.LIFETOTAL,11,37.393808364868164,5,4,3,6,4,3
0,DeathDescription.LIFETOTAL,10,21.929502487182617,4,5,3,5,4,3
1,DeathDescription.LIFETOTAL,11,29.53934669494629,6,4,2,6,5,2
0,DeathDescription.LIFETOTAL,10,24.076223373413086,6,6,0,2,4,6
1,DeathDescription.LIFETOTAL,11,21.754741668701172,1,0,7,4,5,4
0,DeathDescription.LIFETOTAL,10,36.75556182861328,6,6,0,4,4,4
0,DeathDescription.LIFETOTAL,10,53.5130500793457,4,5,3,5,4,3
1,DeathDescription.LIFETOTAL,11,22.42445945739746,6,4,2,5,5,3
1,DeathDescription.LIFETOTAL,11,58.5024356842041,4,3,4,4,5,4
0,DeathDescription.LIFETOTAL,10,22.302627563476562,5,4,3,5,3,4
0,DeathDescription.LIFETOTAL,12,36.86213493347168,5,4,4,5,3,5
0,DeathDescription.LIFETOTAL,10,38.144826889038086,6,4,2,4,4,4
0,DeathDescription.LIFETOTAL,10,27.191638946533203,5,5,2,4,3,5
0,DeathDescription.LIFETOTAL,14,54.03900146484375,7,6,1,4,3,5
1,DeathDescription.LIFETOTAL,11,23.999929428100586,5,4,3,6,6,1
0,DeathDescription.LIFETOTAL,10,26.880979537963867,5,5,2,5,0,7
0,DeathDescription.LIFETOTAL,10,25.3753662109375,4,5,3,4,4,4
0,DeathDescription.LIFETOTAL,12,25.21800994873047,7,4,2,6,5,2
0,DeathDescription.LIFETOTAL,10,24.216413497924805,5,5,2,4,3,5
0,DeathDescription.LIFETOTAL,12,30.83014488220215,6,5,2,3,2,6
1,DeathDescription.LIFETOTAL,11,34.98339653015137,5,2,5,6,5,2
0,DeathDescription.LIFETOTAL,10,32.64641761779785,5,5,2,5,2,5
0,DeathDescription.LIFETOTAL,10,40.27104377746582,6,5,1,4,3,4
1,DeathDescription.LIFETOTAL,11,56.696414947509766,5,3,4,6,6,1
1,DeathDescription.LIFETOTAL,11,70.75119018554688,4,4,4,6,6,1
1,DeathDescription.LIFETOTAL,13,35.40658950805664,7,5,1,7,6,1
1,DeathDescription.LIFETOTAL,11,33.87188911437988,5,5,2,4,5,4
1,DeathDescription.LIFETOTAL,11,35.68291664123535,4,3,4,6,5,2
0,DeathDescription.LIFETOTAL,10,48.23184013366699,6,4,2,5,5,2
0,DeathDescription.LIFETOTAL,10,27.643203735351562,6,5,1,3,4,5
0,DeathDescription.LIFETOTAL,10,54.31318283081055,4,5,3,5,1,6
1,DeathDescription.LIFETOTAL,11,35.92538833618164,5,3,4,5,5,3
0,DeathDescription.LIFETOTAL,12,39.35956954956055,5,5,3,4,4,5
1,DeathDescription.LIFETOTAL,11,27.63199806213379,6,3,3,6,4,3
1,DeathDescription.LIFETOTAL,11,29.7698974609375,6,4,2,6,6,1
0,DeathDescription.LIFETOTAL,10,22.066354751586914,5,4,3,5,4,3
0,DeathDescription.LIFETOTAL,12,28.585195541381836,7,2,4,6,3,4
1,DeathDescription.LIFETOTAL,15,29.152631759643555,3,0,7,8,6,1
1,DeathDescription.LIFETOTAL,11,47.05810546875,5,5,2,5,6,2
1,DeathDescription.LIFETOTAL,11,33.95986557006836,6,4,2,5,6,2
0,DeathDescription.LIFETOTAL,10,24.366140365600586,5,6,1,5,3,4
1,DeathDescription.LIFETOTAL,15,39.743661880493164,5,5,4,7,7,1
0,DeathDescription.LIFETOTAL,10,22.15433120727539,4,5,3,5,4,3
1,DeathDescription.LIFETOTAL,13,35.88509559631348,5,5,3,5,6,3
0,DeathDescription.LIFETOTAL,10,29.055356979370117,6,5,1,4,4,4
0,DeathDescription.LIFETOTAL,10,21.906137466430664,5,5,2,5,4,3
0,DeathDescription.LIFETOTAL,16,39.66045379638672,5,5,4,7,5,3
0,DeathDescription.LIFETOTAL,12,29.628515243530273,6,6,1,6,3,4
0,DeathDescription.LIFETOTAL,14,50.53877830505371,4,4,5,5,5,4
0,DeathDescription.LIFETOTAL,10,25.36463737487793,5,6,1,5,4,3
1,DeathDescription.LIFETOTAL,11,28.044939041137695,4,4,4,5,5,3
1,DeathDescription.LIFETOTAL,11,23.741483688354492,6,5,1,6,4,3
0,DeathDescription.LIFETOTAL,10,34.70635414123535,4,4,4,5,3,4
0,DeathDescription.LIFETOTAL,12,40.13776779174805,7,6,0,4,2,5
1,DeathDescription.LIFETOTAL,13,30.087709426879883,4,2,5,6,6,2
1,DeathDescription.LIFETOTAL,11,27.697324752807617,5,2,5,4,5,4
1,DeathDescription.LIFETOTAL,11,56.86664581298828,5,3,4,5,5,3
0,DeathDescription.LIFETOTAL,10,34.116506576538086,6,5,1,5,4,3
0,DeathDescription.LIFETOTAL,10,21.880149841308594,6,5,1,4,3,5
0,DeathDescription.LIFETOTAL,10,26.22079849243164,5,5,2,5,3,4
0,DeathDescription.LIFETOTAL,12,31.28814697265625,7,5,1,6,3,4
1,DeathDescription.LIFETOTAL,11,37.596702575683594,6,4,2,6,4,3
0,DeathDescription.LIFETOTAL,10,43.15471649169922,5,4,3,4,2,6
1,DeathDescription.LIFETOTAL,11,21.219730377197266,3,0,7,6,4,3
0,DeathDescription.LIFETOTAL,10,34.55853462219238,5,4,3,2,3,6
0,DeathDescription.LIFETOTAL,12,25.5739688873291,6,5,2,5,4,4
1,DeathDescription.LIFETOTAL,11,23.90122413635254,3,0,7,6,5,2
0,DeathDescription.LIFETOTAL,10,27.169466018676758,6,4,2,5,4,3
1,DeathDescription.LIFETOTAL,13,39.47305679321289,5,3,5,4,5,4
1,DeathDescription.LIFETOTAL,11,24.216651916503906,6,4,2,4,5,4
0,DeathDescription.LIFETOTAL,12,29.174089431762695,6,7,0,5,3,5
0,DeathDescription.LIFETOTAL,10,44.97551918029785,6,4,2,5,2,5
0,DeathDescription.LIFETOTAL,10,39.85285758972168,5,5,2,4,4,4
0,DeathDescription.LIFETOTAL,10,22.937297821044922,6,5,1,4,1,6
1,DeathDescription.LIFETOTAL,11,22.628307342529297,6,3,3,3,5,5
1,DeathDescription.LIFETOTAL,15,40.55166244506836,4,2,6,8,7,0
1,DeathDescription.LIFETOTAL,11,32.26017951965332,6,4,2,6,4,3
0,DeathDescription.LIFETOTAL,10,33.922433853149414,5,4,3,5,4,3
1,DeathDescription.LIFETOTAL,11,43.70927810668945,6,3,3,6,4,3
0,DeathDescription.LIFETOTAL,10,21.51179313659668,4,5,3,4,4,4
0,DeathDescription.LIFETOTAL,10,33.43772888183594,6,4,2,4,4,4
0,DeathDescription.LIFETOTAL,10,33.23173522949219,6,5,1,5,3,4
1,DeathDescription.LIFETOTAL,11,23.613691329956055,6,5,1,6,6,1
0,DeathDescription.LIFETOTAL,10,20.567893981933594,6,5,1,4,4,4
0,DeathDescription.LIFETOTAL,10,31.87417984008789,4,5,3,4,4,4
0,DeathDescription.LIFETOTAL,10,24.242401123046875,3,5,4,4,4,4
0,DeathDescription.LIFETOTAL,10,26.37791633605957,3,4,5,5,1,6
1,DeathDescription.LIFETOTAL,11,23.235321044921875,6,3,3,5,5,3
1,DeathDescription.LIFETOTAL,11,37.01329231262207,6,4,2,5,6,2
0,DeathDescription.LIFETOTAL,10,24.215221405029297,5,4,3,4,5,3
0,DeathDescription.LIFETOTAL,12,30.515193939208984,5,5,3,6,4,3
1,DeathDescription.LIFETOTAL,11,23.012161254882812,6,4,2,5,6,2
1,DeathDescription.LIFETOTAL,11,40.166378021240234,2,0,7,6,5,2
0,DeathDescription.LIFETOTAL,12,35.954952239990234,5,6,2,5,4,4
0,DeathDescription.LIFETOTAL,10,22.88031578063965,4,5,3,5,4,3
1,DeathDescription.LIFETOTAL,11,21.350622177124023,5,5,2,5,5,3
0,DeathDescription.LIFETOTAL,10,35.85386276245117,6,5,1,3,4,5
0,DeathDescription.LIFETOTAL,10,34.624576568603516,5,6,1,4,4,4
0,DeathDescription.LIFETOTAL,12,24.882078170776367,7,5,1,6,5,2
0,DeathDescription.LIFETOTAL,10,38.50102424621582,5,5,2,4,3,5
1,DeathDescription.LIFETOTAL,13,51.923274993896484,5,1,6,7,5,2
0,DeathDescription.LIFETOTAL,12,29.42824363708496,5,5,3,4,4,5
1,DeathDescription.LIFETOTAL,11,30.77387809753418,4,5,3,6,5,2
0,DeathDescription.LIFETOTAL,10,26.484966278076172,6,4,2,4,5,3
0,DeathDescription.LIFETOTAL,10,40.20357131958008,4,6,2,5,4,3
0,DeathDescription.LIFETOTAL,10,22.746562957763672,6,6,0,5,4,3
1,DeathDescription.LIFETOTAL,11,24.8868465423584,5,5,2,5,6,2
1,DeathDescription.LIFETOTAL,11,23.205280303955078,6,4,2,4,5,4
0,DeathDescription.LIFETOTAL,12,36.16046905517578,7,5,1,6,4,3
0,DeathDescription.LIFETOTAL,10,27.157306671142578,4,4,4,5,4,3
0,DeathDescription.LIFETOTAL,12,39.97516632080078,6,5,2,6,4,3
1,DeathDescription.LIFETOTAL,11,44.294118881225586,6,3,3,6,5,2
0,DeathDescription.LIFETOTAL,12,36.38005256652832,7,5,1,6,2,5
0,DeathDescription.LIFETOTAL,10,37.27293014526367,5,5,2,5,4,3
0,DeathDescription.LIFETOTAL,10,19.318342208862305,4,5,3,3,4,5
0,DeathDescription.LIFETOTAL,10,30.978918075561523,6,5,1,3,0,7
0,DeathDescription.LIFETOTAL,12,52.26421356201172,7,5,1,6,3,4
1,DeathDescription.LIFETOTAL,11,28.931856155395508,6,3,3,5,5,3
1,DeathDescription.LIFETOTAL,11,22.4916934967041,6,3,3,6,5,2
0,DeathDescription.LIFETOTAL,10,25.502681732177734,6,5,1,5,2,5
0,DeathDescription.LIFETOTAL,10,38.15436363220215,6,4,2,4,4,4
1,DeathDescription.LIFETOTAL,11,25.098800659179688,6,3,3,5,6,2
1,DeathDescription.LIFETOTAL,11,28.142452239990234,6,4,2,6,5,2
0,DeathDescription.LIFETOTAL,10,42.5870418548584,4,5,3,5,3,4
1,DeathDescription.LIFETOTAL,11,35.73131561279297,6,3,3,5,5,3
0,DeathDescription.LIFETOTAL,10,33.2636833190918,6,4,2,5,3,4
0,DeathDescription.LIFETOTAL,10,26.346921920776367,5,5,2,5,2,5
0,DeathDescription.LIFETOTAL,10,22.262096405029297,5,5,2,5,4,3
0,DeathDescription.LIFETOTAL,12,33.455848693847656,7,3,3,5,4,4
0,DeathDescription.LIFETOTAL,10,47.920942306518555,6,4,2,5,4,3
0,DeathDescription.LIFETOTAL,10,28.4883975982666,6,5,1,4,4,4
1,DeathDescription.LIFETOTAL,13,23.314714431762695,4,0,7,4,5,4
0,DeathDescription.LIFETOTAL,10,62.8964900970459,4,5,3,5,2,5
1,DeathDescription.LIFETOTAL,13,31.215906143188477,6,3,4,7,6,1
0,DeathDescription.LIFETOTAL,14,71.88081741333008,6,6,2,6,3,5
1,DeathDescription.LIFETOTAL,11,23.04840087890625,4,0,7,4,5,4
1,DeathDescription.LIFETOTAL,11,42.05584526062012,6,3,3,6,5,2
1,DeathDescription.LIFETOTAL,11,30.508041381835938,6,3,3,6,6,1
0,DeathDescription.LIFETOTAL,10,31.63933753967285,4,5,3,2,0,7
0,DeathDescription.LIFETOTAL,10,22.103548049926758,3,5,4,4,3,5
0,DeathDescription.LIFETOTAL,10,28.82218360900879,5,5,2,5,3,4
0,DeathDescription.LIFETOTAL,10,23.024797439575195,5,6,1,4,4,4
0,DeathDescription.LIFETOTAL,10,41.89610481262207,4,5,3,4,4,4
1,DeathDescription.LIFETOTAL,11,25.005340576171875,5,5,2,6,5,2
0,DeathDescription.LIFETOTAL,12,24.908065795898438,5,5,3,4,4,5
1,DeathDescription.LIFETOTAL,11,32.70840644836426,5,0,7,6,4,3
1,DeathDescription.LIFETOTAL,11,32.356977462768555,6,0,6,6,5,2
0,DeathDescription.LIFETOTAL,10,41.08095169067383,6,4,2,5,5,2
0,DeathDescription.LIFETOTAL,10,27.866363525390625,6,5,1,5,4,3
1,DeathDescription.LIFETOTAL,11,26.477575302124023,4,0,7,5,5,3
0,DeathDescription.LIFETOTAL,10,37.201881408691406,6,4,2,5,0,7
1,DeathDescription.LIFETOTAL,13,62.685251235961914,5,5,3,6,6,2
1,DeathDescription.LIFETOTAL,13,29.512643814086914,3,0,7,7,5,2
0,DeathDescription.LIFETOTAL,12,24.27363395690918,6,6,1,6,4,3
0,DeathDescription.LIFETOTAL,10,26.558876037597656,4,5,3,5,3,4
0,DeathDescription.LIFETOTAL,10,48.85053634643555,5,5,2,4,3,5
1,DeathDescription.LIFETOTAL,11,43.00856590270996,3,3,6,6,4,3
0,DeathDescription.LIFETOTAL,10,22.19390869140625,5,5,2,5,4,3
1,DeathDescription.LIFETOTAL,13,24.26743507385254,6,4,3,6,5,3
0,DeathDescription.LIFETOTAL,12,26.643037796020508,6,6,1,6,4,3
1,DeathDescription.LIFETOTAL,13,31.39472007751465,4,5,4,6,5,3
1,DeathDescription.LIFETOTAL,11,22.973299026489258,6,3,3,4,5,4
1,DeathDescription.LIFETOTAL,11,23.447275161743164,4,2,5,4,6,3
1,DeathDescription.LIFETOTAL,11,40.68589210510254,6,3,3,5,5,3
0,DeathDescription.LIFETOTAL,12,30.465364456176758,5,5,3,5,6,2
0,DeathDescription.LIFETOTAL,10,20.723819732666016,6,4,2,5,4,3
1,DeathDescription.LIFETOTAL,11,44.32082176208496,5,4,3,6,4,3
0,DeathDescription.LIFETOTAL,12,37.22858428955078,6,5,2,5,3,5
0,DeathDescription.LIFETOTAL,10,27.60767936706543,6,5,1,5,2,5
0,DeathDescription.LIFETOTAL,12,27.996540069580078,5,4,4,2,2,7
0,DeathDescription.LIFETOTAL,10,21.865129470825195,5,5,2,5,4,3
0,DeathDescription.LIFETOTAL,10,34.30032730102539,5,6,1,5,1,6
0,DeathDescription.LIFETOTAL,10,38.25974464416504,6,5,1,5,3,4
1,DeathDescription.LIFETOTAL,11,23.852825164794922,6,4,2,4,5,4
0,DeathDescription.LIFETOTAL,10,21.941184997558594,6,4,2,5,4,3
0,DeathDescription.LIFETOTAL,10,29.439926147460938,6,5,1,5,4,3
1,DeathDescription.LIFETOTAL,11,29.147624969482422,5,0,7,6,4,3
0,DeathDescription.LIFETOTAL,10,23.43583106994629,6,5,1,5,2,5
1,DeathDescription.LIFETOTAL,11,30.745744705200195,6,3,3,6,5,2
0,DeathDescription.LIFETOTAL,12,36.570072174072266,5,6,2,6,5,2
0,DeathDescription.LIFETOTAL,12,35.42828559875488,4,5,4,6,5,2
0,DeathDescription.LIFETOTAL,10,27.102947235107422,5,5,2,5,2,5
0,DeathDescription.LIFETOTAL,12,41.40138626098633,7,5,1,6,3,4
0,DeathDescription.LIFETOTAL,10,43.87044906616211,5,6,1,4,4,4
0,DeathDescription.LIFETOTAL,12,29.529333114624023,7,4,2,6,4,3
1,DeathDescription.LIFETOTAL,11,27.74834632873535,6,3,3,6,5,2
1,DeathDescription.LIFETOTAL,11,28.110265731811523,5,2,5,4,5,4
0,DeathDescription.LIFETOTAL,12,32.21702575683594,5,6,2,4,3,5
0,DeathDescription.LIFETOTAL,10,52.639007568359375,6,5,1,5,4,3
1,DeathDescription.LIFETOTAL,11,34.01327133178711,6,4,2,5,5,3
1,DeathDescription.LIFETOTAL,11,32.05442428588867,5,4,3,5,5,3
0,DeathDescription.LIFETOTAL,12,32.01913833618164,7,5,1,6,4,3
0,DeathDescription.LIFETOTAL,10,34.125566482543945,5,5,2,4,3,5
0,DeathDescription.LIFETOTAL,10,43.58696937561035,6,4,2,5,2,5
0,DeathDescription.LIFETOTAL,10,37.71495819091797,6,5,1,5,4,3
1,DeathDescription.LIFETOTAL,11,23.5443115234375,5,3,4,5,5,3
1,DeathDescription.LIFETOTAL,11,41.335105895996094,5,5,2,6,5,2
0,DeathDescription.LIFETOTAL,12,29.023170471191406,7,5,1,6,3,4
1,DeathDescription.LIFETOTAL,13,26.639938354492188,7,6,0,7,6,1
0,DeathDescription.LIFETOTAL,10,22.765636444091797,6,4,2,5,4,3
0,DeathDescription.LIFETOTAL,10,22.91703224182129,5,5,2,5,2,5
0,DeathDescription.LIFETOTAL,10,27.479171752929688,6,5,1,4,4,4
0,DeathDescription.LIFETOTAL,12,43.44797134399414,3,5,5,5,6,2
1,DeathDescription.LIFETOTAL,11,36.14687919616699,4,4,4,4,6,3
0,DeathDescription.LIFETOTAL,10,28.67412567138672,5,5,2,5,5,2
0,DeathDescription.LIFETOTAL,10,20.80702781677246,5,6,1,5,3,4
0,DeathDescription.LIFETOTAL,10,42.39487648010254,5,5,2,5,3,4
0,DeathDescription.LIFETOTAL,10,48.5234260559082,6,5,1,5,2,5
0,DeathDescription.LIFETOTAL,10,22.202491760253906,4,4,4,3,4,5
0,DeathDescription.LIFETOTAL,12,25.0246524810791,7,6,0,4,4,5
1,DeathDescription.LIFETOTAL,11,23.46062660217285,2,1,6,4,6,3
1,DeathDescription.LIFETOTAL,11,41.017770767211914,6,4,2,4,5,4
0,DeathDescription.LIFETOTAL,10,28.411388397216797,6,4,2,5,3,4
1,DeathDescription.LIFETOTAL,11,29.294490814208984,4,3,5,5,5,3
1,DeathDescription.LIFETOTAL,13,34.19065475463867,4,5,4,6,7,1
0,DeathDescription.LIFETOTAL,10,45.78685760498047,5,5,2,5,4,3
1,DeathDescription.LIFETOTAL,11,33.54191780090332,4,4,4,6,6,1
0,DeathDescription.LIFETOTAL,12,28.676509857177734,7,5,1,4,4,4
1,DeathDescription.LIFETOTAL,11,21.60954475402832,5,4,3,6,5,2
1,DeathDescription.LIFETOTAL,11,36.7124080657959,5,1,6,5,5,3
0,DeathDescription.LIFETOTAL,10,29.711246490478516,6,6,0,5,3,4
0,DeathDescription.LIFETOTAL,10,23.066997528076172,6,5,1,5,0,7
1,DeathDescription.LIFETOTAL,13,51.755666732788086,5,5,2,7,6,1
0,DeathDescription.LIFETOTAL,10,47.26839065551758,4,5,3,5,4,3
0,DeathDescription.LIFETOTAL,10,23.42081069946289,5,6,1,5,3,4
1,DeathDescription.LIFETOTAL,11,35.03823280334473,3,4,5,6,5,2
0,DeathDescription.LIFETOTAL,10,24.371623992919922,3,5,4,5,4,3
0,DeathDescription.LIFETOTAL,10,50.28820037841797,3,3,6,5,3,4
0,DeathDescription.LIFETOTAL,10,33.69545936584473,6,5,1,5,5,2
0,DeathDescription.LIFETOTAL,10,28.04708480834961,6,5,1,3,4,5
0,DeathDescription.LIFETOTAL,10,23.83112907409668,5,5,2,5,3,4
1,DeathDescription.LIFETOTAL,11,40.474653244018555,3,3,5,6,4,3
0,DeathDescription.LIFETOTAL,10,25.08068084716797,5,5,2,5,4,3
1,DeathDescription.LIFETOTAL,11,22.378921508789062,5,0,7,6,6,1
0,DeathDescription.LIFETOTAL,10,21.755218505859375,6,4,2,5,3,4
0,DeathDescription.LIFETOTAL,10,34.38758850097656,5,5,2,4,4,4
0,DeathDescription.LIFETOTAL,10,22.829771041870117,4,5,3,5,4,3
0,DeathDescription.LIFETOTAL,10,32.05466270446777,5,5,2,5,0,7
1,DeathDescription.LIFETOTAL,11,43.16234588623047,6,2,4,6,5,2
0,DeathDescription.LIFETOTAL,10,37.89043426513672,4,5,3,4,4,4
0,DeathDescription.LIFETOTAL,10,28.19657325744629,5,4,3,5,3,4
0,DeathDescription.LIFETOTAL,10,27.519941329956055,5,5,2,5,4,3
1,DeathDescription.LIFETOTAL,13,29.658079147338867,3,2,6,7,5,2
1,DeathDescription.LIFETOTAL,11,44.30985450744629,3,0,7,5,6,2
1,DeathDescription.LIFETOTAL,11,28.512954711914062,3,0,7,4,6,3
0,DeathDescription.LIFETOTAL,12,44.99030113220215,7,4,2,6,4,3
1,DeathDescription.LIFETOTAL,13,35.886287689208984,7,5,1,7,5,2
0,DeathDescription.LIFETOTAL,10,35.18962860107422,6,5,1,5,4,3
0,DeathDescription.LIFETOTAL,14,27.858734130859375,4,7,3,7,3,4
0,DeathDescription.LIFETOTAL,12,33.08248519897461,5,5,3,2,0,7
0,DeathDescription.LIFETOTAL,10,31.829357147216797,5,4,3,5,4,3
1,DeathDescription.LIFETOTAL,11,30.356884002685547,3,4,5,6,5,2
0,DeathDescription.LIFETOTAL,10,30.2579402923584,5,5,2,5,3,4
0,DeathDescription.LIFETOTAL,10,35.63880920410156,6,5,1,5,2,5
0,DeathDescription.LIFETOTAL,10,28.52487564086914,4,5,3,5,4,3
1,DeathDescription.LIFETOTAL,13,43.18952560424805,7,4,2,7,4,3
0,DeathDescription.LIFETOTAL,10,36.866188049316406,5,5,2,5,3,4
0,DeathDescription.LIFETOTAL,10,36.67783737182617,4,5,3,5,2,5
0,DeathDescription.LIFETOTAL,10,32.08446502685547,6,4,2,5,4,3
1,DeathDescription.LIFETOTAL,11,39.663076400756836,3,3,5,6,5,2
1,DeathDescription.LIFETOTAL,11,34.23261642456055,6,4,2,5,5,3
1,DeathDescription.LIFETOTAL,11,34.88659858703613,6,4,2,6,4,3
0,DeathDescription.LIFETOTAL,12,68.99785995483398,6,5,2,5,4,4
1,DeathDescription.LIFETOTAL,11,26.55029296875,6,5,1,6,5,2
0,DeathDescription.LIFETOTAL,10,23.13399314880371,6,5,1,5,4,3
1,DeathDescription.LIFETOTAL,11,34.52324867248535,4,4,4,3,4,6
1,DeathDescription.LIFETOTAL,11,33.94579887390137,4,3,5,4,6,3
1,DeathDescription.LIFETOTAL,13,24.42646026611328,3,3,5,7,5,2
1,DeathDescription.LIFETOTAL,11,33.73265266418457,5,6,1,5,5,3
0,DeathDescription.LIFETOTAL,10,41.13936424255371,6,5,1,5,3,4
1,DeathDescription.LIFETOTAL,11,28.944015502929688,6,4,2,6,4,3
0,DeathDescription.LIFETOTAL,12,28.59330177307129,6,6,1,4,2,5
0,DeathDescription.LIFETOTAL,10,20.508527755737305,5,6,1,3,3,6
0,DeathDescription.LIFETOTAL,10,34.36541557312012,5,6,1,5,0,7
1,DeathDescription.LIFETOTAL,11,39.8862361907959,4,4,4,3,5,5
0,DeathDescription.LIFETOTAL,10,22.750377655029297,5,5,2,5,3,4
1,DeathDescription.LIFETOTAL,11,28.85890007019043,6,3,3,5,4,4
1,DeathDescription.LIFETOTAL,11,51.49102210998535,6,2,4,6,5,2
0,DeathDescription.LIFETOTAL,10,28.180360794067383,4,5,3,5,4,3
0,DeathDescription.LIFETOTAL,10,28.627872467041016,5,4,3,5,4,3
0,DeathDescription.LIFETOTAL,16,29.143571853637695,7,5,3,6,4,3
1,DeathDescription.LIFETOTAL,11,55.338144302368164,6,2,4,4,5,4
0,DeathDescription.LIFETOTAL,12,25.264739990234375,6,5,2,5,2,6
0,DeathDescription.LIFETOTAL,10,21.87323570251465,6,5,1,3,4,5
0,DeathDescription.LIFETOTAL,12,30.005216598510742,7,3,3,6,3,4
0,DeathDescription.LIFETOTAL,12,55.1450252532959,5,5,3,2,3,6
1,DeathDescription.LIFETOTAL,11,21.35944366455078,6,4,2,5,6,2
0,DeathDescription.LIFETOTAL,10,32.56368637084961,6,6,0,5,3,4
1,DeathDescription.LIFETOTAL,11,28.40447425842285,6,3,3,6,5,2
0,DeathDescription.LIFETOTAL,10,43.14708709716797,6,4,2,5,4,3
0,DeathDescription.LIFETOTAL,10,27.577877044677734,4,5,3,4,3,5
0,DeathDescription.LIFETOTAL,14,31.46529197692871,6,7,1,4,3,5
0,DeathDescription.LIFETOTAL,12,47.272682189941406,5,5,3,5,4,4
1,DeathDescription.LIFETOTAL,11,28.522253036499023,5,2,5,6,5,2
0,DeathDescription.LIFETOTAL,12,27.73594856262207,6,5,2,6,3,4
0,DeathDescription.LIFETOTAL,10,39.0162467956543,5,5,2,5,3,4
0,DeathDescription.LIFETOTAL,10,38.071632385253906,6,5,1,4,4,4
0,DeathDescription.LIFETOTAL,10,27.07695960998535,6,6,0,5,3,4
0,DeathDescription.LIFETOTAL,10,38.35606575012207,4,5,3,5,4,3
0,DeathDescription.LIFETOTAL,10,27.620792388916016,4,5,3,3,4,5
0,DeathDescription.LIFETOTAL,10,32.00101852416992,6,4,2,4,4,4
1,DeathDescription.LIFETOTAL,11,48.2635498046875,6,3,3,4,5,4
1,DeathDescription.LIFETOTAL,11,43.684959411621094,6,4,2,5,4,4
1,DeathDescription.LIFETOTAL,11,35.00628471374512,6,4,2,4,5,4
1,DeathDescription.LIFETOTAL,11,24.306774139404297,6,4,2,6,4,3
0,DeathDescription.LIFETOTAL,10,42.589664459228516,6,5,1,3,0,7
1,DeathDescription.LIFETOTAL,11,24.526119232177734,2,4,6,5,5,3
0,DeathDescription.LIFETOTAL,10,27.01544761657715,4,5,3,2,0,7
0,DeathDescription.LIFETOTAL,10,21.961212158203125,6,5,1,4,4,4
0,DeathDescription.LIFETOTAL,10,39.90936279296875,5,5,2,5,4,3
1,DeathDescription.LIFETOTAL,11,27.54807472229004,5,4,3,4,5,4
1,DeathDescription.LIFETOTAL,11,22.215843200683594,4,4,4,6,5,2
0,DeathDescription.LIFETOTAL,10,23.031234741210938,4,5,3,5,3,4
1,DeathDescription.LIFETOTAL,11,24.100303649902344,6,4,2,4,5,4
0,DeathDescription.LIFETOTAL,10,31.630754470825195,6,5,1,5,3,4
0,DeathDescription.LIFETOTAL,10,29.231786727905273,6,5,1,5,4,3
0,DeathDescription.LIFETOTAL,10,27.45842933654785,5,5,2,5,3,4
1,DeathDescription.LIFETOTAL,11,52.388668060302734,6,4,2,5,5,3
0,DeathDescription.LIFETOTAL,12,37.04643249511719,6,6,1,6,2,5
0,DeathDescription.LIFETOTAL,12,34.74092483520508,4,5,4,6,4,3
0,DeathDescription.LIFETOTAL,12,23.12612533569336,5,5,3,6,0,7
0,DeathDescription.LIFETOTAL,10,25.108814239501953,5,6,1,5,4,3
0,DeathDescription.LIFETOTAL,10,54.02874946594238,5,5,2,5,3,4
1,DeathDescription.LIFETOTAL,11,34.881591796875,3,0,7,6,5,2
1,DeathDescription.LIFETOTAL,11,43.288230895996094,6,3,3,4,5,4
0,DeathDescription.LIFETOTAL,10,52.233219146728516,3,5,4,5,5,2
1,DeathDescription.LIFETOTAL,11,33.44893455505371,6,4,2,6,5,2
0,DeathDescription.LIFETOTAL,12,34.12985801696777,7,5,1,5,4,4
0,DeathDescription.LIFETOTAL,10,37.874698638916016,6,4,2,4,0,7
1,DeathDescription.LIFETOTAL,11,24.865388870239258,4,4,4,5,5,3
0,DeathDescription.LIFETOTAL,14,24.878740310668945,6,6,2,3,0,7
0,DeathDescription.LIFETOTAL,12,26.21006965637207,7,5,1,6,3,4
0,DeathDescription.LIFETOTAL,10,33.87784957885742,6,4,2,5,3,4
0,DeathDescription.LIFETOTAL,10,34.42549705505371,5,5,2,5,4,3
1,DeathDescription.LIFETOTAL,13,28.91230583190918,5,3,5,7,6,1
0,DeathDescription.LIFETOTAL,12,27.704477310180664,5,6,2,5,5,3
1,DeathDescription.LIFETOTAL,11,38.12408447265625,4,4,4,6,5,2
0,DeathDescription.LIFETOTAL,10,23.934125900268555,5,5,2,3,3,6
0,DeathDescription.LIFETOTAL,10,40.24529457092285,5,4,3,4,4,4
0,DeathDescription.LIFETOTAL,10,24.00803565979004,5,5,2,5,2,5
1,DeathDescription.LIFETOTAL,11,41.60881042480469,5,2,5,6,5,2
0,DeathDescription.LIFETOTAL,10,22.58586883544922,4,5,3,4,4,4
0,DeathDescription.LIFETOTAL,14,30.842304229736328,7,6,1,6,2,5
1,DeathDescription.LIFETOTAL,13,23.750782012939453,3,2,6,6,5,3
1,DeathDescription.LIFETOTAL,11,30.7161808013916,5,5,2,5,5,3
1,DeathDescription.LIFETOTAL,11,23.66471290588379,2,3,7,6,4,3
0,DeathDescription.LIFETOTAL,10,32.28044509887695,4,5,3,5,5,2
0,DeathDescription.LIFETOTAL,10,31.690359115600586,4,5,3,3,4,5
1,DeathDescription.LIFETOTAL,11,34.1496467590332,2,0,7,5,5,3
0,DeathDescription.LIFETOTAL,12,78.72247695922852,7,4,2,6,4,3
1,DeathDescription.LIFETOTAL,11,33.68949890136719,5,4,3,6,4,3
0,DeathDescription.LIFETOTAL,16,34.71946716308594,7,7,1,5,3,4
0,DeathDescription.LIFETOTAL,18,41.04757308959961,8,7,1,4,3,5
0,DeathDescription.LIFETOTAL,16,44.45838928222656,7,6,2,5,0,7
0,DeathDescription.LIFETOTAL,10,22.155046463012695,5,4,3,5,3,4
0,DeathDescription.LIFETOTAL,10,28.745174407958984,5,5,2,5,5,2
0,DeathDescription.LIFETOTAL,10,39.093017578125,6,5,1,5,4,3
0,DeathDescription.LIFETOTAL,10,22.282838821411133,6,4,2,5,4,3
0,DeathDescription.LIFETOTAL,10,22.408008575439453,4,5,3,5,2,5
0,DeathDescription.LIFETOTAL,10,37.41765022277832,6,4,2,5,4,3
0,DeathDescription.LIFETOTAL,10,31.9058895111084,4,5,3,5,3,4
1,DeathDescription.LIFETOTAL,11,25.63166618347168,4,0,7,5,6,2
0,DeathDescription.LIFETOTAL,10,41.921377182006836,5,5,2,5,4,3
0,DeathDescription.LIFETOTAL,12,42.55056381225586,6,6,1,6,4,3
1,DeathDescription.LIFETOTAL,13,42.45638847351074,4,1,6,7,4,3
0,DeathDescription.LIFETOTAL,10,22.611379623413086,6,6,0,5,4,3
1,DeathDescription.LIFETOTAL,11,29.321670532226562,5,3,4,5,7,1
0,DeathDescription.LIFETOTAL,12,33.43319892883301,7,4,2,4,4,5
0,DeathDescription.LIFETOTAL,10,28.399229049682617,6,3,3,4,4,4
0,DeathDescription.LIFETOTAL,10,28.908491134643555,6,5,1,3,4,5
0,DeathDescription.LIFETOTAL,10,27.743101119995117,6,6,0,5,1,6
0,DeathDescription.LIFETOTAL,10,44.548749923706055,6,5,1,5,3,4
0,DeathDescription.LIFETOTAL,10,25.122880935668945,6,5,1,5,3,4
0,DeathDescription.LIFETOTAL,10,24.532318115234375,6,4,2,4,4,4
0,DeathDescription.LIFETOTAL,10,23.714303970336914,5,5,2,5,2,5
0,DeathDescription.LIFETOTAL,10,43.76077651977539,5,5,2,4,4,4
1,DeathDescription.LIFETOTAL,11,23.43583106994629,6,3,3,3,5,5
0,DeathDescription.LIFETOTAL,12,29.444217681884766,3,5,5,6,4,3
0,DeathDescription.LIFETOTAL,10,21.48294448852539,4,5,3,3,3,6
0,DeathDescription.LIFETOTAL,12,30.678510665893555,3,5,5,5,3,5
0,DeathDescription.LIFETOTAL,10,22.443056106567383,4,5,3,5,4,3
0,DeathDescription.LIFETOTAL,12,23.869991302490234,4,5,4,6,1,6
1,DeathDescription.LIFETOTAL,11,21.991729736328125,5,4,3,6,5,2
1,DeathDescription.LIFETOTAL,11,39.38698768615723,6,4,2,3,4,6
1,DeathDescription.LIFETOTAL,13,47.11413383483887,6,5,2,4,5,4
1,DeathDescription.LIFETOTAL,11,34.16943550109863,5,5,2,6,4,3
0,DeathDescription.LIFETOTAL,12,24.097442626953125,5,6,2,5,2,5
1,DeathDescription.LIFETOTAL,13,36.95392608642578,6,4,3,3,5,6
1,DeathDescription.LIFETOTAL,11,37.229061126708984,2,0,7,6,4,3
0,DeathDescription.LIFETOTAL,10,42.59681701660156,4,5,3,5,4,3
0,DeathDescription.LIFETOTAL,14,29.48307991027832,8,4,2,3,2,6
1,DeathDescription.LIFETOTAL,11,47.05357551574707,4,1,6,4,5,4
0,DeathDescription.LIFETOTAL,10,38.808345794677734,5,5,2,5,4,3
0,DeathDescription.LIFETOTAL,12,44.93570327758789,7,5,1,6,2,5
1,DeathDescription.LIFETOTAL,11,23.662805557250977,5,4,3,5,5,3
1,DeathDescription.LIFETOTAL,11,44.72684860229492,6,5,1,3,5,5
0,DeathDescription.LIFETOTAL,10,22.86219596862793,4,5,3,4,4,4
0,DeathDescription.LIFETOTAL,12,27.735471725463867,6,6,1,6,0,7
1,DeathDescription.LIFETOTAL,11,22.81022071838379,6,5,1,5,6,2
0,DeathDescription.LIFETOTAL,10,39.56913948059082,5,4,3,5,4,3
0,DeathDescription.LIFETOTAL,12,50.405025482177734,6,7,0,5,4,4
1,DeathDescription.LIFETOTAL,11,32.79376029968262,5,5,2,5,5,3
1,DeathDescription.LIFETOTAL,13,30.7159423828125,7,5,1,7,5,2
0,DeathDescription.LIFETOTAL,10,24.602174758911133,6,4,2,5,3,4
0,DeathDescription.LIFETOTAL,10,33.535003662109375,5,5,2,5,3,4
1,DeathDescription.LIFETOTAL,11,22.394895553588867,6,4,2,5,6,2
0,DeathDescription.LIFETOTAL,10,28.1832218170166,5,5,2,5,4,3
1,DeathDescription.LIFETOTAL,13,47.91975021362305,6,4,3,6,5,3
0,DeathDescription.LIFETOTAL,10,22.68052101135254,4,5,3,4,4,4
0,DeathDescription.LIFETOTAL,10,21.788358688354492,6,4,2,5,4,3
0,DeathDescription.LIFETOTAL,10,22.256135940551758,5,5,2,5,4,3
0,DeathDescription.LIFETOTAL,14,70.19495964050293,7,6,1,4,0,7
1,DeathDescription.LIFETOTAL,11,23.15068244934082,6,3,3,4,5,4
1,DeathDescription.LIFETOTAL,11,33.35738182067871,5,1,6,6,4,3
1,DeathDescription.LIFETOTAL,11,23.42677116394043,6,3,3,6,5,2
0,DeathDescription.LIFETOTAL,12,26.289939880371094,7,6,0,6,4,3
0,DeathDescription.LIFETOTAL,10,48.63309860229492,6,5,1,5,5,2
0,DeathDescription.LIFETOTAL,10,22.26710319519043,6,5,1,5,4,3
1,DeathDescription.LIFETOTAL,11,39.287567138671875,5,4,3,5,6,2
1,DeathDescription.LIFETOTAL,11,23.500919342041016,3,0,7,6,5,2
0,DeathDescription.LIFETOTAL,12,23.065567016601562,5,5,3,2,0,7
0,DeathDescription.LIFETOTAL,12,24.00994300842285,7,4,2,4,3,5
0,DeathDescription.LIFETOTAL,12,34.079790115356445,6,4,3,6,4,3
1,DeathDescription.LIFETOTAL,11,34.671783447265625,3,1,6,6,5,2
0,DeathDescription.LIFETOTAL,12,35.129547119140625,6,6,1,4,1,6
1,DeathDescription.LIFETOTAL,11,24.065256118774414,6,3,3,4,6,3
1,DeathDescription.LIFETOTAL,11,22.795438766479492,2,0,7,6,4,3
0,DeathDescription.LIFETOTAL,12,31.375646591186523,7,4,2,6,4,3
0,DeathDescription.LIFETOTAL,10,27.347803115844727,5,5,2,3,0,7
0,DeathDescription.LIFETOTAL,10,24.301767349243164,6,5,1,5,0,7
0,DeathDescription.LIFETOTAL,10,23.647069931030273,5,5,2,5,4,3
1,DeathDescription.LIFETOTAL,11,30.734539031982422,6,2,4,6,5,2
1,DeathDescription.LIFETOTAL,11,39.830923080444336,5,4,3,5,6,2
1,DeathDescription.LIFETOTAL,13,30.973196029663086,5,3,5,5,4,5
0,DeathDescription.LIFETOTAL,10,21.742820739746094,6,4,2,5,3,4
1,DeathDescription.LIFETOTAL,11,52.81257629394531,5,5,2,6,5,2
0,DeathDescription.LIFETOTAL,10,33.42151641845703,4,5,3,5,3,4
1,DeathDescription.LIFETOTAL,11,25.368213653564453,3,2,6,6,5,2
1,DeathDescription.LIFETOTAL,11,27.505159378051758,5,4,3,6,6,1
1,DeathDescription.LIFETOTAL,11,37.25099563598633,6,4,2,6,4,3
0,DeathDescription.LIFETOTAL,12,34.1794490814209,4,5,4,4,4,4
1,DeathDescription.LIFETOTAL,13,44.838666915893555,6,4,3,5,5,4
1,DeathDescription.LIFETOTAL,11,26.856422424316406,3,4,5,6,5,2
0,DeathDescription.LIFETOTAL,10,33.6146354675293,5,6,1,4,4,4
1,DeathDescription.LIFETOTAL,11,55.94038963317871,2,0,7,4,5,4
0,DeathDescription.LIFETOTAL,10,27.24909782409668,3,5,4,5,4,3
1,DeathDescription.LIFETOTAL,11,28.624534606933594,3,2,6,5,5,3
0,DeathDescription.LIFETOTAL,12,24.742841720581055,5,6,2,5,5,3
0,DeathDescription.LIFETOTAL,10,32.525062561035156,4,4,4,5,4,3
0,DeathDescription.LIFETOTAL,10,33.68115425109863,5,5,2,5,6,1
1,DeathDescription.LIFETOTAL,11,33.631324768066406,4,4,4,5,4,4
1,DeathDescription.LIFETOTAL,13,37.85586357116699,6,4,3,6,6,2
0,DeathDescription.LIFETOTAL,10,25.52962303161621,6,4,2,5,4,3
0,DeathDescription.LIFETOTAL,10,29.60205078125,5,5,2,5,3,4
0,DeathDescription.LIFETOTAL,10,30.12561798095703,6,4,2,5,3,4
1,DeathDescription.LIFETOTAL,11,30.80439567565918,3,0,7,4,5,4
0,DeathDescription.LIFETOTAL,10,29.70600128173828,5,5,2,4,0,7
0,DeathDescription.LIFETOTAL,10,24.42336082458496,4,5,3,5,3,4
0,DeathDescription.LIFETOTAL,14,35.15028953552246,4,7,3,6,5,3
1,DeathDescription.LIFETOTAL,11,25.68507194519043,6,2,4,6,5,2
0,DeathDescription.LIFETOTAL,10,42.54722595214844,6,5,1,5,4,3
0,DeathDescription.LIFETOTAL,12,39.33382034301758,5,5,3,6,4,3
1,DeathDescription.LIFETOTAL,11,33.88571739196777,6,5,1,6,5,2
0,DeathDescription.LIFETOTAL,10,28.84078025817871,4,5,3,5,4,3
0,DeathDescription.LIFETOTAL,10,32.59634971618652,5,4,3,4,4,4
1,DeathDescription.LIFETOTAL,11,27.69327163696289,4,4,4,6,5,2
0,DeathDescription.LIFETOTAL,10,32.07206726074219,6,5,1,5,4,3
1,DeathDescription.LIFETOTAL,13,38.191795349121094,4,4,5,7,5,2
0,DeathDescription.LIFETOTAL,12,35.11500358581543,4,5,4,5,4,4
0,DeathDescription.LIFETOTAL,12,29.854774475097656,7,4,2,6,5,2
1,DeathDescription.LIFETOTAL,11,41.13912582397461,6,4,2,6,6,1
1,DeathDescription.LIFETOTAL,11,47.12820053100586,6,3,3,5,6,2
1,DeathDescription.LIFETOTAL,11,39.38460350036621,6,4,2,4,5,4
0,DeathDescription.LIFETOTAL,10,22.981882095336914,4,5,3,5,3,4
0,DeathDescription.LIFETOTAL,12,23.691654205322266,7,5,1,4,0,7
0,DeathDescription.LIFETOTAL,12,36.54909133911133,7,5,1,5,4,4
0,DeathDescription.LIFETOTAL,12,41.53299331665039,6,5,2,6,4,3
1,DeathDescription.LIFETOTAL,13,26.334524154663086,6,4,3,7,5,2
0,DeathDescription.LIFETOTAL,12,23.761987686157227,7,4,2,5,2,6
0,DeathDescription.LIFETOTAL,16,38.55609893798828,6,5,3,2,0,7
0,DeathDescription.LIFETOTAL,12,23.978233337402344,5,4,4,4,2,5
0,DeathDescription.LIFETOTAL,10,22.994041442871094,6,4,2,4,4,4
1,DeathDescription.LIFETOTAL,11,30.180692672729492,5,5,2,5,6,2
0,DeathDescription.LIFETOTAL,12,45.39680480957031,4,5,4,4,3,6
1,DeathDescription.LIFETOTAL,13,25.037288665771484,4,0,7,4,5,5
1,DeathDescription.LIFETOTAL,11,22.706270217895508,4,3,5,6,5,2
0,DeathDescription.LIFETOTAL,10,38.67483139038086,5,5,2,5,2,5
0,DeathDescription.LIFETOTAL,10,39.130449295043945,5,4,3,5,0,7
0,DeathDescription.LIFETOTAL,10,28.233051300048828,6,5,1,5,0,7
0,DeathDescription.LIFETOTAL,10,21.59404754638672,6,5,1,5,3,4
1,DeathDescription.LIFETOTAL,13,45.767784118652344,4,4,5,6,6,2
0,DeathDescription.LIFETOTAL,10,39.62254524230957,6,5,1,4,3,5
1,DeathDescription.LIFETOTAL,11,27.312278747558594,4,0,7,5,5,3
0,DeathDescription.LIFETOTAL,10,27.646780014038086,6,5,1,5,4,3
0,DeathDescription.LIFETOTAL,12,34.81769561767578,7,5,1,3,4,5
0,DeathDescription.LIFETOTAL,10,38.53559494018555,4,5,3,5,1,6
0,DeathDescription.LIFETOTAL,10,33.03670883178711,4,5,3,5,5,2
1,DeathDescription.LIFETOTAL,13,25.386571884155273,6,0,7,7,5,2
1,DeathDescription.LIFETOTAL,13,35.34960746765137,4,1,6,7,5,2
0,DeathDescription.LIFETOTAL,12,33.171653747558594,7,6,0,6,5,2
1,DeathDescription.LIFETOTAL,15,43.079376220703125,3,2,6,8,6,1
0,DeathDescription.LIFETOTAL,10,26.900529861450195,5,4,3,5,4,3
0,DeathDescription.LIFETOTAL,10,42.51861572265625,5,5,2,5,4,3
0,DeathDescription.LIFETOTAL,10,29.8464298248291,6,5,1,5,4,3
1,DeathDescription.LIFETOTAL,11,24.419784545898438,5,3,4,5,5,3
0,DeathDescription.LIFETOTAL,10,27.53901481628418,6,4,2,5,4,3
0,DeathDescription.LIFETOTAL,12,24.113178253173828,7,6,0,3,1,6
0,DeathDescription.LIFETOTAL,12,54.98909950256348,5,5,3,6,1,6
1,DeathDescription.LIFETOTAL,11,27.964115142822266,4,1,6,5,5,3
0,DeathDescription.LIFETOTAL,10,21.161794662475586,5,5,2,4,4,4
1,DeathDescription.LIFETOTAL,13,24.666547775268555,5,2,6,7,5,2
0,DeathDescription.LIFETOTAL,10,43.94245147705078,4,5,3,5,3,4
0,DeathDescription.LIFETOTAL,12,50.017356872558594,7,5,1,6,4,3
0,DeathDescription.LIFETOTAL,10,47.25217819213867,5,5,2,5,3,4
0,DeathDescription.LIFETOTAL,12,39.72196578979492,3,5,5,6,5,2
1,DeathDescription.LIFETOTAL,11,41.10288619995117,6,3,3,4,5,4
0,DeathDescription.LIFETOTAL,10,28.22732925415039,6,5,1,5,5,2
1,DeathDescription.LIFETOTAL,11,25.719404220581055,5,4,3,6,4,3
0,DeathDescription.LIFETOTAL,10,28.00607681274414,6,6,0,5,3,4
0,DeathDescription.LIFETOTAL,10,50.53567886352539,6,4,2,5,5,2
1,DeathDescription.LIFETOTAL,11,33.77676010131836,6,5,1,6,3,4
0,DeathDescription.LIFETOTAL,10,28.40423583984375,6,6,0,5,2,5
0,DeathDescription.LIFETOTAL,10,31.60881996154785,6,4,2,2,4,6
0,DeathDescription.LIFETOTAL,12,35.057783126831055,7,5,1,6,4,3
0,DeathDescription.LIFETOTAL,10,25.952816009521484,5,4,3,4,5,3
1,DeathDescription.LIFETOTAL,11,37.48583793640137,5,5,2,6,4,3
0,DeathDescription.LIFETOTAL,10,55.36222457885742,5,4,3,5,4,3
0,DeathDescription.LIFETOTAL,12,29.529809951782227,6,6,1,5,2,5
0,DeathDescription.LIFETOTAL,10,28.15389633178711,6,5,1,5,1,6
1,DeathDescription.LIFETOTAL,11,40.51995277404785,2,3,6,6,5,2
0,DeathDescription.LIFETOTAL,10,21.788835525512695,6,5,1,3,3,6
1,DeathDescription.LIFETOTAL,11,30.22027015686035,3,3,6,4,5,4
0,DeathDescription.LIFETOTAL,10,33.38050842285156,6,4,2,5,2,5
1,DeathDescription.LIFETOTAL,11,25.43163299560547,4,1,6,6,4,3
0,DeathDescription.LIFETOTAL,10,25.52199363708496,5,5,2,5,4,3
0,DeathDescription.LIFETOTAL,10,24.61695671081543,6,4,2,4,4,4
1,DeathDescription.LIFETOTAL,11,36.07368469238281,5,4,3,5,5,3
1,DeathDescription.LIFETOTAL,11,37.2006893157959,6,4,2,6,6,1
0,DeathDescription.LIFETOTAL,12,22.777080535888672,7,4,2,2,1,6
1,DeathDescription.LIFETOTAL,11,44.63458061218262,6,4,2,6,5,2
1,DeathDescription.LIFETOTAL,11,27.187347412109375,5,4,3,6,5,2
1,DeathDescription.LIFETOTAL,11,53.64656448364258,6,2,4,6,4,3
1,DeathDescription.LIFETOTAL,13,51.42855644226074,5,5,3,7,4,3
0,DeathDescription.LIFETOTAL,10,32.979488372802734,6,5,1,5,3,4
0,DeathDescription.LIFETOTAL,10,22.06587791442871,5,5,2,5,4,3
0,DeathDescription.LIFETOTAL,12,31.10647201538086,7,3,3,6,4,3
0,DeathDescription.LIFETOTAL,10,32.64474868774414,5,5,2,5,4,3
0,DeathDescription.LIFETOTAL,12,35.46881675720215,7,6,0,6,4,3
1,DeathDescription.LIFETOTAL,11,22.94611930847168,6,4,2,6,5,2
1,DeathDescription.LIFETOTAL,11,35.76803207397461,5,4,3,5,5,3
1,DeathDescription.LIFETOTAL,13,30.640602111816406,4,0,7,6,6,2
0,DeathDescription.LIFETOTAL,12,24.419546127319336,7,4,2,5,5,3
1,DeathDescription.LIFETOTAL,13,31.308650970458984,5,4,4,6,6,2
1,DeathDescription.LIFETOTAL,11,40.39144515991211,6,3,3,6,5,2
1,DeathDescription.LIFETOTAL,11,28.308391571044922,3,0,7,6,6,1
0,DeathDescription.LIFETOTAL,10,25.978565216064453,5,4,3,4,0,7
0,DeathDescription.LIFETOTAL,10,21.454572677612305,3,5,4,5,3,4
1,DeathDescription.LIFETOTAL,15,37.2469425201416,7,5,2,5,5,5
1,DeathDescription.LIFETOTAL,11,37.66322135925293,5,2,5,6,4,3
1,DeathDescription.LIFETOTAL,11,45.37057876586914,4,3,5,6,6,1
1,DeathDescription.LIFETOTAL,13,29.77299690246582,5,0,7,7,5,2
0,DeathDescription.LIFETOTAL,10,44.245004653930664,5,6,1,4,3,5
1,DeathDescription.LIFETOTAL,11,29.349327087402344,4,4,4,6,5,2
1,DeathDescription.LIFETOTAL,11,27.06742286682129,2,0,7,5,5,3
0,DeathDescription.LIFETOTAL,10,22.05371856689453,6,4,2,5,4,3
1,DeathDescription.LIFETOTAL,11,45.85599899291992,5,5,2,5,6,2
0,DeathDescription.LIFETOTAL,12,30.830860137939453,5,6,2,5,3,4
0,DeathDescription.LIFETOTAL,12,24.485349655151367,6,7,0,5,6,2
1,DeathDescription.LIFETOTAL,11,28.11741828918457,6,5,1,4,5,4
0,DeathDescription.LIFETOTAL,10,29.110431671142578,5,5,2,4,4,4
1,DeathDescription.LIFETOTAL,13,29.665708541870117,4,2,5,5,5,4
1,DeathDescription.LIFETOTAL,15,27.853012084960938,3,1,6,4,5,5
0,DeathDescription.LIFETOTAL,10,27.792692184448242,6,4,2,5,3,4
0,DeathDescription.LIFETOTAL,10,38.20657730102539,5,5,2,3,4,5
0,DeathDescription.LIFETOTAL,10,33.78629684448242,5,5,2,5,4,3
1,DeathDescription.LIFETOTAL,11,24.209022521972656,6,4,2,5,5,3
0,DeathDescription.LIFETOTAL,10,22.59683609008789,4,5,3,5,2,5
1,DeathDescription.LIFETOTAL,11,24.600744247436523,6,4,2,5,5,3
0,DeathDescription.LIFETOTAL,12,42.14143753051758,5,5,3,6,2,5
0,DeathDescription.LIFETOTAL,10,26.520729064941406,4,5,3,5,4,3
0,DeathDescription.LIFETOTAL,12,65.20485877990723,6,5,2,4,4,5
0,DeathDescription.LIFETOTAL,12,34.88445281982422,4,5,4,1,0,7
0,DeathDescription.LIFETOTAL,14,37.355661392211914,8,3,3,4,4,4
1,DeathDescription.LIFETOTAL,13,40.77577590942383,7,4,2,7,4,3
1,DeathDescription.LIFETOTAL,11,38.52510452270508,4,4,4,6,5,2
0,DeathDescription.LIFETOTAL,14,48.28763008117676,5,6,2,4,3,5
0,DeathDescription.LIFETOTAL,14,36.48877143859863,4,5,4,7,3,4
0,DeathDescription.LIFETOTAL,10,20.894289016723633,2,5,5,5,4,3
0,DeathDescription.LIFETOTAL,10,28.40137481689453,4,4,4,4,1,6
1,DeathDescription.LIFETOTAL,11,23.622751235961914,2,0,7,6,4,3
0,DeathDescription.LIFETOTAL,12,28.110504150390625,7,5,1,6,4,3
1,DeathDescription.LIFETOTAL,15,30.443906784057617,4,4,5,7,6,2
0,DeathDescription.LIFETOTAL,12,33.84876251220703,5,6,2,6,3,4
0,DeathDescription.LIFETOTAL,10,34.46054458618164,6,5,1,5,4,3
0,DeathDescription.LIFETOTAL,12,24.347543716430664,6,6,1,5,5,3
1,DeathDescription.LIFETOTAL,11,23.003339767456055,5,5,2,5,5,3
1,DeathDescription.LIFETOTAL,11,36.18192672729492,5,4,3,6,5,2
0,DeathDescription.LIFETOTAL,10,37.91332244873047,6,4,2,4,4,4
0,DeathDescription.LIFETOTAL,12,24.43385124206543,3,4,6,6,6,1
0,DeathDescription.LIFETOTAL,10,23.707151412963867,6,4,2,5,4,3
1,DeathDescription.LIFETOTAL,11,40.064334869384766,4,3,5,5,4,4
0,DeathDescription.LIFETOTAL,12,34.93499755859375,7,5,1,6,5,2
0,DeathDescription.LIFETOTAL,10,42.83022880554199,6,4,2,5,5,2
0,DeathDescription.LIFETOTAL,12,29.319286346435547,7,6,0,6,4,3
0,DeathDescription.LIFETOTAL,10,49.90577697753906,4,6,2,5,4,3
0,DeathDescription.LIFETOTAL,10,22.586584091186523,5,5,2,5,3,4
1,DeathDescription.LIFETOTAL,13,36.86404228210449,6,5,2,7,5,2
1,DeathDescription.LIFETOTAL,11,21.71945571899414,2,2,6,3,5,5
0,DeathDescription.LIFETOTAL,10,28.776168823242188,3,5,4,5,4,3
0,DeathDescription.LIFETOTAL,10,38.55752944946289,5,5,2,5,4,3
1,DeathDescription.LIFETOTAL,11,38.437843322753906,6,4,2,5,6,2
0,DeathDescription.LIFETOTAL,12,34.78050231933594,7,5,1,4,4,5
1,DeathDescription.LIFETOTAL,11,31.35967254638672,4,1,6,6,5,2
0,DeathDescription.LIFETOTAL,10,32.89198875427246,4,5,3,5,4,3
0,DeathDescription.LIFETOTAL,10,20.746231079101562,5,5,2,1,0,7
0,DeathDescription.LIFETOTAL,12,23.134708404541016,7,4,2,5,3,5
0,DeathDescription.LIFETOTAL,12,30.673503875732422,7,5,1,5,3,5
0,DeathDescription.LIFETOTAL,10,23.01645278930664,6,5,1,4,2,6
1,DeathDescription.LIFETOTAL,11,23.478984832763672,6,2,4,4,5,4
0,DeathDescription.LIFETOTAL,10,20.493268966674805,5,5,2,5,5,2
0,DeathDescription.LIFETOTAL,12,35.8126163482666,6,5,2,4,3,6
0,DeathDescription.LIFETOTAL,10,33.50043296813965,5,5,2,3,4,5
0,DeathDescription.LIFETOTAL,12,26.236772537231445,6,5,2,6,5,2
1,DeathDescription.LIFETOTAL,11,25.16913414001465,6,3,3,6,6,1
0,DeathDescription.LIFETOTAL,10,52.38747596740723,6,5,1,4,2,6
1,DeathDescription.LIFETOTAL,11,34.55209732055664,2,0,7,6,5,2
0,DeathDescription.LIFETOTAL,10,33.18381309509277,3,5,4,5,4,3
0,DeathDescription.LIFETOTAL,10,36.507606506347656,4,4,4,3,4,5
1,DeathDescription.LIFETOTAL,11,44.32368278503418,6,4,2,6,4,3
0,DeathDescription.LIFETOTAL,10,35.05063056945801,5,5,2,5,4,3
0,DeathDescription.LIFETOTAL,12,24.72710609436035,4,5,4,6,5,2
0,DeathDescription.LIFETOTAL,12,43.951988220214844,6,6,1,4,4,5
0,DeathDescription.LIFETOTAL,12,28.62834930419922,6,6,1,4,4,3
1,DeathDescription.LIFETOTAL,11,60.55712699890137,4,0,7,4,5,4
0,DeathDescription.LIFETOTAL,10,42.847394943237305,6,5,1,5,4,3
0,DeathDescription.LIFETOTAL,10,22.1555233001709,4,5,3,5,4,3
1,DeathDescription.LIFETOTAL,11,28.19514274597168,5,3,4,4,5,4
1,DeathDescription.LIFETOTAL,11,45.28188705444336,6,2,4,6,5,2
1,DeathDescription.LIFETOTAL,11,29.91771697998047,6,4,2,6,5,2
0,DeathDescription.LIFETOTAL,10,28.817176818847656,5,5,2,5,4,3
0,DeathDescription.LIFETOTAL,10,29.712677001953125,4,5,3,4,4,4
1,DeathDescription.LIFETOTAL,11,48.969268798828125,2,3,6,5,5,3
0,DeathDescription.LIFETOTAL,10,38.35797309875488,6,4,2,5,4,3
0,DeathDescription.LIFETOTAL,10,40.10438919067383,5,5,2,5,5,2
1,DeathDescription.LIFETOTAL,11,24.122238159179688,6,4,2,6,6,1
0,DeathDescription.LIFETOTAL,10,42.84167289733887,5,5,2,5,3,4
0,DeathDescription.LIFETOTAL,10,38.70534896850586,6,4,2,5,4,3
0,DeathDescription.LIFETOTAL,10,22.50814437866211,4,5,3,5,3,4
0,DeathDescription.LIFETOTAL,10,36.36741638183594,4,6,2,5,2,5
0,DeathDescription.LIFETOTAL,12,23.7576961517334,5,7,1,6,4,3
0,DeathDescription.LIFETOTAL,10,34.61170196533203,3,4,5,3,2,6
1,DeathDescription.LIFETOTAL,11,25.349855422973633,6,4,2,6,4,3
0,DeathDescription.LIFETOTAL,10,22.834062576293945,4,4,4,5,3,4
0,DeathDescription.LIFETOTAL,10,37.46747970581055,5,6,1,4,3,5
1,DeathDescription.LIFETOTAL,11,36.76795959472656,4,4,4,6,4,3
0,DeathDescription.LIFETOTAL,10,28.773784637451172,5,4,3,5,0,7
1,DeathDescription.LIFETOTAL,11,34.061431884765625,4,0,7,6,5,2
0,DeathDescription.LIFETOTAL,12,24.350643157958984,7,4,2,6,3,4
0,DeathDescription.LIFETOTAL,10,40.68636894226074,6,5,1,5,0,7
1,DeathDescription.LIFETOTAL,11,34.575700759887695,6,3,3,6,6,1
0,DeathDescription.LIFETOTAL,18,29.560327529907227,6,5,2,8,5,3
1,DeathDescription.LIFETOTAL,11,28.538227081298828,6,4,2,6,5,2
1,DeathDescription.LIFETOTAL,11,35.38990020751953,6,4,2,6,4,3
0,DeathDescription.LIFETOTAL,12,27.959823608398438,2,3,8,3,2,5
1,DeathDescription.LIFETOTAL,11,22.769451141357422,5,4,3,6,6,1
1,DeathDescription.LIFETOTAL,11,28.015613555908203,4,4,4,6,5,2
0,DeathDescription.LIFETOTAL,12,27.64582633972168,4,5,4,6,0,7
0,DeathDescription.LIFETOTAL,10,28.680801391601562,4,5,3,5,3,4
0,DeathDescription.LIFETOTAL,10,27.44460105895996,5,5,2,5,5,2
0,DeathDescription.LIFETOTAL,10,35.85195541381836,3,5,4,3,0,7
0,DeathDescription.LIFETOTAL,10,24.91164207458496,4,5,3,5,4,3
0,DeathDescription.LIFETOTAL,10,33.718109130859375,6,5,1,5,5,2
0,DeathDescription.LIFETOTAL,10,27.01735496520996,5,5,2,5,4,3
0,DeathDescription.LIFETOTAL,10,22.515296936035156,5,4,3,5,4,3
0,DeathDescription.LIFETOTAL,10,41.16177558898926,6,4,2,3,4,5
0,DeathDescription.LIFETOTAL,10,37.271738052368164,5,5,2,5,3,4
1,DeathDescription.LIFETOTAL,11,23.7579345703125,6,3,3,6,5,2
0,DeathDescription.LIFETOTAL,12,40.563106536865234,5,6,2,4,3,6
1,DeathDescription.LIFETOTAL,13,38.7117862701416,3,0,7,7,5,2
1,DeathDescription.LIFETOTAL,11,23.390769958496094,5,0,7,5,5,3
0,DeathDescription.LIFETOTAL,12,39.1998291015625,7,5,1,4,3,6
0,DeathDescription.LIFETOTAL,12,64.31102752685547,4,5,4,6,1,6
0,DeathDescription.LIFETOTAL,10,40.256500244140625,5,4,3,5,0,7
0,DeathDescription.LIFETOTAL,10,58.220863342285156,4,5,3,5,2,5
0,DeathDescription.LIFETOTAL,10,26.534080505371094,5,5,2,4,3,5
1,DeathDescription.LIFETOTAL,11,48.70200157165527,2,0,7,6,5,2
0,DeathDescription.LIFETOTAL,10,69.3976879119873,6,5,1,5,2,5
1,DeathDescription.LIFETOTAL,11,33.44368934631348,4,4,4,6,5,2
0,DeathDescription.LIFETOTAL,10,28.802871704101562,6,5,1,5,1,6
0,DeathDescription.LIFETOTAL,12,25.30384063720703,4,5,4,4,5,4
0,DeathDescription.LIFETOTAL,12,32.57632255554199,7,6,0,3,4,5
1,DeathDescription.LIFETOTAL,11,41.22734069824219,6,3,3,6,5,2
0,DeathDescription.LIFETOTAL,12,34.807682037353516,6,6,1,5,4,4
0,DeathDescription.LIFETOTAL,10,44.34347152709961,4,5,3,3,4,5
1,DeathDescription.LIFETOTAL,11,29.30283546447754,4,4,4,5,5,3
1,DeathDescription.LIFETOTAL,11,40.62151908874512,6,4,2,5,5,3
1,DeathDescription.LIFETOTAL,11,22.88651466369629,4,2,6,4,5,4
0,DeathDescription.LIFETOTAL,10,37.92738914489746,6,5,1,4,4,4
0,DeathDescription.LIFETOTAL,10,40.47369956970215,5,5,2,5,4,3
0,DeathDescription.LIFETOTAL,10,28.115034103393555,5,6,1,5,5,2
1,DeathDescription.LIFETOTAL,13,24.96790885925293,3,0,7,7,5,2
1,DeathDescription.LIFETOTAL,11,39.368391036987305,3,4,5,6,4,3
0,DeathDescription.LIFETOTAL,12,50.79364776611328,4,6,3,6,2,5
0,DeathDescription.LIFETOTAL,12,24.78647232055664,7,4,2,6,4,3
0,DeathDescription.LIFETOTAL,10,26.844024658203125,6,5,1,5,4,3
0,DeathDescription.LIFETOTAL,10,33.66422653198242,4,5,3,5,3,4
0,DeathDescription.LIFETOTAL,10,33.85782241821289,6,5,1,2,3,6
1,DeathDescription.LIFETOTAL,17,38.69152069091797,3,2,5,7,5,3
0,DeathDescription.LIFETOTAL,10,29.383420944213867,6,6,0,5,4,3
0,DeathDescription.LIFETOTAL,10,44.191837310791016,5,5,2,5,3,4
1,DeathDescription.LIFETOTAL,11,39.087772369384766,5,4,3,4,5,4
1,DeathDescription.LIFETOTAL,11,34.12628173828125,5,5,2,6,5,2
0,DeathDescription.LIFETOTAL,14,27.532577514648438,6,6,2,4,3,5
0,DeathDescription.LIFETOTAL,10,27.864933013916016,5,5,2,5,4,3
0,DeathDescription.LIFETOTAL,10,21.40045166015625,3,5,4,5,5,2
0,DeathDescription.LIFETOTAL,10,26.09562873840332,6,5,1,5,4,3
1,DeathDescription.LIFETOTAL,11,30.38191795349121,4,4,4,4,5,4
0,DeathDescription.LIFETOTAL,10,22.780656814575195,5,4,3,4,4,4
1,DeathDescription.LIFETOTAL,11,35.03131866455078,5,1,6,5,6,2
1,DeathDescription.LIFETOTAL,11,26.69835090637207,5,4,3,6,5,2
1,DeathDescription.LIFETOTAL,11,40.34709930419922,4,4,4,4,5,4
1,DeathDescription.LIFETOTAL,11,31.831026077270508,4,1,6,3,4,6
0,DeathDescription.LIFETOTAL,12,49.51953887939453,6,6,1,6,3,4
0,DeathDescription.LIFETOTAL,12,33.81228446960449,6,6,1,5,4,4
1,DeathDescription.LIFETOTAL,11,39.38460350036621,6,4,2,6,4,3
1,DeathDescription.LIFETOTAL,11,28.889894485473633,3,4,5,6,6,1
0,DeathDescription.LIFETOTAL,10,27.428388595581055,6,5,1,5,5,2
1,DeathDescription.LIFETOTAL,11,40.17186164855957,3,0,7,3,5,5
0,DeathDescription.LIFETOTAL,10,27.932167053222656,4,5,3,4,2,6
0,DeathDescription.LIFETOTAL,12,30.33614158630371,4,5,4,4,3,5
0,DeathDescription.LIFETOTAL,10,37.261009216308594,6,4,2,4,3,5
1,DeathDescription.LIFETOTAL,13,35.34698486328125,4,4,5,5,5,4
0,DeathDescription.LIFETOTAL,10,21.85964584350586,6,5,1,2,0,7
0,DeathDescription.LIFETOTAL,12,35.527706146240234,7,4,2,6,5,2
0,DeathDescription.LIFETOTAL,12,24.335861206054688,7,5,1,3,0,7
1,DeathDescription.LIFETOTAL,11,47.913312911987305,6,5,1,6,5,2
0,DeathDescription.LIFETOTAL,10,32.217979431152344,6,4,2,2,0,7
1,DeathDescription.LIFETOTAL,11,22.971391677856445,6,4,2,5,5,3
1,DeathDescription.LIFETOTAL,11,22.890329360961914,5,5,2,5,5,3
1,DeathDescription.LIFETOTAL,15,48.67410659790039,6,1,6,8,4,3
1,DeathDescription.LIFETOTAL,11,29.099702835083008,6,4,2,6,4,3
0,DeathDescription.LIFETOTAL,10,27.788639068603516,6,4,2,5,4,3
0,DeathDescription.LIFETOTAL,12,24.88541603088379,7,6,0,5,5,3
1,DeathDescription.LIFETOTAL,11,32.09257125854492,2,2,7,5,5,3
1,DeathDescription.LIFETOTAL,13,31.94594383239746,2,2,7,6,4,4
0,DeathDescription.LIFETOTAL,10,23.75316619873047,5,5,2,5,3,4
0,DeathDescription.LIFETOTAL,10,28.811216354370117,5,4,3,5,3,4
0,DeathDescription.LIFETOTAL,10,42.833566665649414,6,5,1,5,4,3
1,DeathDescription.LIFETOTAL,11,24.65677261352539,5,1,6,5,5,3
0,DeathDescription.LIFETOTAL,10,32.60326385498047,5,5,2,4,3,5
0,DeathDescription.LIFETOTAL,10,26.26657485961914,4,5,3,5,3,4
0,DeathDescription.LIFETOTAL,12,52.2153377532959,4,5,4,5,5,3
0,DeathDescription.LIFETOTAL,10,27.34971046447754,5,5,2,5,4,3
0,DeathDescription.LIFETOTAL,10,27.835845947265625,6,5,1,5,3,4
1,DeathDescription.LIFETOTAL,11,32.837867736816406,6,3,3,6,4,3
0,DeathDescription.LIFETOTAL,10,38.887739181518555,6,4,2,5,3,4
0,DeathDescription.LIFETOTAL,10,37.575721740722656,6,5,1,4,4,4
1,DeathDescription.LIFETOTAL,11,23.27442169189453,5,6,1,4,5,4
0,DeathDescription.LIFETOTAL,10,25.725364685058594,4,5,3,5,4,3
0,DeathDescription.LIFETOTAL,10,40.17972946166992,5,6,1,3,4,5
0,DeathDescription.LIFETOTAL,10,20.552396774291992,4,5,3,2,0,7
0,DeathDescription.LIFETOTAL,12,30.45511245727539,3,4,6,6,5,2
0,DeathDescription.LIFETOTAL,10,32.239437103271484,5,5,2,4,4,4
0,DeathDescription.LIFETOTAL,10,48.380374908447266,5,6,1,5,4,3
0,DeathDescription.LIFETOTAL,10,48.08402061462402,6,5,1,3,4,5
1,DeathDescription.LIFETOTAL,11,34.230947494506836,3,4,5,5,6,2
0,DeathDescription.LIFETOTAL,10,22.63498306274414,5,5,2,5,4,3
1,DeathDescription.LIFETOTAL,13,44.97480392456055,7,4,2,6,6,2
0,DeathDescription.LIFETOTAL,12,38.124799728393555,5,5,3,6,4,3
0,DeathDescription.LIFETOTAL,10,28.15866470336914,4,5,3,5,4,3
0,DeathDescription.LIFETOTAL,10,40.09723663330078,5,5,2,5,4,3
0,DeathDescription.LIFETOTAL,10,42.732954025268555,4,5,3,5,1,6
0,DeathDescription.LIFETOTAL,14,52.18315124511719,6,7,1,4,2,6
1,DeathDescription.LIFETOTAL,13,34.87253189086914,5,2,5,6,6,2
0,DeathDescription.LIFETOTAL,10,23.851633071899414,4,5,3,5,5,2
0,DeathDescription.LIFETOTAL,12,35.60352325439453,6,6,1,6,5,2
0,DeathDescription.LIFETOTAL,10,27.148962020874023,3,5,4,5,3,4
1,DeathDescription.LIFETOTAL,11,30.59983253479004,4,4,4,6,5,2
1,DeathDescription.LIFETOTAL,13,44.61097717285156,6,2,5,4,4,5
0,DeathDescription.LIFETOTAL,12,29.279708862304688,7,4,2,5,4,4
1,DeathDescription.LIFETOTAL,11,44.179439544677734,4,0,7,5,4,4
1,DeathDescription.LIFETOTAL,11,23.19192886352539,4,4,4,5,6,2
0,DeathDescription.LIFETOTAL,12,29.925107955932617,7,5,1,6,3,4
1,DeathDescription.LIFETOTAL,11,23.582935333251953,5,4,3,6,5,2
0,DeathDescription.LIFETOTAL,10,40.412187576293945,6,4,2,5,4,3
0,DeathDescription.LIFETOTAL,10,28.268098831176758,6,5,1,2,3,6
1,DeathDescription.LIFETOTAL,11,28.290987014770508,6,3,3,4,5,4
0,DeathDescription.LIFETOTAL,10,26.068925857543945,5,5,2,4,3,5
1,DeathDescription.LIFETOTAL,11,45.50886154174805,6,4,2,6,6,1
1,DeathDescription.LIFETOTAL,11,43.671369552612305,6,4,2,6,5,2
1,DeathDescription.LIFETOTAL,11,28.734922409057617,5,4,3,6,5,2
0,DeathDescription.LIFETOTAL,10,22.38297462463379,4,5,3,4,4,4
0,DeathDescription.LIFETOTAL,10,28.130292892456055,3,5,4,5,3,4
0,DeathDescription.LIFETOTAL,12,36.32378578186035,6,6,1,6,4,3
0,DeathDescription.LIFETOTAL,10,21.61407470703125,4,5,3,5,4,3
1,DeathDescription.LIFETOTAL,11,29.4342041015625,5,3,4,5,5,3
1,DeathDescription.LIFETOTAL,11,35.842180252075195,6,2,4,6,6,1
1,DeathDescription.LIFETOTAL,11,53.02786827087402,6,3,3,6,5,2
0,DeathDescription.LIFETOTAL,12,33.04910659790039,7,4,2,4,4,5
0,DeathDescription.LIFETOTAL,10,25.39515495300293,6,4,2,4,0,7
0,DeathDescription.LIFETOTAL,10,34.555673599243164,4,5,3,5,4,3
0,DeathDescription.LIFETOTAL,10,28.40280532836914,6,4,2,5,4,3
0,DeathDescription.LIFETOTAL,10,22.477149963378906,6,5,1,5,3,4
0,DeathDescription.LIFETOTAL,10,27.323484420776367,6,5,1,5,4,3
0,DeathDescription.LIFETOTAL,10,24.42193031311035,4,5,3,5,4,3
0,DeathDescription.LIFETOTAL,10,23.77605438232422,6,6,0,5,5,2
0,DeathDescription.LIFETOTAL,10,32.96494483947754,6,4,2,4,2,6
0,DeathDescription.LIFETOTAL,10,20.64800262451172,4,5,3,5,3,4
1,DeathDescription.LIFETOTAL,11,36.18478775024414,4,3,5,5,6,2
1,DeathDescription.LIFETOTAL,11,29.83689308166504,5,4,3,5,5,3
1,DeathDescription.LIFETOTAL,11,23.468494415283203,5,5,2,5,5,3
0,DeathDescription.LIFETOTAL,10,27.945280075073242,6,5,1,5,4,3
0,DeathDescription.LIFETOTAL,10,38.62285614013672,6,5,1,4,2,6
0,DeathDescription.LIFETOTAL,12,33.719778060913086,7,4,2,6,4,3
0,DeathDescription.LIFETOTAL,10,21.090269088745117,5,5,2,5,4,3
0,DeathDescription.LIFETOTAL,20,52.141666412353516,5,6,4,7,2,5
1,DeathDescription.LIFETOTAL,11,26.767730712890625,3,4,5,5,6,2
0,DeathDescription.LIFETOTAL,10,21.524906158447266,6,5,1,5,4,3
0,DeathDescription.LIFETOTAL,10,24.66750144958496,5,5,2,5,4,3
0,DeathDescription.LIFETOTAL,10,28.083086013793945,6,5,1,5,3,4
0,DeathDescription.LIFETOTAL,12,24.320363998413086,7,4,2,4,1,6
1,DeathDescription.LIFETOTAL,11,35.90726852416992,6,4,2,6,6,1
0,DeathDescription.LIFETOTAL,10,23.131608963012695,5,4,3,5,4,3
1,DeathDescription.LIFETOTAL,11,28.639554977416992,6,5,1,6,6,1
0,DeathDescription.LIFETOTAL,10,33.77485275268555,5,5,2,4,4,4
0,DeathDescription.LIFETOTAL,10,27.923107147216797,5,4,3,5,3,4
0,DeathDescription.LIFETOTAL,10,27.769804000854492,6,4,2,5,4,3
1,DeathDescription.LIFETOTAL,11,28.1369686126709,6,4,2,6,6,1
0,DeathDescription.LIFETOTAL,10,28.53536605834961,6,5,1,5,4,3
0,DeathDescription.LIFETOTAL,10,32.64594078063965,3,5,4,3,3,6
1,DeathDescription.LIFETOTAL,13,25.89726448059082,5,4,4,4,5,5
1,DeathDescription.LIFETOTAL,11,22.843599319458008,5,4,3,5,5,3
1,DeathDescription.LIFETOTAL,13,41.72658920288086,3,2,6,5,6,3
0,DeathDescription.LIFETOTAL,12,29.820680618286133,5,6,2,6,4,3
0,DeathDescription.LIFETOTAL,12,28.89418601989746,5,5,3,6,0,7
0,DeathDescription.LIFETOTAL,10,22.286653518676758,5,5,2,5,4,3
0,DeathDescription.LIFETOTAL,10,49.979209899902344,5,6,1,5,4,3
0,DeathDescription.LIFETOTAL,12,35.15744209289551,5,6,2,4,0,7
0,DeathDescription.LIFETOTAL,12,22.81045913696289,6,5,2,6,3,4
1,DeathDescription.LIFETOTAL,11,25.5281925201416,6,5,1,4,5,4
1,DeathDescription.LIFETOTAL,11,35.002708435058594,5,4,3,3,5,5
0,DeathDescription.LIFETOTAL,12,41.47458076477051,4,6,3,6,3,4
0,DeathDescription.LIFETOTAL,10,22.102832794189453,4,5,3,4,4,4
0,DeathDescription.LIFETOTAL,12,24.855613708496094,7,5,1,5,4,4
1,DeathDescription.LIFETOTAL,11,31.98385238647461,6,3,3,6,5,2
1,DeathDescription.LIFETOTAL,11,25.463104248046875,5,5,2,6,6,1
0,DeathDescription.LIFETOTAL,12,28.733253479003906,6,5,2,5,3,4
1,DeathDescription.LIFETOTAL,11,38.49315643310547,6,3,3,5,4,4
0,DeathDescription.LIFETOTAL,10,44.25358772277832,5,5,2,5,4,3
1,DeathDescription.LIFETOTAL,11,35.799503326416016,5,3,4,5,5,3
0,DeathDescription.LIFETOTAL,10,28.574228286743164,6,4,2,5,4,3
1,DeathDescription.LIFETOTAL,11,21.21257781982422,6,5,1,5,6,2
0,DeathDescription.LIFETOTAL,10,39.98279571533203,6,4,2,5,3,4
1,DeathDescription.LIFETOTAL,13,27.04596519470215,7,4,2,7,6,1
0,DeathDescription.LIFETOTAL,10,33.8284969329834,5,5,2,4,4,4
1,DeathDescription.LIFETOTAL,13,45.02248764038086,4,1,6,7,6,1
0,DeathDescription.LIFETOTAL,10,39.50333595275879,6,4,2,5,4,3
0,DeathDescription.LIFETOTAL,10,27.225494384765625,5,5,2,5,2,5
1,DeathDescription.LIFETOTAL,11,23.186922073364258,6,1,5,5,6,2
0,DeathDescription.LIFETOTAL,10,21.447420120239258,6,4,2,4,1,6
0,DeathDescription.LIFETOTAL,12,38.541555404663086,6,5,2,6,5,2
0,DeathDescription.LIFETOTAL,10,44.05617713928223,5,5,2,5,3,4
1,DeathDescription.LIFETOTAL,11,33.406972885131836,4,4,4,3,5,5
0,DeathDescription.LIFETOTAL,10,37.16874122619629,6,4,2,5,2,5
0,DeathDescription.LIFETOTAL,12,36.221981048583984,7,5,1,4,4,5
0,DeathDescription.LIFETOTAL,10,22.19700813293457,3,4,5,5,2,5
1,DeathDescription.LIFETOTAL,17,33.90693664550781,5,2,6,7,5,3
1,DeathDescription.LIFETOTAL,11,30.55095672607422,5,4,3,6,4,3
0,DeathDescription.LIFETOTAL,10,30.536413192749023,6,4,2,5,5,2
1,DeathDescription.LIFETOTAL,11,29.906511306762695,6,4,2,6,5,2
1,DeathDescription.LIFETOTAL,11,22.18008041381836,3,1,6,2,4,7
0,DeathDescription.LIFETOTAL,10,33.399343490600586,3,5,4,5,4,3
0,DeathDescription.LIFETOTAL,10,39.053916931152344,4,4,4,3,3,6
1,DeathDescription.LIFETOTAL,11,23.301124572753906,6,5,1,6,3,4
0,DeathDescription.LIFETOTAL,10,28.00774574279785,6,5,1,5,4,3
0,DeathDescription.LIFETOTAL,12,45.52292823791504,5,5,3,5,5,3
1,DeathDescription.LIFETOTAL,11,39.12639617919922,4,0,7,6,5,2
1,DeathDescription.LIFETOTAL,11,29.08039093017578,6,4,2,6,5,2
0,DeathDescription.LIFETOTAL,10,22.7963924407959,5,6,1,5,2,5
0,DeathDescription.LIFETOTAL,10,26.088714599609375,6,4,2,5,4,3
0,DeathDescription.LIFETOTAL,12,46.59008979797363,7,5,1,6,4,3
0,DeathDescription.LIFETOTAL,10,38.591623306274414,6,5,1,5,4,3
0,DeathDescription.LIFETOTAL,10,26.630163192749023,4,5,3,5,3,4
1,DeathDescription.LIFETOTAL,11,21.723031997680664,4,2,6,5,6,2
0,DeathDescription.LIFETOTAL,10,35.468339920043945,4,5,3,5,3,4
0,DeathDescription.LIFETOTAL,12,38.76638412475586,7,4,2,6,3,4
1,DeathDescription.LIFETOTAL,11,25.133848190307617,6,5,1,5,5,3
0,DeathDescription.LIFETOTAL,10,30.375957489013672,5,4,3,5,3,4
0,DeathDescription.LIFETOTAL,10,39.325714111328125,5,4,3,4,3,5
0,DeathDescription.LIFETOTAL,10,39.26658630371094,4,4,4,5,3,4
1,DeathDescription.LIFETOTAL,11,30.968666076660156,6,5,1,6,5,2
0,DeathDescription.LIFETOTAL,10,23.746013641357422,6,4,2,5,4,3
1,DeathDescription.LIFETOTAL,11,45.65310478210449,6,5,1,3,5,5
0,DeathDescription.LIFETOTAL,10,42.555809020996094,5,4,3,3,4,5
0,DeathDescription.LIFETOTAL,10,42.082786560058594,4,5,3,5,0,7
1,DeathDescription.LIFETOTAL,11,23.175477981567383,6,0,6,6,5,2
1,DeathDescription.LIFETOTAL,13,35.62664985656738,4,1,6,6,5,3
1,DeathDescription.LIFETOTAL,11,45.72582244873047,5,4,3,5,6,2
0,DeathDescription.LIFETOTAL,12,33.501386642456055,7,4,2,3,0,7
1,DeathDescription.LIFETOTAL,11,33.57124328613281,2,0,7,6,5,2
1,DeathDescription.LIFETOTAL,11,45.16482353210449,5,4,3,6,5,2
0,DeathDescription.LIFETOTAL,10,47.823429107666016,4,5,3,5,3,4
0,DeathDescription.LIFETOTAL,10,38.8941764831543,5,5,2,4,4,4
0,DeathDescription.LIFETOTAL,10,31.727313995361328,5,5,2,3,0,7
0,DeathDescription.LIFETOTAL,10,22.00007438659668,5,5,2,3,0,7
0,DeathDescription.LIFETOTAL,10,36.67902946472168,3,5,4,4,4,4
0,DeathDescription.LIFETOTAL,10,37.44816780090332,5,5,2,5,3,4
1,DeathDescription.LIFETOTAL,11,28.987646102905273,6,3,3,6,4,3
0,DeathDescription.LIFETOTAL,12,51.680564880371094,7,5,1,3,4,6
0,DeathDescription.LIFETOTAL,10,28.577327728271484,4,6,2,3,3,5
1,DeathDescription.LIFETOTAL,11,43.24197769165039,3,0,7,4,5,4
1,DeathDescription.LIFETOTAL,15,48.001766204833984,5,4,4,5,5,4
0,DeathDescription.LIFETOTAL,12,42.64640808105469,7,4,2,6,4,3
0,DeathDescription.LIFETOTAL,14,31.86821937561035,8,4,2,3,3,6
0,DeathDescription.LIFETOTAL,12,30.110836029052734,3,5,5,6,5,2
0,DeathDescription.LIFETOTAL,12,42.931556701660156,7,5,1,6,4,3
0,DeathDescription.LIFETOTAL,10,27.13489532470703,4,5,3,5,3,4
0,DeathDescription.LIFETOTAL,10,22.13907241821289,5,5,2,5,4,3
0,DeathDescription.LIFETOTAL,10,21.067142486572266,4,6,2,5,3,4
1,DeathDescription.LIFETOTAL,11,31.3723087310791,4,4,4,5,5,3
0,DeathDescription.LIFETOTAL,12,34.4088077545166,6,6,1,2,2,6
1,DeathDescription.LIFETOTAL,11,34.35969352722168,5,4,3,5,6,2
0,DeathDescription.LIFETOTAL,10,39.7794246673584,6,4,2,2,0,7
0,DeathDescription.LIFETOTAL,10,33.39219093322754,5,6,1,3,3,6
0,DeathDescription.LIFETOTAL,10,27.92215347290039,6,3,3,5,0,7
1,DeathDescription.LIFETOTAL,11,32.263994216918945,4,4,4,6,4,3
1,DeathDescription.LIFETOTAL,11,28.22089195251465,4,3,5,5,5,3
1,DeathDescription.LIFETOTAL,11,43.14088821411133,3,1,7,6,5,2
0,DeathDescription.LIFETOTAL,10,43.33376884460449,4,5,3,5,3,4
0,DeathDescription.LIFETOTAL,10,33.179283142089844,2,5,5,5,1,6
0,DeathDescription.LIFETOTAL,10,22.83644676208496,6,5,1,4,3,5
0,DeathDescription.LIFETOTAL,10,23.598194122314453,6,4,2,5,3,4
0,DeathDescription.LIFETOTAL,12,54.186344146728516,6,5,2,4,1,6
1,DeathDescription.LIFETOTAL,17,45.3648567199707,5,5,4,8,8,0
0,DeathDescription.LIFETOTAL,10,32.234907150268555,6,5,1,5,3,4
1,DeathDescription.LIFETOTAL,11,22.70221710205078,6,4,2,6,5,2
0,DeathDescription.LIFETOTAL,10,41.48602485656738,6,6,0,5,3,4
0,DeathDescription.LIFETOTAL,12,24.824857711791992,6,5,2,6,4,3
1,DeathDescription.LIFETOTAL,13,35.443782806396484,6,1,6,6,6,2
1,DeathDescription.LIFETOTAL,13,36.75413131713867,2,4,6,5,4,5
0,DeathDescription.LIFETOTAL,12,26.952505111694336,7,3,3,5,6,2
1,DeathDescription.LIFETOTAL,13,26.2453556060791,4,0,7,6,5,3
0,DeathDescription.LIFETOTAL,10,33.150672912597656,5,4,3,4,3,5
0,DeathDescription.LIFETOTAL,10,30.786991119384766,6,4,2,3,3,6
0,DeathDescription.LIFETOTAL,10,28.58877182006836,4,5,3,5,4,3
0,DeathDescription.LIFETOTAL,10,23.183107376098633,5,4,3,5,2,5
1,DeathDescription.LIFETOTAL,11,34.940481185913086,6,4,2,5,6,2
0,DeathDescription.LIFETOTAL,10,40.831804275512695,5,5,2,5,4,3
0,DeathDescription.LIFETOTAL,10,32.42778778076172,5,4,3,3,3,5
0,DeathDescription.LIFETOTAL,10,23.09560775756836,5,5,2,4,4,4
1,DeathDescription.LIFETOTAL,13,30.21717071533203,7,5,1,7,5,2
1,DeathDescription.LIFETOTAL,13,33.058881759643555,5,2,5,6,8,0
0,DeathDescription.LIFETOTAL,10,34.944772720336914,6,5,1,0,0,7
1,DeathDescription.LIFETOTAL,11,23.382186889648438,4,3,5,5,5,3
0,DeathDescription.LIFETOTAL,10,22.492647171020508,6,5,1,5,3,4
1,DeathDescription.LIFETOTAL,11,50.18210411071777,4,4,4,6,4,3
1,DeathDescription.LIFETOTAL,11,34.0731143951416,6,4,2,4,5,4
1,DeathDescription.LIFETOTAL,11,33.19191932678223,6,4,2,6,5,2
0,DeathDescription.LIFETOTAL,10,32.340049743652344,5,5,2,3,4,5
1,DeathDescription.LIFETOTAL,11,34.89542007446289,4,4,4,4,5,4
0,DeathDescription.LIFETOTAL,10,26.52454376220703,6,4,2,2,0,7
1,DeathDescription.LIFETOTAL,13,29.264450073242188,4,3,6,6,6,2
0,DeathDescription.LIFETOTAL,12,31.672954559326172,7,5,1,6,4,3
1,DeathDescription.LIFETOTAL,11,31.77189826965332,4,4,4,6,6,1
0,DeathDescription.LIFETOTAL,12,49.85857009887695,7,5,1,4,5,4
0,DeathDescription.LIFETOTAL,12,49.92103576660156,7,4,2,6,2,5
0,DeathDescription.LIFETOTAL,10,22.411346435546875,6,5,1,4,3,5
1,DeathDescription.LIFETOTAL,11,62.44087219238281,6,5,1,6,6,1
1,DeathDescription.LIFETOTAL,11,23.344993591308594,2,0,7,6,5,2
1,DeathDescription.LIFETOTAL,13,34.923553466796875,4,2,6,6,5,3
0,DeathDescription.LIFETOTAL,10,25.051593780517578,5,5,2,5,3,4
1,DeathDescription.LIFETOTAL,11,39.82234001159668,6,4,2,5,4,4
1,DeathDescription.LIFETOTAL,11,22.486209869384766,5,2,5,6,6,1
1,DeathDescription.LIFETOTAL,11,22.50981330871582,6,4,2,6,6,1
1,DeathDescription.LIFETOTAL,11,43.88117790222168,5,3,4,4,5,4
0,DeathDescription.LIFETOTAL,10,23.96869659423828,6,4,2,5,3,4
0,DeathDescription.LIFETOTAL,12,24.98769760131836,6,5,2,6,5,2
1,DeathDescription.LIFETOTAL,15,36.74054145812988,5,3,5,6,6,3
0,DeathDescription.LIFETOTAL,10,35.63642501831055,6,5,1,5,4,3
0,DeathDescription.LIFETOTAL,10,33.48088264465332,4,5,3,5,3,4
0,DeathDescription.LIFETOTAL,10,21.779298782348633,5,6,1,4,4,4
0,DeathDescription.LIFETOTAL,10,38.858652114868164,6,5,1,5,3,4
1,DeathDescription.LIFETOTAL,13,40.364980697631836,5,0,7,6,7,1
1,DeathDescription.LIFETOTAL,11,29.6480655670166,3,4,5,4,5,4
0,DeathDescription.LIFETOTAL,10,23.424625396728516,6,4,2,4,4,4
0,DeathDescription.LIFETOTAL,10,23.058652877807617,6,5,1,5,5,2
1,DeathDescription.LIFETOTAL,11,32.96041488647461,4,2,5,5,6,2
0,DeathDescription.LIFETOTAL,10,27.07362174987793,6,5,1,5,3,4
0,DeathDescription.LIFETOTAL,12,53.36594581604004,5,5,3,6,0,7
1,DeathDescription.LIFETOTAL,13,29.293298721313477,6,3,4,7,6,1
1,DeathDescription.LIFETOTAL,13,46.99587821960449,5,0,7,7,4,3
0,DeathDescription.LIFETOTAL,10,32.24372863769531,6,3,3,5,4,3
0,DeathDescription.LIFETOTAL,10,32.00030326843262,5,4,3,5,3,4
1,DeathDescription.LIFETOTAL,11,27.9080867767334,3,2,6,6,5,2
0,DeathDescription.LIFETOTAL,12,47.22714424133301,5,5,3,6,5,2
0,DeathDescription.LIFETOTAL,10,22.194862365722656,6,5,1,5,4,3
0,DeathDescription.LIFETOTAL,12,24.493694305419922,7,4,2,6,5,2
0,DeathDescription.LIFETOTAL,12,24.871110916137695,5,5,3,5,3,5
0,DeathDescription.LIFETOTAL,10,34.630775451660156,5,5,2,5,0,7
0,DeathDescription.LIFETOTAL,10,32.68098831176758,5,5,2,4,1,6
0,DeathDescription.LIFETOTAL,14,32.61828422546387,7,7,0,7,4,3
0,DeathDescription.LIFETOTAL,10,28.603792190551758,4,6,2,5,4,3
0,DeathDescription.LIFETOTAL,14,38.611650466918945,7,7,0,6,5,3
0,DeathDescription.LIFETOTAL,10,58.83932113647461,5,5,2,5,4,3
1,DeathDescription.LIFETOTAL,11,29.092073440551758,6,0,6,6,5,2
0,DeathDescription.LIFETOTAL,10,34.543514251708984,6,5,1,5,4,3
1,DeathDescription.LIFETOTAL,11,27.60601043701172,4,5,3,5,5,3
0,DeathDescription.LIFETOTAL,10,32.94229507446289,5,5,2,4,4,4
1,DeathDescription.LIFETOTAL,11,27.705669403076172,5,5,2,6,4,3
0,DeathDescription.LIFETOTAL,10,29.587745666503906,4,5,3,4,0,7
0,DeathDescription.LIFETOTAL,10,42.65856742858887,6,6,0,5,4,3
0,DeathDescription.LIFETOTAL,10,41.2752628326416,4,5,3,5,5,2
1,DeathDescription.LIFETOTAL,11,26.06511116027832,4,1,6,5,6,2
0,DeathDescription.LIFETOTAL,10,35.87985038757324,5,4,3,4,4,4
0,DeathDescription.LIFETOTAL,10,39.17288780212402,6,5,1,5,3,4
0,DeathDescription.LIFETOTAL,10,26.72886848449707,4,4,4,4,4,4
0,DeathDescription.LIFETOTAL,10,32.23681449890137,6,4,2,3,3,6
0,DeathDescription.LIFETOTAL,10,41.43810272216797,6,5,1,5,4,3
1,DeathDescription.LIFETOTAL,11,41.35942459106445,6,4,2,6,4,3
0,DeathDescription.LIFETOTAL,12,25.10356903076172,6,6,1,6,3,4
0,DeathDescription.LIFETOTAL,12,34.88278388977051,7,5,1,4,4,5
0,DeathDescription.LIFETOTAL,12,37.612199783325195,6,6,1,5,4,4
1,DeathDescription.LIFETOTAL,11,23.76270294189453,4,3,5,6,5,2
0,DeathDescription.LIFETOTAL,10,21.172523498535156,5,6,1,5,3,4
0,DeathDescription.LIFETOTAL,10,32.43517875671387,4,4,4,4,3,5
1,DeathDescription.LIFETOTAL,11,30.1363468170166,5,4,3,4,5,4
0,DeathDescription.LIFETOTAL,12,30.483007431030273,5,5,3,5,4,4
1,DeathDescription.LIFETOTAL,11,24.312496185302734,6,4,2,6,4,3
0,DeathDescription.LIFETOTAL,10,22.34053611755371,5,5,2,5,3,4
1,DeathDescription.LIFETOTAL,11,24.778366088867188,3,2,6,5,6,2
0,DeathDescription.LIFETOTAL,10,34.15203094482422,4,5,3,5,3,4
1,DeathDescription.LIFETOTAL,13,44.70634460449219,4,4,5,5,5,4
1,DeathDescription.LIFETOTAL,11,33.19215774536133,5,1,6,5,5,3
0,DeathDescription.LIFETOTAL,10,29.345989227294922,6,4,2,5,2,5
1,DeathDescription.LIFETOTAL,11,54.82220649719238,6,4,2,6,4,3
0,DeathDescription.LIFETOTAL,12,27.094602584838867,5,5,3,4,4,5
0,DeathDescription.LIFETOTAL,10,32.53340721130371,6,5,1,5,4,3
1,DeathDescription.LIFETOTAL,11,31.635522842407227,6,4,2,6,5,2
1,DeathDescription.LIFETOTAL,13,27.263879776000977,5,5,3,7,5,2
1,DeathDescription.LIFETOTAL,11,33.81752967834473,6,4,2,6,6,1
0,DeathDescription.LIFETOTAL,12,23.42057228088379,7,5,1,6,4,3
0,DeathDescription.LIFETOTAL,10,34.685373306274414,6,4,2,5,4,3
0,DeathDescription.LIFETOTAL,10,27.85968780517578,5,5,2,5,4,3
1,DeathDescription.LIFETOTAL,11,21.683692932128906,6,3,3,5,5,3
0,DeathDescription.LIFETOTAL,10,21.484851837158203,4,5,3,5,4,3
0,DeathDescription.LIFETOTAL,10,36.089181900024414,5,5,2,5,3,4
1,DeathDescription.LIFETOTAL,13,31.404733657836914,3,4,6,6,7,1
0,DeathDescription.LIFETOTAL,10,85.88838577270508,4,5,3,2,0,7
0,DeathDescription.LIFETOTAL,10,33.705949783325195,3,5,4,5,4,3
0,DeathDescription.LIFETOTAL,10,31.833171844482422,6,5,1,4,0,7
0,DeathDescription.LIFETOTAL,12,40.653228759765625,7,6,0,6,5,2
1,DeathDescription.LIFETOTAL,13,31.04567527770996,4,4,5,6,6,2
0,DeathDescription.LIFETOTAL,12,36.44227981567383,6,6,1,6,5,2
0,DeathDescription.LIFETOTAL,14,42.928218841552734,7,6,1,6,6,1
1,DeathDescription.LIFETOTAL,11,22.851228713989258,6,3,3,6,5,2
0,DeathDescription.LIFETOTAL,10,38.6505126953125,4,4,4,4,4,4
0,DeathDescription.LIFETOTAL,12,39.96157646179199,4,5,4,4,4,4
0,DeathDescription.LIFETOTAL,10,22.505998611450195,5,5,2,5,3,4
0,DeathDescription.LIFETOTAL,10,46.021223068237305,5,5,2,4,4,4
0,DeathDescription.LIFETOTAL,10,38.20657730102539,6,4,2,5,3,4
0,DeathDescription.LIFETOTAL,10,19.87314224243164,3,4,5,5,3,4
1,DeathDescription.LIFETOTAL,11,32.386064529418945,6,3,3,5,5,3
1,DeathDescription.LIFETOTAL,11,46.65875434875488,5,5,2,6,6,1
0,DeathDescription.LIFETOTAL,10,28.9614200592041,5,6,1,5,3,4
1,DeathDescription.LIFETOTAL,11,38.00249099731445,5,5,2,5,5,3
1,DeathDescription.LIFETOTAL,11,28.409242630004883,6,3,3,6,5,2
0,DeathDescription.LIFETOTAL,10,42.49310493469238,5,5,2,5,4,3
0,DeathDescription.LIFETOTAL,12,37.62626647949219,6,4,3,6,4,3
0,DeathDescription.LIFETOTAL,12,40.54713249206543,7,5,1,6,4,3
1,DeathDescription.LIFETOTAL,11,33.393144607543945,6,5,1,6,5,2
0,DeathDescription.LIFETOTAL,10,48.993587493896484,4,5,3,4,4,4
0,DeathDescription.LIFETOTAL,10,33.63180160522461,6,6,0,4,2,6
1,DeathDescription.LIFETOTAL,11,29.549598693847656,6,5,1,5,5,3
0,DeathDescription.LIFETOTAL,12,44.080257415771484,7,5,1,6,4,3
1,DeathDescription.LIFETOTAL,11,28.963088989257812,5,4,3,6,6,1
0,DeathDescription.LIFETOTAL,14,32.87458419799805,7,6,1,6,5,3
1,DeathDescription.LIFETOTAL,11,39.35956954956055,6,5,1,6,5,2
0,DeathDescription.LIFETOTAL,10,26.54290199279785,5,5,2,4,4,4
1,DeathDescription.LIFETOTAL,11,24.646759033203125,6,5,1,5,5,3
1,DeathDescription.LIFETOTAL,11,23.836135864257812,4,2,6,5,5,3
0,DeathDescription.LIFETOTAL,10,33.747196197509766,6,4,2,4,3,5
0,DeathDescription.LIFETOTAL,10,28.954029083251953,4,5,3,5,4,3
1,DeathDescription.LIFETOTAL,11,23.292064666748047,3,4,5,5,5,3
0,DeathDescription.LIFETOTAL,10,32.90891647338867,3,5,4,5,3,4
1,DeathDescription.LIFETOTAL,11,31.197071075439453,4,3,5,5,6,2
1,DeathDescription.LIFETOTAL,11,23.508787155151367,6,1,5,5,6,2
1,DeathDescription.LIFETOTAL,13,38.02680969238281,3,3,5,6,5,3
1,DeathDescription.LIFETOTAL,11,23.73528480529785,6,4,2,6,6,1
0,DeathDescription.LIFETOTAL,10,33.88547897338867,5,5,2,3,0,7
0,DeathDescription.LIFETOTAL,10,24.030447006225586,5,4,3,5,4,3
1,DeathDescription.LIFETOTAL,11,23.55480194091797,5,4,3,3,5,5
1,DeathDescription.LIFETOTAL,11,23.853540420532227,6,2,4,6,6,1
0,DeathDescription.LIFETOTAL,10,61.528682708740234,6,4,2,5,4,3
0,DeathDescription.LIFETOTAL,10,32.958269119262695,5,5,2,3,3,6
1,DeathDescription.LIFETOTAL,11,21.718740463256836,3,0,7,3,5,5
0,DeathDescription.LIFETOTAL,10,27.307987213134766,6,5,1,5,0,7
0,DeathDescription.LIFETOTAL,10,28.720855712890625,3,4,5,5,3,4
0,DeathDescription.LIFETOTAL,10,34.413814544677734,5,5,2,5,3,4
0,DeathDescription.LIFETOTAL,10,37.89877891540527,6,4,2,5,3,4
0,DeathDescription.LIFETOTAL,10,27.02045440673828,6,6,0,5,3,4
1,DeathDescription.LIFETOTAL,11,39.41535949707031,3,0,7,6,6,1
1,DeathDescription.LIFETOTAL,11,24.435997009277344,2,0,7,6,6,1
0,DeathDescription.LIFETOTAL,12,28.028011322021484,7,5,1,6,4,3
0,DeathDescription.LIFETOTAL,10,26.050090789794922,6,5,1,5,3,4
0,DeathDescription.LIFETOTAL,12,46.67353630065918,7,5,1,6,3,4
0,DeathDescription.LIFETOTAL,10,38.50674629211426,5,4,3,5,3,4
0,DeathDescription.LIFETOTAL,10,48.098087310791016,6,5,1,5,4,3
0,DeathDescription.LIFETOTAL,10,33.30826759338379,5,4,3,5,3,4
1,DeathDescription.LIFETOTAL,11,30.060768127441406,6,6,0,6,5,2
1,DeathDescription.LIFETOTAL,19,49.83854293823242,3,4,6,5,5,4
0,DeathDescription.LIFETOTAL,10,27.778148651123047,5,5,2,5,5,2
0,DeathDescription.LIFETOTAL,10,30.107498168945312,5,5,2,5,3,4
0,DeathDescription.LIFETOTAL,10,43.26343536376953,5,4,3,5,4,3
0,DeathDescription.LIFETOTAL,10,27.462005615234375,4,5,3,4,4,4
0,DeathDescription.LIFETOTAL,10,33.86044502258301,5,4,3,5,3,4
0,DeathDescription.LIFETOTAL,14,32.47857093811035,6,5,3,3,3,6
0,DeathDescription.LIFETOTAL,10,21.78335189819336,4,4,4,4,3,5
0,DeathDescription.LIFETOTAL,10,27.6949405670166,6,6,0,5,3,4
1,DeathDescription.LIFETOTAL,13,46.55170440673828,7,3,3,6,5,3
0,DeathDescription.LIFETOTAL,12,31.017065048217773,5,6,2,5,4,3
1,DeathDescription.LIFETOTAL,11,39.74127769470215,6,5,1,4,5,4
1,DeathDescription.LIFETOTAL,13,40.36521911621094,5,3,4,6,6,2
0,DeathDescription.LIFETOTAL,10,29.948949813842773,5,5,2,5,3,4
1,DeathDescription.LIFETOTAL,11,40.15636444091797,6,5,1,6,4,3
0,DeathDescription.LIFETOTAL,12,38.43212127685547,7,4,2,5,5,3
1,DeathDescription.LIFETOTAL,13,53.76410484313965,4,2,5,6,6,2
0,DeathDescription.LIFETOTAL,10,27.277708053588867,6,4,2,5,2,5
0,DeathDescription.LIFETOTAL,10,22.827863693237305,5,5,2,3,3,6
0,DeathDescription.LIFETOTAL,12,36.40127182006836,7,5,1,6,4,3
1,DeathDescription.LIFETOTAL,11,28.266191482543945,3,0,7,5,5,3
0,DeathDescription.LIFETOTAL,12,30.23552894592285,7,6,0,6,3,4
1,DeathDescription.LIFETOTAL,11,48.57468605041504,5,5,2,5,6,2
0,DeathDescription.LIFETOTAL,10,64.08071517944336,6,5,1,5,2,5
0,DeathDescription.LIFETOTAL,10,23.48780632019043,5,5,2,5,3,4
0,DeathDescription.LIFETOTAL,12,34.18397903442383,7,5,1,5,1,6
0,DeathDescription.LIFETOTAL,12,35.09926795959473,4,5,4,4,1,6
0,DeathDescription.LIFETOTAL,10,37.903785705566406,5,6,1,5,4,3
0,DeathDescription.LIFETOTAL,12,23.8192081451416,7,4,2,6,4,3
1,DeathDescription.LIFETOTAL,11,23.407936096191406,6,3,3,6,6,1
0,DeathDescription.LIFETOTAL,10,38.94209861755371,3,5,4,5,4,3
0,DeathDescription.LIFETOTAL,10,32.57012367248535,6,5,1,4,4,4
0,DeathDescription.LIFETOTAL,10,27.467727661132812,5,6,1,5,4,3
1,DeathDescription.LIFETOTAL,11,44.09003257751465,6,6,0,6,5,2
0,DeathDescription.LIFETOTAL,10,39.67428207397461,4,5,3,5,2,5
1,DeathDescription.LIFETOTAL,13,40.65966606140137,4,3,5,7,5,2
0,DeathDescription.LIFETOTAL,10,27.04310417175293,5,5,2,5,3,4
1,DeathDescription.LIFETOTAL,11,45.311927795410156,6,4,2,4,5,4
1,DeathDescription.LIFETOTAL,11,38.67745399475098,5,3,4,6,4,3
1,DeathDescription.LIFETOTAL,11,23.51665496826172,6,4,2,5,4,4
1,DeathDescription.LIFETOTAL,11,26.50284767150879,6,4,2,5,6,2
0,DeathDescription.LIFETOTAL,10,44.120073318481445,5,5,2,5,5,2
1,DeathDescription.LIFETOTAL,13,43.74837875366211,2,1,6,7,5,2
0,DeathDescription.LIFETOTAL,10,29.636383056640625,5,5,2,5,4,3
1,DeathDescription.LIFETOTAL,11,33.82086753845215,4,2,5,5,5,3
0,DeathDescription.LIFETOTAL,10,32.782554626464844,6,4,2,3,4,5
1,DeathDescription.LIFETOTAL,11,23.016691207885742,4,4,4,4,5,4
0,DeathDescription.LIFETOTAL,10,33.32853317260742,6,3,3,4,0,7
0,DeathDescription.LIFETOTAL,10,28.719186782836914,6,5,1,4,4,4
0,DeathDescription.LIFETOTAL,12,38.9404296875,6,4,3,6,3,4
1,DeathDescription.LIFETOTAL,11,40.70305824279785,5,4,3,4,5,4
1,DeathDescription.LIFETOTAL,11,29.64639663696289,5,4,3,5,5,3
0,DeathDescription.LIFETOTAL,10,27.226924896240234,5,5,2,5,2,5
1,DeathDescription.LIFETOTAL,11,28.204679489135742,4,2,6,5,4,4
1,DeathDescription.LIFETOTAL,13,38.7876033782959,6,6,1,4,5,5
0,DeathDescription.LIFETOTAL,12,25.213003158569336,7,5,1,6,4,3
0,DeathDescription.LIFETOTAL,10,32.762765884399414,6,5,1,3,1,6
0,DeathDescription.LIFETOTAL,12,22.87125587463379,7,5,1,3,0,7
0,DeathDescription.LIFETOTAL,12,30.788660049438477,7,4,2,3,3,5
0,DeathDescription.LIFETOTAL,10,19.733905792236328,4,5,3,2,0,7
1,DeathDescription.LIFETOTAL,13,30.244827270507812,4,3,5,4,5,5
1,DeathDescription.LIFETOTAL,11,38.933515548706055,4,4,4,4,5,4
0,DeathDescription.LIFETOTAL,12,47.1644401550293,7,6,0,6,5,2
0,DeathDescription.LIFETOTAL,10,32.54294395446777,6,4,2,4,4,4
0,DeathDescription.LIFETOTAL,10,21.80957794189453,4,5,3,5,3,4
1,DeathDescription.LIFETOTAL,11,21.989107131958008,6,2,4,6,5,2
1,DeathDescription.LIFETOTAL,11,31.701087951660156,4,5,3,6,5,2
0,DeathDescription.LIFETOTAL,12,50.954580307006836,4,5,4,5,5,3
1,DeathDescription.LIFETOTAL,11,38.77401351928711,4,3,5,5,6,2
1,DeathDescription.LIFETOTAL,11,24.227619171142578,6,4,2,4,5,4
0,DeathDescription.LIFETOTAL,10,35.36081314086914,5,4,3,3,4,5
0,DeathDescription.LIFETOTAL,12,24.961233139038086,5,6,2,6,4,3
0,DeathDescription.LIFETOTAL,10,22.673845291137695,4,5,3,5,3,4
1,DeathDescription.LIFETOTAL,13,25.307655334472656,7,4,2,7,5,2
0,DeathDescription.LIFETOTAL,12,44.42477226257324,7,3,3,5,3,5
0,DeathDescription.LIFETOTAL,10,37.68801689147949,6,6,0,5,2,5
1,DeathDescription.LIFETOTAL,11,23.26488494873047,3,4,5,4,5,4
1,DeathDescription.LIFETOTAL,15,42.12307929992676,4,0,7,8,5,2
0,DeathDescription.LIFETOTAL,12,53.11250686645508,6,6,1,6,4,3
1,DeathDescription.LIFETOTAL,11,23.649930953979492,5,4,3,6,4,3
0,DeathDescription.LIFETOTAL,10,26.89671516418457,5,5,2,5,4,3
1,DeathDescription.LIFETOTAL,11,23.6513614654541,5,4,3,6,5,2
0,DeathDescription.LIFETOTAL,10,39.952993392944336,6,5,1,5,3,4
1,DeathDescription.LIFETOTAL,15,47.777414321899414,6,0,7,8,5,2
0,DeathDescription.LIFETOTAL,10,28.230905532836914,4,5,3,5,4,3
0,DeathDescription.LIFETOTAL,10,22.063493728637695,6,4,2,5,4,3
1,DeathDescription.LIFETOTAL,13,44.72541809082031,3,1,6,5,6,3
1,DeathDescription.LIFETOTAL,11,22.947311401367188,4,0,7,6,5,2
0,DeathDescription.LIFETOTAL,10,45.323848724365234,5,5,2,5,3,4
0,DeathDescription.LIFETOTAL,12,28.843402862548828,5,6,2,3,0,7
0,DeathDescription.LIFETOTAL,10,39.26897048950195,6,5,1,5,3,4
0,DeathDescription.LIFETOTAL,12,50.97317695617676,7,4,2,6,3,4
1,DeathDescription.LIFETOTAL,13,24.663686752319336,5,3,5,6,7,1
0,DeathDescription.LIFETOTAL,10,24.155378341674805,6,6,0,5,5,2
1,DeathDescription.LIFETOTAL,11,36.24725341796875,5,4,3,6,5,2
0,DeathDescription.LIFETOTAL,10,24.918079376220703,5,5,2,5,3,4
0,DeathDescription.LIFETOTAL,12,31.00275993347168,3,5,5,6,3,4
0,DeathDescription.LIFETOTAL,12,42.031288146972656,4,6,3,6,3,4
1,DeathDescription.LIFETOTAL,13,30.757665634155273,3,3,6,7,5,2
0,DeathDescription.LIFETOTAL,10,27.446746826171875,4,4,4,4,4,4
0,DeathDescription.LIFETOTAL,12,34.441232681274414,6,5,2,4,5,4
1,DeathDescription.LIFETOTAL,11,46.58937454223633,6,3,3,6,6,1
0,DeathDescription.LIFETOTAL,14,26.36885643005371,6,5,3,4,2,6
1,DeathDescription.LIFETOTAL,11,27.95124053955078,6,5,1,4,5,4
0,DeathDescription.LIFETOTAL,12,24.3680477142334,4,5,4,4,4,5
0,DeathDescription.LIFETOTAL,12,27.187824249267578,4,7,2,6,1,6
1,DeathDescription.LIFETOTAL,11,26.085853576660156,6,3,3,6,5,2
0,DeathDescription.LIFETOTAL,12,35.63261032104492,7,5,1,6,3,4
1,DeathDescription.LIFETOTAL,11,27.742385864257812,6,2,4,5,4,4
1,DeathDescription.LIFETOTAL,11,30.148983001708984,5,4,3,4,5,4
1,DeathDescription.LIFETOTAL,11,23.841381072998047,5,2,5,5,5,3
0,DeathDescription.LIFETOTAL,12,25.907039642333984,6,5,2,6,4,3
1,DeathDescription.LIFETOTAL,11,23.632049560546875,6,4,2,5,5,3
0,DeathDescription.LIFETOTAL,12,26.820659637451172,6,7,0,6,5,2
1,DeathDescription.LIFETOTAL,11,39.612531661987305,5,4,3,6,5,2
0,DeathDescription.LIFETOTAL,10,22.48382568359375,4,5,3,5,3,4
0,DeathDescription.LIFETOTAL,10,22.70054817199707,6,4,2,5,4,3
1,DeathDescription.LIFETOTAL,11,37.769317626953125,5,4,3,4,5,4
0,DeathDescription.LIFETOTAL,12,51.360368728637695,6,6,1,6,3,4
0,DeathDescription.LIFETOTAL,12,29.759883880615234,7,4,2,5,2,5
0,DeathDescription.LIFETOTAL,10,42.47331619262695,5,5,2,5,4,3
0,DeathDescription.LIFETOTAL,10,48.89726638793945,6,5,1,5,2,5
1,DeathDescription.LIFETOTAL,11,29.141664505004883,6,3,3,6,5,2
0,DeathDescription.LIFETOTAL,10,57.901859283447266,6,4,2,5,3,4
1,DeathDescription.LIFETOTAL,11,25.002717971801758,6,4,2,6,5,2
1,DeathDescription.LIFETOTAL,11,36.37051582336426,4,4,4,6,5,2
1,DeathDescription.LIFETOTAL,11,23.270845413208008,6,5,1,4,5,4
0,DeathDescription.LIFETOTAL,10,33.72788429260254,6,6,0,5,5,2
0,DeathDescription.LIFETOTAL,14,25.206804275512695,4,5,5,5,0,7
0,DeathDescription.LIFETOTAL,10,39.83473777770996,6,5,1,4,5,3
0,DeathDescription.LIFETOTAL,10,43.64371299743652,5,4,3,5,3,4
1,DeathDescription.LIFETOTAL,15,28.296947479248047,3,4,6,7,7,1
0,DeathDescription.LIFETOTAL,12,40.44604301452637,6,6,1,6,5,2
1,DeathDescription.LIFETOTAL,11,37.51206398010254,6,4,2,6,5,2
1,DeathDescription.LIFETOTAL,11,24.28150177001953,2,3,7,6,5,2
1,DeathDescription.LIFETOTAL,13,36.45944595336914,5,5,3,5,5,3
1,DeathDescription.LIFETOTAL,11,22.89104461669922,4,4,4,6,4,3
1,DeathDescription.LIFETOTAL,13,42.50454902648926,1,0,7,6,6,2
0,DeathDescription.LIFETOTAL,10,28.75518798828125,4,5,3,5,3,4
0,DeathDescription.LIFETOTAL,12,34.548282623291016,5,5,3,6,3,4
1,DeathDescription.LIFETOTAL,13,30.43675422668457,6,5,2,5,6,3
1,DeathDescription.LIFETOTAL,19,48.37775230407715,4,1,6,7,7,1
1,DeathDescription.LIFETOTAL,11,33.905029296875,5,4,3,5,6,2
0,DeathDescription.LIFETOTAL,12,29.906511306762695,7,6,0,6,3,4
0,DeathDescription.LIFETOTAL,10,21.795272827148438,5,5,2,4,4,4
1,DeathDescription.LIFETOTAL,11,34.619808197021484,3,2,6,6,4,3
0,DeathDescription.LIFETOTAL,10,37.52017021179199,6,4,2,2,0,7
1,DeathDescription.LIFETOTAL,11,45.45187950134277,5,1,6,5,5,3
0,DeathDescription.LIFETOTAL,12,25.97498893737793,5,6,2,2,2,6
1,DeathDescription.LIFETOTAL,11,43.4725284576416,4,3,5,4,4,5
0,DeathDescription.LIFETOTAL,12,34.82866287231445,6,5,2,6,4,3
0,DeathDescription.LIFETOTAL,12,23.43606948852539,7,5,1,5,3,5
0,DeathDescription.LIFETOTAL,10,43.723344802856445,6,6,0,4,4,4
1,DeathDescription.LIFETOTAL,11,41.66460037231445,3,4,5,6,5,2
0,DeathDescription.LIFETOTAL,10,29.053926467895508,6,5,1,5,3,4
1,DeathDescription.LIFETOTAL,11,45.75037956237793,5,4,3,6,5,2
0,DeathDescription.LIFETOTAL,10,21.376848220825195,5,5,2,4,2,5
1,DeathDescription.LIFETOTAL,11,34.027099609375,6,3,3,6,6,1
1,DeathDescription.LIFETOTAL,11,36.8800163269043,6,1,5,5,5,3
0,DeathDescription.LIFETOTAL,10,22.519350051879883,5,5,2,5,4,3
0,DeathDescription.LIFETOTAL,12,27.66704559326172,3,5,5,6,4,3
1,DeathDescription.LIFETOTAL,11,30.713796615600586,2,1,7,6,5,2
1,DeathDescription.LIFETOTAL,11,46.582698822021484,6,4,2,6,5,2
0,DeathDescription.LIFETOTAL,14,42.79351234436035,5,5,3,7,6,1
0,DeathDescription.LIFETOTAL,10,29.332637786865234,4,5,3,3,0,7
0,DeathDescription.LIFETOTAL,10,46.61130905151367,6,6,0,5,4,3
0,DeathDescription.LIFETOTAL,10,47.45650291442871,5,5,2,4,4,4
1,DeathDescription.LIFETOTAL,11,52.25515365600586,6,4,2,6,5,2
0,DeathDescription.LIFETOTAL,10,38.726091384887695,5,5,2,5,5,2
0,DeathDescription.LIFETOTAL,10,50.6596565246582,5,5,2,5,4,3
1,DeathDescription.LIFETOTAL,13,32.117605209350586,4,4,5,7,5,2
1,DeathDescription.LIFETOTAL,11,24.071931838989258,6,4,2,6,5,2
1,DeathDescription.LIFETOTAL,11,35.375356674194336,4,2,6,5,5,3
0,DeathDescription.LIFETOTAL,10,33.92601013183594,6,4,2,5,3,4
0,DeathDescription.LIFETOTAL,10,27.68230438232422,6,5,1,4,0,7
0,DeathDescription.LIFETOTAL,10,28.982877731323242,5,4,3,5,5,2
0,DeathDescription.LIFETOTAL,10,30.05075454711914,6,4,2,3,3,6
1,DeathDescription.LIFETOTAL,11,38.697004318237305,3,0,7,5,5,3
0,DeathDescription.LIFETOTAL,10,43.02167892456055,6,5,1,5,5,2
0,DeathDescription.LIFETOTAL,10,35.047292709350586,4,5,3,5,4,3
0,DeathDescription.LIFETOTAL,12,34.96408462524414,6,5,2,6,3,4
1,DeathDescription.LIFETOTAL,11,23.454666137695312,3,4,5,6,5,2
0,DeathDescription.LIFETOTAL,12,30.292272567749023,6,4,3,5,3,5
0,DeathDescription.LIFETOTAL,12,33.74481201171875,7,5,1,6,2,5
0,DeathDescription.LIFETOTAL,10,33.740997314453125,5,5,2,4,3,5
0,DeathDescription.LIFETOTAL,10,21.90089225769043,4,5,3,5,3,4
0,DeathDescription.LIFETOTAL,10,21.555423736572266,5,5,2,4,5,3
0,DeathDescription.LIFETOTAL,10,31.012773513793945,6,4,2,5,4,3
1,DeathDescription.LIFETOTAL,11,29.448509216308594,6,4,2,6,5,2
0,DeathDescription.LIFETOTAL,10,26.396989822387695,6,5,1,5,3,4
1,DeathDescription.LIFETOTAL,11,34.362077713012695,5,5,2,3,5,5
1,DeathDescription.LIFETOTAL,11,43.80035400390625,6,5,1,3,5,5
1,DeathDescription.LIFETOTAL,11,33.95247459411621,6,3,3,5,5,3
0,DeathDescription.LIFETOTAL,10,23.145675659179688,6,5,1,4,4,4
1,DeathDescription.LIFETOTAL,11,25.19822120666504,4,4,4,6,5,2
1,DeathDescription.LIFETOTAL,11,51.301002502441406,5,5,2,5,5,3
0,DeathDescription.LIFETOTAL,10,32.448530197143555,6,5,1,4,4,4
0,DeathDescription.LIFETOTAL,10,27.712345123291016,5,6,1,4,4,4
0,DeathDescription.LIFETOTAL,10,26.28159523010254,4,5,3,5,3,4
0,DeathDescription.LIFETOTAL,12,47.82271385192871,6,6,1,6,5,2
0,DeathDescription.LIFETOTAL,12,24.07097816467285,7,4,2,4,0,7
0,DeathDescription.LIFETOTAL,12,29.02674674987793,4,5,4,6,5,2
1,DeathDescription.LIFETOTAL,13,24.97124671936035,6,4,3,7,6,1
0,DeathDescription.LIFETOTAL,12,37.51802444458008,7,5,1,4,5,4
0,DeathDescription.LIFETOTAL,10,33.85448455810547,6,5,1,5,4,3
0,DeathDescription.LIFETOTAL,12,21.212339401245117,6,4,3,4,0,7
1,DeathDescription.LIFETOTAL,11,23.46348762512207,6,4,2,5,5,3
0,DeathDescription.LIFETOTAL,10,30.300617218017578,5,5,2,5,3,4
0,DeathDescription.LIFETOTAL,20,29.964208602905273,3,5,6,5,5,4
0,DeathDescription.LIFETOTAL,10,22.53413200378418,5,6,1,4,5,3
1,DeathDescription.LIFETOTAL,11,29.091358184814453,3,4,5,4,6,3
0,DeathDescription.LIFETOTAL,10,39.09945487976074,6,5,1,3,2,6
1,DeathDescription.LIFETOTAL,11,33.81204605102539,3,3,6,6,6,1
0,DeathDescription.LIFETOTAL,12,34.718990325927734,6,6,1,6,4,3
1,DeathDescription.LIFETOTAL,11,27.132034301757812,4,4,4,5,5,3
0,DeathDescription.LIFETOTAL,10,34.91353988647461,5,5,2,4,4,4
0,DeathDescription.LIFETOTAL,10,27.392864227294922,4,5,3,5,5,2
1,DeathDescription.LIFETOTAL,11,23.794174194335938,6,4,2,6,5,2
1,DeathDescription.LIFETOTAL,11,52.84833908081055,6,2,4,6,4,3
0,DeathDescription.LIFETOTAL,10,45.23015022277832,6,5,1,5,3,4
0,DeathDescription.LIFETOTAL,10,22.19700813293457,6,5,1,5,1,6
0,DeathDescription.LIFETOTAL,10,26.448488235473633,5,5,2,5,3,4
1,DeathDescription.LIFETOTAL,11,43.27583312988281,5,3,4,3,5,5
1,DeathDescription.LIFETOTAL,13,38.59877586364746,3,1,6,7,4,3
0,DeathDescription.LIFETOTAL,10,44.13652420043945,4,5,3,5,4,3
1,DeathDescription.LIFETOTAL,11,34.92379188537598,5,4,3,6,4,3
0,DeathDescription.LIFETOTAL,10,23.291826248168945,5,5,2,5,4,3
0,DeathDescription.LIFETOTAL,10,44.78025436401367,5,5,2,5,4,3
0,DeathDescription.LIFETOTAL,10,27.592897415161133,4,4,4,5,3,4
0,DeathDescription.LIFETOTAL,10,21.920442581176758,5,5,2,5,0,7
1,DeathDescription.LIFETOTAL,11,23.50592613220215,4,4,4,5,5,3
0,DeathDescription.LIFETOTAL,10,39.33453559875488,5,6,1,4,3,5
0,DeathDescription.LIFETOTAL,12,25.708436965942383,5,5,3,4,3,5
0,DeathDescription.LIFETOTAL,10,21.842002868652344,3,4,5,3,3,6
0,DeathDescription.LIFETOTAL,10,24.310827255249023,6,4,2,5,3,4
1,DeathDescription.LIFETOTAL,11,39.520978927612305,6,1,5,6,5,2
1,DeathDescription.LIFETOTAL,13,33.698081970214844,4,0,7,4,5,5
0,DeathDescription.LIFETOTAL,10,26.953935623168945,5,5,2,5,4,3
0,DeathDescription.LIFETOTAL,10,27.67634391784668,5,5,2,4,4,4
0,DeathDescription.LIFETOTAL,10,43.26963424682617,5,6,1,5,2,5
0,DeathDescription.LIFETOTAL,10,37.442922592163086,4,5,3,5,4,3
0,DeathDescription.LIFETOTAL,12,33.13136100769043,5,5,3,6,3,4
0,DeathDescription.LIFETOTAL,10,25.979995727539062,4,5,3,5,3,4
0,DeathDescription.LIFETOTAL,12,34.28244590759277,6,6,1,6,4,3
0,DeathDescription.LIFETOTAL,10,26.90863609313965,6,5,1,5,3,4
1,DeathDescription.LIFETOTAL,13,35.202741622924805,6,5,2,5,5,4
0,DeathDescription.LIFETOTAL,10,25.671958923339844,3,5,4,5,4,3
1,DeathDescription.LIFETOTAL,11,38.391828536987305,5,5,2,5,6,2
0,DeathDescription.LIFETOTAL,10,31.30507469177246,5,4,3,4,3,5
1,DeathDescription.LIFETOTAL,11,32.96923637390137,6,5,1,3,5,5
1,DeathDescription.LIFETOTAL,11,28.989791870117188,4,4,4,6,5,2
1,DeathDescription.LIFETOTAL,13,26.76534652709961,4,3,6,4,7,3
0,DeathDescription.LIFETOTAL,10,23.36573600769043,5,5,2,4,4,4
1,DeathDescription.LIFETOTAL,11,41.7027473449707,4,5,3,6,5,2
0,DeathDescription.LIFETOTAL,10,21.088838577270508,6,5,1,3,0,7
0,DeathDescription.LIFETOTAL,12,51.74612998962402,7,5,1,6,3,4
1,DeathDescription.LIFETOTAL,13,26.119232177734375,2,4,6,4,7,3
1,DeathDescription.LIFETOTAL,11,23.968219757080078,6,3,3,5,4,4
1,DeathDescription.LIFETOTAL,13,31.806468963623047,6,4,3,7,5,2
0,DeathDescription.LIFETOTAL,10,68.7875747680664,6,5,1,5,4,3
1,DeathDescription.LIFETOTAL,11,62.15786933898926,4,4,4,6,4,3
1,DeathDescription.LIFETOTAL,11,50.48370361328125,4,5,3,6,6,1
0,DeathDescription.LIFETOTAL,12,24.813413619995117,5,5,3,3,3,6
0,DeathDescription.LIFETOTAL,10,50.475120544433594,5,5,2,5,4,3
1,DeathDescription.LIFETOTAL,13,32.04774856567383,7,5,1,6,5,3
1,DeathDescription.LIFETOTAL,13,24.49774742126465,5,1,6,7,6,1
0,DeathDescription.LIFETOTAL,10,44.05784606933594,5,5,2,5,2,5
1,DeathDescription.LIFETOTAL,11,32.257795333862305,3,4,5,4,5,4
1,DeathDescription.LIFETOTAL,11,39.22843933105469,5,5,2,5,6,2
0,DeathDescription.LIFETOTAL,10,43.750762939453125,6,4,2,5,3,4
1,DeathDescription.LIFETOTAL,11,23.979663848876953,3,2,7,6,5,2
1,DeathDescription.LIFETOTAL,11,22.932052612304688,5,2,5,6,5,2
0,DeathDescription.LIFETOTAL,10,20.30181884765625,3,4,5,4,3,5
1,DeathDescription.LIFETOTAL,11,32.84096717834473,4,1,6,4,5,4
0,DeathDescription.LIFETOTAL,10,23.921966552734375,5,6,1,4,3,4
0,DeathDescription.LIFETOTAL,10,33.2643985748291,6,6,0,5,4,3
1,DeathDescription.LIFETOTAL,11,38.495779037475586,6,5,1,5,5,3
0,DeathDescription.LIFETOTAL,10,34.75832939147949,6,5,1,5,5,2
0,DeathDescription.LIFETOTAL,10,28.299570083618164,6,6,0,3,4,5
0,DeathDescription.LIFETOTAL,10,26.514530181884766,4,6,2,5,3,4
0,DeathDescription.LIFETOTAL,10,27.318477630615234,5,5,2,3,4,5
1,DeathDescription.LIFETOTAL,11,35.347938537597656,4,3,5,5,5,3
0,DeathDescription.LIFETOTAL,12,36.01217269897461,7,4,2,3,0,7
1,DeathDescription.LIFETOTAL,13,38.96951675415039,3,3,5,6,6,2
0,DeathDescription.LIFETOTAL,10,28.0001163482666,6,5,1,5,3,4
0,DeathDescription.LIFETOTAL,10,28.867483139038086,5,6,1,3,4,5
0,DeathDescription.LIFETOTAL,10,35.045623779296875,5,5,2,3,4,5
1,DeathDescription.LIFETOTAL,13,41.88060760498047,5,6,2,5,5,4
1,DeathDescription.LIFETOTAL,11,23.966312408447266,4,0,7,6,5,2
0,DeathDescription.LIFETOTAL,10,37.53399848937988,3,5,4,5,3,4
1,DeathDescription.LIFETOTAL,11,34.24239158630371,5,4,3,6,4,3
1,DeathDescription.LIFETOTAL,11,22.63355255126953,6,5,1,3,5,5
0,DeathDescription.LIFETOTAL,10,26.908159255981445,5,5,2,5,4,3
1,DeathDescription.LIFETOTAL,11,31.47411346435547,6,2,4,5,4,4
1,DeathDescription.LIFETOTAL,11,45.10188102722168,6,4,2,5,4,4
0,DeathDescription.LIFETOTAL,10,21.584510803222656,6,4,2,4,3,5
0,DeathDescription.LIFETOTAL,14,27.320384979248047,8,6,0,5,0,7
1,DeathDescription.LIFETOTAL,11,35.237789154052734,5,2,5,5,5,3
0,DeathDescription.LIFETOTAL,10,27.96196937561035,6,6,0,4,4,4
0,DeathDescription.LIFETOTAL,12,29.408931732177734,7,5,1,5,4,4
1,DeathDescription.LIFETOTAL,11,27.7407169342041,6,0,6,6,6,1
1,DeathDescription.LIFETOTAL,11,39.55531120300293,6,2,4,4,5,4
0,DeathDescription.LIFETOTAL,10,22.84097671508789,5,5,2,5,2,5
0,DeathDescription.LIFETOTAL,10,22.76611328125,5,5,2,5,3,4
1,DeathDescription.LIFETOTAL,15,25.934696197509766,3,1,6,6,8,1
0,DeathDescription.LIFETOTAL,10,32.49835968017578,6,5,1,3,3,6
1,DeathDescription.LIFETOTAL,13,30.522584915161133,4,0,7,7,5,2
0,DeathDescription.LIFETOTAL,14,32.14573860168457,8,4,2,7,6,1
0,DeathDescription.LIFETOTAL,12,22.933244705200195,6,5,2,3,4,6
0,DeathDescription.LIFETOTAL,10,33.612966537475586,3,5,4,4,3,5
1,DeathDescription.LIFETOTAL,11,34.22212600708008,5,5,2,5,6,2
0,DeathDescription.LIFETOTAL,10,71.84052467346191,4,5,3,5,4,3
0,DeathDescription.LIFETOTAL,10,31.754732131958008,6,4,2,4,4,4
0,DeathDescription.LIFETOTAL,10,42.1297550201416,5,5,2,5,3,4
1,DeathDescription.LIFETOTAL,11,38.73491287231445,3,0,7,3,5,5
0,DeathDescription.LIFETOTAL,10,21.558284759521484,6,5,1,4,3,5
0,DeathDescription.LIFETOTAL,10,25.46405792236328,5,5,2,5,4,3
0,DeathDescription.LIFETOTAL,16,39.333343505859375,6,7,2,7,3,5
1,DeathDescription.LIFETOTAL,11,24.115562438964844,6,3,3,6,5,2
0,DeathDescription.LIFETOTAL,10,25.87580680847168,3,5,4,5,4,3
1,DeathDescription.LIFETOTAL,11,33.30659866333008,6,3,3,5,4,4
0,DeathDescription.LIFETOTAL,10,35.97140312194824,4,5,3,5,5,2
1,DeathDescription.LIFETOTAL,11,24.85966682434082,5,5,2,6,7,0
0,DeathDescription.LIFETOTAL,10,23.541688919067383,6,5,1,5,2,5
1,DeathDescription.LIFETOTAL,13,27.485132217407227,5,3,5,5,5,4
1,DeathDescription.LIFETOTAL,11,32.58347511291504,6,3,3,6,5,2
1,DeathDescription.LIFETOTAL,11,32.303810119628906,4,4,4,5,5,3
0,DeathDescription.LIFETOTAL,10,30.09343147277832,6,5,1,5,3,4
1,DeathDescription.LIFETOTAL,13,24.952173233032227,3,3,5,4,5,4
1,DeathDescription.LIFETOTAL,11,41.475534439086914,3,0,7,5,5,3
1,DeathDescription.LIFETOTAL,11,30.585765838623047,3,0,7,6,5,2
0,DeathDescription.LIFETOTAL,10,38.329362869262695,6,4,2,5,4,3
0,DeathDescription.LIFETOTAL,10,22.264957427978516,6,5,1,5,0,7
0,DeathDescription.LIFETOTAL,10,34.509897232055664,4,5,3,5,4,3
0,DeathDescription.LIFETOTAL,12,43.14708709716797,4,5,4,5,4,4
1,DeathDescription.LIFETOTAL,11,32.58657455444336,4,2,6,6,3,4
0,DeathDescription.LIFETOTAL,10,22.109508514404297,4,5,3,5,4,3
1,DeathDescription.LIFETOTAL,11,32.53984451293945,4,4,4,6,5,2
0,DeathDescription.LIFETOTAL,10,33.83469581604004,6,5,1,5,3,4
1,DeathDescription.LIFETOTAL,11,29.071569442749023,4,4,4,6,4,3
0,DeathDescription.LIFETOTAL,10,28.91683578491211,6,4,2,5,4,3
0,DeathDescription.LIFETOTAL,12,41.818857192993164,7,4,2,6,4,3
0,DeathDescription.LIFETOTAL,10,22.712230682373047,6,4,2,3,0,7
1,DeathDescription.LIFETOTAL,11,28.701305389404297,6,3,3,4,5,4
1,DeathDescription.LIFETOTAL,11,32.87076950073242,4,4,4,6,4,3
1,DeathDescription.LIFETOTAL,11,55.712223052978516,6,3,3,6,4,3
1,DeathDescription.LIFETOTAL,11,34.11674499511719,6,4,2,4,6,3
0,DeathDescription.LIFETOTAL,10,22.76778221130371,4,5,3,5,3,4
0,DeathDescription.LIFETOTAL,12,45.55392265319824,6,6,1,6,4,3
1,DeathDescription.LIFETOTAL,11,33.090829849243164,6,3,3,6,6,1
0,DeathDescription.LIFETOTAL,10,25.493144989013672,6,4,2,5,4,3
1,DeathDescription.LIFETOTAL,13,24.76811408996582,2,0,7,6,7,1
1,DeathDescription.LIFETOTAL,11,28.961896896362305,3,4,5,6,5,2
0,DeathDescription.LIFETOTAL,12,32.22322463989258,5,5,3,6,4,3
0,DeathDescription.LIFETOTAL,10,29.15334701538086,6,5,1,5,4,3
0,DeathDescription.LIFETOTAL,10,23.213863372802734,6,5,1,5,4,3
1,DeathDescription.LIFETOTAL,11,25.049448013305664,5,4,3,6,6,1
1,DeathDescription.LIFETOTAL,11,36.3459587097168,4,4,4,6,4,3
1,DeathDescription.LIFETOTAL,13,36.62538528442383,5,0,7,7,7,0
0,DeathDescription.LIFETOTAL,10,22.212505340576172,6,4,2,5,3,4
1,DeathDescription.LIFETOTAL,11,23.46038818359375,6,5,1,3,5,5
1,DeathDescription.LIFETOTAL,13,66.85256958007812,3,0,7,5,6,3
0,DeathDescription.LIFETOTAL,10,31.020402908325195,6,6,0,5,3,4
1,DeathDescription.LIFETOTAL,13,24.364471435546875,6,4,3,5,5,4
0,DeathDescription.LIFETOTAL,10,26.60226821899414,6,5,1,3,0,7
1,DeathDescription.LIFETOTAL,19,53.847312927246094,7,5,3,7,6,4
1,DeathDescription.LIFETOTAL,11,28.825759887695312,6,3,3,5,5,3
1,DeathDescription.LIFETOTAL,11,23.227691650390625,4,4,4,5,6,2
1,DeathDescription.LIFETOTAL,11,28.546810150146484,5,3,4,6,5,2
1,DeathDescription.LIFETOTAL,13,47.79696464538574,7,5,1,5,5,4
0,DeathDescription.LIFETOTAL,10,23.013591766357422,5,4,3,5,5,2
0,DeathDescription.LIFETOTAL,10,23.314952850341797,4,5,3,5,4,3
0,DeathDescription.LIFETOTAL,10,37.96553611755371,5,5,2,5,4,3
0,DeathDescription.LIFETOTAL,14,49.983978271484375,8,4,2,6,4,4
0,DeathDescription.LIFETOTAL,10,28.436899185180664,5,5,2,5,4,3
1,DeathDescription.LIFETOTAL,11,28.306961059570312,3,4,5,5,4,4
0,DeathDescription.LIFETOTAL,12,31.38136863708496,7,4,2,6,4,3
0,DeathDescription.LIFETOTAL,10,49.340009689331055,4,5,3,5,4,3
0,DeathDescription.LIFETOTAL,10,36.889076232910156,6,4,2,4,2,6
0,DeathDescription.LIFETOTAL,12,25.31743049621582,6,6,1,5,3,5
1,DeathDescription.LIFETOTAL,13,50.78744888305664,5,4,4,7,6,1
0,DeathDescription.LIFETOTAL,10,39.61014747619629,6,5,1,3,1,6
1,DeathDescription.LIFETOTAL,11,24.91307258605957,6,3,3,6,5,2
1,DeathDescription.LIFETOTAL,11,24.28126335144043,6,4,2,6,6,1
0,DeathDescription.LIFETOTAL,12,24.759292602539062,4,5,4,6,4,3
0,DeathDescription.LIFETOTAL,10,35.70222854614258,5,5,2,5,3,4
0,DeathDescription.LIFETOTAL,10,23.305416107177734,4,5,3,5,4,3
1,DeathDescription.LIFETOTAL,11,28.2742977142334,3,3,6,6,5,2
1,DeathDescription.LIFETOTAL,15,26.863574981689453,6,5,3,4,5,5
0,DeathDescription.LIFETOTAL,10,29.09708023071289,5,5,2,4,3,5
0,DeathDescription.LIFETOTAL,10,22.684812545776367,5,6,1,4,4,4
0,DeathDescription.LIFETOTAL,12,24.45197105407715,5,6,2,6,5,2
0,DeathDescription.LIFETOTAL,12,23.623943328857422,3,5,5,5,4,4
0,DeathDescription.LIFETOTAL,12,46.56481742858887,7,5,1,4,3,6
1,DeathDescription.LIFETOTAL,11,23.36406707763672,6,4,2,4,5,4
0,DeathDescription.LIFETOTAL,10,27.52399444580078,5,6,1,5,2,5
1,DeathDescription.LIFETOTAL,13,33.42294692993164,5,4,4,3,5,6
0,DeathDescription.LIFETOTAL,10,34.27863121032715,6,5,1,5,3,4
0,DeathDescription.LIFETOTAL,10,23.11253547668457,5,4,3,5,4,3
1,DeathDescription.LIFETOTAL,11,22.262096405029297,6,3,3,6,5,2
1,DeathDescription.LIFETOTAL,11,33.55979919433594,6,2,4,4,6,3
0,DeathDescription.LIFETOTAL,10,39.59798812866211,5,5,2,4,3,5
1,DeathDescription.LIFETOTAL,11,33.35165977478027,6,3,3,5,5,3
0,DeathDescription.LIFETOTAL,12,33.71596336364746,6,4,3,6,4,3
0,DeathDescription.LIFETOTAL,12,29.00218963623047,5,5,3,6,3,4
1,DeathDescription.LIFETOTAL,15,44.04020309448242,4,2,6,8,6,1
0,DeathDescription.LIFETOTAL,10,37.5518798828125,6,5,1,5,4,3
0,DeathDescription.LIFETOTAL,10,27.16684341430664,5,5,2,5,3,4
0,DeathDescription.LIFETOTAL,10,24.024009704589844,6,5,1,4,3,5
0,DeathDescription.LIFETOTAL,10,40.52448272705078,6,5,1,5,4,3
0,DeathDescription.LIFETOTAL,12,25.634765625,4,5,4,6,4,3
0,DeathDescription.LIFETOTAL,12,42.83022880554199,7,3,3,3,4,6
1,DeathDescription.LIFETOTAL,11,27.85801887512207,6,4,2,6,5,2
1,DeathDescription.LIFETOTAL,13,47.99151420593262,6,4,3,7,6,1
1,DeathDescription.LIFETOTAL,11,29.01935577392578,4,5,3,5,5,3
0,DeathDescription.LIFETOTAL,10,25.79784393310547,5,5,2,5,3,4
1,DeathDescription.LIFETOTAL,13,44.85487937927246,5,2,5,6,7,1
0,DeathDescription.LIFETOTAL,10,36.90338134765625,4,5,3,5,4,3
1,DeathDescription.LIFETOTAL,13,35.71939468383789,4,3,4,6,6,2
1,DeathDescription.LIFETOTAL,11,22.1712589263916,3,0,7,6,4,3
1,DeathDescription.LIFETOTAL,11,22.88222312927246,6,5,1,4,5,4
0,DeathDescription.LIFETOTAL,10,40.1759147644043,6,5,1,5,4,3
1,DeathDescription.LIFETOTAL,13,25.88820457458496,5,5,3,5,5,4
0,DeathDescription.LIFETOTAL,10,21.932601928710938,2,4,6,4,4,4
0,DeathDescription.LIFETOTAL,10,32.3185920715332,5,5,2,5,3,4
1,DeathDescription.LIFETOTAL,11,36.600351333618164,3,4,5,6,4,3
0,DeathDescription.LIFETOTAL,10,23.53692054748535,6,5,1,5,4,3
0,DeathDescription.LIFETOTAL,10,20.914793014526367,4,5,3,2,4,6
0,DeathDescription.LIFETOTAL,10,26.88455581665039,4,4,4,5,1,6
0,DeathDescription.LIFETOTAL,10,40.03763198852539,6,4,2,5,3,4
0,DeathDescription.LIFETOTAL,10,22.59087562561035,6,5,1,4,4,4
0,DeathDescription.LIFETOTAL,10,37.3387336730957,6,4,2,5,4,3
1,DeathDescription.LIFETOTAL,11,32.32097625732422,6,4,2,5,5,3
1,DeathDescription.LIFETOTAL,11,36.174774169921875,6,5,1,6,5,2
0,DeathDescription.LIFETOTAL,12,25.29454231262207,5,6,2,3,4,6
0,DeathDescription.LIFETOTAL,10,37.924766540527344,4,5,3,5,4,3
1,DeathDescription.LIFETOTAL,15,25.882959365844727,3,2,5,6,4,5
0,DeathDescription.LIFETOTAL,10,39.43228721618652,6,4,2,5,4,3
1,DeathDescription.LIFETOTAL,11,44.81935501098633,6,4,2,6,6,1
0,DeathDescription.LIFETOTAL,12,26.174306869506836,5,7,1,5,5,3
0,DeathDescription.LIFETOTAL,12,25.40731430053711,7,5,1,6,3,4
0,DeathDescription.LIFETOTAL,10,46.71621322631836,4,5,3,3,3,6
1,DeathDescription.LIFETOTAL,11,41.54014587402344,6,2,4,6,5,2
0,DeathDescription.LIFETOTAL,10,37.66965866088867,4,5,3,5,3,4
0,DeathDescription.LIFETOTAL,12,34.310340881347656,4,5,4,6,6,1
1,DeathDescription.LIFETOTAL,11,35.14695167541504,3,4,5,6,4,3
0,DeathDescription.LIFETOTAL,10,32.22942352294922,6,5,1,5,3,4
0,DeathDescription.LIFETOTAL,10,32.14764595031738,4,5,3,5,5,2
1,DeathDescription.LIFETOTAL,11,23.764610290527344,4,3,5,6,5,2
0,DeathDescription.LIFETOTAL,10,30.9445858001709,6,5,1,5,4,3
1,DeathDescription.LIFETOTAL,11,54.86297607421875,4,0,7,6,5,2
0,DeathDescription.LIFETOTAL,10,26.722431182861328,6,3,3,3,2,6
0,DeathDescription.LIFETOTAL,12,29.18100357055664,5,5,3,6,4,3
0,DeathDescription.LIFETOTAL,10,34.42525863647461,4,5,3,5,4,3
1,DeathDescription.LIFETOTAL,11,29.72555160522461,2,4,6,6,5,2
1,DeathDescription.LIFETOTAL,11,38.89966011047363,6,3,3,5,5,3
1,DeathDescription.LIFETOTAL,13,36.138296127319336,4,3,5,7,6,1
0,DeathDescription.LIFETOTAL,12,41.36824607849121,7,4,2,6,4,3
0,DeathDescription.LIFETOTAL,10,31.779766082763672,4,5,3,4,3,5
0,DeathDescription.LIFETOTAL,10,55.06634712219238,6,4,2,5,3,4
0,DeathDescription.LIFETOTAL,10,32.77087211608887,5,5,2,5,3,4
0,DeathDescription.LIFETOTAL,10,21.024227142333984,5,4,3,5,3,4
0,DeathDescription.LIFETOTAL,10,45.81809043884277,6,5,1,5,3,4
0,DeathDescription.LIFETOTAL,10,22.66407012939453,6,4,2,5,2,5
1,DeathDescription.LIFETOTAL,11,28.49888801574707,4,5,3,4,5,4
1,DeathDescription.LIFETOTAL,11,29.5562744140625,6,5,1,5,5,3
1,DeathDescription.LIFETOTAL,11,24.828195571899414,6,5,1,5,5,3
0,DeathDescription.LIFETOTAL,10,29.3886661529541,4,5,3,5,4,3
0,DeathDescription.LIFETOTAL,12,35.41684150695801,7,5,1,5,5,3
0,DeathDescription.LIFETOTAL,12,34.189462661743164,7,4,2,6,4,3
0,DeathDescription.LIFETOTAL,10,40.557861328125,5,5,2,5,2,5
1,DeathDescription.LIFETOTAL,11,28.86509895324707,5,3,4,6,6,1
0,DeathDescription.LIFETOTAL,10,22.894859313964844,5,6,1,5,6,1
0,DeathDescription.LIFETOTAL,10,22.031068801879883,6,4,2,5,4,3
0,DeathDescription.LIFETOTAL,10,25.565624237060547,6,6,0,5,3,4
0,DeathDescription.LIFETOTAL,14,27.515649795532227,5,5,4,7,4,3
1,DeathDescription.LIFETOTAL,13,25.37846565246582,7,1,5,7,5,2
0,DeathDescription.LIFETOTAL,10,22.15123176574707,6,5,1,5,4,3
0,DeathDescription.LIFETOTAL,10,34.37685966491699,5,6,1,2,4,6
0,DeathDescription.LIFETOTAL,10,23.746728897094727,3,5,4,5,4,3
0,DeathDescription.LIFETOTAL,10,22.791385650634766,6,5,1,5,0,7
0,DeathDescription.LIFETOTAL,16,28.07474136352539,6,5,4,5,1,6
1,DeathDescription.LIFETOTAL,11,37.03927993774414,6,5,1,6,3,4
1,DeathDescription.LIFETOTAL,11,30.53903579711914,5,4,3,6,4,3
0,DeathDescription.LIFETOTAL,10,38.44761848449707,6,4,2,5,4,3
0,DeathDescription.LIFETOTAL,10,28.11455726623535,6,4,2,5,4,3
0,DeathDescription.LIFETOTAL,12,46.382904052734375,7,6,0,6,4,3
0,DeathDescription.LIFETOTAL,10,22.284269332885742,5,5,2,5,1,6
0,DeathDescription.LIFETOTAL,10,22.71413803100586,4,5,3,5,3,4
1,DeathDescription.LIFETOTAL,11,39.04151916503906,6,4,2,6,4,3
0,DeathDescription.LIFETOTAL,10,27.227163314819336,6,4,2,3,4,5
0,DeathDescription.LIFETOTAL,10,43.87021064758301,4,5,3,5,4,3
0,DeathDescription.LIFETOTAL,14,42.64712333679199,7,6,1,5,5,4
1,DeathDescription.LIFETOTAL,11,22.39823341369629,4,2,5,5,5,3
0,DeathDescription.LIFETOTAL,10,34.490108489990234,6,5,1,5,3,4
0,DeathDescription.LIFETOTAL,10,23.184776306152344,6,6,0,5,3,4
0,DeathDescription.LIFETOTAL,10,23.370981216430664,6,4,2,3,4,5
0,DeathDescription.LIFETOTAL,14,37.50181198120117,4,5,5,3,4,5
0,DeathDescription.LIFETOTAL,10,30.237674713134766,6,4,2,5,3,4
0,DeathDescription.LIFETOTAL,12,36.469221115112305,6,5,2,6,4,3
0,DeathDescription.LIFETOTAL,12,26.11517906188965,6,5,2,6,6,1
0,DeathDescription.LIFETOTAL,12,25.525808334350586,6,5,2,3,4,6
0,DeathDescription.LIFETOTAL,10,45.74894905090332,5,5,2,4,3,5
0,DeathDescription.LIFETOTAL,12,27.384519577026367,7,6,0,6,3,4
0,DeathDescription.LIFETOTAL,10,29.26015853881836,5,4,3,5,3,4
0,DeathDescription.LIFETOTAL,12,25.533437728881836,7,6,0,6,5,2
0,DeathDescription.LIFETOTAL,10,44.828176498413086,4,5,3,5,4,3
0,DeathDescription.LIFETOTAL,12,30.02023696899414,6,5,2,3,4,6
1,DeathDescription.LIFETOTAL,11,29.965639114379883,3,4,5,5,5,3
0,DeathDescription.LIFETOTAL,10,27.26006507873535,3,5,4,5,3,4
0,DeathDescription.LIFETOTAL,10,25.19536018371582,6,5,1,5,4,3
0,DeathDescription.LIFETOTAL,10,38.0091667175293,6,3,3,5,2,5
0,DeathDescription.LIFETOTAL,10,38.732051849365234,5,5,2,5,5,2
1,DeathDescription.LIFETOTAL,11,32.97281265258789,1,0,7,6,6,1
0,DeathDescription.LIFETOTAL,12,42.23012924194336,7,4,2,6,3,4
0,DeathDescription.LIFETOTAL,10,32.12904930114746,6,4,2,4,3,5
1,DeathDescription.LIFETOTAL,11,21.889686584472656,3,0,7,4,5,4
0,DeathDescription.LIFETOTAL,10,22.59206771850586,6,4,2,5,3,4
0,DeathDescription.LIFETOTAL,10,23.014545440673828,4,5,3,4,4,4
0,DeathDescription.LIFETOTAL,10,28.989553451538086,5,5,2,5,4,3
1,DeathDescription.LIFETOTAL,11,23.62799644470215,5,4,3,4,5,4
1,DeathDescription.LIFETOTAL,13,41.95427894592285,4,5,4,7,4,3
1,DeathDescription.LIFETOTAL,11,36.477088928222656,6,1,5,6,6,1
0,DeathDescription.LIFETOTAL,12,30.143022537231445,6,5,2,6,5,2
1,DeathDescription.LIFETOTAL,11,33.609867095947266,5,5,2,5,4,4
0,DeathDescription.LIFETOTAL,10,20.745038986206055,6,5,1,4,0,7
0,DeathDescription.LIFETOTAL,12,27.410507202148438,5,5,3,6,4,3
0,DeathDescription.LIFETOTAL,12,40.598154067993164,7,5,1,6,1,6
1,DeathDescription.LIFETOTAL,11,29.68883514404297,5,4,3,6,5,2
0,DeathDescription.LIFETOTAL,10,21.836280822753906,6,5,1,5,4,3
1,DeathDescription.LIFETOTAL,11,53.06100845336914,6,4,2,6,5,2
0,DeathDescription.LIFETOTAL,10,41.64838790893555,5,5,2,5,3,4
1,DeathDescription.LIFETOTAL,11,33.458709716796875,6,4,2,6,5,2
1,DeathDescription.LIFETOTAL,11,44.24476623535156,6,4,2,5,5,3
1,DeathDescription.LIFETOTAL,11,37.53662109375,6,4,2,5,5,3
0,DeathDescription.LIFETOTAL,10,38.55538368225098,6,4,2,5,4,3
1,DeathDescription.LIFETOTAL,11,39.835453033447266,6,4,2,5,6,2
1,DeathDescription.LIFETOTAL,11,45.182228088378906,3,4,5,4,4,5
0,DeathDescription.LIFETOTAL,10,22.873640060424805,6,4,2,4,4,4
0,DeathDescription.LIFETOTAL,10,33.47301483154297,5,5,2,5,4,3
0,DeathDescription.LIFETOTAL,10,29.79302406311035,6,5,1,4,0,7
0,DeathDescription.LIFETOTAL,10,27.267932891845703,6,4,2,4,3,5
0,DeathDescription.LIFETOTAL,10,21.523475646972656,3,5,4,5,3,4
0,DeathDescription.LIFETOTAL,10,22.566556930541992,6,4,2,5,3,4
0,DeathDescription.LIFETOTAL,10,48.26807975769043,6,6,0,5,2,5
1,DeathDescription.LIFETOTAL,11,41.0003662109375,3,3,6,6,6,1
0,DeathDescription.LIFETOTAL,10,38.66386413574219,6,6,0,5,4,3
0,DeathDescription.LIFETOTAL,10,38.24758529663086,4,5,3,5,4,3
1,DeathDescription.LIFETOTAL,11,40.879249572753906,5,4,3,5,5,3
0,DeathDescription.LIFETOTAL,12,46.714067459106445,4,5,4,6,4,3
0,DeathDescription.LIFETOTAL,10,39.88027572631836,6,5,1,5,4,3
1,DeathDescription.LIFETOTAL,13,53.060293197631836,2,1,6,6,5,3
0,DeathDescription.LIFETOTAL,10,32.752037048339844,4,6,2,5,5,2
1,DeathDescription.LIFETOTAL,11,28.525352478027344,6,2,4,4,5,4
0,DeathDescription.LIFETOTAL,10,50.039052963256836,5,5,2,5,4,3
0,DeathDescription.LIFETOTAL,10,23.700952529907227,5,5,2,3,2,6
0,DeathDescription.LIFETOTAL,14,33.350467681884766,5,6,3,3,0,7
0,DeathDescription.LIFETOTAL,12,36.68498992919922,7,5,1,5,4,4
1,DeathDescription.LIFETOTAL,11,57.2810173034668,6,5,1,6,4,3
0,DeathDescription.LIFETOTAL,12,35.247802734375,7,5,1,4,5,4
0,DeathDescription.LIFETOTAL,12,51.1016845703125,7,5,1,6,4,3
0,DeathDescription.LIFETOTAL,12,25.52008628845215,7,6,0,6,0,7
1,DeathDescription.LIFETOTAL,11,34.63459014892578,5,5,2,6,5,2
0,DeathDescription.LIFETOTAL,12,43.35331916809082,4,5,4,6,0,7
1,DeathDescription.LIFETOTAL,11,23.892641067504883,4,3,4,4,5,4
0,DeathDescription.LIFETOTAL,10,38.07210922241211,5,5,2,5,4,3
1,DeathDescription.LIFETOTAL,11,30.28130531311035,4,0,7,5,5,3
0,DeathDescription.LIFETOTAL,10,26.227951049804688,6,4,2,1,0,7
0,DeathDescription.LIFETOTAL,10,33.29133987426758,6,4,2,4,4,4
0,DeathDescription.LIFETOTAL,10,22.527217864990234,6,6,0,5,4,3
0,DeathDescription.LIFETOTAL,12,42.21320152282715,5,6,2,5,5,3
0,DeathDescription.LIFETOTAL,10,38.72060775756836,5,5,2,5,4,3
1,DeathDescription.LIFETOTAL,11,28.588294982910156,5,5,2,6,5,2
1,DeathDescription.LIFETOTAL,11,31.404733657836914,5,3,4,5,5,3
0,DeathDescription.LIFETOTAL,10,32.68146514892578,6,5,1,5,4,3
1,DeathDescription.LIFETOTAL,11,25.849342346191406,5,4,3,5,6,2
0,DeathDescription.LIFETOTAL,10,23.270368576049805,6,5,1,4,4,4
1,DeathDescription.LIFETOTAL,13,36.2088680267334,4,0,7,6,4,4
1,DeathDescription.LIFETOTAL,11,24.085283279418945,3,3,6,5,5,3
0,DeathDescription.LIFETOTAL,10,38.42496871948242,4,5,3,5,3,4
0,DeathDescription.LIFETOTAL,12,35.442352294921875,3,5,5,6,5,2
0,DeathDescription.LIFETOTAL,10,35.193443298339844,6,4,2,2,0,7
1,DeathDescription.LIFETOTAL,13,48.23708534240723,7,4,2,5,6,3
1,DeathDescription.LIFETOTAL,11,23.738861083984375,6,4,2,6,4,3
0,DeathDescription.LIFETOTAL,12,29.042959213256836,4,5,4,6,3,4
0,DeathDescription.LIFETOTAL,12,33.243417739868164,7,5,1,6,4,3
0,DeathDescription.LIFETOTAL,12,26.887893676757812,6,5,2,6,4,3
1,DeathDescription.LIFETOTAL,11,44.62146759033203,6,4,2,6,5,2
0,DeathDescription.LIFETOTAL,10,26.23891830444336,6,5,1,5,2,5
1,DeathDescription.LIFETOTAL,11,30.157804489135742,4,4,4,6,6,1
0,DeathDescription.LIFETOTAL,10,49.6675968170166,6,4,2,5,3,4
0,DeathDescription.LIFETOTAL,10,44.785499572753906,3,5,4,5,3,4
0,DeathDescription.LIFETOTAL,10,38.50889205932617,5,5,2,5,3,4
0,DeathDescription.LIFETOTAL,10,36.20171546936035,5,6,1,5,4,3
0,DeathDescription.LIFETOTAL,10,23.433208465576172,4,5,3,4,4,4
0,DeathDescription.LIFETOTAL,10,23.786544799804688,6,5,1,5,4,3
1,DeathDescription.LIFETOTAL,13,25.697946548461914,3,3,5,7,6,1
0,DeathDescription.LIFETOTAL,10,45.57657241821289,5,6,1,5,4,3
0,DeathDescription.LIFETOTAL,10,29.016733169555664,6,4,2,5,4,3
0,DeathDescription.LIFETOTAL,10,22.75991439819336,4,6,2,4,2,6
0,DeathDescription.LIFETOTAL,10,38.42353820800781,6,5,1,5,4,3
1,DeathDescription.LIFETOTAL,11,40.68756103515625,3,3,5,6,4,3
0,DeathDescription.LIFETOTAL,10,33.364295959472656,4,5,3,5,4,3
0,DeathDescription.LIFETOTAL,10,52.92630195617676,6,4,2,4,4,4
1,DeathDescription.LIFETOTAL,11,23.38862419128418,3,4,5,4,5,4
0,DeathDescription.LIFETOTAL,10,58.69030952453613,4,5,3,3,4,5
0,DeathDescription.LIFETOTAL,10,32.55939483642578,6,5,1,5,4,3
0,DeathDescription.LIFETOTAL,10,36.096811294555664,5,5,2,3,0,7
0,DeathDescription.LIFETOTAL,12,32.8824520111084,6,6,1,5,5,3
1,DeathDescription.LIFETOTAL,11,25.85601806640625,5,4,3,5,5,3
0,DeathDescription.LIFETOTAL,10,32.92584419250488,4,5,3,4,3,5
1,DeathDescription.LIFETOTAL,15,26.70431137084961,6,3,5,8,3,4
0,DeathDescription.LIFETOTAL,12,45.98712921142578,7,4,2,4,4,5
1,DeathDescription.LIFETOTAL,11,37.08314895629883,1,0,7,6,5,2
1,DeathDescription.LIFETOTAL,11,21.653413772583008,6,3,3,6,5,2
0,DeathDescription.LIFETOTAL,10,35.156965255737305,5,5,2,5,4,3
0,DeathDescription.LIFETOTAL,10,22.305727005004883,5,5,2,4,3,5
0,DeathDescription.LIFETOTAL,10,22.67313003540039,6,4,2,2,3,7
1,DeathDescription.LIFETOTAL,11,43.54739189147949,4,0,7,6,6,1
0,DeathDescription.LIFETOTAL,10,47.881364822387695,5,4,3,2,0,7
0,DeathDescription.LIFETOTAL,10,29.188156127929688,6,6,0,4,4,4
0,DeathDescription.LIFETOTAL,10,27.67038345336914,5,5,2,5,4,3
0,DeathDescription.LIFETOTAL,12,24.686574935913086,5,5,3,6,4,3
0,DeathDescription.LIFETOTAL,10,29.384851455688477,6,5,1,4,4,4
1,DeathDescription.LIFETOTAL,11,34.221649169921875,5,4,3,4,5,4
0,DeathDescription.LIFETOTAL,10,26.859521865844727,6,5,1,4,3,4
0,DeathDescription.LIFETOTAL,10,22.78923988342285,4,5,3,5,3,4
1,DeathDescription.LIFETOTAL,11,41.88132286071777,6,5,1,6,5,2
1,DeathDescription.LIFETOTAL,13,27.103662490844727,4,0,7,5,6,3
0,DeathDescription.LIFETOTAL,12,40.51828384399414,5,5,3,4,4,5
1,DeathDescription.LIFETOTAL,11,22.913455963134766,3,4,5,5,5,3
0,DeathDescription.LIFETOTAL,12,36.93032264709473,5,5,3,4,4,4
1,DeathDescription.LIFETOTAL,11,40.941715240478516,5,5,2,5,5,3
0,DeathDescription.LIFETOTAL,10,23.31995964050293,5,5,2,5,5,2
0,DeathDescription.LIFETOTAL,12,49.91722106933594,7,4,2,6,3,4
1,DeathDescription.LIFETOTAL,11,23.76723289489746,3,0,7,4,5,4
0,DeathDescription.LIFETOTAL,12,28.659343719482422,7,3,3,5,5,3
1,DeathDescription.LIFETOTAL,11,23.825407028198242,4,4,4,3,5,5
0,DeathDescription.LIFETOTAL,10,22.24421501159668,4,5,3,5,4,3
0,DeathDescription.LIFETOTAL,12,24.973630905151367,7,5,1,6,5,2
0,DeathDescription.LIFETOTAL,10,29.94990348815918,5,5,2,5,4,3
1,DeathDescription.LIFETOTAL,11,31.031370162963867,6,4,2,6,5,2
0,DeathDescription.LIFETOTAL,12,25.673627853393555,7,5,1,6,4,3
0,DeathDescription.LIFETOTAL,10,27.967453002929688,5,5,2,5,1,6
1,DeathDescription.LIFETOTAL,15,34.66153144836426,5,0,7,5,6,3
0,DeathDescription.LIFETOTAL,10,40.45534133911133,6,4,2,5,4,3
1,DeathDescription.LIFETOTAL,11,34.88898277282715,6,5,1,6,5,2
1,DeathDescription.LIFETOTAL,13,35.135746002197266,5,1,6,4,5,5
0,DeathDescription.LIFETOTAL,12,35.96925735473633,5,5,3,4,4,5
0,DeathDescription.LIFETOTAL,12,30.923128128051758,6,4,3,5,4,4
1,DeathDescription.LIFETOTAL,11,24.037599563598633,6,3,3,6,6,1
0,DeathDescription.LIFETOTAL,12,30.36355972290039,7,5,1,6,5,2
0,DeathDescription.LIFETOTAL,10,30.341625213623047,6,4,2,3,4,5
0,DeathDescription.LIFETOTAL,10,34.03663635253906,3,5,4,4,4,4
1,DeathDescription.LIFETOTAL,11,34.07573699951172,6,1,5,6,6,1
1,DeathDescription.LIFETOTAL,15,38.70368003845215,7,5,2,7,5,3
0,DeathDescription.LIFETOTAL,10,45.6690788269043,6,5,1,4,4,4
0,DeathDescription.LIFETOTAL,10,23.361682891845703,6,5,1,5,4,3
1,DeathDescription.LIFETOTAL,11,21.652698516845703,2,1,6,4,5,4
1,DeathDescription.LIFETOTAL,11,33.10394287109375,4,4,4,5,4,4
0,DeathDescription.LIFETOTAL,10,41.47958755493164,6,5,1,5,4,3
0,DeathDescription.LIFETOTAL,10,21.803855895996094,5,6,1,3,1,6
1,DeathDescription.LIFETOTAL,11,21.717071533203125,2,0,7,6,5,2
0,DeathDescription.LIFETOTAL,10,21.038293838500977,6,4,2,4,0,7
0,DeathDescription.LIFETOTAL,10,35.536766052246094,4,5,3,5,4,3
0,DeathDescription.LIFETOTAL,10,27.309894561767578,6,5,1,5,4,3
0,DeathDescription.LIFETOTAL,10,21.06642723083496,5,6,1,4,0,7
0,DeathDescription.LIFETOTAL,12,31.109333038330078,7,5,1,5,5,3
1,DeathDescription.LIFETOTAL,11,26.803970336914062,6,3,3,6,5,2
0,DeathDescription.LIFETOTAL,10,30.19881248474121,6,5,1,5,4,3
0,DeathDescription.LIFETOTAL,12,31.174182891845703,7,5,1,5,5,3
0,DeathDescription.LIFETOTAL,10,51.01132392883301,6,5,1,5,2,5
0,DeathDescription.LIFETOTAL,12,42.540550231933594,7,4,2,3,4,6
1,DeathDescription.LIFETOTAL,11,35.08925437927246,6,4,2,6,6,1
1,DeathDescription.LIFETOTAL,11,26.16715431213379,6,3,3,6,6,1
0,DeathDescription.LIFETOTAL,10,37.387847900390625,5,5,2,5,3,4
0,DeathDescription.LIFETOTAL,10,58.5176944732666,6,5,1,5,4,3
1,DeathDescription.LIFETOTAL,11,29.026269912719727,5,4,3,6,5,2
0,DeathDescription.LIFETOTAL,12,35.05420684814453,4,5,4,6,4,3
0,DeathDescription.LIFETOTAL,10,28.362512588500977,5,5,2,5,5,2
0,DeathDescription.LIFETOTAL,10,32.90987014770508,6,4,2,5,3,4
1,DeathDescription.LIFETOTAL,11,33.92338752746582,6,4,2,4,5,4
1,DeathDescription.LIFETOTAL,11,39.719343185424805,6,4,2,6,5,2
1,DeathDescription.LIFETOTAL,11,46.370744705200195,3,0,7,6,4,3
0,DeathDescription.LIFETOTAL,10,28.097152709960938,3,5,4,5,3,4
0,DeathDescription.LIFETOTAL,10,22.106409072875977,4,5,3,5,4,3
1,DeathDescription.LIFETOTAL,13,25.153636932373047,3,1,6,7,7,0
0,DeathDescription.LIFETOTAL,10,39.52527046203613,6,5,1,5,4,3
0,DeathDescription.LIFETOTAL,12,24.46269989013672,7,4,2,6,3,4
1,DeathDescription.LIFETOTAL,11,22.662878036499023,6,4,2,6,5,2
0,DeathDescription.LIFETOTAL,10,24.60169792175293,6,4,2,5,4,3
0,DeathDescription.LIFETOTAL,10,42.90366172790527,4,5,3,5,4,3
1,DeathDescription.LIFETOTAL,11,33.31494331359863,6,4,2,6,5,2
0,DeathDescription.LIFETOTAL,10,26.166439056396484,6,5,1,5,4,3
0,DeathDescription.LIFETOTAL,10,25.89893341064453,5,6,1,5,3,4
0,DeathDescription.LIFETOTAL,10,33.331871032714844,5,4,3,4,3,5
1,DeathDescription.LIFETOTAL,11,49.89004135131836,6,4,2,4,5,4
1,DeathDescription.LIFETOTAL,11,29.052257537841797,6,4,2,6,5,2
1,DeathDescription.LIFETOTAL,11,44.54636573791504,5,4,3,4,5,4
0,DeathDescription.LIFETOTAL,12,39.489030838012695,6,6,1,1,0,7
0,DeathDescription.LIFETOTAL,10,32.08112716674805,6,5,1,2,0,7
0,DeathDescription.LIFETOTAL,10,21.559953689575195,6,4,2,5,3,4
0,DeathDescription.LIFETOTAL,10,22.157669067382812,6,4,2,5,4,3
0,DeathDescription.LIFETOTAL,10,46.996116638183594,5,5,2,5,3,4
1,DeathDescription.LIFETOTAL,11,28.113842010498047,6,2,4,3,5,5
1,DeathDescription.LIFETOTAL,11,29.27994728088379,6,4,2,6,4,3
0,DeathDescription.LIFETOTAL,10,33.11562538146973,5,4,3,5,3,4
0,DeathDescription.LIFETOTAL,10,34.20686721801758,4,5,3,4,1,6
1,DeathDescription.LIFETOTAL,11,74.44024085998535,6,4,2,5,6,2
0,DeathDescription.LIFETOTAL,10,25.824546813964844,6,5,1,5,3,4
1,DeathDescription.LIFETOTAL,17,28.359174728393555,4,4,4,7,6,1
0,DeathDescription.LIFETOTAL,12,41.15462303161621,3,4,6,3,2,6
0,DeathDescription.LIFETOTAL,12,29.293298721313477,7,5,1,2,2,7
0,DeathDescription.LIFETOTAL,12,29.326438903808594,7,4,2,4,0,7
0,DeathDescription.LIFETOTAL,10,22.8726863861084,5,5,2,5,3,4
1,DeathDescription.LIFETOTAL,11,25.114774703979492,6,2,4,6,5,2
1,DeathDescription.LIFETOTAL,15,29.958248138427734,4,4,5,6,6,3
0,DeathDescription.LIFETOTAL,12,26.448726654052734,2,3,8,6,3,4
0,DeathDescription.LIFETOTAL,10,35.37130355834961,3,5,4,5,4,3
0,DeathDescription.LIFETOTAL,10,34.44337844848633,6,4,2,5,3,4
0,DeathDescription.LIFETOTAL,10,28.512954711914062,5,5,2,5,3,4
0,DeathDescription.LIFETOTAL,10,38.17319869995117,5,3,4,5,4,3
0,DeathDescription.LIFETOTAL,10,47.52516746520996,5,6,1,5,3,4
0,DeathDescription.LIFETOTAL,10,49.29018020629883,6,6,0,5,4,3
0,DeathDescription.LIFETOTAL,10,22.331953048706055,6,6,0,5,4,3
0,DeathDescription.LIFETOTAL,12,22.935152053833008,7,4,2,6,2,5
1,DeathDescription.LIFETOTAL,11,24.863004684448242,3,4,5,5,6,2
1,DeathDescription.LIFETOTAL,11,40.752410888671875,5,5,2,6,5,2
1,DeathDescription.LIFETOTAL,11,42.435407638549805,4,4,4,6,4,3
1,DeathDescription.LIFETOTAL,11,25.328874588012695,6,4,2,5,6,2
0,DeathDescription.LIFETOTAL,10,24.582862854003906,5,6,1,5,4,3
0,DeathDescription.LIFETOTAL,10,31.29267692565918,6,6,0,5,2,5
1,DeathDescription.LIFETOTAL,11,37.64963150024414,5,4,3,6,5,2
0,DeathDescription.LIFETOTAL,12,37.79339790344238,4,4,5,6,4,3
0,DeathDescription.LIFETOTAL,10,21.490097045898438,4,4,4,4,4,4
0,DeathDescription.LIFETOTAL,10,27.608871459960938,4,5,3,5,3,4
0,DeathDescription.LIFETOTAL,10,23.08344841003418,4,4,4,5,4,3
0,DeathDescription.LIFETOTAL,10,24.303913116455078,5,6,1,4,4,4
0,DeathDescription.LIFETOTAL,10,29.941797256469727,5,5,2,5,3,4
0,DeathDescription.LIFETOTAL,10,36.40389442443848,5,7,0,5,3,4
0,DeathDescription.LIFETOTAL,10,45.83430290222168,6,5,1,5,4,3
0,DeathDescription.LIFETOTAL,10,27.402639389038086,4,5,3,5,3,4
0,DeathDescription.LIFETOTAL,10,28.087615966796875,4,5,3,5,4,3
0,DeathDescription.LIFETOTAL,10,45.65572738647461,6,6,0,5,3,4
0,DeathDescription.LIFETOTAL,10,23.503780364990234,6,4,2,5,5,2
0,DeathDescription.LIFETOTAL,14,66.0240650177002,5,6,3,3,1,6
0,DeathDescription.LIFETOTAL,10,31.91995620727539,6,4,2,5,4,3
0,DeathDescription.LIFETOTAL,10,31.936168670654297,4,5,3,5,4,3
0,DeathDescription.LIFETOTAL,12,25.907278060913086,3,5,5,6,4,3
0,DeathDescription.LIFETOTAL,12,34.604549407958984,7,5,1,4,3,5
0,DeathDescription.LIFETOTAL,10,32.47189521789551,5,5,2,4,1,6
1,DeathDescription.LIFETOTAL,11,51.259517669677734,5,4,3,6,6,1
0,DeathDescription.LIFETOTAL,12,24.367809295654297,7,4,2,2,3,7
1,DeathDescription.LIFETOTAL,11,23.904085159301758,6,2,4,5,5,3
1,DeathDescription.LIFETOTAL,11,33.719539642333984,5,3,4,6,5,2
0,DeathDescription.LIFETOTAL,10,37.48893737792969,2,5,5,4,2,6
0,DeathDescription.LIFETOTAL,12,29.690027236938477,6,6,1,5,4,4
0,DeathDescription.LIFETOTAL,10,32.170772552490234,6,5,1,4,0,7
0,DeathDescription.LIFETOTAL,10,23.738861083984375,4,5,3,5,2,5
0,DeathDescription.LIFETOTAL,10,45.967817306518555,5,5,2,3,3,6
0,DeathDescription.LIFETOTAL,10,22.492170333862305,4,5,3,4,3,5
1,DeathDescription.LIFETOTAL,11,23.327112197875977,6,5,1,4,5,4
0,DeathDescription.LIFETOTAL,12,24.445772171020508,6,5,2,4,4,5
1,DeathDescription.LIFETOTAL,11,45.40443420410156,4,3,5,3,5,5
0,DeathDescription.LIFETOTAL,12,23.285865783691406,6,6,1,6,5,2
1,DeathDescription.LIFETOTAL,11,22.681713104248047,3,1,6,4,5,4
1,DeathDescription.LIFETOTAL,11,38.091182708740234,5,3,4,5,5,3
1,DeathDescription.LIFETOTAL,11,50.4460334777832,6,5,1,6,5,2
0,DeathDescription.LIFETOTAL,12,23.263931274414062,4,5,4,6,3,4
0,DeathDescription.LIFETOTAL,10,36.82255744934082,6,5,1,3,0,7
0,DeathDescription.LIFETOTAL,10,56.769371032714844,4,5,3,4,4,4
1,DeathDescription.LIFETOTAL,11,31.250715255737305,3,4,5,5,5,3
1,DeathDescription.LIFETOTAL,11,30.03072738647461,5,3,4,6,6,1
0,DeathDescription.LIFETOTAL,10,32.51934051513672,6,5,1,5,0,7
1,DeathDescription.LIFETOTAL,11,34.296274185180664,4,4,4,6,6,1
0,DeathDescription.LIFETOTAL,10,36.21101379394531,6,5,1,5,5,2
1,DeathDescription.LIFETOTAL,11,38.92803192138672,6,5,1,5,5,3
0,DeathDescription.LIFETOTAL,10,21.573305130004883,6,3,3,5,4,3
1,DeathDescription.LIFETOTAL,11,29.722213745117188,6,3,3,6,6,1
0,DeathDescription.LIFETOTAL,10,40.03190994262695,6,5,1,5,4,3
1,DeathDescription.LIFETOTAL,11,30.211210250854492,4,4,4,4,5,4
0,DeathDescription.LIFETOTAL,10,23.193836212158203,6,5,1,2,0,7
0,DeathDescription.LIFETOTAL,12,27.805566787719727,6,5,2,6,3,4
0,DeathDescription.LIFETOTAL,10,39.642333984375,6,5,1,4,5,3
0,DeathDescription.LIFETOTAL,12,40.279388427734375,6,6,1,6,4,3
0,DeathDescription.LIFETOTAL,10,35.67028045654297,6,5,1,5,3,4
0,DeathDescription.LIFETOTAL,12,28.758764266967773,7,4,2,6,5,2
0,DeathDescription.LIFETOTAL,10,35.15911102294922,5,5,2,5,3,4
1,DeathDescription.LIFETOTAL,11,30.88521957397461,4,5,3,4,5,4
1,DeathDescription.LIFETOTAL,11,32.33695030212402,4,5,3,6,5,2
0,DeathDescription.LIFETOTAL,10,22.861957550048828,5,5,2,5,2,5
1,DeathDescription.LIFETOTAL,11,36.040544509887695,4,4,4,4,5,4
0,DeathDescription.LIFETOTAL,10,28.99622917175293,5,5,2,3,0,7
0,DeathDescription.LIFETOTAL,10,23.8494873046875,6,4,2,5,3,4
0,DeathDescription.LIFETOTAL,10,33.83755683898926,5,4,3,5,4,3
1,DeathDescription.LIFETOTAL,11,42.31142997741699,1,0,7,5,6,2
0,DeathDescription.LIFETOTAL,10,33.930301666259766,6,4,2,5,3,4
1,DeathDescription.LIFETOTAL,11,50.6892204284668,5,3,4,6,4,3
0,DeathDescription.LIFETOTAL,12,37.2464656829834,4,5,4,6,6,1
1,DeathDescription.LIFETOTAL,13,44.48866844177246,5,2,5,7,6,1
1,DeathDescription.LIFETOTAL,11,31.929969787597656,4,4,4,6,5,2
0,DeathDescription.LIFETOTAL,10,30.317306518554688,6,4,2,4,0,7
1,DeathDescription.LIFETOTAL,11,35.71748733520508,6,4,2,6,5,2
0,DeathDescription.LIFETOTAL,10,37.278175354003906,5,6,1,3,3,6
1,DeathDescription.LIFETOTAL,11,33.44988822937012,6,0,6,6,4,3
0,DeathDescription.LIFETOTAL,12,43.75267028808594,7,4,2,5,6,2
0,DeathDescription.LIFETOTAL,12,28.858184814453125,6,4,3,6,4,3
1,DeathDescription.LIFETOTAL,11,31.805038452148438,3,0,7,6,4,3
1,DeathDescription.LIFETOTAL,13,32.46641159057617,6,4,3,5,6,3
0,DeathDescription.LIFETOTAL,12,35.398006439208984,6,5,2,6,3,4
0,DeathDescription.LIFETOTAL,10,32.34362602233887,5,6,1,5,3,4
0,DeathDescription.LIFETOTAL,12,32.2721004486084,5,5,3,6,4,3
0,DeathDescription.LIFETOTAL,10,28.74135971069336,5,5,2,5,5,2
0,DeathDescription.LIFETOTAL,10,21.24190330505371,5,5,2,5,0,7
0,DeathDescription.LIFETOTAL,14,24.662256240844727,7,6,1,3,0,7
0,DeathDescription.LIFETOTAL,10,35.55440902709961,6,4,2,5,4,3
0,DeathDescription.LIFETOTAL,10,23.699283599853516,4,5,3,5,2,5
1,DeathDescription.LIFETOTAL,11,24.35135841369629,4,4,4,6,5,2
0,DeathDescription.LIFETOTAL,12,41.03541374206543,7,4,2,6,6,1
1,DeathDescription.LIFETOTAL,11,59.07154083251953,6,4,2,6,5,2
0,DeathDescription.LIFETOTAL,12,35.31455993652344,7,6,0,5,3,5
1,DeathDescription.LIFETOTAL,11,22.739887237548828,5,4,3,4,5,4
0,DeathDescription.LIFETOTAL,10,20.867586135864258,3,5,4,5,2,5
0,DeathDescription.LIFETOTAL,12,31.23927116394043,4,5,4,2,0,7
0,DeathDescription.LIFETOTAL,10,32.02962875366211,4,5,3,4,3,5
0,DeathDescription.LIFETOTAL,10,21.961450576782227,5,5,2,5,3,4
1,DeathDescription.LIFETOTAL,11,33.52856636047363,4,0,7,5,6,2
0,DeathDescription.LIFETOTAL,14,67.18182563781738,8,4,2,7,5,2
0,DeathDescription.LIFETOTAL,12,46.45895957946777,4,5,4,6,4,3
1,DeathDescription.LIFETOTAL,11,39.815664291381836,5,4,3,6,6,1
0,DeathDescription.LIFETOTAL,12,21.70419692993164,5,5,3,1,0,7
0,DeathDescription.LIFETOTAL,20,56.665658950805664,7,5,4,5,3,6
0,DeathDescription.LIFETOTAL,12,42.57512092590332,7,5,1,6,4,3
0,DeathDescription.LIFETOTAL,10,32.15742111206055,6,5,1,3,3,6
1,DeathDescription.LIFETOTAL,13,31.781911849975586,4,3,5,4,4,6
0,DeathDescription.LIFETOTAL,10,22.58896827697754,5,5,2,5,0,7
1,DeathDescription.LIFETOTAL,11,26.320934295654297,3,4,5,6,5,2
0,DeathDescription.LIFETOTAL,10,58.59661102294922,5,5,2,5,3,4
0,DeathDescription.LIFETOTAL,10,26.42822265625,6,4,2,5,4,3
0,DeathDescription.LIFETOTAL,12,33.7064266204834,7,4,2,6,4,3
0,DeathDescription.LIFETOTAL,10,28.281688690185547,6,5,1,4,4,4
1,DeathDescription.LIFETOTAL,13,51.53322219848633,6,4,3,5,7,2
1,DeathDescription.LIFETOTAL,11,45.07017135620117,4,1,6,5,5,3
0,DeathDescription.LIFETOTAL,10,27.234792709350586,5,4,3,5,0,7
1,DeathDescription.LIFETOTAL,11,33.28442573547363,6,4,2,5,6,2
0,DeathDescription.LIFETOTAL,10,44.63815689086914,4,5,3,5,4,3
0,DeathDescription.LIFETOTAL,12,26.503801345825195,6,6,1,5,4,4
1,DeathDescription.LIFETOTAL,11,39.46733474731445,6,3,3,4,5,4
0,DeathDescription.LIFETOTAL,10,37.30010986328125,6,5,1,3,0,7
0,DeathDescription.LIFETOTAL,10,33.338069915771484,4,4,4,5,5,2
0,DeathDescription.LIFETOTAL,10,28.99003028869629,6,5,1,5,3,4
0,DeathDescription.LIFETOTAL,10,29.51526641845703,5,5,2,5,4,3
0,DeathDescription.LIFETOTAL,10,34.42740440368652,6,4,2,5,4,3
1,DeathDescription.LIFETOTAL,11,45.10164260864258,4,4,4,6,6,1
0,DeathDescription.LIFETOTAL,12,43.128013610839844,6,6,1,6,6,1
0,DeathDescription.LIFETOTAL,10,23.746252059936523,6,4,2,5,4,3
1,DeathDescription.LIFETOTAL,11,30.162811279296875,6,4,2,6,6,1
0,DeathDescription.LIFETOTAL,10,27.289628982543945,4,6,2,4,4,4
0,DeathDescription.LIFETOTAL,10,40.212392807006836,6,4,2,4,4,4
0,DeathDescription.LIFETOTAL,10,28.96714210510254,4,5,3,5,5,2
0,DeathDescription.LIFETOTAL,10,32.53602981567383,5,5,2,5,4,3
0,DeathDescription.LIFETOTAL,10,35.87627410888672,4,5,3,5,3,4
0,DeathDescription.LIFETOTAL,10,34.17253494262695,5,5,2,4,4,4
0,DeathDescription.LIFETOTAL,10,33.06174278259277,6,5,1,3,4,5
1,DeathDescription.LIFETOTAL,11,25.25949478149414,5,4,3,4,6,3
0,DeathDescription.LIFETOTAL,10,38.97380828857422,6,5,1,3,4,5
0,DeathDescription.LIFETOTAL,10,42.60110855102539,5,5,2,5,4,3
0,DeathDescription.LIFETOTAL,10,24.889230728149414,6,5,1,5,4,3
0,DeathDescription.LIFETOTAL,10,34.5759391784668,6,6,0,4,5,3
0,DeathDescription.LIFETOTAL,10,42.669057846069336,6,4,2,5,3,4
1,DeathDescription.LIFETOTAL,11,44.63768005371094,3,3,5,6,5,2
0,DeathDescription.LIFETOTAL,10,27.702808380126953,6,4,2,5,3,4
0,DeathDescription.LIFETOTAL,12,24.60765838623047,6,5,2,6,0,7
0,DeathDescription.LIFETOTAL,10,37.87636756896973,6,5,1,4,3,5
1,DeathDescription.LIFETOTAL,13,34.636735916137695,3,4,6,7,4,3
1,DeathDescription.LIFETOTAL,11,39.01219367980957,6,4,2,4,5,4
0,DeathDescription.LIFETOTAL,10,29.219865798950195,5,6,1,5,4,3
1,DeathDescription.LIFETOTAL,11,30.048131942749023,6,4,2,5,6,2
1,DeathDescription.LIFETOTAL,11,34.630537033081055,4,4,4,5,6,2
1,DeathDescription.LIFETOTAL,13,40.90714454650879,6,0,7,7,6,1
0,DeathDescription.LIFETOTAL,10,53.877830505371094,3,5,4,5,3,4
0,DeathDescription.LIFETOTAL,12,50.94599723815918,6,5,2,6,6,1
0,DeathDescription.LIFETOTAL,10,23.21767807006836,5,5,2,5,4,3
0,DeathDescription.LIFETOTAL,10,33.483028411865234,5,4,3,5,4,3
1,DeathDescription.LIFETOTAL,11,30.21550178527832,5,3,4,6,5,2
1,DeathDescription.LIFETOTAL,11,23.650407791137695,6,4,2,6,5,2
0,DeathDescription.LIFETOTAL,10,22.34482765197754,5,4,3,5,3,4
0,DeathDescription.LIFETOTAL,10,28.57828140258789,5,4,3,5,5,2
1,DeathDescription.LIFETOTAL,11,30.112266540527344,3,2,5,4,6,3
0,DeathDescription.LIFETOTAL,10,47.29819297790527,3,5,4,5,2,5
0,DeathDescription.LIFETOTAL,10,36.0262393951416,6,3,3,5,3,4
0,DeathDescription.LIFETOTAL,10,33.83374214172363,5,5,2,3,3,6
0,DeathDescription.LIFETOTAL,10,22.43804931640625,5,5,2,5,2,5
0,DeathDescription.LIFETOTAL,10,21.82745933532715,5,5,2,5,4,3
0,DeathDescription.LIFETOTAL,10,29.40678596496582,4,5,3,4,4,4
0,DeathDescription.LIFETOTAL,10,33.010244369506836,6,5,1,5,3,4
0,DeathDescription.LIFETOTAL,10,22.39227294921875,5,5,2,5,4,3
0,DeathDescription.LIFETOTAL,10,32.169342041015625,6,4,2,3,3,5
1,DeathDescription.LIFETOTAL,11,35.019874572753906,5,4,3,6,7,0
1,DeathDescription.LIFETOTAL,13,41.34964942932129,5,0,7,7,5,2
0,DeathDescription.LIFETOTAL,10,21.44932746887207,6,5,1,3,0,7
0,DeathDescription.LIFETOTAL,10,33.370018005371094,5,5,2,4,3,5
0,DeathDescription.LIFETOTAL,12,42.488813400268555,7,6,0,6,4,3
0,DeathDescription.LIFETOTAL,10,21.815776824951172,5,5,2,4,4,4
0,DeathDescription.LIFETOTAL,10,27.068376541137695,5,5,2,5,1,6
0,DeathDescription.LIFETOTAL,12,29.937744140625,5,5,3,5,1,6
0,DeathDescription.LIFETOTAL,10,22.657394409179688,6,4,2,4,3,5
0,DeathDescription.LIFETOTAL,10,39.98732566833496,5,5,2,5,3,4
1,DeathDescription.LIFETOTAL,11,22.765636444091797,3,0,7,6,5,2
0,DeathDescription.LIFETOTAL,10,31.4178466796875,4,5,3,5,2,5
1,DeathDescription.LIFETOTAL,11,31.24213218688965,6,4,2,4,5,4
1,DeathDescription.LIFETOTAL,11,30.72953224182129,5,4,3,6,6,1
0,DeathDescription.LIFETOTAL,10,37.068843841552734,3,5,4,4,3,5
1,DeathDescription.LIFETOTAL,11,22.724151611328125,5,5,2,6,5,2
1,DeathDescription.LIFETOTAL,15,35.36057472229004,5,5,3,8,5,2
0,DeathDescription.LIFETOTAL,10,22.392988204956055,5,5,2,5,4,3
1,DeathDescription.LIFETOTAL,11,29.347658157348633,4,4,4,5,6,2
0,DeathDescription.LIFETOTAL,10,22.495508193969727,6,4,2,5,4,3
1,DeathDescription.LIFETOTAL,11,37.71710395812988,3,0,7,4,5,4
0,DeathDescription.LIFETOTAL,12,46.18024826049805,5,6,2,6,4,3
0,DeathDescription.LIFETOTAL,10,34.92593765258789,6,5,1,4,5,3
0,DeathDescription.LIFETOTAL,10,28.168439865112305,4,5,3,5,2,5
0,DeathDescription.LIFETOTAL,12,42.88792610168457,5,5,3,6,5,2
0,DeathDescription.LIFETOTAL,12,29.639005661010742,7,4,2,2,0,7
0,DeathDescription.LIFETOTAL,12,29.88886833190918,6,5,2,6,4,3
0,DeathDescription.LIFETOTAL,12,24.738073348999023,6,5,2,4,4,5
1,DeathDescription.LIFETOTAL,11,47.911643981933594,3,4,5,6,5,2
0,DeathDescription.LIFETOTAL,12,25.503873825073242,6,5,2,4,4,5
0,DeathDescription.LIFETOTAL,10,22.184133529663086,6,4,2,5,4,3
1,DeathDescription.LIFETOTAL,11,23.437023162841797,6,4,2,3,5,5
1,DeathDescription.LIFETOTAL,11,49.90053176879883,6,3,3,2,4,7
0,DeathDescription.LIFETOTAL,14,31.675338745117188,4,4,5,7,1,6
1,DeathDescription.LIFETOTAL,11,48.71320724487305,6,4,2,5,6,2
1,DeathDescription.LIFETOTAL,13,33.016204833984375,7,4,2,7,6,1
0,DeathDescription.LIFETOTAL,10,24.1391658782959,3,5,4,3,2,6
1,DeathDescription.LIFETOTAL,11,29.906272888183594,5,2,5,6,5,2
1,DeathDescription.LIFETOTAL,11,23.85568618774414,4,3,5,6,5,2
0,DeathDescription.LIFETOTAL,10,27.536392211914062,6,4,2,3,4,5
0,DeathDescription.LIFETOTAL,10,42.38438606262207,6,6,0,5,3,4
0,DeathDescription.LIFETOTAL,12,35.05253791809082,7,5,1,5,5,3
1,DeathDescription.LIFETOTAL,11,32.92727470397949,4,1,6,6,5,2
0,DeathDescription.LIFETOTAL,10,20.55501937866211,5,5,2,2,0,7
1,DeathDescription.LIFETOTAL,11,34.122467041015625,4,4,4,6,5,2
1,DeathDescription.LIFETOTAL,11,34.4853401184082,2,0,7,6,6,1
0,DeathDescription.LIFETOTAL,10,28.225183486938477,6,5,1,5,3,4
0,DeathDescription.LIFETOTAL,12,23.139476776123047,7,4,2,5,2,5
0,DeathDescription.LIFETOTAL,10,34.43098068237305,5,5,2,5,3,4
0,DeathDescription.LIFETOTAL,10,33.82062911987305,5,5,2,5,3,4
0,DeathDescription.LIFETOTAL,10,22.815465927124023,3,5,4,5,4,3
0,DeathDescription.LIFETOTAL,10,33.318519592285156,6,4,2,5,3,4
0,DeathDescription.LIFETOTAL,10,30.0295352935791,6,6,0,5,3,4
1,DeathDescription.LIFETOTAL,11,45.450448989868164,5,4,3,4,6,3
1,DeathDescription.LIFETOTAL,11,59.12971496582031,5,4,3,6,4,3
0,DeathDescription.LIFETOTAL,10,22.759675979614258,5,5,2,4,0,7
0,DeathDescription.LIFETOTAL,12,28.659820556640625,6,5,2,6,5,2
0,DeathDescription.LIFETOTAL,10,38.6805534362793,5,5,2,5,3,4
0,DeathDescription.LIFETOTAL,10,28.11288833618164,5,5,2,4,4,4
0,DeathDescription.LIFETOTAL,12,31.7232608795166,6,6,1,6,4,3
0,DeathDescription.LIFETOTAL,10,25.8328914642334,6,4,2,5,4,3
0,DeathDescription.LIFETOTAL,10,46.149253845214844,6,5,1,5,4,3
1,DeathDescription.LIFETOTAL,11,24.065017700195312,6,5,1,4,5,4
0,DeathDescription.LIFETOTAL,10,25.58279037475586,4,5,3,5,5,2
1,DeathDescription.LIFETOTAL,11,44.83222961425781,4,0,7,6,5,2
0,DeathDescription.LIFETOTAL,10,23.74863624572754,5,5,2,5,3,4
0,DeathDescription.LIFETOTAL,10,32.78851509094238,6,4,2,1,0,7
1,DeathDescription.LIFETOTAL,11,24.63507652282715,5,5,2,6,5,2
1,DeathDescription.LIFETOTAL,11,25.027751922607422,6,3,3,5,5,3
1,DeathDescription.LIFETOTAL,13,31.531095504760742,4,4,5,4,5,4
0,DeathDescription.LIFETOTAL,10,24.40357208251953,5,5,2,5,3,4
0,DeathDescription.LIFETOTAL,12,25.91395378112793,7,5,1,6,4,3
1,DeathDescription.LIFETOTAL,11,51.91540718078613,3,4,5,6,5,2
1,DeathDescription.LIFETOTAL,11,34.36779975891113,2,2,6,6,6,1
1,DeathDescription.LIFETOTAL,11,23.34284782409668,3,2,6,6,5,2
1,DeathDescription.LIFETOTAL,11,29.437780380249023,6,3,3,6,4,3
0,DeathDescription.LIFETOTAL,12,30.59864044189453,7,3,3,2,0,7
1,DeathDescription.LIFETOTAL,13,27.29630470275879,3,1,7,6,5,3
0,DeathDescription.LIFETOTAL,10,23.247241973876953,5,4,3,5,4,3
1,DeathDescription.LIFETOTAL,11,34.88278388977051,6,5,1,5,5,3
0,DeathDescription.LIFETOTAL,10,27.80318260192871,4,5,3,5,4,3
0,DeathDescription.LIFETOTAL,10,34.18588638305664,6,5,1,5,2,5
1,DeathDescription.LIFETOTAL,11,24.621963500976562,4,4,4,4,5,4
1,DeathDescription.LIFETOTAL,11,24.346113204956055,6,2,4,6,4,3
0,DeathDescription.LIFETOTAL,10,35.599470138549805,6,4,2,5,5,2
0,DeathDescription.LIFETOTAL,10,29.100656509399414,6,5,1,4,2,6
0,DeathDescription.LIFETOTAL,12,40.01498222351074,7,3,3,6,3,4
0,DeathDescription.LIFETOTAL,10,32.00531005859375,6,4,2,4,4,4
0,DeathDescription.LIFETOTAL,10,44.02017593383789,6,4,2,5,3,4
0,DeathDescription.LIFETOTAL,10,42.48476028442383,5,5,2,5,1,6
0,DeathDescription.LIFETOTAL,10,24.036645889282227,6,4,2,5,4,3
1,DeathDescription.LIFETOTAL,11,42.600154876708984,6,4,2,3,5,5
0,DeathDescription.LIFETOTAL,10,52.43659019470215,5,6,1,5,3,4
0,DeathDescription.LIFETOTAL,10,27.729511260986328,4,5,3,5,3,4
0,DeathDescription.LIFETOTAL,10,32.201528549194336,6,4,2,4,4,4
0,DeathDescription.LIFETOTAL,10,27.687549591064453,6,4,2,5,4,3
0,DeathDescription.LIFETOTAL,10,26.459217071533203,3,5,4,4,3,5
0,DeathDescription.LIFETOTAL,12,40.97270965576172,7,6,0,3,4,5
0,DeathDescription.LIFETOTAL,10,31.75950050354004,6,5,1,5,4,3
1,DeathDescription.LIFETOTAL,11,33.721923828125,6,4,2,6,5,2
0,DeathDescription.LIFETOTAL,10,39.85404968261719,4,5,3,4,4,4
0,DeathDescription.LIFETOTAL,10,31.572580337524414,5,4,3,5,2,5
1,DeathDescription.LIFETOTAL,13,31.116008758544922,6,3,4,7,4,3
1,DeathDescription.LIFETOTAL,11,37.61768341064453,6,3,3,5,5,3
0,DeathDescription.LIFETOTAL,12,27.54664421081543,7,4,2,3,0,7
1,DeathDescription.LIFETOTAL,13,35.11857986450195,5,3,5,5,5,4
0,DeathDescription.LIFETOTAL,12,51.09858512878418,4,5,4,4,5,4
0,DeathDescription.LIFETOTAL,10,21.67344093322754,4,5,3,5,3,4
0,DeathDescription.LIFETOTAL,10,21.547794342041016,5,5,2,4,3,5
0,DeathDescription.LIFETOTAL,10,38.72394561767578,6,4,2,5,5,2
0,DeathDescription.LIFETOTAL,10,34.82866287231445,4,4,4,5,4,3
1,DeathDescription.LIFETOTAL,11,29.686927795410156,6,4,2,5,6,2
0,DeathDescription.LIFETOTAL,10,28.903961181640625,6,4,2,5,4,3
0,DeathDescription.LIFETOTAL,10,40.38524627685547,5,5,2,5,5,2
1,DeathDescription.LIFETOTAL,11,37.68467903137207,6,4,2,6,5,2
1,DeathDescription.LIFETOTAL,11,35.13932228088379,4,5,3,6,5,2
1,DeathDescription.LIFETOTAL,13,31.813383102416992,7,4,2,6,6,2
0,DeathDescription.LIFETOTAL,10,46.00381851196289,4,6,2,5,4,3
1,DeathDescription.LIFETOTAL,11,36.44394874572754,6,3,3,6,6,1
0,DeathDescription.LIFETOTAL,14,30.0447940826416,7,7,0,7,5,2
1,DeathDescription.LIFETOTAL,11,32.85574913024902,6,4,2,6,5,2
1,DeathDescription.LIFETOTAL,13,34.935712814331055,7,4,2,5,5,4
1,DeathDescription.LIFETOTAL,13,38.59305381774902,5,4,4,5,6,3
0,DeathDescription.LIFETOTAL,10,43.05839538574219,5,5,2,5,3,4
1,DeathDescription.LIFETOTAL,11,23.789167404174805,6,1,5,4,5,4
1,DeathDescription.LIFETOTAL,11,32.89079666137695,3,3,6,6,4,3
1,DeathDescription.LIFETOTAL,13,30.414581298828125,4,3,5,7,6,1
0,DeathDescription.LIFETOTAL,12,32.1197509765625,7,6,0,3,0,7
1,DeathDescription.LIFETOTAL,11,25.116443634033203,4,4,4,6,6,1
1,DeathDescription.LIFETOTAL,11,24.87492561340332,6,4,2,4,5,4
0,DeathDescription.LIFETOTAL,10,32.320261001586914,5,5,2,5,2,5
0,DeathDescription.LIFETOTAL,10,44.07501220703125,4,5,3,5,3,4
1,DeathDescription.LIFETOTAL,11,63.539743423461914,5,3,4,3,5,5
1,DeathDescription.LIFETOTAL,11,27.94933319091797,5,4,3,5,5,3
0,DeathDescription.LIFETOTAL,10,37.392377853393555,6,5,1,5,3,4
0,DeathDescription.LIFETOTAL,10,31.511306762695312,6,5,1,5,3,4
0,DeathDescription.LIFETOTAL,12,36.246299743652344,7,5,1,6,4,3
0,DeathDescription.LIFETOTAL,10,22.635936737060547,5,6,1,4,3,4
0,DeathDescription.LIFETOTAL,10,22.24564552307129,5,5,2,5,3,4
0,DeathDescription.LIFETOTAL,10,35.79306602478027,5,5,2,5,4,3
0,DeathDescription.LIFETOTAL,10,33.39648246765137,4,4,4,5,3,4
0,DeathDescription.LIFETOTAL,10,22.953033447265625,4,6,2,5,4,3
1,DeathDescription.LIFETOTAL,11,39.59846496582031,5,4,3,6,6,1
0,DeathDescription.LIFETOTAL,10,34.56401824951172,5,5,2,5,4,3
1,DeathDescription.LIFETOTAL,11,36.90981864929199,5,4,3,6,5,2
0,DeathDescription.LIFETOTAL,10,21.549701690673828,6,6,0,5,3,4
0,DeathDescription.LIFETOTAL,10,28.30672264099121,4,5,3,4,4,4
0,DeathDescription.LIFETOTAL,10,39.43514823913574,4,5,3,5,3,4
0,DeathDescription.LIFETOTAL,12,25.55108070373535,6,6,1,5,6,2
1,DeathDescription.LIFETOTAL,11,43.71905326843262,6,4,2,6,6,1
0,DeathDescription.LIFETOTAL,12,25.36296844482422,5,6,2,5,5,3
1,DeathDescription.LIFETOTAL,13,42.41442680358887,2,4,6,6,7,1
0,DeathDescription.LIFETOTAL,10,32.83119201660156,5,6,1,5,4,3
0,DeathDescription.LIFETOTAL,12,23.87833595275879,6,5,2,6,5,2
0,DeathDescription.LIFETOTAL,10,23.927927017211914,5,4,3,5,4,3
0,DeathDescription.LIFETOTAL,10,35.456180572509766,6,4,2,5,4,3
0,DeathDescription.LIFETOTAL,10,29.551982879638672,6,4,2,4,3,5
1,DeathDescription.LIFETOTAL,11,30.835628509521484,5,4,3,6,5,2
0,DeathDescription.LIFETOTAL,10,29.76250648498535,4,5,3,5,4,3
1,DeathDescription.LIFETOTAL,11,40.67254066467285,6,4,2,5,5,3
1,DeathDescription.LIFETOTAL,11,34.96408462524414,6,3,3,6,5,2
1,DeathDescription.LIFETOTAL,11,28.748035430908203,4,3,5,6,5,2
1,DeathDescription.LIFETOTAL,11,28.90920639038086,6,4,2,6,5,2
0,DeathDescription.LIFETOTAL,10,40.62080383300781,4,5,3,5,4,3
0,DeathDescription.LIFETOTAL,10,24.026870727539062,6,5,1,5,4,3
0,DeathDescription.LIFETOTAL,10,23.53048324584961,6,5,1,5,4,3
0,DeathDescription.LIFETOTAL,12,25.16651153564453,5,7,1,2,0,7
1,DeathDescription.LIFETOTAL,11,41.78261756896973,6,3,3,5,4,4
1,DeathDescription.LIFETOTAL,11,26.274681091308594,5,4,3,6,6,1
0,DeathDescription.LIFETOTAL,12,26.496171951293945,5,6,2,6,3,4
0,DeathDescription.LIFETOTAL,10,24.060487747192383,5,5,2,5,3,4
0,DeathDescription.LIFETOTAL,18,36.040306091308594,6,5,3,5,3,4
0,DeathDescription.LIFETOTAL,12,31.652212142944336,6,5,2,5,5,3
1,DeathDescription.LIFETOTAL,11,25.07781982421875,6,4,2,6,5,2
1,DeathDescription.LIFETOTAL,11,48.96235466003418,5,4,3,4,4,5
0,DeathDescription.LIFETOTAL,10,28.479576110839844,5,5,2,5,3,4
0,DeathDescription.LIFETOTAL,24,38.13910484313965,6,6,3,7,1,6
0,DeathDescription.LIFETOTAL,10,44.623613357543945,6,4,2,5,4,3
0,DeathDescription.LIFETOTAL,14,37.68181800842285,5,6,3,7,5,2
1,DeathDescription.LIFETOTAL,11,36.86380386352539,6,4,2,5,6,2
0,DeathDescription.LIFETOTAL,10,22.40276336669922,4,5,3,5,4,3
0,DeathDescription.LIFETOTAL,10,21.915674209594727,6,4,2,5,2,5
0,DeathDescription.LIFETOTAL,10,22.82261848449707,6,4,2,5,3,4
1,DeathDescription.LIFETOTAL,11,45.858144760131836,6,3,3,5,5,3
1,DeathDescription.LIFETOTAL,11,29.834985733032227,6,3,3,5,5,3
1,DeathDescription.LIFETOTAL,13,29.06060218811035,4,2,5,6,5,3
1,DeathDescription.LIFETOTAL,11,22.808313369750977,4,2,6,5,5,3
1,DeathDescription.LIFETOTAL,11,35.16030311584473,6,2,4,6,5,2
1,DeathDescription.LIFETOTAL,11,34.31844711303711,3,0,7,6,5,2
1,DeathDescription.LIFETOTAL,19,35.921335220336914,5,0,7,6,5,4
0,DeathDescription.LIFETOTAL,10,27.38356590270996,6,5,1,4,4,4
0,DeathDescription.LIFETOTAL,12,53.342342376708984,7,4,2,5,0,7
1,DeathDescription.LIFETOTAL,11,43.95937919616699,5,4,3,6,5,2
0,DeathDescription.LIFETOTAL,12,35.60066223144531,7,5,1,2,2,7
0,DeathDescription.LIFETOTAL,12,29.700279235839844,5,7,1,5,3,5
1,DeathDescription.LIFETOTAL,13,42.07110404968262,3,0,7,5,6,3
0,DeathDescription.LIFETOTAL,10,22.910118103027344,5,5,2,5,4,3
0,DeathDescription.LIFETOTAL,12,23.877382278442383,4,6,3,4,3,5
1,DeathDescription.LIFETOTAL,13,31.630277633666992,7,2,4,5,6,3
1,DeathDescription.LIFETOTAL,11,33.299922943115234,6,3,3,5,4,4
0,DeathDescription.LIFETOTAL,10,39.258480072021484,5,5,2,5,3,4
0,DeathDescription.LIFETOTAL,10,22.662878036499023,5,4,3,5,4,3
0,DeathDescription.LIFETOTAL,10,23.859500885009766,5,6,1,5,3,4
1,DeathDescription.LIFETOTAL,11,41.75543785095215,4,4,4,6,5,2
0,DeathDescription.LIFETOTAL,12,31.618356704711914,4,5,4,4,4,4
1,DeathDescription.LIFETOTAL,11,26.491165161132812,6,4,2,6,5,2
0,DeathDescription.LIFETOTAL,10,24.21092987060547,3,5,4,5,4,3
0,DeathDescription.LIFETOTAL,10,51.67126655578613,3,5,4,5,4,3
1,DeathDescription.LIFETOTAL,11,46.747446060180664,6,3,3,6,6,1
0,DeathDescription.LIFETOTAL,10,24.893522262573242,5,5,2,5,3,4
0,DeathDescription.LIFETOTAL,10,22.594928741455078,5,6,1,4,2,5
0,DeathDescription.LIFETOTAL,12,53.108930587768555,7,4,2,6,3,4
1,DeathDescription.LIFETOTAL,11,24.56378936767578,6,1,5,6,5,2
0,DeathDescription.LIFETOTAL,10,28.522968292236328,4,5,3,4,4,4
0,DeathDescription.LIFETOTAL,10,21.767616271972656,6,5,1,5,0,7
0,DeathDescription.LIFETOTAL,10,45.258283615112305,6,5,1,5,2,5
0,DeathDescription.LIFETOTAL,10,28.93519401550293,5,5,2,5,2,5
0,DeathDescription.LIFETOTAL,10,37.06622123718262,6,5,1,5,3,4
1,DeathDescription.LIFETOTAL,11,35.53342819213867,5,5,2,6,5,2
0,DeathDescription.LIFETOTAL,10,30.350685119628906,6,4,2,5,4,3
0,DeathDescription.LIFETOTAL,10,43.41459274291992,6,4,2,5,4,3
0,DeathDescription.LIFETOTAL,12,29.609203338623047,7,4,2,6,3,4
0,DeathDescription.LIFETOTAL,10,44.66557502746582,4,5,3,5,3,4
0,DeathDescription.LIFETOTAL,12,33.74910354614258,5,5,3,5,4,4
0,DeathDescription.LIFETOTAL,10,34.52897071838379,3,5,4,5,4,3
1,DeathDescription.LIFETOTAL,11,29.840707778930664,6,4,2,6,4,3
0,DeathDescription.LIFETOTAL,10,32.35483169555664,6,5,1,4,0,7
0,DeathDescription.LIFETOTAL,10,27.420520782470703,6,5,1,4,3,4
1,DeathDescription.LIFETOTAL,11,38.852691650390625,6,5,1,6,5,2
0,DeathDescription.LIFETOTAL,10,29.232263565063477,4,5,3,5,2,5
0,DeathDescription.LIFETOTAL,12,28.331756591796875,6,5,2,4,4,5
1,DeathDescription.LIFETOTAL,11,70.08075714111328,5,3,4,6,6,1
1,DeathDescription.LIFETOTAL,11,26.561975479125977,5,5,2,6,5,2
0,DeathDescription.LIFETOTAL,10,33.675193786621094,6,5,1,5,2,5
0,DeathDescription.LIFETOTAL,12,50.17232894897461,5,6,2,6,4,3
0,DeathDescription.LIFETOTAL,12,38.4976863861084,7,5,1,6,2,5
0,DeathDescription.LIFETOTAL,10,51.0106086730957,6,5,1,3,3,6
1,DeathDescription.LIFETOTAL,11,33.3101749420166,3,4,5,5,5,3
0,DeathDescription.LIFETOTAL,10,35.26663780212402,6,5,1,5,4,3
0,DeathDescription.LIFETOTAL,10,34.28006172180176,3,5,4,5,4,3
1,DeathDescription.LIFETOTAL,11,30.691146850585938,6,4,2,6,4,3
0,DeathDescription.LIFETOTAL,10,36.75556182861328,6,5,1,4,4,4
1,DeathDescription.LIFETOTAL,13,49.284934997558594,5,2,6,7,5,2
1,DeathDescription.LIFETOTAL,11,50.64892768859863,4,3,5,6,5,2
0,DeathDescription.LIFETOTAL,14,49.81708526611328,6,4,4,5,3,4
0,DeathDescription.LIFETOTAL,10,38.44499588012695,5,6,1,4,2,6
0,DeathDescription.LIFETOTAL,10,38.20323944091797,6,6,0,5,3,4
1,DeathDescription.LIFETOTAL,11,35.38775444030762,4,4,4,6,5,2
0,DeathDescription.LIFETOTAL,10,44.1136360168457,5,5,2,4,4,4
0,DeathDescription.LIFETOTAL,10,32.02962875366211,4,5,3,4,3,5
0,DeathDescription.LIFETOTAL,10,49.249887466430664,5,6,1,2,0,7
1,DeathDescription.LIFETOTAL,11,28.946399688720703,5,5,2,5,6,2
0,DeathDescription.LIFETOTAL,10,21.96502685546875,6,5,1,4,4,4
1,DeathDescription.LIFETOTAL,13,37.569284439086914,3,3,7,7,6,1
0,DeathDescription.LIFETOTAL,10,27.985095977783203,4,5,3,5,3,4
1,DeathDescription.LIFETOTAL,11,38.12360763549805,2,0,7,6,5,2
0,DeathDescription.LIFETOTAL,10,37.19663619995117,6,5,1,5,3,4
0,DeathDescription.LIFETOTAL,10,25.127172470092773,6,4,2,5,2,5
0,DeathDescription.LIFETOTAL,10,22.77994155883789,6,5,1,5,2,5
0,DeathDescription.LIFETOTAL,12,34.83104705810547,7,5,1,4,0,7
1,DeathDescription.LIFETOTAL,11,37.05310821533203,6,3,3,4,5,4
0,DeathDescription.LIFETOTAL,14,33.1423282623291,8,6,0,7,1,6
1,DeathDescription.LIFETOTAL,11,33.99801254272461,4,4,4,6,5,2
0,DeathDescription.LIFETOTAL,10,23.029088973999023,6,5,1,5,2,5
1,DeathDescription.LIFETOTAL,13,39.80755805969238,6,4,3,7,5,2
0,DeathDescription.LIFETOTAL,10,42.78397560119629,5,5,2,4,3,5
0,DeathDescription.LIFETOTAL,10,34.8658561706543,6,5,1,5,2,5
0,DeathDescription.LIFETOTAL,10,44.6164608001709,5,5,2,5,4,3
1,DeathDescription.LIFETOTAL,13,26.038169860839844,5,3,5,4,5,5
0,DeathDescription.LIFETOTAL,10,46.26345634460449,4,5,3,5,1,6
0,DeathDescription.LIFETOTAL,10,42.47260093688965,6,4,2,2,2,6
0,DeathDescription.LIFETOTAL,10,31.874656677246094,6,4,2,5,3,4
0,DeathDescription.LIFETOTAL,12,36.62848472595215,4,5,4,5,3,5
0,DeathDescription.LIFETOTAL,10,23.36716651916504,4,5,3,5,4,3
0,DeathDescription.LIFETOTAL,10,22.749900817871094,4,6,2,5,4,3
1,DeathDescription.LIFETOTAL,11,32.78064727783203,3,0,7,6,6,1
1,DeathDescription.LIFETOTAL,11,29.76512908935547,3,0,7,6,5,2
0,DeathDescription.LIFETOTAL,10,27.48394012451172,6,4,2,3,2,6
0,DeathDescription.LIFETOTAL,10,38.21539878845215,4,5,3,3,4,5
0,DeathDescription.LIFETOTAL,12,39.78872299194336,6,5,2,5,4,4
0,DeathDescription.LIFETOTAL,10,35.61568260192871,4,5,3,5,3,4
0,DeathDescription.LIFETOTAL,10,32.59134292602539,6,6,0,5,0,7
0,DeathDescription.LIFETOTAL,12,29.311656951904297,7,6,0,4,4,5
1,DeathDescription.LIFETOTAL,11,28.594017028808594,5,4,3,6,5,2
1,DeathDescription.LIFETOTAL,13,67.25692749023438,7,4,2,7,6,1
0,DeathDescription.LIFETOTAL,10,22.900819778442383,4,4,4,4,3,5
1,DeathDescription.LIFETOTAL,11,23.23770523071289,5,4,3,6,5,2
0,DeathDescription.LIFETOTAL,10,28.313159942626953,5,6,1,5,4,3
1,DeathDescription.LIFETOTAL,11,45.08805274963379,4,4,4,6,5,2
0,DeathDescription.LIFETOTAL,10,35.15005111694336,6,4,2,4,3,5
0,DeathDescription.LIFETOTAL,10,22.236108779907227,4,6,2,5,4,3
0,DeathDescription.LIFETOTAL,10,34.33346748352051,6,5,1,5,2,5
0,DeathDescription.LIFETOTAL,10,22.14980125427246,5,5,2,5,4,3
0,DeathDescription.LIFETOTAL,12,44.631242752075195,7,4,2,6,4,3
0,DeathDescription.LIFETOTAL,10,40.51947593688965,6,5,1,5,3,4
0,DeathDescription.LIFETOTAL,12,43.703556060791016,4,5,4,2,0,7
0,DeathDescription.LIFETOTAL,12,50.73070526123047,4,5,4,4,4,5
0,DeathDescription.LIFETOTAL,10,53.18093299865723,6,5,1,5,4,3
0,DeathDescription.LIFETOTAL,10,25.838851928710938,6,5,1,5,5,2
0,DeathDescription.LIFETOTAL,10,32.4864387512207,5,5,2,4,4,4
0,DeathDescription.LIFETOTAL,10,40.08889198303223,5,5,2,4,3,5
1,DeathDescription.LIFETOTAL,11,30.9603214263916,6,3,3,6,5,2
1,DeathDescription.LIFETOTAL,11,29.03580665588379,6,3,3,4,6,3
0,DeathDescription.LIFETOTAL,10,38.36536407470703,4,5,3,5,4,3
0,DeathDescription.LIFETOTAL,12,29.419660568237305,5,6,2,6,4,3
0,DeathDescription.LIFETOTAL,10,34.531593322753906,4,5,3,5,4,3
0,DeathDescription.LIFETOTAL,10,37.491559982299805,5,5,2,5,4,3
0,DeathDescription.LIFETOTAL,10,28.513669967651367,4,5,3,3,0,7
1,DeathDescription.LIFETOTAL,11,38.63811492919922,5,5,2,6,5,2
1,DeathDescription.LIFETOTAL,11,46.489715576171875,6,1,5,6,6,1
1,DeathDescription.LIFETOTAL,11,28.963565826416016,5,4,3,6,4,3
0,DeathDescription.LIFETOTAL,10,31.6619873046875,4,4,4,5,4,3
1,DeathDescription.LIFETOTAL,11,24.321794509887695,5,2,5,4,5,4
0,DeathDescription.LIFETOTAL,10,43.56527328491211,6,4,2,5,3,4
0,DeathDescription.LIFETOTAL,12,31.813383102416992,6,5,2,6,5,2
0,DeathDescription.LIFETOTAL,10,21.337032318115234,4,5,3,5,3,4
0,DeathDescription.LIFETOTAL,10,30.495882034301758,6,5,1,5,3,4
1,DeathDescription.LIFETOTAL,11,30.72834014892578,6,3,3,6,5,2
1,DeathDescription.LIFETOTAL,15,39.12663459777832,3,0,7,7,6,2
1,DeathDescription.LIFETOTAL,11,33.22482109069824,5,5,2,5,6,2
0,DeathDescription.LIFETOTAL,10,40.834665298461914,4,5,3,5,4,3
0,DeathDescription.LIFETOTAL,10,31.62670135498047,6,4,2,2,2,6
1,DeathDescription.LIFETOTAL,11,32.095909118652344,6,4,2,5,5,3
1,DeathDescription.LIFETOTAL,11,29.3424129486084,6,3,3,5,5,3
0,DeathDescription.LIFETOTAL,10,25.28095245361328,5,6,1,5,4,3
0,DeathDescription.LIFETOTAL,10,22.304534912109375,6,6,0,5,3,4
0,DeathDescription.LIFETOTAL,12,45.531272888183594,7,4,2,4,2,5
0,DeathDescription.LIFETOTAL,12,35.861968994140625,5,5,3,6,5,2
0,DeathDescription.LIFETOTAL,12,55.19843101501465,3,5,5,4,4,4
0,DeathDescription.LIFETOTAL,10,23.04983139038086,5,5,2,3,1,6
0,DeathDescription.LIFETOTAL,12,33.30111503601074,4,5,4,6,5,2
0,DeathDescription.LIFETOTAL,10,24.024248123168945,3,5,4,5,3,4
0,DeathDescription.LIFETOTAL,12,40.21286964416504,5,5,3,6,3,4
0,DeathDescription.LIFETOTAL,12,31.211376190185547,4,6,3,6,4,3
1,DeathDescription.LIFETOTAL,13,32.61232376098633,5,0,7,7,7,0
0,DeathDescription.LIFETOTAL,12,26.11827850341797,6,6,1,5,5,3
1,DeathDescription.LIFETOTAL,11,47.815561294555664,6,3,3,5,6,2
0,DeathDescription.LIFETOTAL,10,27.866363525390625,6,6,0,5,3,4
0,DeathDescription.LIFETOTAL,12,25.035858154296875,5,6,2,6,0,7
1,DeathDescription.LIFETOTAL,13,24.712324142456055,3,4,5,7,5,2
1,DeathDescription.LIFETOTAL,11,33.13493728637695,3,3,6,6,4,3
1,DeathDescription.LIFETOTAL,13,38.24162483215332,6,4,3,6,5,3
1,DeathDescription.LIFETOTAL,11,24.033546447753906,6,4,2,5,5,3
1,DeathDescription.LIFETOTAL,11,30.168533325195312,6,3,3,5,6,2
0,DeathDescription.LIFETOTAL,12,28.0764102935791,7,5,1,6,3,4
0,DeathDescription.LIFETOTAL,14,44.5866584777832,2,3,8,6,4,4
1,DeathDescription.LIFETOTAL,11,26.91340446472168,6,4,2,6,5,2
0,DeathDescription.LIFETOTAL,12,23.345947265625,7,4,2,6,5,2
0,DeathDescription.LIFETOTAL,10,35.84742546081543,6,5,1,5,3,4
1,DeathDescription.LIFETOTAL,11,29.207944869995117,4,4,4,5,5,3
0,DeathDescription.LIFETOTAL,10,29.95920181274414,5,6,1,5,3,4
1,DeathDescription.LIFETOTAL,11,35.49456596374512,6,5,1,5,5,3
1,DeathDescription.LIFETOTAL,11,32.032012939453125,4,2,5,6,5,2
0,DeathDescription.LIFETOTAL,10,38.15102577209473,6,3,3,5,2,5
0,DeathDescription.LIFETOTAL,12,31.465768814086914,7,5,1,4,3,5
0,DeathDescription.LIFETOTAL,10,37.299156188964844,3,5,4,4,4,4
0,DeathDescription.LIFETOTAL,10,31.51559829711914,4,5,3,4,4,4
0,DeathDescription.LIFETOTAL,10,51.97572708129883,6,5,1,5,3,4
0,DeathDescription.LIFETOTAL,10,22.20606803894043,5,4,3,5,4,3
1,DeathDescription.LIFETOTAL,11,28.138160705566406,5,4,3,4,6,3
0,DeathDescription.LIFETOTAL,12,29.929637908935547,4,4,5,6,4,3
0,DeathDescription.LIFETOTAL,10,29.488801956176758,4,5,3,5,4,3
0,DeathDescription.LIFETOTAL,10,29.18076515197754,4,4,4,5,4,3
0,DeathDescription.LIFETOTAL,10,22.911548614501953,6,5,1,5,4,3
0,DeathDescription.LIFETOTAL,10,26.905059814453125,5,5,2,5,3,4
0,DeathDescription.LIFETOTAL,14,39.526939392089844,7,5,2,7,3,4
0,DeathDescription.LIFETOTAL,10,39.00027275085449,6,5,1,5,4,3
0,DeathDescription.LIFETOTAL,10,31.023740768432617,5,6,1,4,3,5
1,DeathDescription.LIFETOTAL,11,27.68564224243164,3,4,5,2,5,6
0,DeathDescription.LIFETOTAL,10,24.611234664916992,4,5,3,5,3,4
0,DeathDescription.LIFETOTAL,10,24.288177490234375,5,6,1,5,4,3
0,DeathDescription.LIFETOTAL,10,30.01880645751953,6,4,2,4,3,5
0,DeathDescription.LIFETOTAL,12,38.03277015686035,5,6,2,6,4,3
0,DeathDescription.LIFETOTAL,10,33.09941291809082,6,4,2,5,3,4
1,DeathDescription.LIFETOTAL,11,32.65500068664551,6,4,2,6,5,2
0,DeathDescription.LIFETOTAL,12,38.199424743652344,6,6,1,4,5,4
1,DeathDescription.LIFETOTAL,11,28.44715118408203,6,3,3,5,6,2
1,DeathDescription.LIFETOTAL,11,43.16878318786621,5,3,4,6,5,2
1,DeathDescription.LIFETOTAL,11,26.002883911132812,6,4,2,4,5,4
1,DeathDescription.LIFETOTAL,13,35.49337387084961,4,4,4,6,6,2
1,DeathDescription.LIFETOTAL,11,46.66399955749512,3,4,5,4,4,5
0,DeathDescription.LIFETOTAL,14,34.54995155334473,3,5,6,2,0,7
0,DeathDescription.LIFETOTAL,10,22.884130477905273,4,4,4,5,4,3
0,DeathDescription.LIFETOTAL,10,23.22864532470703,5,5,2,5,3,4
1,DeathDescription.LIFETOTAL,11,23.794174194335938,6,4,2,4,5,4
1,DeathDescription.LIFETOTAL,11,42.84214973449707,5,5,2,6,6,1
0,DeathDescription.LIFETOTAL,10,25.65741539001465,5,4,3,4,4,4
0,DeathDescription.LIFETOTAL,10,28.555870056152344,5,5,2,5,4,3
0,DeathDescription.LIFETOTAL,12,29.85405921936035,6,6,1,6,4,3
0,DeathDescription.LIFETOTAL,10,35.31002998352051,5,5,2,5,4,3
0,DeathDescription.LIFETOTAL,10,29.203414916992188,4,6,2,5,4,3
1,DeathDescription.LIFETOTAL,11,24.140119552612305,3,4,5,6,4,3
0,DeathDescription.LIFETOTAL,12,35.07852554321289,7,5,1,5,4,4
0,DeathDescription.LIFETOTAL,12,52.30379104614258,6,5,2,6,4,3
1,DeathDescription.LIFETOTAL,23,49.53289031982422,9,3,4,6,5,3
1,DeathDescription.LIFETOTAL,13,23.024797439575195,2,0,7,5,5,4
0,DeathDescription.LIFETOTAL,10,26.946306228637695,6,5,1,3,0,7
1,DeathDescription.LIFETOTAL,11,31.279563903808594,6,5,1,6,6,1
0,DeathDescription.LIFETOTAL,12,29.706239700317383,2,4,7,6,4,3
0,DeathDescription.LIFETOTAL,10,22.77350425720215,5,5,2,4,4,4
1,DeathDescription.LIFETOTAL,13,25.87437629699707,5,3,5,7,5,2
1,DeathDescription.LIFETOTAL,13,48.937082290649414,7,4,2,4,5,5
1,DeathDescription.LIFETOTAL,13,30.975341796875,5,0,7,7,6,1
0,DeathDescription.LIFETOTAL,10,28.00583839416504,6,5,1,5,3,4
0,DeathDescription.LIFETOTAL,10,23.59771728515625,6,5,1,5,3,4
1,DeathDescription.LIFETOTAL,11,31.211376190185547,5,3,4,6,5,2
1,DeathDescription.LIFETOTAL,13,26.700735092163086,6,5,2,5,5,4
0,DeathDescription.LIFETOTAL,10,29.877185821533203,6,5,1,5,4,3
0,DeathDescription.LIFETOTAL,10,35.9644889831543,6,6,0,3,3,6
0,DeathDescription.LIFETOTAL,10,32.02557563781738,6,4,2,5,4,3
1,DeathDescription.LIFETOTAL,11,43.119192123413086,3,2,6,6,5,2
1,DeathDescription.LIFETOTAL,11,33.23078155517578,6,3,3,5,4,4
0,DeathDescription.LIFETOTAL,10,33.59341621398926,5,5,2,5,3,4
0,DeathDescription.LIFETOTAL,10,47.38140106201172,4,5,3,5,4,3
0,DeathDescription.LIFETOTAL,10,33.892154693603516,6,5,1,3,4,5
0,DeathDescription.LIFETOTAL,10,28.423547744750977,3,5,4,5,4,3
0,DeathDescription.LIFETOTAL,10,32.27639198303223,5,6,1,5,3,4
0,DeathDescription.LIFETOTAL,10,39.38937187194824,6,5,1,5,4,3
1,DeathDescription.LIFETOTAL,11,28.872966766357422,6,4,2,6,3,4
0,DeathDescription.LIFETOTAL,10,27.74810791015625,4,5,3,4,4,4
0,DeathDescription.LIFETOTAL,10,27.396202087402344,6,4,2,4,3,5
0,DeathDescription.LIFETOTAL,10,28.46813201904297,4,5,3,5,4,3
0,DeathDescription.LIFETOTAL,10,36.687374114990234,6,3,3,5,1,6
0,DeathDescription.LIFETOTAL,10,23.181438446044922,6,4,2,5,2,5
1,DeathDescription.LIFETOTAL,11,24.723529815673828,5,4,3,6,5,2
0,DeathDescription.LIFETOTAL,12,42.1142578125,5,6,2,2,3,6
0,DeathDescription.LIFETOTAL,10,24.158477783203125,5,5,2,5,3,4
1,DeathDescription.LIFETOTAL,11,24.814844131469727,6,4,2,6,6,1
0,DeathDescription.LIFETOTAL,10,28.266191482543945,5,5,2,5,2,5
0,DeathDescription.LIFETOTAL,10,30.872821807861328,5,5,2,5,2,5
0,DeathDescription.LIFETOTAL,10,26.701688766479492,6,5,1,4,3,5
0,DeathDescription.LIFETOTAL,12,29.378175735473633,7,5,1,6,4,3
0,DeathDescription.LIFETOTAL,10,26.925325393676758,6,5,1,5,2,5
0,DeathDescription.LIFETOTAL,10,46.22030258178711,4,4,4,3,4,5
0,DeathDescription.LIFETOTAL,12,32.654523849487305,6,5,2,6,5,2
0,DeathDescription.LIFETOTAL,10,32.52911567687988,5,5,2,4,3,5
1,DeathDescription.LIFETOTAL,11,23.71954917907715,5,5,2,5,6,2
1,DeathDescription.LIFETOTAL,11,34.93022918701172,6,4,2,4,5,4
1,DeathDescription.LIFETOTAL,11,34.99460220336914,6,5,1,6,5,2
0,DeathDescription.LIFETOTAL,10,42.244672775268555,6,4,2,5,3,4
1,DeathDescription.LIFETOTAL,11,24.717092514038086,6,4,2,6,4,3
0,DeathDescription.LIFETOTAL,10,36.243438720703125,6,5,1,5,4,3
1,DeathDescription.LIFETOTAL,11,26.978015899658203,6,5,1,6,5,2
0,DeathDescription.LIFETOTAL,10,30.4872989654541,3,5,4,4,4,4
1,DeathDescription.LIFETOTAL,11,26.981353759765625,3,0,7,6,4,3
1,DeathDescription.LIFETOTAL,11,36.73410415649414,6,5,1,6,5,2
0,DeathDescription.LIFETOTAL,10,29.396772384643555,6,4,2,5,4,3
0,DeathDescription.LIFETOTAL,10,22.902488708496094,3,5,4,5,5,2
0,DeathDescription.LIFETOTAL,10,22.062301635742188,5,5,2,4,3,5
0,DeathDescription.LIFETOTAL,10,28.752565383911133,6,5,1,3,3,6
0,DeathDescription.LIFETOTAL,10,24.62601661682129,4,5,3,5,5,2
0,DeathDescription.LIFETOTAL,10,36.931514739990234,6,4,2,4,2,6
0,DeathDescription.LIFETOTAL,10,31.85248374938965,6,5,1,5,3,4
0,DeathDescription.LIFETOTAL,10,40.74859619140625,4,4,4,5,3,4
1,DeathDescription.LIFETOTAL,11,23.896455764770508,6,4,2,5,5,3
1,DeathDescription.LIFETOTAL,11,23.401498794555664,6,4,2,6,5,2
0,DeathDescription.LIFETOTAL,12,34.32130813598633,4,6,3,6,4,3
1,DeathDescription.LIFETOTAL,11,41.31054878234863,6,5,1,4,5,4
1,DeathDescription.LIFETOTAL,11,35.13908386230469,3,4,5,6,6,1
0,DeathDescription.LIFETOTAL,12,34.00611877441406,7,5,1,6,1,6
0,DeathDescription.LIFETOTAL,10,28.299331665039062,6,4,2,5,5,2
0,DeathDescription.LIFETOTAL,10,49.98660087585449,6,5,1,4,3,5
1,DeathDescription.LIFETOTAL,11,30.99989891052246,4,4,4,5,5,3
0,DeathDescription.LIFETOTAL,14,37.81008720397949,7,4,3,6,6,2
1,DeathDescription.LIFETOTAL,11,44.13795471191406,4,4,4,5,5,3
1,DeathDescription.LIFETOTAL,11,32.0734977722168,6,4,2,5,5,3
1,DeathDescription.LIFETOTAL,13,30.960559844970703,4,1,6,6,4,4
1,DeathDescription.LIFETOTAL,11,34.18755531311035,6,4,2,6,4,3
1,DeathDescription.LIFETOTAL,11,37.87589073181152,4,0,7,5,5,3
0,DeathDescription.LIFETOTAL,10,34.38448905944824,5,5,2,5,4,3
1,DeathDescription.LIFETOTAL,11,39.5197868347168,5,5,2,5,5,3
0,DeathDescription.LIFETOTAL,10,32.43732452392578,6,5,1,4,5,3
0,DeathDescription.LIFETOTAL,10,39.6883487701416,6,4,2,4,4,4
0,DeathDescription.LIFETOTAL,10,22.76468276977539,4,5,3,5,4,3
0,DeathDescription.LIFETOTAL,10,28.670310974121094,5,6,1,4,3,5
1,DeathDescription.LIFETOTAL,13,35.274505615234375,3,0,7,7,5,2
0,DeathDescription.LIFETOTAL,10,34.265756607055664,6,5,1,5,1,6
0,DeathDescription.LIFETOTAL,10,28.235435485839844,6,5,1,5,2,5
1,DeathDescription.LIFETOTAL,11,38.265228271484375,3,0,7,5,5,3
0,DeathDescription.LIFETOTAL,12,46.33140563964844,4,5,4,2,0,7
0,DeathDescription.LIFETOTAL,10,28.370380401611328,5,4,3,5,2,5
0,DeathDescription.LIFETOTAL,10,27.695417404174805,5,5,2,3,3,6
0,DeathDescription.LIFETOTAL,10,24.109601974487305,4,6,2,4,4,4
1,DeathDescription.LIFETOTAL,11,44.78025436401367,3,0,7,4,5,4
0,DeathDescription.LIFETOTAL,10,27.996301651000977,5,5,2,5,3,4
0,DeathDescription.LIFETOTAL,10,31.344890594482422,5,6,1,5,4,3
0,DeathDescription.LIFETOTAL,10,49.02482032775879,5,5,2,5,4,3
0,DeathDescription.LIFETOTAL,12,25.832653045654297,7,5,1,6,4,3
1,DeathDescription.LIFETOTAL,13,25.119543075561523,4,3,5,7,5,2
1,DeathDescription.LIFETOTAL,11,24.12271499633789,5,3,4,6,5,2
1,DeathDescription.LIFETOTAL,13,26.92127227783203,4,0,7,7,5,2
0,DeathDescription.LIFETOTAL,12,46.27704620361328,3,4,6,6,3,4
1,DeathDescription.LIFETOTAL,15,35.93325614929199,8,6,0,7,7,1
1,DeathDescription.LIFETOTAL,11,25.086402893066406,6,3,3,6,4,3
1,DeathDescription.LIFETOTAL,11,36.21101379394531,4,4,4,6,5,2
1,DeathDescription.LIFETOTAL,11,36.77988052368164,6,5,1,6,5,2
1,DeathDescription.LIFETOTAL,11,23.65851402282715,5,5,2,6,5,2
1,DeathDescription.LIFETOTAL,13,25.803089141845703,4,5,4,7,4,3
0,DeathDescription.LIFETOTAL,10,34.55328941345215,6,5,1,4,3,5
1,DeathDescription.LIFETOTAL,11,29.326915740966797,5,3,4,4,5,4
1,DeathDescription.LIFETOTAL,11,22.30691909790039,2,0,7,4,5,4
1,DeathDescription.LIFETOTAL,11,24.135828018188477,6,4,2,5,5,3
1,DeathDescription.LIFETOTAL,11,33.10227394104004,5,4,3,6,5,2
0,DeathDescription.LIFETOTAL,10,24.672508239746094,6,5,1,4,3,5
1,DeathDescription.LIFETOTAL,13,27.619600296020508,4,4,4,7,5,2
0,DeathDescription.LIFETOTAL,10,35.34221649169922,6,5,1,5,4,3
1,DeathDescription.LIFETOTAL,11,22.489070892333984,6,4,2,5,5,3
1,DeathDescription.LIFETOTAL,11,34.082889556884766,4,4,4,5,4,4
1,DeathDescription.LIFETOTAL,15,48.45023155212402,3,4,5,7,6,2
0,DeathDescription.LIFETOTAL,12,35.09712219238281,4,5,4,5,5,3
1,DeathDescription.LIFETOTAL,11,32.89198875427246,6,5,1,4,5,4
0,DeathDescription.LIFETOTAL,10,31.978130340576172,6,4,2,5,0,7
0,DeathDescription.LIFETOTAL,12,25.510072708129883,6,6,1,6,2,5
0,DeathDescription.LIFETOTAL,10,22.40443229675293,6,5,1,5,3,4
0,DeathDescription.LIFETOTAL,10,53.27105522155762,6,5,1,5,1,6
0,DeathDescription.LIFETOTAL,10,27.88257598876953,6,4,2,4,4,4
1,DeathDescription.LIFETOTAL,13,25.988101959228516,7,4,2,6,6,2
0,DeathDescription.LIFETOTAL,10,24.055957794189453,6,5,1,5,4,3
1,DeathDescription.LIFETOTAL,11,34.07120704650879,4,4,4,6,5,2
1,DeathDescription.LIFETOTAL,11,39.93582725524902,4,4,4,4,5,4
0,DeathDescription.LIFETOTAL,10,22.250890731811523,6,4,2,5,4,3
1,DeathDescription.LIFETOTAL,11,23.255586624145508,3,4,5,5,5,3
0,DeathDescription.LIFETOTAL,10,36.1638069152832,5,5,2,5,4,3
0,DeathDescription.LIFETOTAL,10,43.41578483581543,6,4,2,5,2,5
0,DeathDescription.LIFETOTAL,16,27.898073196411133,4,5,5,7,6,2
1,DeathDescription.LIFETOTAL,13,26.634693145751953,4,4,4,7,5,2
0,DeathDescription.LIFETOTAL,10,47.411203384399414,5,4,3,5,5,2
1,DeathDescription.LIFETOTAL,15,36.075592041015625,8,4,2,8,5,2
0,DeathDescription.LIFETOTAL,10,32.27829933166504,6,4,2,5,4,3
0,DeathDescription.LIFETOTAL,10,22.870779037475586,5,5,2,4,3,5
1,DeathDescription.LIFETOTAL,11,31.65435791015625,4,4,4,6,5,2
1,DeathDescription.LIFETOTAL,17,36.022186279296875,3,1,6,8,7,1
0,DeathDescription.LIFETOTAL,10,37.8568172454834,5,5,2,5,4,3
0,DeathDescription.LIFETOTAL,14,27.120351791381836,5,5,3,5,5,4
0,DeathDescription.LIFETOTAL,12,33.54787826538086,6,5,2,6,4,3
0,DeathDescription.LIFETOTAL,12,37.6894474029541,6,5,2,6,5,2
0,DeathDescription.LIFETOTAL,10,35.4008674621582,6,5,1,5,4,3
0,DeathDescription.LIFETOTAL,12,42.758941650390625,4,5,4,5,4,4
0,DeathDescription.LIFETOTAL,12,36.34047508239746,7,6,0,5,5,3
0,DeathDescription.LIFETOTAL,10,47.865867614746094,3,5,4,5,3,4
0,DeathDescription.LIFETOTAL,10,32.53889083862305,5,5,2,3,4,5
1,DeathDescription.LIFETOTAL,11,34.35468673706055,5,5,2,6,4,3
0,DeathDescription.LIFETOTAL,10,33.63943099975586,6,4,2,4,2,6
0,DeathDescription.LIFETOTAL,10,21.840810775756836,5,5,2,5,3,4
0,DeathDescription.LIFETOTAL,10,28.868436813354492,4,5,3,4,5,3
1,DeathDescription.LIFETOTAL,13,28.977155685424805,4,2,6,7,6,1
0,DeathDescription.LIFETOTAL,10,22.88031578063965,4,5,3,5,4,3
0,DeathDescription.LIFETOTAL,10,32.37724304199219,4,5,3,4,4,4
1,DeathDescription.LIFETOTAL,11,23.407697677612305,6,4,2,6,6,1
0,DeathDescription.LIFETOTAL,12,32.152414321899414,6,6,1,5,3,5
0,DeathDescription.LIFETOTAL,10,32.362937927246094,5,5,2,5,3,4
0,DeathDescription.LIFETOTAL,10,21.04640007019043,4,5,3,5,2,5
0,DeathDescription.LIFETOTAL,12,30.383586883544922,7,4,2,5,6,2
0,DeathDescription.LIFETOTAL,10,40.8174991607666,5,5,2,4,4,4
1,DeathDescription.LIFETOTAL,11,29.445886611938477,6,5,1,6,5,2
0,DeathDescription.LIFETOTAL,10,27.78935432434082,5,5,2,4,4,4
0,DeathDescription.LIFETOTAL,10,58.86983871459961,6,5,1,5,4,3
0,DeathDescription.LIFETOTAL,10,34.41953659057617,6,5,1,5,4,3
0,DeathDescription.LIFETOTAL,10,28.643131256103516,4,5,3,4,4,4
1,DeathDescription.LIFETOTAL,11,23.417234420776367,6,1,5,5,5,3
0,DeathDescription.LIFETOTAL,14,31.56304359436035,3,5,5,7,5,2
0,DeathDescription.LIFETOTAL,10,49.55768585205078,5,5,2,4,4,4
1,DeathDescription.LIFETOTAL,11,25.09760856628418,6,4,2,4,6,3
0,DeathDescription.LIFETOTAL,12,28.628826141357422,3,4,6,5,0,7
0,DeathDescription.LIFETOTAL,10,37.63437271118164,5,4,3,5,4,3
0,DeathDescription.LIFETOTAL,10,29.68573570251465,6,5,1,5,0,7
0,DeathDescription.LIFETOTAL,12,29.37150001525879,6,5,2,5,5,3
1,DeathDescription.LIFETOTAL,11,29.065608978271484,4,2,6,6,5,2
0,DeathDescription.LIFETOTAL,10,27.250289916992188,6,5,1,4,4,4
0,DeathDescription.LIFETOTAL,12,42.87552833557129,5,7,1,6,3,4
0,DeathDescription.LIFETOTAL,10,28.34939956665039,6,5,1,5,4,3
1,DeathDescription.LIFETOTAL,11,50.345420837402344,6,4,2,6,5,2
0,DeathDescription.LIFETOTAL,10,33.81705284118652,5,5,2,5,3,4
0,DeathDescription.LIFETOTAL,12,31.429767608642578,4,5,4,5,4,4
1,DeathDescription.LIFETOTAL,11,28.50198745727539,3,1,6,6,5,2
0,DeathDescription.LIFETOTAL,12,29.068470001220703,7,6,0,6,3,4
1,DeathDescription.LIFETOTAL,11,28.18918228149414,5,3,4,5,5,3
0,DeathDescription.LIFETOTAL,10,29.60968017578125,4,6,2,5,5,2
0,DeathDescription.LIFETOTAL,10,33.63323211669922,4,6,2,4,4,4
0,DeathDescription.LIFETOTAL,10,27.564048767089844,4,5,3,5,3,4
0,DeathDescription.LIFETOTAL,10,27.89020538330078,5,5,2,5,3,4
1,DeathDescription.LIFETOTAL,13,37.915945053100586,2,4,6,7,6,1
0,DeathDescription.LIFETOTAL,10,29.056072235107422,6,4,2,5,3,4
0,DeathDescription.LIFETOTAL,10,28.29766273498535,6,5,1,5,4,3
0,DeathDescription.LIFETOTAL,10,24.573802947998047,5,5,2,5,3,4
0,DeathDescription.LIFETOTAL,12,41.42403602600098,7,3,3,5,3,5
0,DeathDescription.LIFETOTAL,12,35.62164306640625,6,6,1,5,5,3
1,DeathDescription.LIFETOTAL,11,28.323888778686523,3,2,6,6,5,2
1,DeathDescription.LIFETOTAL,11,46.08321189880371,3,4,5,6,5,2
0,DeathDescription.LIFETOTAL,10,35.33601760864258,6,4,2,3,4,5
1,DeathDescription.LIFETOTAL,11,29.238224029541016,4,0,7,4,5,4
0,DeathDescription.LIFETOTAL,10,53.598880767822266,6,5,1,5,4,3
0,DeathDescription.LIFETOTAL,10,32.93442726135254,6,5,1,5,3,4
0,DeathDescription.LIFETOTAL,10,36.52596473693848,6,5,1,5,4,3
0,DeathDescription.LIFETOTAL,10,38.27691078186035,3,5,4,5,4,3
1,DeathDescription.LIFETOTAL,11,22.809505462646484,4,4,4,6,4,3
1,DeathDescription.LIFETOTAL,11,29.189109802246094,5,5,2,6,5,2
1,DeathDescription.LIFETOTAL,11,29.593944549560547,5,5,2,5,5,3
1,DeathDescription.LIFETOTAL,11,35.11309623718262,6,5,1,6,4,3
0,DeathDescription.LIFETOTAL,10,38.15770149230957,6,4,2,5,3,4
0,DeathDescription.LIFETOTAL,12,37.81247138977051,6,6,1,6,3,4
0,DeathDescription.LIFETOTAL,10,23.051738739013672,6,3,3,5,4,3
1,DeathDescription.LIFETOTAL,11,33.116817474365234,5,3,4,3,5,5
1,DeathDescription.LIFETOTAL,11,42.665719985961914,3,0,7,6,5,2
0,DeathDescription.LIFETOTAL,10,34.491539001464844,4,5,3,5,4,3
1,DeathDescription.LIFETOTAL,11,38.92850875854492,6,5,1,6,5,2
0,DeathDescription.LIFETOTAL,10,23.85234832763672,6,4,2,4,3,5
1,DeathDescription.LIFETOTAL,11,23.123502731323242,5,1,6,6,4,3
0,DeathDescription.LIFETOTAL,10,45.08709907531738,3,5,4,4,4,4
0,DeathDescription.LIFETOTAL,12,33.81156921386719,2,5,6,5,2,5
0,DeathDescription.LIFETOTAL,12,30.750513076782227,7,6,0,6,5,2
1,DeathDescription.LIFETOTAL,13,30.37714958190918,7,3,3,7,5,2
0,DeathDescription.LIFETOTAL,10,34.24835205078125,6,5,1,4,2,6
1,DeathDescription.LIFETOTAL,11,24.02043342590332,5,2,5,6,5,2
0,DeathDescription.LIFETOTAL,10,22.63927459716797,3,5,4,5,3,4
0,DeathDescription.LIFETOTAL,10,32.15193748474121,3,5,4,5,3,4
1,DeathDescription.LIFETOTAL,11,37.20498085021973,5,5,2,6,6,1
0,DeathDescription.LIFETOTAL,10,27.684926986694336,5,5,2,2,0,7
0,DeathDescription.LIFETOTAL,12,37.264108657836914,6,6,1,6,4,3
0,DeathDescription.LIFETOTAL,10,22.619247436523438,4,5,3,5,3,4
1,DeathDescription.LIFETOTAL,13,25.178194046020508,4,2,5,7,6,1
1,DeathDescription.LIFETOTAL,11,37.05716133117676,6,4,2,6,5,2
0,DeathDescription.LIFETOTAL,12,32.094478607177734,5,5,3,6,5,2
0,DeathDescription.LIFETOTAL,10,32.71222114562988,6,5,1,5,4,3
1,DeathDescription.LIFETOTAL,11,39.74580764770508,3,2,5,6,6,1
0,DeathDescription.LIFETOTAL,10,26.881694793701172,5,4,3,4,2,6
0,DeathDescription.LIFETOTAL,10,21.49510383605957,6,5,1,5,3,4
1,DeathDescription.LIFETOTAL,11,39.80255126953125,4,4,4,4,5,4
1,DeathDescription.LIFETOTAL,23,54.38232421875,5,5,3,9,7,1
1,DeathDescription.LIFETOTAL,11,28.280258178710938,4,4,4,6,5,2
1,DeathDescription.LIFETOTAL,11,23.289203643798828,6,3,3,5,5,3
0,DeathDescription.LIFETOTAL,14,50.080299377441406,4,5,5,4,1,6
0,DeathDescription.LIFETOTAL,10,39.1688346862793,4,5,3,4,5,3
0,DeathDescription.LIFETOTAL,10,27.977705001831055,6,5,1,5,3,4
0,DeathDescription.LIFETOTAL,12,23.62513542175293,5,6,2,6,5,2
1,DeathDescription.LIFETOTAL,11,34.42740440368652,5,4,3,6,4,3
1,DeathDescription.LIFETOTAL,11,38.07711601257324,6,4,2,5,5,3
0,DeathDescription.LIFETOTAL,10,33.402204513549805,6,3,3,5,3,4
0,DeathDescription.LIFETOTAL,12,24.77121353149414,5,4,4,6,3,4
0,DeathDescription.LIFETOTAL,10,21.821022033691406,6,5,1,5,3,4
1,DeathDescription.LIFETOTAL,13,41.46432876586914,2,0,7,5,5,4
1,DeathDescription.LIFETOTAL,11,33.844709396362305,5,1,6,6,5,2
1,DeathDescription.LIFETOTAL,11,23.649215698242188,6,3,3,6,5,2
1,DeathDescription.LIFETOTAL,15,28.33867073059082,6,1,6,8,4,3
1,DeathDescription.LIFETOTAL,11,44.91996765136719,5,3,4,3,5,5
0,DeathDescription.LIFETOTAL,10,22.47762680053711,5,5,2,4,4,4
0,DeathDescription.LIFETOTAL,10,27.247905731201172,4,5,3,5,3,4
0,DeathDescription.LIFETOTAL,10,25.828838348388672,6,5,1,4,0,7
0,DeathDescription.LIFETOTAL,10,49.738407135009766,4,5,3,5,2,5
0,DeathDescription.LIFETOTAL,12,36.11326217651367,6,6,1,6,4,3
0,DeathDescription.LIFETOTAL,10,27.458906173706055,3,5,4,5,4,3
1,DeathDescription.LIFETOTAL,11,22.670984268188477,6,5,1,3,5,5
1,DeathDescription.LIFETOTAL,11,36.52167320251465,6,3,3,5,5,3
0,DeathDescription.LIFETOTAL,12,30.260562896728516,6,6,1,4,2,6
0,DeathDescription.LIFETOTAL,12,25.26378631591797,4,6,3,6,4,3
1,DeathDescription.LIFETOTAL,11,44.45934295654297,6,4,2,5,5,3
1,DeathDescription.LIFETOTAL,11,41.079044342041016,6,3,3,6,4,3
0,DeathDescription.LIFETOTAL,10,22.089242935180664,5,6,1,5,0,7
0,DeathDescription.LIFETOTAL,12,23.630380630493164,7,3,3,6,5,2
1,DeathDescription.LIFETOTAL,11,33.56814384460449,6,4,2,6,4,3
1,DeathDescription.LIFETOTAL,11,71.11954689025879,5,0,7,6,6,1
1,DeathDescription.LIFETOTAL,11,28.60713005065918,3,2,5,6,5,2
0,DeathDescription.LIFETOTAL,12,25.927066802978516,6,5,2,6,5,2
0,DeathDescription.LIFETOTAL,10,21.863937377929688,3,5,4,5,3,4
0,DeathDescription.LIFETOTAL,12,27.26125717163086,5,6,2,6,0,7
0,DeathDescription.LIFETOTAL,10,47.653913497924805,3,5,4,5,4,3
0,DeathDescription.LIFETOTAL,10,21.636962890625,6,4,2,5,3,4
0,DeathDescription.LIFETOTAL,12,35.15481948852539,4,5,4,6,4,3
0,DeathDescription.LIFETOTAL,10,30.835866928100586,5,5,2,3,4,5
0,DeathDescription.LIFETOTAL,10,24.48868751525879,5,5,2,5,4,3
0,DeathDescription.LIFETOTAL,10,28.143644332885742,5,6,1,4,4,4
0,DeathDescription.LIFETOTAL,10,33.350229263305664,5,6,1,5,3,4
0,DeathDescription.LIFETOTAL,12,33.699750900268555,5,5,3,5,5,3
0,DeathDescription.LIFETOTAL,10,22.811174392700195,4,5,3,3,4,5
0,DeathDescription.LIFETOTAL,10,28.43022346496582,6,5,1,5,3,4
0,DeathDescription.LIFETOTAL,10,28.132200241088867,3,5,4,4,4,4
0,DeathDescription.LIFETOTAL,12,86.07912063598633,7,4,2,6,4,3
0,DeathDescription.LIFETOTAL,10,22.62258529663086,5,5,2,5,2,5
1,DeathDescription.LIFETOTAL,11,26.636838912963867,6,3,3,6,5,2
0,DeathDescription.LIFETOTAL,12,33.00166130065918,5,5,3,6,4,3
0,DeathDescription.LIFETOTAL,12,50.90785026550293,7,4,2,6,5,2
0,DeathDescription.LIFETOTAL,12,31.469106674194336,7,4,2,6,5,2
0,DeathDescription.LIFETOTAL,10,27.741432189941406,6,4,2,5,4,3
0,DeathDescription.LIFETOTAL,10,40.38238525390625,5,5,2,5,4,3
1,DeathDescription.LIFETOTAL,11,40.04716873168945,5,4,3,6,4,3
0,DeathDescription.LIFETOTAL,10,24.558305740356445,5,5,2,5,2,5
0,DeathDescription.LIFETOTAL,10,38.2997989654541,4,5,3,5,4,3
1,DeathDescription.LIFETOTAL,11,34.54470634460449,6,4,2,6,5,2
1,DeathDescription.LIFETOTAL,11,28.223514556884766,4,3,5,5,6,2
0,DeathDescription.LIFETOTAL,10,46.51761054992676,6,5,1,5,4,3
0,DeathDescription.LIFETOTAL,10,22.347688674926758,6,5,1,4,3,5
0,DeathDescription.LIFETOTAL,10,21.414518356323242,6,5,1,4,3,5
0,DeathDescription.LIFETOTAL,10,22.208213806152344,6,4,2,5,2,5
0,DeathDescription.LIFETOTAL,12,47.49107360839844,7,4,2,6,4,3
0,DeathDescription.LIFETOTAL,12,35.93945503234863,6,6,1,6,5,2
1,DeathDescription.LIFETOTAL,13,25.512218475341797,6,4,3,6,6,2
0,DeathDescription.LIFETOTAL,10,37.72711753845215,6,5,1,5,3,4
1,DeathDescription.LIFETOTAL,11,52.58822441101074,5,3,4,5,5,3
0,DeathDescription.LIFETOTAL,10,23.58722686767578,6,4,2,5,4,3
1,DeathDescription.LIFETOTAL,11,38.33174705505371,4,4,4,4,5,4
0,DeathDescription.LIFETOTAL,10,45.24350166320801,6,5,1,5,0,7
0,DeathDescription.LIFETOTAL,12,27.081727981567383,7,5,1,5,5,3
0,DeathDescription.LIFETOTAL,10,22.4764347076416,5,4,3,5,4,3
0,DeathDescription.LIFETOTAL,10,21.720409393310547,6,4,2,3,4,5
1,DeathDescription.LIFETOTAL,11,29.05583381652832,1,0,7,6,5,2
1,DeathDescription.LIFETOTAL,13,43.97249221801758,5,5,3,6,5,3
0,DeathDescription.LIFETOTAL,10,21.34108543395996,6,5,1,5,2,5
1,DeathDescription.LIFETOTAL,11,38.75732421875,6,4,2,6,4,3
1,DeathDescription.LIFETOTAL,11,36.10682487487793,3,4,5,5,7,1
0,DeathDescription.LIFETOTAL,12,30.174732208251953,7,6,0,4,0,7
0,DeathDescription.LIFETOTAL,10,28.275728225708008,6,5,1,5,4,3
0,DeathDescription.LIFETOTAL,10,22.5980281829834,4,4,4,5,4,3
0,DeathDescription.LIFETOTAL,10,22.487163543701172,5,7,0,2,0,7
0,DeathDescription.LIFETOTAL,14,37.32132911682129,8,6,0,7,2,5
0,DeathDescription.LIFETOTAL,10,25.508880615234375,6,6,0,5,4,3
1,DeathDescription.LIFETOTAL,11,24.20496940612793,6,3,3,6,4,3
1,DeathDescription.LIFETOTAL,11,40.34686088562012,3,4,5,3,5,5
0,DeathDescription.LIFETOTAL,10,34.42072868347168,3,5,4,4,4,4
0,DeathDescription.LIFETOTAL,10,30.33900260925293,5,5,2,5,3,4
1,DeathDescription.LIFETOTAL,11,25.23946762084961,6,3,3,5,4,4
1,DeathDescription.LIFETOTAL,11,32.22966194152832,6,3,3,5,5,3
0,DeathDescription.LIFETOTAL,12,28.13243865966797,7,5,1,5,4,4
0,DeathDescription.LIFETOTAL,10,24.843215942382812,4,5,3,5,4,3
0,DeathDescription.LIFETOTAL,10,26.22532844543457,6,5,1,4,4,4
0,DeathDescription.LIFETOTAL,10,45.68648338317871,5,5,2,5,2,5
1,DeathDescription.LIFETOTAL,13,26.48019790649414,7,3,3,6,6,2
0,DeathDescription.LIFETOTAL,10,31.9976806640625,6,3,3,4,1,6
1,DeathDescription.LIFETOTAL,11,26.765108108520508,3,4,5,4,5,4
0,DeathDescription.LIFETOTAL,10,58.652639389038086,6,4,2,5,1,6
0,DeathDescription.LIFETOTAL,12,40.33923149108887,7,4,2,6,4,3
0,DeathDescription.LIFETOTAL,10,23.502111434936523,6,5,1,5,3,4
0,DeathDescription.LIFETOTAL,12,29.79755401611328,6,6,1,5,4,4
0,DeathDescription.LIFETOTAL,10,50.39024353027344,4,5,3,5,4,3
1,DeathDescription.LIFETOTAL,11,29.769420623779297,6,4,2,5,6,2
0,DeathDescription.LIFETOTAL,12,28.389453887939453,5,6,2,2,0,7
0,DeathDescription.LIFETOTAL,10,38.042545318603516,6,5,1,5,2,5
0,DeathDescription.LIFETOTAL,10,36.45777702331543,5,5,2,5,4,3
0,DeathDescription.LIFETOTAL,12,28.14793586730957,6,6,1,5,4,4
0,DeathDescription.LIFETOTAL,10,25.231122970581055,6,5,1,5,4,3
0,DeathDescription.LIFETOTAL,10,40.07411003112793,6,4,2,4,4,4
0,DeathDescription.LIFETOTAL,10,44.706106185913086,3,5,4,4,3,5
1,DeathDescription.LIFETOTAL,11,34.18159484863281,4,4,4,6,5,2
1,DeathDescription.LIFETOTAL,11,28.54323387145996,6,5,1,5,5,3
0,DeathDescription.LIFETOTAL,10,34.723520278930664,5,5,2,2,2,6
1,DeathDescription.LIFETOTAL,13,42.16885566711426,7,3,3,6,6,2
0,DeathDescription.LIFETOTAL,10,33.451080322265625,6,5,1,4,4,4
1,DeathDescription.LIFETOTAL,11,39.9930477142334,5,4,3,4,5,4
1,DeathDescription.LIFETOTAL,13,51.47981643676758,7,4,2,7,3,4
0,DeathDescription.LIFETOTAL,10,31.505823135375977,4,5,3,4,3,4
0,DeathDescription.LIFETOTAL,10,44.542551040649414,3,4,5,5,3,4
0,DeathDescription.LIFETOTAL,12,29.48904037475586,3,5,5,5,4,4
1,DeathDescription.LIFETOTAL,13,34.67392921447754,4,3,6,6,5,3
0,DeathDescription.LIFETOTAL,12,42.50693321228027,5,4,4,6,5,2
0,DeathDescription.LIFETOTAL,10,38.44928741455078,6,5,1,5,4,3
1,DeathDescription.LIFETOTAL,11,23.530244827270508,4,0,7,6,5,2
0,DeathDescription.LIFETOTAL,10,48.08211326599121,5,5,2,5,3,4
0,DeathDescription.LIFETOTAL,12,47.28364944458008,6,6,1,6,4,3
1,DeathDescription.LIFETOTAL,11,24.72710609436035,6,3,3,4,5,4
0,DeathDescription.LIFETOTAL,10,36.32354736328125,5,6,1,4,1,6
0,DeathDescription.LIFETOTAL,10,23.285865783691406,6,4,2,5,4,3
0,DeathDescription.LIFETOTAL,10,31.766891479492188,6,4,2,4,5,3
1,DeathDescription.LIFETOTAL,11,24.60002899169922,6,3,3,6,5,2
1,DeathDescription.LIFETOTAL,11,41.7780876159668,6,5,1,6,5,2
1,DeathDescription.LIFETOTAL,13,26.446104049682617,6,3,4,5,7,2
0,DeathDescription.LIFETOTAL,12,25.59518814086914,6,5,2,5,4,4
0,DeathDescription.LIFETOTAL,12,31.119585037231445,4,5,4,6,4,3
0,DeathDescription.LIFETOTAL,12,40.099143981933594,6,4,3,4,0,7
1,DeathDescription.LIFETOTAL,11,35.03727912902832,5,4,3,4,5,4
0,DeathDescription.LIFETOTAL,10,21.45075798034668,6,5,1,5,3,4
0,DeathDescription.LIFETOTAL,10,33.164262771606445,6,3,3,5,4,3
1,DeathDescription.LIFETOTAL,11,36.52071952819824,6,3,3,6,6,1
1,DeathDescription.LIFETOTAL,11,24.626493453979492,6,3,3,4,4,5
1,DeathDescription.LIFETOTAL,11,30.204057693481445,6,4,2,6,4,3
0,DeathDescription.LIFETOTAL,10,28.985977172851562,3,5,4,3,4,5
0,DeathDescription.LIFETOTAL,10,49.81827735900879,6,4,2,5,4,3
0,DeathDescription.LIFETOTAL,10,37.84489631652832,5,5,2,5,4,3
1,DeathDescription.LIFETOTAL,11,28.751373291015625,6,3,3,6,4,3
0,DeathDescription.LIFETOTAL,10,32.69791603088379,6,4,2,4,4,4
0,DeathDescription.LIFETOTAL,10,30.704259872436523,5,5,2,4,0,7
0,DeathDescription.LIFETOTAL,10,27.580976486206055,4,5,3,5,4,3
0,DeathDescription.LIFETOTAL,10,32.12594985961914,4,5,3,4,3,4
1,DeathDescription.LIFETOTAL,11,29.88719940185547,4,5,3,6,5,2
0,DeathDescription.LIFETOTAL,12,50.56118965148926,4,5,4,6,5,2
1,DeathDescription.LIFETOTAL,11,38.921356201171875,6,2,4,5,6,2
1,DeathDescription.LIFETOTAL,11,28.766632080078125,4,4,4,5,6,2
0,DeathDescription.LIFETOTAL,12,40.18878936767578,5,6,2,5,3,4
1,DeathDescription.LIFETOTAL,11,40.63558578491211,2,0,7,6,6,1
1,DeathDescription.LIFETOTAL,11,35.21537780761719,3,3,6,6,5,2
0,DeathDescription.LIFETOTAL,12,29.18863296508789,7,5,1,6,0,7
0,DeathDescription.LIFETOTAL,10,38.00177574157715,4,5,3,5,4,3
0,DeathDescription.LIFETOTAL,10,43.32756996154785,3,5,4,5,4,3
0,DeathDescription.LIFETOTAL,10,32.09567070007324,6,5,1,5,1,6
0,DeathDescription.LIFETOTAL,14,46.96083068847656,6,5,3,5,0,7
0,DeathDescription.LIFETOTAL,12,30.312299728393555,3,5,5,6,5,2
0,DeathDescription.LIFETOTAL,10,26.811838150024414,5,4,3,5,5,2
0,DeathDescription.LIFETOTAL,12,31.294584274291992,5,5,3,3,0,7
0,DeathDescription.LIFETOTAL,10,33.71572494506836,5,5,2,4,4,4
1,DeathDescription.LIFETOTAL,11,23.870468139648438,4,4,4,5,6,2
1,DeathDescription.LIFETOTAL,11,24.033546447753906,5,3,4,6,6,1
0,DeathDescription.LIFETOTAL,10,31.30936622619629,4,5,3,5,4,3
1,DeathDescription.LIFETOTAL,11,30.364513397216797,6,3,3,6,4,3
1,DeathDescription.LIFETOTAL,11,49.538612365722656,5,5,2,5,5,3
0,DeathDescription.LIFETOTAL,10,21.821260452270508,6,5,1,4,3,5
1,DeathDescription.LIFETOTAL,11,47.52826690673828,6,4,2,6,5,2
1,DeathDescription.LIFETOTAL,11,29.408931732177734,6,5,1,6,4,3
0,DeathDescription.LIFETOTAL,10,43.43271255493164,6,5,1,5,4,3
1,DeathDescription.LIFETOTAL,11,28.17821502685547,6,4,2,6,5,2
1,DeathDescription.LIFETOTAL,11,37.90283203125,6,4,2,6,5,2
0,DeathDescription.LIFETOTAL,10,43.244123458862305,6,4,2,5,5,2
1,DeathDescription.LIFETOTAL,11,28.780221939086914,6,3,3,4,5,4
0,DeathDescription.LIFETOTAL,10,28.75804901123047,6,5,1,5,0,7
0,DeathDescription.LIFETOTAL,12,33.844947814941406,7,5,1,2,4,7
1,DeathDescription.LIFETOTAL,11,26.5655517578125,6,5,1,6,5,2
1,DeathDescription.LIFETOTAL,13,27.208328247070312,6,0,7,5,5,4
1,DeathDescription.LIFETOTAL,11,32.2575569152832,5,4,3,3,5,5
0,DeathDescription.LIFETOTAL,12,35.51793098449707,3,5,5,6,4,3
1,DeathDescription.LIFETOTAL,13,25.026321411132812,4,4,5,7,4,3
1,DeathDescription.LIFETOTAL,11,28.521060943603516,5,6,1,5,5,3
0,DeathDescription.LIFETOTAL,10,56.64372444152832,5,5,2,5,4,3
0,DeathDescription.LIFETOTAL,12,25.371074676513672,7,4,2,4,4,5
1,DeathDescription.LIFETOTAL,11,25.48050880432129,6,3,3,5,5,3
1,DeathDescription.LIFETOTAL,15,25.810718536376953,2,0,7,7,6,2
0,DeathDescription.LIFETOTAL,10,34.623146057128906,6,5,1,3,4,5
0,DeathDescription.LIFETOTAL,12,27.004241943359375,6,4,3,6,3,4
0,DeathDescription.LIFETOTAL,10,27.91619300842285,5,5,2,4,4,4
0,DeathDescription.LIFETOTAL,12,33.96868705749512,7,4,2,4,3,6
0,DeathDescription.LIFETOTAL,10,39.229393005371094,6,5,1,5,2,5
1,DeathDescription.LIFETOTAL,11,24.99842643737793,4,4,4,6,5,2
0,DeathDescription.LIFETOTAL,10,43.431758880615234,5,6,1,5,4,3
1,DeathDescription.LIFETOTAL,11,33.63990783691406,6,4,2,5,6,2
0,DeathDescription.LIFETOTAL,10,35.30764579772949,6,4,2,5,3,4
0,DeathDescription.LIFETOTAL,10,26.40819549560547,5,5,2,2,0,7
0,DeathDescription.LIFETOTAL,10,28.46360206604004,6,5,1,5,4,3
1,DeathDescription.LIFETOTAL,11,29.253244400024414,4,4,4,3,4,6
1,DeathDescription.LIFETOTAL,11,36.32497787475586,3,4,5,6,4,3
0,DeathDescription.LIFETOTAL,10,38.74468803405762,6,4,2,5,2,5
0,DeathDescription.LIFETOTAL,10,23.029088973999023,4,6,2,5,3,4
0,DeathDescription.LIFETOTAL,10,27.25052833557129,6,5,1,5,3,4
0,DeathDescription.LIFETOTAL,12,26.155471801757812,7,5,1,2,3,7
1,DeathDescription.LIFETOTAL,11,34.48319435119629,4,3,5,5,6,2
1,DeathDescription.LIFETOTAL,11,36.06724739074707,2,2,6,6,4,3
1,DeathDescription.LIFETOTAL,11,23.256540298461914,6,3,3,3,5,5
0,DeathDescription.LIFETOTAL,10,45.142412185668945,4,5,3,5,4,3
1,DeathDescription.LIFETOTAL,11,34.79933738708496,4,4,4,4,4,5
1,DeathDescription.LIFETOTAL,11,23.099899291992188,6,3,3,5,5,3
1,DeathDescription.LIFETOTAL,11,22.515535354614258,4,1,6,6,5,2
1,DeathDescription.LIFETOTAL,11,45.38464546203613,6,4,2,5,5,3
0,DeathDescription.LIFETOTAL,10,23.10967445373535,4,5,3,5,3,4
1,DeathDescription.LIFETOTAL,11,23.279666900634766,6,4,2,6,6,1
1,DeathDescription.LIFETOTAL,11,31.75806999206543,2,0,7,4,5,4
0,DeathDescription.LIFETOTAL,10,27.81844139099121,5,5,2,5,3,4
1,DeathDescription.LIFETOTAL,13,35.337209701538086,6,5,2,6,5,3
1,DeathDescription.LIFETOTAL,11,29.71363067626953,6,4,2,3,5,5
0,DeathDescription.LIFETOTAL,10,31.710386276245117,5,4,3,5,3,4
0,DeathDescription.LIFETOTAL,10,39.93511199951172,6,4,2,4,3,5
0,DeathDescription.LIFETOTAL,12,27.572154998779297,6,5,2,6,4,3
0,DeathDescription.LIFETOTAL,10,23.756027221679688,4,6,2,5,3,4
0,DeathDescription.LIFETOTAL,12,34.22093391418457,6,6,1,5,3,5
1,DeathDescription.LIFETOTAL,13,35.17460823059082,6,4,3,7,6,1
0,DeathDescription.LIFETOTAL,10,35.04753112792969,6,5,1,5,1,6
0,DeathDescription.LIFETOTAL,10,29.372215270996094,5,5,2,4,3,5
0,DeathDescription.LIFETOTAL,10,42.54269599914551,3,5,4,5,3,4
0,DeathDescription.LIFETOTAL,12,32.52696990966797,5,5,3,6,3,4
1,DeathDescription.LIFETOTAL,11,35.31908988952637,4,4,4,5,5,3
1,DeathDescription.LIFETOTAL,11,33.516883850097656,6,2,4,6,6,1
0,DeathDescription.LIFETOTAL,10,28.159141540527344,5,5,2,4,3,5
0,DeathDescription.LIFETOTAL,12,47.00207710266113,7,4,2,6,4,3
1,DeathDescription.LIFETOTAL,11,24.140119552612305,3,3,6,4,5,4
1,DeathDescription.LIFETOTAL,11,48.63929748535156,5,4,3,4,5,4
0,DeathDescription.LIFETOTAL,10,22.439002990722656,5,5,2,4,4,4
1,DeathDescription.LIFETOTAL,11,26.306629180908203,6,3,3,6,5,2
0,DeathDescription.LIFETOTAL,10,29.52742576599121,6,5,1,4,3,5
0,DeathDescription.LIFETOTAL,10,21.135807037353516,3,5,4,4,3,4
1,DeathDescription.LIFETOTAL,11,43.23768615722656,6,4,2,4,4,5
1,DeathDescription.LIFETOTAL,11,36.23366355895996,2,2,7,6,4,3
0,DeathDescription.LIFETOTAL,10,26.85689926147461,5,5,2,4,4,4
0,DeathDescription.LIFETOTAL,10,33.22100639343262,5,5,2,5,4,3
0,DeathDescription.LIFETOTAL,10,32.22990036010742,5,5,2,5,3,4
0,DeathDescription.LIFETOTAL,10,45.70341110229492,5,4,3,5,2,5
1,DeathDescription.LIFETOTAL,11,41.76807403564453,5,4,3,5,5,3
0,DeathDescription.LIFETOTAL,10,35.36343574523926,4,5,3,5,4,3
0,DeathDescription.LIFETOTAL,16,28.185367584228516,4,5,5,7,1,6
0,DeathDescription.LIFETOTAL,12,48.757314682006836,5,6,2,5,5,3
0,DeathDescription.LIFETOTAL,10,27.228355407714844,5,4,3,3,3,6
1,DeathDescription.LIFETOTAL,13,40.56048393249512,4,4,5,5,6,3
0,DeathDescription.LIFETOTAL,14,31.331777572631836,8,6,0,5,3,5
0,DeathDescription.LIFETOTAL,10,24.027585983276367,5,5,2,5,3,4
0,DeathDescription.LIFETOTAL,12,24.812936782836914,7,6,0,5,4,3
1,DeathDescription.LIFETOTAL,11,27.781963348388672,6,2,4,2,5,6
0,DeathDescription.LIFETOTAL,12,44.281721115112305,7,4,2,4,4,5
1,DeathDescription.LIFETOTAL,13,35.93587875366211,2,2,6,7,6,1
1,DeathDescription.LIFETOTAL,11,33.34164619445801,6,4,2,5,7,1
0,DeathDescription.LIFETOTAL,10,20.59149742126465,6,5,1,2,0,7
1,DeathDescription.LIFETOTAL,11,31.80861473083496,5,5,2,6,6,1
0,DeathDescription.LIFETOTAL,12,25.246143341064453,5,5,3,6,4,3
1,DeathDescription.LIFETOTAL,13,27.846813201904297,5,7,1,7,5,2
1,DeathDescription.LIFETOTAL,13,37.27412223815918,7,4,2,6,6,2
1,DeathDescription.LIFETOTAL,11,45.8526611328125,4,0,7,4,6,3
0,DeathDescription.LIFETOTAL,10,25.422096252441406,3,5,4,5,3,4
1,DeathDescription.LIFETOTAL,11,26.012659072875977,4,4,4,6,4,3
0,DeathDescription.LIFETOTAL,10,30.90834617614746,6,5,1,5,0,7
1,DeathDescription.LIFETOTAL,11,54.120779037475586,5,3,4,6,5,2
1,DeathDescription.LIFETOTAL,11,25.52032470703125,3,4,5,5,7,1
1,DeathDescription.LIFETOTAL,11,28.582334518432617,4,3,5,6,5,2
0,DeathDescription.LIFETOTAL,12,41.08738899230957,5,5,3,4,4,5
0,DeathDescription.LIFETOTAL,10,44.96431350708008,5,6,1,5,2,5
1,DeathDescription.LIFETOTAL,11,24.520158767700195,4,3,5,6,5,2
0,DeathDescription.LIFETOTAL,10,27.04763412475586,6,6,0,5,3,4
0,DeathDescription.LIFETOTAL,10,28.0301570892334,5,4,3,5,2,5
0,DeathDescription.LIFETOTAL,10,35.097599029541016,6,5,1,4,3,5
1,DeathDescription.LIFETOTAL,13,35.87698936462402,4,0,7,5,4,5
0,DeathDescription.LIFETOTAL,12,23.822784423828125,7,5,1,4,0,7
0,DeathDescription.LIFETOTAL,12,41.388511657714844,7,4,2,4,4,5
1,DeathDescription.LIFETOTAL,11,41.85771942138672,6,5,1,6,6,1
0,DeathDescription.LIFETOTAL,10,47.80459403991699,4,5,3,2,3,7
0,DeathDescription.LIFETOTAL,10,27.368545532226562,4,5,3,5,2,5
0,DeathDescription.LIFETOTAL,10,22.395849227905273,6,5,1,5,3,4
1,DeathDescription.LIFETOTAL,11,36.83066368103027,6,4,2,6,6,1
0,DeathDescription.LIFETOTAL,12,40.46225547790527,5,5,3,5,3,5
1,DeathDescription.LIFETOTAL,11,23.384571075439453,5,4,3,5,5,3
0,DeathDescription.LIFETOTAL,12,42.15431213378906,6,6,1,6,4,3
1,DeathDescription.LIFETOTAL,11,28.468847274780273,6,4,2,6,5,2
0,DeathDescription.LIFETOTAL,10,26.35979652404785,4,5,3,5,2,5
0,DeathDescription.LIFETOTAL,10,42.80972480773926,3,5,4,5,3,4
0,DeathDescription.LIFETOTAL,10,39.58320617675781,6,5,1,5,3,4
1,DeathDescription.LIFETOTAL,11,29.80351448059082,6,4,2,6,5,2
0,DeathDescription.LIFETOTAL,10,27.23979949951172,6,5,1,5,4,3
0,DeathDescription.LIFETOTAL,12,24.483680725097656,6,5,2,5,4,4
0,DeathDescription.LIFETOTAL,10,65.3533935546875,5,7,0,5,5,2
0,DeathDescription.LIFETOTAL,12,31.06546401977539,6,5,2,5,3,5
1,DeathDescription.LIFETOTAL,11,59.75651741027832,6,4,2,6,5,2
0,DeathDescription.LIFETOTAL,10,24.080753326416016,3,5,4,5,3,4
0,DeathDescription.LIFETOTAL,10,34.39760208129883,5,6,1,5,3,4
1,DeathDescription.LIFETOTAL,11,38.303375244140625,3,0,7,6,5,2
1,DeathDescription.LIFETOTAL,11,22.945880889892578,5,2,5,6,6,1
0,DeathDescription.LIFETOTAL,10,22.492408752441406,6,4,2,5,3,4
0,DeathDescription.LIFETOTAL,10,25.522470474243164,4,5,3,5,3,4
0,DeathDescription.LIFETOTAL,10,34.461259841918945,4,5,3,4,4,4
0,DeathDescription.LIFETOTAL,10,23.186683654785156,4,5,3,5,4,3
0,DeathDescription.LIFETOTAL,20,35.83049774169922,6,6,3,2,0,7
0,DeathDescription.LIFETOTAL,12,50.42719841003418,5,5,3,4,0,7
0,DeathDescription.LIFETOTAL,10,23.86188507080078,5,5,2,4,4,4
0,DeathDescription.LIFETOTAL,10,29.00075912475586,6,6,0,5,3,4
0,DeathDescription.LIFETOTAL,12,30.569791793823242,5,5,3,6,3,4
0,DeathDescription.LIFETOTAL,12,31.32796287536621,4,5,4,6,4,3
0,DeathDescription.LIFETOTAL,10,34.24787521362305,4,5,3,5,3,4
0,DeathDescription.LIFETOTAL,10,27.90093421936035,5,5,2,5,2,5
0,DeathDescription.LIFETOTAL,10,22.40586280822754,4,5,3,4,4,4
0,DeathDescription.LIFETOTAL,10,29.4802188873291,5,4,3,4,4,4
0,DeathDescription.LIFETOTAL,12,24.16372299194336,5,5,3,3,2,6
0,DeathDescription.LIFETOTAL,16,28.72300148010254,9,6,0,3,4,5
1,DeathDescription.LIFETOTAL,13,30.46393394470215,5,3,5,5,5,4
0,DeathDescription.LIFETOTAL,10,30.233144760131836,6,4,2,5,3,4
1,DeathDescription.LIFETOTAL,13,27.44889259338379,6,4,3,3,5,5
0,DeathDescription.LIFETOTAL,10,23.49233627319336,6,4,2,5,5,2
0,DeathDescription.LIFETOTAL,10,32.97924995422363,5,5,2,4,4,4
0,DeathDescription.LIFETOTAL,12,36.08846664428711,5,5,3,3,0,7
0,DeathDescription.LIFETOTAL,10,53.65180969238281,6,4,2,5,4,3
0,DeathDescription.LIFETOTAL,10,22.003650665283203,5,5,2,4,3,5
0,DeathDescription.LIFETOTAL,12,24.2311954498291,7,6,0,6,4,3
1,DeathDescription.LIFETOTAL,11,40.12012481689453,6,5,1,6,6,1
0,DeathDescription.LIFETOTAL,12,41.114091873168945,7,6,0,6,3,4
1,DeathDescription.LIFETOTAL,11,39.58535194396973,6,4,2,6,5,2
0,DeathDescription.LIFETOTAL,10,28.261661529541016,5,5,2,5,3,4
0,DeathDescription.LIFETOTAL,12,38.53440284729004,5,6,2,6,4,3
1,DeathDescription.LIFETOTAL,15,46.636104583740234,6,3,4,8,6,1
0,DeathDescription.LIFETOTAL,10,23.732662200927734,6,5,1,4,0,7
0,DeathDescription.LIFETOTAL,10,23.2241153717041,4,6,2,4,3,5
1,DeathDescription.LIFETOTAL,11,37.54758834838867,6,3,3,6,5,2
0,DeathDescription.LIFETOTAL,10,22.066593170166016,4,5,3,5,0,7
0,DeathDescription.LIFETOTAL,10,20.97916603088379,4,5,3,5,4,3
1,DeathDescription.LIFETOTAL,15,37.07075119018555,4,0,7,6,6,3
0,DeathDescription.LIFETOTAL,10,49.368858337402344,6,4,2,5,3,4
0,DeathDescription.LIFETOTAL,10,32.58800506591797,3,5,4,5,2,5
0,DeathDescription.LIFETOTAL,10,42.91534423828125,6,5,1,5,3,4
1,DeathDescription.LIFETOTAL,11,25.19083023071289,4,6,2,5,5,3
0,DeathDescription.LIFETOTAL,10,35.574913024902344,6,4,2,5,3,4
0,DeathDescription.LIFETOTAL,10,24.007081985473633,6,6,0,5,3,4
0,DeathDescription.LIFETOTAL,12,30.202388763427734,4,5,4,6,4,3
1,DeathDescription.LIFETOTAL,11,23.38242530822754,3,4,5,4,5,4
0,DeathDescription.LIFETOTAL,12,43.657541275024414,5,5,3,5,4,4
0,DeathDescription.LIFETOTAL,10,22.826671600341797,5,5,2,5,2,5
0,DeathDescription.LIFETOTAL,12,25.2072811126709,7,4,2,6,4,3
1,DeathDescription.LIFETOTAL,13,24.56355094909668,7,4,2,7,4,3
0,DeathDescription.LIFETOTAL,12,43.34831237792969,7,5,1,6,4,3
1,DeathDescription.LIFETOTAL,11,30.364513397216797,3,0,7,6,4,3
0,DeathDescription.LIFETOTAL,12,35.37917137145996,6,5,2,6,4,3
0,DeathDescription.LIFETOTAL,12,41.16392135620117,7,5,1,5,5,3
1,DeathDescription.LIFETOTAL,13,37.95266151428223,7,4,2,7,5,2
0,DeathDescription.LIFETOTAL,10,33.41412544250488,4,5,3,5,4,3
1,DeathDescription.LIFETOTAL,11,28.920412063598633,6,2,4,6,5,2
0,DeathDescription.LIFETOTAL,10,21.933794021606445,5,5,2,5,0,7
0,DeathDescription.LIFETOTAL,10,35.056114196777344,5,5,2,4,0,7
1,DeathDescription.LIFETOTAL,11,30.861377716064453,6,2,4,4,5,4
0,DeathDescription.LIFETOTAL,10,35.80474853515625,4,5,3,5,4,3
0,DeathDescription.LIFETOTAL,14,35.7205867767334,7,6,1,7,5,2
0,DeathDescription.LIFETOTAL,10,40.1611328125,5,6,1,3,3,6
0,DeathDescription.LIFETOTAL,12,25.012731552124023,6,5,2,4,4,5
1,DeathDescription.LIFETOTAL,13,25.110244750976562,4,1,6,7,6,1
0,DeathDescription.LIFETOTAL,10,27.048349380493164,6,4,2,5,3,4
1,DeathDescription.LIFETOTAL,11,44.17085647583008,1,0,7,5,5,3
0,DeathDescription.LIFETOTAL,10,37.40096092224121,5,5,2,5,4,3
1,DeathDescription.LIFETOTAL,11,32.601118087768555,5,5,2,6,6,1
1,DeathDescription.LIFETOTAL,13,35.75468063354492,4,3,5,7,5,2
0,DeathDescription.LIFETOTAL,12,47.12367057800293,7,4,2,5,4,4
1,DeathDescription.LIFETOTAL,11,29.372692108154297,6,5,1,6,5,2
0,DeathDescription.LIFETOTAL,10,27.983665466308594,3,5,4,5,1,6
1,DeathDescription.LIFETOTAL,13,24.990081787109375,4,4,5,4,5,5
0,DeathDescription.LIFETOTAL,10,34.97195243835449,6,4,2,3,2,7
0,DeathDescription.LIFETOTAL,10,39.014339447021484,6,5,1,5,3,4
0,DeathDescription.LIFETOTAL,10,26.561498641967773,6,4,2,5,5,2
0,DeathDescription.LIFETOTAL,10,32.87768363952637,6,5,1,5,3,4
0,DeathDescription.LIFETOTAL,10,36.609649658203125,5,5,2,4,4,4
1,DeathDescription.LIFETOTAL,11,26.655912399291992,6,4,2,3,5,5
0,DeathDescription.LIFETOTAL,10,35.36677360534668,6,4,2,5,0,7
0,DeathDescription.LIFETOTAL,10,36.63277626037598,4,6,2,3,2,6
1,DeathDescription.LIFETOTAL,11,39.72482681274414,3,2,6,5,6,2
1,DeathDescription.LIFETOTAL,11,28.647661209106445,6,3,3,6,3,4
0,DeathDescription.LIFETOTAL,12,40.42530059814453,6,5,2,4,3,4
1,DeathDescription.LIFETOTAL,11,28.27739715576172,6,4,2,6,6,1
1,DeathDescription.LIFETOTAL,11,40.53020477294922,4,4,4,6,5,2
0,DeathDescription.LIFETOTAL,10,33.241987228393555,5,4,3,5,4,3
0,DeathDescription.LIFETOTAL,10,37.77956962585449,3,5,4,3,4,5
0,DeathDescription.LIFETOTAL,12,34.43098068237305,6,5,2,4,3,5
1,DeathDescription.LIFETOTAL,11,35.4762077331543,3,1,6,6,4,3
1,DeathDescription.LIFETOTAL,13,36.60988807678223,7,4,2,7,6,1
0,DeathDescription.LIFETOTAL,10,34.95144844055176,5,5,2,4,4,4
0,DeathDescription.LIFETOTAL,14,28.790712356567383,8,5,1,6,4,4
1,DeathDescription.LIFETOTAL,11,22.041797637939453,4,0,7,4,5,4
0,DeathDescription.LIFETOTAL,12,34.421443939208984,7,4,2,4,4,5
1,DeathDescription.LIFETOTAL,13,40.354013442993164,7,4,2,7,6,1
0,DeathDescription.LIFETOTAL,10,22.93229103088379,6,4,2,4,4,4
0,DeathDescription.LIFETOTAL,10,27.903079986572266,4,5,3,5,4,3
0,DeathDescription.LIFETOTAL,10,47.129154205322266,5,5,2,5,4,3
0,DeathDescription.LIFETOTAL,10,52.3831844329834,5,6,1,5,4,3
1,DeathDescription.LIFETOTAL,15,30.31182289123535,5,3,5,6,7,2
0,DeathDescription.LIFETOTAL,12,40.10438919067383,6,6,1,5,5,3
0,DeathDescription.LIFETOTAL,10,50.20880699157715,4,5,3,5,3,4
0,DeathDescription.LIFETOTAL,10,33.51998329162598,3,5,4,5,3,4
1,DeathDescription.LIFETOTAL,13,29.24323081970215,4,1,6,5,5,3
1,DeathDescription.LIFETOTAL,11,28.621435165405273,6,5,1,6,5,2
0,DeathDescription.LIFETOTAL,10,28.7930965423584,6,5,1,5,2,5
0,DeathDescription.LIFETOTAL,14,27.309417724609375,5,7,2,7,3,4
1,DeathDescription.LIFETOTAL,13,24.68395233154297,4,2,6,7,5,2
0,DeathDescription.LIFETOTAL,10,31.154632568359375,6,5,1,4,5,3
1,DeathDescription.LIFETOTAL,11,49.72219467163086,6,6,0,4,5,4
1,DeathDescription.LIFETOTAL,11,34.01684761047363,5,4,3,3,5,5
1,DeathDescription.LIFETOTAL,11,24.280786514282227,4,3,5,5,5,3
0,DeathDescription.LIFETOTAL,10,41.910648345947266,6,6,0,5,4,3
1,DeathDescription.LIFETOTAL,11,23.96225929260254,4,4,4,6,4,3
0,DeathDescription.LIFETOTAL,12,26.59916877746582,6,5,2,5,5,3
0,DeathDescription.LIFETOTAL,12,26.288986206054688,5,7,1,6,3,4
0,DeathDescription.LIFETOTAL,10,26.92437171936035,4,5,3,5,4,3
0,DeathDescription.LIFETOTAL,10,34.81268882751465,6,6,0,4,3,5
0,DeathDescription.LIFETOTAL,12,29.10757064819336,6,5,2,6,4,3
0,DeathDescription.LIFETOTAL,12,34.40570831298828,7,4,2,6,4,3
0,DeathDescription.LIFETOTAL,10,37.28914260864258,4,5,3,5,0,7
0,DeathDescription.LIFETOTAL,12,26.314258575439453,5,6,2,6,5,2
0,DeathDescription.LIFETOTAL,10,32.396554946899414,6,5,1,5,3,4
1,DeathDescription.LIFETOTAL,11,33.21218490600586,4,4,4,6,5,2
1,DeathDescription.LIFETOTAL,13,28.989553451538086,5,5,3,7,6,1
1,DeathDescription.LIFETOTAL,11,29.63566780090332,4,0,7,4,5,4
0,DeathDescription.LIFETOTAL,12,26.05152130126953,5,6,2,5,3,5
0,DeathDescription.LIFETOTAL,10,34.235477447509766,4,5,3,5,3,4
0,DeathDescription.LIFETOTAL,10,34.67988967895508,5,5,2,3,3,6
1,DeathDescription.LIFETOTAL,11,33.80084037780762,6,3,3,6,5,2
0,DeathDescription.LIFETOTAL,10,32.773733139038086,5,5,2,5,4,3
0,DeathDescription.LIFETOTAL,12,28.61642837524414,5,5,3,5,5,3
0,DeathDescription.LIFETOTAL,12,37.35780715942383,7,5,1,5,4,3
0,DeathDescription.LIFETOTAL,12,25.765180587768555,7,5,1,6,5,2
1,DeathDescription.LIFETOTAL,11,28.158903121948242,2,0,7,6,4,3
1,DeathDescription.LIFETOTAL,13,25.05636215209961,3,3,5,6,5,3
0,DeathDescription.LIFETOTAL,12,37.45555877685547,7,6,0,5,5,3
0,DeathDescription.LIFETOTAL,10,48.46906661987305,6,5,1,5,3,4
0,DeathDescription.LIFETOTAL,12,31.411170959472656,7,6,0,4,5,4
0,DeathDescription.LIFETOTAL,10,33.213138580322266,6,5,1,5,2,5
1,DeathDescription.LIFETOTAL,11,24.71303939819336,6,3,3,5,5,3
0,DeathDescription.LIFETOTAL,10,25.70819854736328,6,4,2,4,3,5
0,DeathDescription.LIFETOTAL,10,23.62680435180664,4,5,3,4,1,6
0,DeathDescription.LIFETOTAL,10,24.51181411743164,6,4,2,5,4,3
0,DeathDescription.LIFETOTAL,10,29.53815460205078,6,5,1,3,4,5
0,DeathDescription.LIFETOTAL,12,74.44262504577637,7,3,3,2,0,7
0,DeathDescription.LIFETOTAL,12,34.1033935546875,5,5,3,3,4,6
0,DeathDescription.LIFETOTAL,10,21.611928939819336,4,5,3,5,4,3
0,DeathDescription.LIFETOTAL,10,49.35193061828613,4,5,3,5,3,4
0,DeathDescription.LIFETOTAL,10,31.810998916625977,6,5,1,4,0,7
1,DeathDescription.LIFETOTAL,11,40.7710075378418,5,1,6,6,5,2
1,DeathDescription.LIFETOTAL,11,23.632287979125977,6,4,2,6,6,1
0,DeathDescription.LIFETOTAL,12,29.684782028198242,7,5,1,3,3,5
0,DeathDescription.LIFETOTAL,10,49.458980560302734,6,5,1,5,3,4
0,DeathDescription.LIFETOTAL,10,22.284269332885742,5,5,2,4,1,6
0,DeathDescription.LIFETOTAL,16,33.18953514099121,9,6,0,5,0,7
1,DeathDescription.LIFETOTAL,11,33.93387794494629,6,4,2,6,5,2
0,DeathDescription.LIFETOTAL,10,36.45491600036621,4,4,4,5,5,2
1,DeathDescription.LIFETOTAL,11,42.174577713012695,4,0,7,6,4,3
1,DeathDescription.LIFETOTAL,13,52.15907096862793,6,3,4,6,5,3
0,DeathDescription.LIFETOTAL,10,31.354665756225586,6,3,3,5,3,4
0,DeathDescription.LIFETOTAL,10,28.05948257446289,5,5,2,5,2,5
0,DeathDescription.LIFETOTAL,10,28.259754180908203,6,4,2,3,4,5
0,DeathDescription.LIFETOTAL,12,54.610490798950195,3,5,5,6,1,6
0,DeathDescription.LIFETOTAL,10,45.389413833618164,6,5,1,5,5,2
0,DeathDescription.LIFETOTAL,10,43.90263557434082,6,5,1,5,4,3
0,DeathDescription.LIFETOTAL,10,21.99387550354004,4,5,3,5,4,3
1,DeathDescription.LIFETOTAL,11,31.331777572631836,4,3,4,6,5,2
0,DeathDescription.LIFETOTAL,10,47.77359962463379,5,5,2,4,3,5
0,DeathDescription.LIFETOTAL,10,27.593374252319336,6,5,1,5,4,3
0,DeathDescription.LIFETOTAL,10,26.853322982788086,4,5,3,5,3,4
0,DeathDescription.LIFETOTAL,10,28.38730812072754,5,5,2,5,3,4
0,DeathDescription.LIFETOTAL,10,23.21767807006836,5,6,1,5,4,3
1,DeathDescription.LIFETOTAL,11,39.312124252319336,3,3,5,5,4,4
1,DeathDescription.LIFETOTAL,11,36.86690330505371,2,3,6,6,5,2
0,DeathDescription.LIFETOTAL,10,29.47854995727539,5,5,2,3,4,5
0,DeathDescription.LIFETOTAL,10,32.720327377319336,4,5,3,5,3,4
0,DeathDescription.LIFETOTAL,12,31.03780746459961,5,5,3,6,5,2
0,DeathDescription.LIFETOTAL,10,45.8066463470459,4,5,3,5,3,4
1,DeathDescription.LIFETOTAL,11,24.63531494140625,5,6,1,6,5,2
1,DeathDescription.LIFETOTAL,11,39.23296928405762,6,4,2,5,5,3
0,DeathDescription.LIFETOTAL,12,42.64044761657715,5,5,3,5,4,4
0,DeathDescription.LIFETOTAL,12,25.898218154907227,5,5,3,6,5,2
0,DeathDescription.LIFETOTAL,10,26.875019073486328,6,4,2,4,4,4
0,DeathDescription.LIFETOTAL,10,21.11220359802246,4,5,3,4,3,5
0,DeathDescription.LIFETOTAL,10,41.64838790893555,6,5,1,5,4,3
0,DeathDescription.LIFETOTAL,10,38.95854949951172,6,5,1,4,4,4
0,DeathDescription.LIFETOTAL,10,27.645587921142578,5,5,2,5,3,4
0,DeathDescription.LIFETOTAL,10,27.315378189086914,5,5,2,5,4,3
0,DeathDescription.LIFETOTAL,12,46.79155349731445,5,6,2,6,5,2
0,DeathDescription.LIFETOTAL,12,24.40786361694336,7,5,1,3,2,6
1,DeathDescription.LIFETOTAL,13,35.08138656616211,3,3,6,7,4,3
1,DeathDescription.LIFETOTAL,11,22.191524505615234,5,2,5,4,4,5
1,DeathDescription.LIFETOTAL,11,51.74088478088379,6,4,2,4,5,4
0,DeathDescription.LIFETOTAL,12,35.419464111328125,5,5,3,6,2,5
0,DeathDescription.LIFETOTAL,12,25.03490447998047,5,8,0,6,3,4
1,DeathDescription.LIFETOTAL,15,32.50312805175781,5,4,4,4,5,6
0,DeathDescription.LIFETOTAL,10,35.43972969055176,4,5,3,5,5,2
0,DeathDescription.LIFETOTAL,10,33.75577926635742,4,5,3,5,5,2
0,DeathDescription.LIFETOTAL,12,23.10490608215332,7,4,2,6,3,4
0,DeathDescription.LIFETOTAL,10,21.520614624023438,5,5,2,4,4,4
0,DeathDescription.LIFETOTAL,10,40.67420959472656,5,4,3,5,3,4
1,DeathDescription.LIFETOTAL,11,37.108659744262695,6,3,3,6,5,2
1,DeathDescription.LIFETOTAL,11,36.0417366027832,4,4,4,4,5,4
0,DeathDescription.LIFETOTAL,10,23.262500762939453,4,6,2,4,4,4
0,DeathDescription.LIFETOTAL,12,33.62727165222168,7,5,1,6,4,3
1,DeathDescription.LIFETOTAL,13,26.650667190551758,6,1,6,3,5,6
0,DeathDescription.LIFETOTAL,12,26.032209396362305,7,4,2,4,3,6
0,DeathDescription.LIFETOTAL,10,23.493051528930664,5,5,2,5,2,5
1,DeathDescription.LIFETOTAL,13,105.58962821960449,4,5,4,7,5,2
0,DeathDescription.LIFETOTAL,10,20.651817321777344,6,5,1,4,0,7
0,DeathDescription.LIFETOTAL,12,29.698848724365234,3,4,6,6,5,2
0,DeathDescription.LIFETOTAL,12,41.04018211364746,5,6,2,6,4,3
0,DeathDescription.LIFETOTAL,12,51.58710479736328,7,3,3,6,3,4
0,DeathDescription.LIFETOTAL,10,23.409366607666016,6,4,2,5,4,3
0,DeathDescription.LIFETOTAL,10,21.669626235961914,6,4,2,5,3,4
1,DeathDescription.LIFETOTAL,11,28.17225456237793,5,4,3,5,6,2
0,DeathDescription.LIFETOTAL,10,29.35051918029785,6,3,3,4,5,3
1,DeathDescription.LIFETOTAL,15,29.494047164916992,5,4,4,5,5,4
1,DeathDescription.LIFETOTAL,11,29.22344207763672,5,3,4,5,5,3
0,DeathDescription.LIFETOTAL,10,27.266979217529297,5,4,3,4,0,7
1,DeathDescription.LIFETOTAL,13,41.73851013183594,3,1,6,4,4,6
0,DeathDescription.LIFETOTAL,10,23.50616455078125,4,6,2,4,3,5
0,DeathDescription.LIFETOTAL,10,23.764848709106445,4,5,3,5,4,3
1,DeathDescription.LIFETOTAL,11,24.912118911743164,5,5,2,6,4,3
0,DeathDescription.LIFETOTAL,10,40.45748710632324,4,5,3,4,4,4
0,DeathDescription.LIFETOTAL,10,35.253047943115234,5,5,2,5,4,3
1,DeathDescription.LIFETOTAL,11,26.192903518676758,6,4,2,5,5,3
0,DeathDescription.LIFETOTAL,10,25.560379028320312,6,6,0,5,4,3
0,DeathDescription.LIFETOTAL,10,40.619611740112305,6,6,0,5,5,2
0,DeathDescription.LIFETOTAL,10,27.38189697265625,5,5,2,5,2,5
0,DeathDescription.LIFETOTAL,10,25.934219360351562,5,5,2,5,4,3
0,DeathDescription.LIFETOTAL,10,47.562360763549805,4,5,3,5,4,3
0,DeathDescription.LIFETOTAL,10,50.36187171936035,4,5,3,5,4,3
1,DeathDescription.LIFETOTAL,11,22.655487060546875,4,0,7,5,4,4
1,DeathDescription.LIFETOTAL,13,34.95621681213379,5,0,7,7,4,3
0,DeathDescription.LIFETOTAL,16,32.60302543640137,6,7,2,5,1,6
0,DeathDescription.LIFETOTAL,10,39.353132247924805,6,4,2,2,1,7
1,DeathDescription.LIFETOTAL,11,29.630661010742188,6,2,4,6,6,1
1,DeathDescription.LIFETOTAL,11,38.141727447509766,4,3,5,6,6,1
1,DeathDescription.LIFETOTAL,11,27.85801887512207,6,4,2,6,4,3
1,DeathDescription.LIFETOTAL,13,36.71073913574219,6,4,3,7,6,1
1,DeathDescription.LIFETOTAL,11,24.49774742126465,4,4,4,4,5,4
0,DeathDescription.LIFETOTAL,10,28.039932250976562,4,5,3,5,0,7
0,DeathDescription.LIFETOTAL,10,23.459434509277344,6,5,1,5,4,3
1,DeathDescription.LIFETOTAL,11,36.87787055969238,3,2,6,6,6,1
0,DeathDescription.LIFETOTAL,10,29.769182205200195,6,5,1,5,3,4
0,DeathDescription.LIFETOTAL,10,23.155927658081055,5,5,2,4,2,6
1,DeathDescription.LIFETOTAL,11,24.242877960205078,5,4,3,6,5,2
0,DeathDescription.LIFETOTAL,10,36.01956367492676,6,4,2,5,3,4
0,DeathDescription.LIFETOTAL,10,27.60791778564453,4,5,3,2,0,7
0,DeathDescription.LIFETOTAL,10,48.65407943725586,6,4,2,4,1,6
0,DeathDescription.LIFETOTAL,10,22.063016891479492,6,5,1,3,3,6
1,DeathDescription.LIFETOTAL,11,38.59663009643555,6,4,2,6,5,2
1,DeathDescription.LIFETOTAL,11,46.4167594909668,6,3,3,4,5,4
0,DeathDescription.LIFETOTAL,10,29.972553253173828,6,5,1,5,4,3
0,DeathDescription.LIFETOTAL,12,26.614665985107422,7,5,1,2,0,7
0,DeathDescription.LIFETOTAL,10,36.959171295166016,4,5,3,5,3,4
0,DeathDescription.LIFETOTAL,10,29.45852279663086,5,4,3,5,3,4
0,DeathDescription.LIFETOTAL,10,37.51564025878906,4,5,3,5,3,4
0,DeathDescription.LIFETOTAL,14,25.84385871887207,4,6,4,5,3,6
1,DeathDescription.LIFETOTAL,11,54.418325424194336,3,0,7,6,5,2
0,DeathDescription.LIFETOTAL,10,23.859739303588867,6,4,2,5,4,3
0,DeathDescription.LIFETOTAL,12,40.15493392944336,6,6,1,5,2,5
0,DeathDescription.LIFETOTAL,12,34.66606140136719,5,6,2,5,5,3
1,DeathDescription.LIFETOTAL,13,48.54559898376465,6,0,7,5,4,5
1,DeathDescription.LIFETOTAL,13,63.39144706726074,7,4,2,4,5,5
0,DeathDescription.LIFETOTAL,10,28.986454010009766,5,5,2,3,0,7
1,DeathDescription.LIFETOTAL,11,52.99973487854004,6,3,3,5,5,3
0,DeathDescription.LIFETOTAL,10,28.63144874572754,4,4,4,5,4,3
0,DeathDescription.LIFETOTAL,10,22.974014282226562,4,5,3,5,4,3
1,DeathDescription.LIFETOTAL,11,40.969133377075195,6,0,6,5,6,2
0,DeathDescription.LIFETOTAL,10,23.706436157226562,6,4,2,4,0,7
0,DeathDescription.LIFETOTAL,10,25.73370933532715,6,5,1,5,3,4
0,DeathDescription.LIFETOTAL,10,32.76872634887695,5,5,2,3,4,5
0,DeathDescription.LIFETOTAL,10,54.64434623718262,6,5,1,5,3,4
0,DeathDescription.LIFETOTAL,10,27.45199203491211,4,5,3,5,2,5
1,DeathDescription.LIFETOTAL,11,38.16866874694824,5,5,2,6,4,3
0,DeathDescription.LIFETOTAL,10,35.201311111450195,4,5,3,3,4,5
0,DeathDescription.LIFETOTAL,10,62.918901443481445,5,5,2,5,3,4
0,DeathDescription.LIFETOTAL,10,31.617403030395508,5,5,2,5,3,4
0,DeathDescription.LIFETOTAL,10,35.24184226989746,5,5,2,5,5,2
0,DeathDescription.LIFETOTAL,10,33.834218978881836,4,5,3,5,4,3
0,DeathDescription.LIFETOTAL,10,22.027015686035156,6,4,2,5,1,6
0,DeathDescription.LIFETOTAL,10,27.85038948059082,5,5,2,5,1,6
1,DeathDescription.LIFETOTAL,11,41.49055480957031,6,3,3,5,6,2
1,DeathDescription.LIFETOTAL,11,29.413223266601562,6,2,4,4,4,5
0,DeathDescription.LIFETOTAL,14,43.84160041809082,6,6,2,7,4,3
0,DeathDescription.LIFETOTAL,10,54.21257019042969,6,5,1,5,2,5
1,DeathDescription.LIFETOTAL,13,26.165008544921875,3,3,6,7,5,2
1,DeathDescription.LIFETOTAL,11,30.23505210876465,4,4,4,5,5,3
1,DeathDescription.LIFETOTAL,15,34.23738479614258,4,4,4,8,7,0
1,DeathDescription.LIFETOTAL,11,35.636186599731445,5,5,2,4,5,4
1,DeathDescription.LIFETOTAL,11,28.432607650756836,4,2,6,6,5,2
0,DeathDescription.LIFETOTAL,10,32.1044921875,4,5,3,5,3,4
0,DeathDescription.LIFETOTAL,10,39.11852836608887,6,4,2,3,3,5
0,DeathDescription.LIFETOTAL,10,33.327579498291016,6,6,0,5,3,4
0,DeathDescription.LIFETOTAL,10,27.729034423828125,4,5,3,5,4,3
0,DeathDescription.LIFETOTAL,10,39.98136520385742,6,5,1,5,4,3
1,DeathDescription.LIFETOTAL,13,37.73140907287598,6,4,3,7,6,1
1,DeathDescription.LIFETOTAL,11,24.155378341674805,6,3,3,6,5,2
0,DeathDescription.LIFETOTAL,12,36.41176223754883,4,6,3,2,0,7
0,DeathDescription.LIFETOTAL,14,46.6771125793457,2,4,7,6,2,6
0,DeathDescription.LIFETOTAL,12,25.21204948425293,7,6,0,6,5,2
1,DeathDescription.LIFETOTAL,13,40.46273231506348,7,3,3,3,5,6
0,DeathDescription.LIFETOTAL,10,23.278236389160156,6,4,2,5,4,3
0,DeathDescription.LIFETOTAL,10,32.22179412841797,6,5,1,4,3,5
0,DeathDescription.LIFETOTAL,12,39.07299041748047,6,5,2,2,1,6
1,DeathDescription.LIFETOTAL,13,39.40987586975098,5,3,4,6,5,3
0,DeathDescription.LIFETOTAL,12,25.91872215270996,4,5,4,6,5,2
1,DeathDescription.LIFETOTAL,11,23.186445236206055,6,4,2,6,5,2
1,DeathDescription.LIFETOTAL,11,28.655290603637695,6,4,2,5,5,3
0,DeathDescription.LIFETOTAL,14,28.224945068359375,5,5,4,4,0,7
1,DeathDescription.LIFETOTAL,11,27.276277542114258,6,4,2,6,6,1
1,DeathDescription.LIFETOTAL,11,44.65889930725098,5,4,3,6,5,2
0,DeathDescription.LIFETOTAL,12,25.59518814086914,6,6,1,5,5,3
0,DeathDescription.LIFETOTAL,12,51.09071731567383,7,4,2,3,4,5
1,DeathDescription.LIFETOTAL,13,29.819965362548828,2,0,7,6,6,2
0,DeathDescription.LIFETOTAL,10,32.99665451049805,5,5,2,5,3,4
0,DeathDescription.LIFETOTAL,12,32.02033042907715,6,6,1,6,5,2
0,DeathDescription.LIFETOTAL,10,41.11957550048828,4,5,3,3,4,5
1,DeathDescription.LIFETOTAL,11,29.02698516845703,6,5,1,6,4,3
0,DeathDescription.LIFETOTAL,10,24.010419845581055,5,4,3,4,4,4
0,DeathDescription.LIFETOTAL,10,31.028032302856445,5,5,2,5,4,3
0,DeathDescription.LIFETOTAL,12,53.76172065734863,7,6,0,6,5,2
0,DeathDescription.LIFETOTAL,10,28.3663272857666,4,5,3,5,3,4
0,DeathDescription.LIFETOTAL,10,32.20772743225098,4,5,3,3,3,6
1,DeathDescription.LIFETOTAL,11,28.5494327545166,6,4,2,6,5,2
0,DeathDescription.LIFETOTAL,10,46.4320182800293,6,5,1,5,3,4
0,DeathDescription.LIFETOTAL,10,33.32948684692383,4,6,2,4,2,6
0,DeathDescription.LIFETOTAL,12,41.75853729248047,7,6,0,6,5,2
0,DeathDescription.LIFETOTAL,10,40.91215133666992,6,4,2,5,4,3
1,DeathDescription.LIFETOTAL,13,32.18412399291992,3,3,7,7,6,1
0,DeathDescription.LIFETOTAL,10,27.95553207397461,6,5,1,4,4,4
0,DeathDescription.LIFETOTAL,10,34.7437858581543,6,3,3,3,4,5
1,DeathDescription.LIFETOTAL,13,34.206390380859375,7,4,2,4,6,4
1,DeathDescription.LIFETOTAL,13,27.329683303833008,3,1,6,7,6,1
0,DeathDescription.LIFETOTAL,10,33.751487731933594,4,4,4,3,0,7
0,DeathDescription.LIFETOTAL,10,36.131858825683594,5,5,2,5,3,4
0,DeathDescription.LIFETOTAL,12,33.2188606262207,6,4,3,1,0,7
1,DeathDescription.LIFETOTAL,11,29.0372371673584,6,1,5,6,5,2
0,DeathDescription.LIFETOTAL,10,25.650739669799805,6,4,2,5,4,3
1,DeathDescription.LIFETOTAL,11,31.464815139770508,5,2,5,6,6,1
1,DeathDescription.LIFETOTAL,11,36.38339042663574,4,3,5,6,6,1
0,DeathDescription.LIFETOTAL,10,24.952411651611328,6,5,1,5,4,3
0,DeathDescription.LIFETOTAL,12,25.574207305908203,3,5,5,6,4,3
1,DeathDescription.LIFETOTAL,11,32.996177673339844,5,5,2,5,5,3
1,DeathDescription.LIFETOTAL,11,43.657541275024414,6,2,4,6,5,2
0,DeathDescription.LIFETOTAL,10,24.914979934692383,5,5,2,4,4,4
1,DeathDescription.LIFETOTAL,11,29.24633026123047,4,4,4,4,5,4
0,DeathDescription.LIFETOTAL,12,34.7898006439209,7,5,1,6,5,2
0,DeathDescription.LIFETOTAL,10,47.12724685668945,5,5,2,2,3,6
0,DeathDescription.LIFETOTAL,10,37.87493705749512,4,5,3,5,4,3
0,DeathDescription.LIFETOTAL,10,23.06675910949707,6,6,0,4,2,6
0,DeathDescription.LIFETOTAL,12,44.23260688781738,7,6,0,6,5,2
1,DeathDescription.LIFETOTAL,13,30.79819679260254,7,4,2,7,5,2
0,DeathDescription.LIFETOTAL,10,21.428585052490234,6,6,0,3,4,5
1,DeathDescription.LIFETOTAL,11,32.2263240814209,2,0,7,5,5,3
0,DeathDescription.LIFETOTAL,12,43.03932189941406,7,6,0,6,3,4
1,DeathDescription.LIFETOTAL,11,33.09440612792969,6,3,3,5,5,3
1,DeathDescription.LIFETOTAL,11,28.546571731567383,4,4,4,5,5,3
1,DeathDescription.LIFETOTAL,11,29.3581485748291,6,4,2,6,4,3
0,DeathDescription.LIFETOTAL,10,28.72467041015625,6,5,1,3,4,5
1,DeathDescription.LIFETOTAL,11,44.669389724731445,5,4,3,6,5,2
1,DeathDescription.LIFETOTAL,11,28.52177619934082,4,4,4,6,4,3
0,DeathDescription.LIFETOTAL,12,45.359134674072266,6,6,1,6,5,2
0,DeathDescription.LIFETOTAL,10,44.316768646240234,5,5,2,5,3,4
1,DeathDescription.LIFETOTAL,11,28.631925582885742,5,4,3,6,5,2
0,DeathDescription.LIFETOTAL,12,30.629634857177734,6,6,1,5,5,3
1,DeathDescription.LIFETOTAL,11,30.452489852905273,4,3,5,3,5,5
0,DeathDescription.LIFETOTAL,10,33.79344940185547,4,5,3,5,4,3
0,DeathDescription.LIFETOTAL,10,22.266864776611328,5,6,1,4,3,4
0,DeathDescription.LIFETOTAL,12,24.379730224609375,6,5,2,5,4,3
0,DeathDescription.LIFETOTAL,10,40.083885192871094,6,5,1,5,3,4
0,DeathDescription.LIFETOTAL,10,44.22736167907715,6,4,2,5,3,4
1,DeathDescription.LIFETOTAL,11,30.571937561035156,6,4,2,6,5,2
0,DeathDescription.LIFETOTAL,10,27.805805206298828,4,4,4,5,4,3
0,DeathDescription.LIFETOTAL,10,28.397560119628906,6,5,1,3,1,6
0,DeathDescription.LIFETOTAL,10,35.53652763366699,6,5,1,5,4,3
0,DeathDescription.LIFETOTAL,10,23.436307907104492,6,5,1,4,3,5
1,DeathDescription.LIFETOTAL,11,26.205062866210938,6,4,2,6,5,2
0,DeathDescription.LIFETOTAL,10,36.07058525085449,6,5,1,5,4,3
0,DeathDescription.LIFETOTAL,10,44.05713081359863,4,5,3,5,3,4
0,DeathDescription.LIFETOTAL,10,22.3696231842041,4,5,3,5,4,3
0,DeathDescription.LIFETOTAL,10,33.18309783935547,3,5,4,5,4,3
1,DeathDescription.LIFETOTAL,11,43.86496543884277,6,4,2,6,5,2
1,DeathDescription.LIFETOTAL,11,42.98138618469238,4,2,5,6,4,3
0,DeathDescription.LIFETOTAL,10,23.30946922302246,6,5,1,5,3,4
0,DeathDescription.LIFETOTAL,10,32.416582107543945,5,4,3,4,4,4
0,DeathDescription.LIFETOTAL,12,30.972719192504883,7,5,1,4,5,4
0,DeathDescription.LIFETOTAL,10,28.281211853027344,4,6,2,5,0,7
0,DeathDescription.LIFETOTAL,10,28.44691276550293,6,6,0,5,4,3
0,DeathDescription.LIFETOTAL,10,20.88141441345215,5,5,2,5,3,4
0,DeathDescription.LIFETOTAL,10,26.834487915039062,6,4,2,5,4,3
0,DeathDescription.LIFETOTAL,10,31.334400177001953,5,5,2,5,3,4
1,DeathDescription.LIFETOTAL,11,28.191089630126953,4,4,4,6,5,2
0,DeathDescription.LIFETOTAL,12,33.560752868652344,7,5,1,5,4,4
1,DeathDescription.LIFETOTAL,11,51.123619079589844,5,4,3,6,4,3
0,DeathDescription.LIFETOTAL,10,32.92274475097656,6,6,0,4,0,7
0,DeathDescription.LIFETOTAL,12,28.868913650512695,2,4,7,5,3,5
0,DeathDescription.LIFETOTAL,10,26.91936492919922,6,4,2,4,3,5
0,DeathDescription.LIFETOTAL,10,44.77047920227051,5,5,2,5,4,3
0,DeathDescription.LIFETOTAL,12,27.40645408630371,5,5,3,5,6,2
0,DeathDescription.LIFETOTAL,10,29.932737350463867,4,4,4,5,2,5
1,DeathDescription.LIFETOTAL,11,37.95194625854492,3,3,6,6,4,3
0,DeathDescription.LIFETOTAL,10,46.0355281829834,6,4,2,5,4,3
1,DeathDescription.LIFETOTAL,13,29.01291847229004,3,0,7,6,5,3
0,DeathDescription.LIFETOTAL,10,32.38224983215332,6,5,1,5,3,4
1,DeathDescription.LIFETOTAL,11,29.120445251464844,6,4,2,5,5,3
1,DeathDescription.LIFETOTAL,11,47.907352447509766,4,2,5,5,6,2
1,DeathDescription.LIFETOTAL,13,31.2654972076416,4,0,7,7,4,3
1,DeathDescription.LIFETOTAL,11,43.75576972961426,6,3,3,6,4,3
0,DeathDescription.LIFETOTAL,10,23.238182067871094,6,5,1,5,3,4
0,DeathDescription.LIFETOTAL,10,45.90487480163574,5,5,2,5,1,6
0,DeathDescription.LIFETOTAL,10,25.30813217163086,6,5,1,5,3,4
0,DeathDescription.LIFETOTAL,12,25.90632438659668,2,3,8,6,4,3
0,DeathDescription.LIFETOTAL,10,33.84995460510254,4,5,3,5,3,4
0,DeathDescription.LIFETOTAL,12,47.91069030761719,7,6,0,6,4,3
0,DeathDescription.LIFETOTAL,10,33.809661865234375,6,4,2,5,2,5
0,DeathDescription.LIFETOTAL,10,32.39774703979492,4,5,3,5,2,5
0,DeathDescription.LIFETOTAL,10,33.07628631591797,5,4,3,5,2,5
1,DeathDescription.LIFETOTAL,11,34.69491004943848,4,5,3,6,4,3
1,DeathDescription.LIFETOTAL,11,23.497819900512695,5,0,7,5,4,4
0,DeathDescription.LIFETOTAL,10,52.976369857788086,4,5,3,5,3,4
0,DeathDescription.LIFETOTAL,12,27.410030364990234,6,6,1,5,4,4
1,DeathDescription.LIFETOTAL,11,46.14591598510742,5,6,1,5,4,4
0,DeathDescription.LIFETOTAL,10,44.1129207611084,5,5,2,5,3,4
0,DeathDescription.LIFETOTAL,10,39.667606353759766,5,5,2,5,2,5
0,DeathDescription.LIFETOTAL,10,22.272586822509766,6,4,2,5,3,4
1,DeathDescription.LIFETOTAL,11,33.681392669677734,4,4,4,6,4,3
1,DeathDescription.LIFETOTAL,11,22.669076919555664,4,5,3,5,5,3
0,DeathDescription.LIFETOTAL,12,43.1513786315918,5,6,2,6,4,3
1,DeathDescription.LIFETOTAL,11,43.973684310913086,5,4,3,6,5,2
0,DeathDescription.LIFETOTAL,10,21.18849754333496,5,4,3,5,2,5
0,DeathDescription.LIFETOTAL,10,44.34657096862793,6,5,1,4,3,5
1,DeathDescription.LIFETOTAL,11,48.349618911743164,3,0,7,3,5,5
1,DeathDescription.LIFETOTAL,11,29.24823760986328,5,4,3,6,5,2
1,DeathDescription.LIFETOTAL,11,34.8207950592041,4,3,5,5,6,2
0,DeathDescription.LIFETOTAL,10,28.52654457092285,5,6,1,5,4,3
1,DeathDescription.LIFETOTAL,11,22.805452346801758,3,0,7,5,6,2
0,DeathDescription.LIFETOTAL,10,28.44524383544922,6,5,1,5,4,3
0,DeathDescription.LIFETOTAL,10,43.00975799560547,6,5,1,4,3,5
0,DeathDescription.LIFETOTAL,10,60.0285530090332,4,5,3,4,3,5
0,DeathDescription.LIFETOTAL,10,22.61185646057129,5,5,2,4,4,4
1,DeathDescription.LIFETOTAL,11,37.12320327758789,6,3,3,6,5,2
0,DeathDescription.LIFETOTAL,10,28.850078582763672,4,5,3,5,4,3
0,DeathDescription.LIFETOTAL,10,27.91619300842285,5,6,1,4,4,4
0,DeathDescription.LIFETOTAL,12,39.59035873413086,5,6,2,6,2,5
0,DeathDescription.LIFETOTAL,10,44.35396194458008,6,5,1,4,4,4
0,DeathDescription.LIFETOTAL,10,23.517131805419922,5,4,3,4,4,4
0,DeathDescription.LIFETOTAL,10,28.66840362548828,6,5,1,5,5,2
1,DeathDescription.LIFETOTAL,11,39.4132137298584,6,4,2,6,6,1
1,DeathDescription.LIFETOTAL,11,31.604290008544922,5,4,3,4,5,4
0,DeathDescription.LIFETOTAL,12,32.8369140625,5,6,2,5,5,3
0,DeathDescription.LIFETOTAL,10,25.332212448120117,6,4,2,5,5,2
0,DeathDescription.LIFETOTAL,10,34.35993194580078,4,5,3,5,5,2
1,DeathDescription.LIFETOTAL,11,45.17936706542969,4,4,4,4,5,4
0,DeathDescription.LIFETOTAL,10,38.15150260925293,5,5,2,5,3,4
0,DeathDescription.LIFETOTAL,10,21.861791610717773,4,4,4,5,4,3
1,DeathDescription.LIFETOTAL,11,44.85630989074707,5,4,3,6,5,2
0,DeathDescription.LIFETOTAL,10,28.817415237426758,6,5,1,5,4,3
0,DeathDescription.LIFETOTAL,12,25.125503540039062,7,4,2,6,4,3
0,DeathDescription.LIFETOTAL,10,28.115034103393555,5,5,2,5,4,3
0,DeathDescription.LIFETOTAL,10,36.17501258850098,4,4,4,4,4,4
0,DeathDescription.LIFETOTAL,12,27.098655700683594,7,5,1,6,4,3
1,DeathDescription.LIFETOTAL,11,30.976533889770508,6,3,3,6,4,3
0,DeathDescription.LIFETOTAL,10,23.757457733154297,4,4,4,5,3,4
1,DeathDescription.LIFETOTAL,11,45.76444625854492,4,4,4,5,5,3
1,DeathDescription.LIFETOTAL,11,40.01426696777344,4,4,4,6,5,2
1,DeathDescription.LIFETOTAL,11,22.551536560058594,4,4,4,4,5,4
0,DeathDescription.LIFETOTAL,10,28.670072555541992,4,6,2,5,4,3
0,DeathDescription.LIFETOTAL,10,39.41488265991211,5,5,2,5,0,7
1,DeathDescription.LIFETOTAL,11,28.749704360961914,6,3,3,6,6,1
1,DeathDescription.LIFETOTAL,11,29.389142990112305,6,4,2,5,7,1
0,DeathDescription.LIFETOTAL,10,22.435903549194336,4,5,3,5,4,3
0,DeathDescription.LIFETOTAL,12,32.62829780578613,6,5,2,6,4,3
1,DeathDescription.LIFETOTAL,11,34.06381607055664,6,4,2,6,5,2
1,DeathDescription.LIFETOTAL,11,33.8749885559082,6,4,2,6,6,1
1,DeathDescription.LIFETOTAL,13,30.759572982788086,7,3,3,5,5,4
0,DeathDescription.LIFETOTAL,10,31.769990921020508,6,5,1,5,5,2
1,DeathDescription.LIFETOTAL,11,30.869483947753906,4,3,5,6,5,2
1,DeathDescription.LIFETOTAL,11,26.857852935791016,6,6,0,6,5,2
0,DeathDescription.LIFETOTAL,12,36.80086135864258,5,5,3,4,4,5
0,DeathDescription.LIFETOTAL,10,55.61113357543945,6,3,3,4,3,5
0,DeathDescription.LIFETOTAL,10,36.89122200012207,6,5,1,4,4,4
0,DeathDescription.LIFETOTAL,10,26.70907974243164,5,6,1,5,2,5
0,DeathDescription.LIFETOTAL,10,20.971298217773438,5,5,2,4,0,7
0,DeathDescription.LIFETOTAL,10,33.49637985229492,3,5,4,5,3,4
0,DeathDescription.LIFETOTAL,10,29.865741729736328,5,5,2,5,4,3
0,DeathDescription.LIFETOTAL,10,23.537158966064453,3,5,4,5,3,4
1,DeathDescription.LIFETOTAL,11,29.461145401000977,6,4,2,6,4,3
1,DeathDescription.LIFETOTAL,11,51.44953727722168,6,4,2,5,5,3
0,DeathDescription.LIFETOTAL,12,41.49222373962402,6,6,1,6,4,3
0,DeathDescription.LIFETOTAL,16,27.78339385986328,6,5,4,4,0,7
0,DeathDescription.LIFETOTAL,10,22.16482162475586,5,5,2,5,4,3
0,DeathDescription.LIFETOTAL,10,49.45182800292969,6,5,1,5,3,4
1,DeathDescription.LIFETOTAL,11,32.13834762573242,4,5,3,6,5,2
0,DeathDescription.LIFETOTAL,10,21.7592716217041,4,5,3,4,3,5
1,DeathDescription.LIFETOTAL,11,29.07395362854004,6,2,4,5,5,3
0,DeathDescription.LIFETOTAL,10,34.8200798034668,6,5,1,5,2,5
0,DeathDescription.LIFETOTAL,10,44.50035095214844,5,5,2,3,4,5
0,DeathDescription.LIFETOTAL,10,35.1715087890625,6,5,1,5,4,3
0,DeathDescription.LIFETOTAL,10,36.75270080566406,6,4,2,5,4,3
1,DeathDescription.LIFETOTAL,11,39.70193862915039,4,4,4,5,5,3
0,DeathDescription.LIFETOTAL,10,51.45096778869629,6,4,2,5,4,3
1,DeathDescription.LIFETOTAL,11,30.843019485473633,6,3,3,6,5,2
1,DeathDescription.LIFETOTAL,11,58.21871757507324,4,4,4,6,6,1
0,DeathDescription.LIFETOTAL,10,33.17379951477051,4,5,3,5,2,5
0,DeathDescription.LIFETOTAL,12,25.87103843688965,6,5,2,6,5,2
0,DeathDescription.LIFETOTAL,10,60.00876426696777,6,5,1,5,2,5
0,DeathDescription.LIFETOTAL,10,23.396015167236328,4,4,4,5,5,2
0,DeathDescription.LIFETOTAL,10,33.854007720947266,6,5,1,5,4,3
0,DeathDescription.LIFETOTAL,12,39.067983627319336,6,4,3,6,3,4
0,DeathDescription.LIFETOTAL,12,36.65590286254883,7,4,2,3,3,7
0,DeathDescription.LIFETOTAL,14,30.8382511138916,6,6,2,5,0,7
0,DeathDescription.LIFETOTAL,10,50.86064338684082,6,6,0,5,2,5
1,DeathDescription.LIFETOTAL,13,46.52667045593262,5,5,3,5,6,3
1,DeathDescription.LIFETOTAL,11,29.346942901611328,6,3,3,4,5,4
1,DeathDescription.LIFETOTAL,11,32.27829933166504,4,3,5,6,4,3
0,DeathDescription.LIFETOTAL,10,27.873516082763672,6,5,1,5,0,7
0,DeathDescription.LIFETOTAL,10,23.70309829711914,5,4,3,5,4,3
0,DeathDescription.LIFETOTAL,10,28.769731521606445,5,5,2,4,5,3
1,DeathDescription.LIFETOTAL,11,30.10106086730957,4,1,6,6,5,2
1,DeathDescription.LIFETOTAL,11,39.12639617919922,4,3,4,4,5,4
1,DeathDescription.LIFETOTAL,11,34.54470634460449,4,5,3,5,6,2
0,DeathDescription.LIFETOTAL,10,34.32345390319824,5,5,2,2,4,6
0,DeathDescription.LIFETOTAL,10,42.84501075744629,6,5,1,3,2,5
1,DeathDescription.LIFETOTAL,11,43.972015380859375,6,4,2,5,5,3
0,DeathDescription.LIFETOTAL,10,43.84303092956543,4,6,2,5,4,3
0,DeathDescription.LIFETOTAL,10,35.12287139892578,6,5,1,5,4,3
0,DeathDescription.LIFETOTAL,14,30.08580207824707,4,6,4,7,2,5
0,DeathDescription.LIFETOTAL,10,25.057315826416016,4,5,3,4,2,5
0,DeathDescription.LIFETOTAL,10,30.459165573120117,6,6,0,5,3,4
0,DeathDescription.LIFETOTAL,10,29.877185821533203,4,5,3,5,4,3
0,DeathDescription.LIFETOTAL,12,32.8519344329834,7,5,1,6,5,2
0,DeathDescription.LIFETOTAL,12,38.15197944641113,6,5,2,6,4,3
0,DeathDescription.LIFETOTAL,12,31.591415405273438,6,5,2,6,4,3
1,DeathDescription.LIFETOTAL,11,23.645877838134766,4,2,5,5,5,3
0,DeathDescription.LIFETOTAL,10,21.496057510375977,6,4,2,5,4,3
1,DeathDescription.LIFETOTAL,11,31.11124038696289,5,0,7,6,4,3
0,DeathDescription.LIFETOTAL,10,32.73200988769531,5,5,2,3,0,7
0,DeathDescription.LIFETOTAL,10,23.134708404541016,5,4,3,5,5,2
0,DeathDescription.LIFETOTAL,12,24.807453155517578,7,3,3,6,4,3
0,DeathDescription.LIFETOTAL,10,42.2055721282959,6,5,1,5,4,3
0,DeathDescription.LIFETOTAL,12,35.33339500427246,6,4,3,6,4,3
0,DeathDescription.LIFETOTAL,16,28.65147590637207,8,6,1,5,0,7
0,DeathDescription.LIFETOTAL,10,28.162717819213867,6,6,0,5,4,3
0,DeathDescription.LIFETOTAL,10,25.859355926513672,6,5,1,5,3,4
0,DeathDescription.LIFETOTAL,10,22.948265075683594,4,4,4,4,4,4
1,DeathDescription.LIFETOTAL,11,39.17574882507324,3,4,5,6,5,2
1,DeathDescription.LIFETOTAL,11,22.859573364257812,3,1,6,6,5,2
0,DeathDescription.LIFETOTAL,14,34.429073333740234,7,6,1,5,4,5
0,DeathDescription.LIFETOTAL,10,44.595956802368164,5,4,3,3,1,6
0,DeathDescription.LIFETOTAL,10,22.947072982788086,6,3,3,5,3,4
1,DeathDescription.LIFETOTAL,11,39.28828239440918,5,4,3,5,5,3
0,DeathDescription.LIFETOTAL,10,30.0142765045166,6,4,2,4,3,5
0,DeathDescription.LIFETOTAL,10,36.56959533691406,6,5,1,5,3,4
0,DeathDescription.LIFETOTAL,10,35.015106201171875,6,4,2,5,4,3
1,DeathDescription.LIFETOTAL,11,27.301549911499023,1,0,7,3,5,5
0,DeathDescription.LIFETOTAL,12,37.33372688293457,4,5,4,6,4,3
0,DeathDescription.LIFETOTAL,10,68.70770454406738,6,4,2,5,3,4
1,DeathDescription.LIFETOTAL,13,26.235580444335938,7,4,2,6,4,4
1,DeathDescription.LIFETOTAL,11,23.224830627441406,6,4,2,5,5,3
0,DeathDescription.LIFETOTAL,12,53.66253852844238,6,6,1,3,4,6
0,DeathDescription.LIFETOTAL,10,38.657426834106445,6,4,2,5,3,4
0,DeathDescription.LIFETOTAL,10,23.456811904907227,6,4,2,5,4,3
0,DeathDescription.LIFETOTAL,10,36.83304786682129,6,5,1,5,3,4
1,DeathDescription.LIFETOTAL,15,30.113935470581055,5,2,6,7,7,1
0,DeathDescription.LIFETOTAL,14,31.57663345336914,5,5,4,6,1,6
0,DeathDescription.LIFETOTAL,10,38.216590881347656,3,5,4,5,3,4
0,DeathDescription.LIFETOTAL,12,31.104564666748047,5,6,2,2,1,7
0,DeathDescription.LIFETOTAL,10,59.30376052856445,6,5,1,5,3,4
0,DeathDescription.LIFETOTAL,10,28.23615074157715,6,5,1,5,4,3
1,DeathDescription.LIFETOTAL,11,35.13455390930176,5,3,4,3,5,5
0,DeathDescription.LIFETOTAL,10,27.179241180419922,4,4,4,4,0,7
1,DeathDescription.LIFETOTAL,11,29.88719940185547,6,4,2,6,5,2
0,DeathDescription.LIFETOTAL,10,37.15395927429199,5,5,2,5,2,5
0,DeathDescription.LIFETOTAL,10,24.357318878173828,6,5,1,5,4,3
0,DeathDescription.LIFETOTAL,10,28.449535369873047,4,5,3,5,4,3
0,DeathDescription.LIFETOTAL,10,64.08500671386719,6,4,2,5,3,4
0,DeathDescription.LIFETOTAL,10,29.920101165771484,4,5,3,5,3,4
0,DeathDescription.LIFETOTAL,10,37.89710998535156,6,5,1,5,4,3
0,DeathDescription.LIFETOTAL,10,47.438621520996094,4,5,3,5,3,4
1,DeathDescription.LIFETOTAL,11,36.9265079498291,5,3,4,6,5,2
0,DeathDescription.LIFETOTAL,10,33.823251724243164,6,5,1,5,5,2
0,DeathDescription.LIFETOTAL,10,21.852970123291016,5,5,2,3,4,5
0,DeathDescription.LIFETOTAL,12,34.920454025268555,6,7,0,4,5,4
0,DeathDescription.LIFETOTAL,10,29.987096786499023,6,6,0,5,1,6
1,DeathDescription.LIFETOTAL,11,39.42513465881348,5,3,4,6,5,2
0,DeathDescription.LIFETOTAL,10,37.177085876464844,5,5,2,2,0,7
1,DeathDescription.LIFETOTAL,11,26.660919189453125,4,0,7,6,5,2
0,DeathDescription.LIFETOTAL,12,26.734352111816406,6,4,3,6,4,3
0,DeathDescription.LIFETOTAL,10,23.628711700439453,6,5,1,5,3,4
1,DeathDescription.LIFETOTAL,11,24.5664119720459,6,3,3,5,6,2
1,DeathDescription.LIFETOTAL,11,42.229413986206055,3,4,5,5,6,2
1,DeathDescription.LIFETOTAL,13,31.366586685180664,7,5,1,5,5,4
1,DeathDescription.LIFETOTAL,11,38.47527503967285,4,3,5,3,5,5
1,DeathDescription.LIFETOTAL,11,32.93609619140625,3,0,7,5,5,3
0,DeathDescription.LIFETOTAL,10,34.4090461730957,6,4,2,5,2,5
1,DeathDescription.LIFETOTAL,11,24.8873233795166,5,3,4,4,5,4
0,DeathDescription.LIFETOTAL,10,29.053688049316406,5,5,2,5,3,4
1,DeathDescription.LIFETOTAL,11,23.241281509399414,4,0,7,5,7,1
0,DeathDescription.LIFETOTAL,10,48.4309196472168,5,5,2,5,4,3
0,DeathDescription.LIFETOTAL,10,24.993181228637695,6,5,1,5,2,5
0,DeathDescription.LIFETOTAL,10,25.226116180419922,5,5,2,5,4,3
0,DeathDescription.LIFETOTAL,12,26.87859535217285,4,4,5,5,4,4
0,DeathDescription.LIFETOTAL,12,37.11581230163574,6,6,1,4,4,4
0,DeathDescription.LIFETOTAL,10,21.857500076293945,4,5,3,4,1,6
1,DeathDescription.LIFETOTAL,11,29.015064239501953,6,3,3,5,5,3
0,DeathDescription.LIFETOTAL,10,22.803306579589844,5,5,2,5,3,4
1,DeathDescription.LIFETOTAL,11,24.349689483642578,6,4,2,4,5,4
0,DeathDescription.LIFETOTAL,10,23.354291915893555,6,4,2,5,4,3
1,DeathDescription.LIFETOTAL,11,35.16721725463867,6,4,2,5,5,3
0,DeathDescription.LIFETOTAL,10,32.07254409790039,6,4,2,4,0,7
0,DeathDescription.LIFETOTAL,10,44.25835609436035,5,5,2,5,4,3
0,DeathDescription.LIFETOTAL,10,23.834705352783203,5,5,2,5,4,3
1,DeathDescription.LIFETOTAL,11,23.990154266357422,4,2,5,6,5,2
1,DeathDescription.LIFETOTAL,13,24.92046356201172,4,2,6,7,5,2
0,DeathDescription.LIFETOTAL,10,31.69107437133789,6,4,2,5,3,4
0,DeathDescription.LIFETOTAL,12,30.896425247192383,5,5,3,4,4,5
0,DeathDescription.LIFETOTAL,10,23.244857788085938,6,5,1,5,4,3
0,DeathDescription.LIFETOTAL,12,28.705120086669922,7,5,1,4,5,4
0,DeathDescription.LIFETOTAL,10,29.324054718017578,3,5,4,5,5,2
0,DeathDescription.LIFETOTAL,10,38.62905502319336,4,4,4,5,5,2
1,DeathDescription.LIFETOTAL,13,25.860071182250977,5,0,7,5,5,4
0,DeathDescription.LIFETOTAL,10,28.75971794128418,4,5,3,4,4,4
0,DeathDescription.LIFETOTAL,12,49.436092376708984,4,6,3,5,4,4
0,DeathDescription.LIFETOTAL,10,40.41910171508789,5,5,2,5,4,3
0,DeathDescription.LIFETOTAL,10,43.77412796020508,6,5,1,5,4,3
0,DeathDescription.LIFETOTAL,10,22.628307342529297,6,5,1,5,3,4
0,DeathDescription.LIFETOTAL,12,42.24729537963867,7,6,0,6,4,3
1,DeathDescription.LIFETOTAL,11,25.30813217163086,6,4,2,6,5,2
1,DeathDescription.LIFETOTAL,13,31.354904174804688,3,3,5,7,5,2
1,DeathDescription.LIFETOTAL,11,24.024248123168945,5,3,4,6,4,3
0,DeathDescription.LIFETOTAL,10,40.70639610290527,3,4,5,5,3,4
1,DeathDescription.LIFETOTAL,11,34.88445281982422,4,0,7,6,4,3
0,DeathDescription.LIFETOTAL,10,29.335975646972656,3,5,4,5,3,4
1,DeathDescription.LIFETOTAL,11,30.09963035583496,6,4,2,3,5,5
0,DeathDescription.LIFETOTAL,10,50.047874450683594,4,4,4,4,3,5
0,DeathDescription.LIFETOTAL,12,26.269197463989258,7,6,0,6,4,3
0,DeathDescription.LIFETOTAL,12,25.177717208862305,7,4,2,4,5,4
1,DeathDescription.LIFETOTAL,13,60.83512306213379,7,4,2,7,3,4
0,DeathDescription.LIFETOTAL,10,33.272743225097656,5,5,2,5,4,3
1,DeathDescription.LIFETOTAL,11,39.22772407531738,4,4,4,5,5,3
0,DeathDescription.LIFETOTAL,10,28.388500213623047,4,5,3,5,3,4
0,DeathDescription.LIFETOTAL,10,39.17384147644043,4,4,4,5,2,5
1,DeathDescription.LIFETOTAL,13,25.498628616333008,3,0,7,6,6,2
0,DeathDescription.LIFETOTAL,10,28.212785720825195,5,5,2,5,4,3
0,DeathDescription.LIFETOTAL,10,22.835969924926758,6,5,1,5,4,3
0,DeathDescription.LIFETOTAL,10,39.90936279296875,6,4,2,5,3,4
0,DeathDescription.LIFETOTAL,10,32.60302543640137,6,5,1,5,4,3
0,DeathDescription.LIFETOTAL,10,28.835773468017578,5,5,2,4,4,4
0,DeathDescription.LIFETOTAL,12,31.094074249267578,6,4,3,5,5,3
0,DeathDescription.LIFETOTAL,10,22.620201110839844,5,5,2,4,0,7
0,DeathDescription.LIFETOTAL,12,26.05605125427246,6,6,1,6,6,1
1,DeathDescription.LIFETOTAL,11,24.381637573242188,4,3,4,6,6,1
1,DeathDescription.LIFETOTAL,11,22.900104522705078,6,4,2,4,5,4
0,DeathDescription.LIFETOTAL,10,21.5909481048584,3,5,4,5,3,4
1,DeathDescription.LIFETOTAL,11,29.50143814086914,6,2,4,4,6,3
0,DeathDescription.LIFETOTAL,12,30.928373336791992,5,5,3,5,3,5
1,DeathDescription.LIFETOTAL,11,55.95660209655762,4,4,4,6,5,2
0,DeathDescription.LIFETOTAL,10,32.7761173248291,6,4,2,4,1,6
1,DeathDescription.LIFETOTAL,11,34.56568717956543,4,3,5,4,5,4
1,DeathDescription.LIFETOTAL,11,49.34263229370117,6,0,6,5,6,2
0,DeathDescription.LIFETOTAL,10,22.534847259521484,6,4,2,5,5,2
1,DeathDescription.LIFETOTAL,11,33.10751914978027,4,3,5,5,5,3
0,DeathDescription.LIFETOTAL,12,47.380685806274414,7,5,1,6,2,5
0,DeathDescription.LIFETOTAL,12,25.907278060913086,6,5,2,6,5,2
1,DeathDescription.LIFETOTAL,11,44.30580139160156,6,1,5,4,5,4
1,DeathDescription.LIFETOTAL,11,32.7610969543457,6,0,6,6,4,3
0,DeathDescription.LIFETOTAL,12,50.57692527770996,6,5,2,6,4,3
0,DeathDescription.LIFETOTAL,10,28.351306915283203,4,5,3,5,4,3
0,DeathDescription.LIFETOTAL,10,22.923946380615234,6,4,2,5,4,3
0,DeathDescription.LIFETOTAL,12,32.35936164855957,5,6,2,6,6,1
1,DeathDescription.LIFETOTAL,11,29.093503952026367,6,3,3,5,5,3
0,DeathDescription.LIFETOTAL,10,22.350788116455078,5,4,3,5,5,2
0,DeathDescription.LIFETOTAL,10,27.15611457824707,4,5,3,5,4,3
0,DeathDescription.LIFETOTAL,10,45.45450210571289,6,4,2,5,4,3
0,DeathDescription.LIFETOTAL,10,27.96792984008789,4,5,3,5,3,4
0,DeathDescription.LIFETOTAL,10,32.80377388000488,5,5,2,5,4,3
0,DeathDescription.LIFETOTAL,10,27.954578399658203,5,5,2,4,4,4
0,DeathDescription.LIFETOTAL,10,28.722763061523438,4,4,4,5,2,5
0,DeathDescription.LIFETOTAL,12,34.4843864440918,5,5,3,4,4,5
0,DeathDescription.LIFETOTAL,12,35.58921813964844,5,5,3,6,5,2
0,DeathDescription.LIFETOTAL,10,37.86444664001465,4,5,3,5,4,3
0,DeathDescription.LIFETOTAL,10,39.79778289794922,6,5,1,2,4,6
0,DeathDescription.LIFETOTAL,10,22.31144905090332,4,5,3,4,0,7
0,DeathDescription.LIFETOTAL,10,29.77585792541504,5,5,2,5,4,3
1,DeathDescription.LIFETOTAL,11,28.776168823242188,3,2,5,5,5,3
1,DeathDescription.LIFETOTAL,11,31.696796417236328,6,1,5,6,4,3
1,DeathDescription.LIFETOTAL,11,46.187639236450195,6,3,3,6,5,2
0,DeathDescription.LIFETOTAL,12,32.2573184967041,6,5,2,6,5,2
1,DeathDescription.LIFETOTAL,11,35.489559173583984,5,5,2,6,5,2
0,DeathDescription.LIFETOTAL,12,44.90804672241211,6,7,0,4,1,6
0,DeathDescription.LIFETOTAL,10,28.727293014526367,6,3,3,5,4,3
0,DeathDescription.LIFETOTAL,10,20.988941192626953,5,5,2,5,4,3
0,DeathDescription.LIFETOTAL,10,23.752927780151367,6,5,1,5,3,4
0,DeathDescription.LIFETOTAL,10,25.721311569213867,6,6,0,5,4,3
0,DeathDescription.LIFETOTAL,12,26.845693588256836,4,5,4,5,4,4
0,DeathDescription.LIFETOTAL,10,38.32387924194336,5,5,2,3,4,5
1,DeathDescription.LIFETOTAL,11,29.126644134521484,4,4,4,5,6,2
1,DeathDescription.LIFETOTAL,11,41.29815101623535,4,4,4,6,6,1
0,DeathDescription.LIFETOTAL,12,79.92959022521973,6,5,2,6,3,4
0,DeathDescription.LIFETOTAL,14,25.436878204345703,3,5,5,5,0,7
0,DeathDescription.LIFETOTAL,10,27.886152267456055,5,5,2,5,4,3
0,DeathDescription.LIFETOTAL,10,51.251888275146484,5,5,2,3,4,5
0,DeathDescription.LIFETOTAL,10,33.71262550354004,6,5,1,5,4,3
0,DeathDescription.LIFETOTAL,10,22.662878036499023,5,5,2,5,4,3
0,DeathDescription.LIFETOTAL,12,36.37838363647461,4,4,5,6,2,5
1,DeathDescription.LIFETOTAL,15,53.19809913635254,4,4,4,7,6,2
0,DeathDescription.LIFETOTAL,10,29.438018798828125,4,5,3,5,4,3
1,DeathDescription.LIFETOTAL,13,28.24258804321289,5,1,6,7,5,2
0,DeathDescription.LIFETOTAL,10,34.5158576965332,6,4,2,5,5,2
0,DeathDescription.LIFETOTAL,10,33.43009948730469,5,5,2,5,4,3
0,DeathDescription.LIFETOTAL,12,40.76385498046875,4,5,4,5,4,4
0,DeathDescription.LIFETOTAL,10,40.465593338012695,6,4,2,2,3,7
1,DeathDescription.LIFETOTAL,13,36.22293472290039,7,2,4,6,6,2
0,DeathDescription.LIFETOTAL,10,33.07700157165527,5,5,2,5,4,3
0,DeathDescription.LIFETOTAL,10,25.506973266601562,5,5,2,5,3,4
0,DeathDescription.LIFETOTAL,12,25.495529174804688,6,5,2,3,4,6
0,DeathDescription.LIFETOTAL,12,22.258520126342773,4,5,4,5,2,5
1,DeathDescription.LIFETOTAL,11,33.26749801635742,6,4,2,6,4,3
0,DeathDescription.LIFETOTAL,12,27.164936065673828,4,5,4,6,3,4
0,DeathDescription.LIFETOTAL,10,23.0257511138916,6,4,2,5,4,3
0,DeathDescription.LIFETOTAL,10,23.38409423828125,5,5,2,5,3,4
0,DeathDescription.LIFETOTAL,12,30.658721923828125,7,6,0,6,4,3
1,DeathDescription.LIFETOTAL,11,34.88802909851074,3,0,7,3,5,5
0,DeathDescription.LIFETOTAL,10,39.580583572387695,6,5,1,5,4,3
0,DeathDescription.LIFETOTAL,10,27.988672256469727,5,5,2,5,4,3
0,DeathDescription.LIFETOTAL,10,53.78389358520508,3,5,4,5,5,2
0,DeathDescription.LIFETOTAL,10,40.75956344604492,4,5,3,5,4,3
1,DeathDescription.LIFETOTAL,13,30.269861221313477,3,0,7,6,5,3
0,DeathDescription.LIFETOTAL,12,24.42336082458496,7,5,1,6,2,5
0,DeathDescription.LIFETOTAL,10,33.10203552246094,3,5,4,5,4,3
0,DeathDescription.LIFETOTAL,10,59.647560119628906,6,5,1,5,4,3
0,DeathDescription.LIFETOTAL,10,22.838115692138672,6,5,1,5,1,6
1,DeathDescription.LIFETOTAL,11,27.56023406982422,6,3,3,5,5,3
0,DeathDescription.LIFETOTAL,12,30.0905704498291,7,5,1,4,4,5
1,DeathDescription.LIFETOTAL,13,38.64550590515137,7,4,2,4,5,5
0,DeathDescription.LIFETOTAL,12,51.21779441833496,7,6,0,3,4,6
0,DeathDescription.LIFETOTAL,10,22.942543029785156,4,5,3,5,3,4
0,DeathDescription.LIFETOTAL,12,35.973310470581055,6,5,2,6,4,3
0,DeathDescription.LIFETOTAL,12,41.085004806518555,3,4,6,3,0,7
0,DeathDescription.LIFETOTAL,12,37.58096694946289,7,4,2,6,3,4
0,DeathDescription.LIFETOTAL,10,44.31796073913574,6,4,2,5,3,4
0,DeathDescription.LIFETOTAL,12,30.71451187133789,4,5,4,6,6,1
0,DeathDescription.LIFETOTAL,10,32.67478942871094,4,4,4,5,4,3
0,DeathDescription.LIFETOTAL,10,22.211790084838867,6,5,1,5,4,3
0,DeathDescription.LIFETOTAL,10,23.75960350036621,3,5,4,5,4,3
1,DeathDescription.LIFETOTAL,11,31.508445739746094,5,4,3,6,5,2
1,DeathDescription.LIFETOTAL,13,37.24336624145508,6,4,3,6,6,2
0,DeathDescription.LIFETOTAL,12,35.720109939575195,7,5,1,4,3,6
0,DeathDescription.LIFETOTAL,10,22.394180297851562,5,5,2,5,5,2
0,DeathDescription.LIFETOTAL,10,30.23815155029297,6,5,1,5,4,3
1,DeathDescription.LIFETOTAL,13,40.27199745178223,3,0,7,7,5,2
1,DeathDescription.LIFETOTAL,13,34.90018844604492,4,4,4,6,5,3
1,DeathDescription.LIFETOTAL,11,23.436307907104492,5,4,3,5,6,2
1,DeathDescription.LIFETOTAL,11,38.00559043884277,6,5,1,6,5,2
0,DeathDescription.LIFETOTAL,10,28.405189514160156,6,5,1,5,3,4
0,DeathDescription.LIFETOTAL,12,24.151086807250977,5,5,3,5,2,5
1,DeathDescription.LIFETOTAL,13,23.93507957458496,3,1,6,5,6,3
1,DeathDescription.LIFETOTAL,11,36.217451095581055,5,4,3,3,5,5
0,DeathDescription.LIFETOTAL,10,23.085832595825195,6,5,1,4,1,6
0,DeathDescription.LIFETOTAL,10,32.921791076660156,4,5,3,4,4,4
1,DeathDescription.LIFETOTAL,11,23.146629333496094,5,4,3,4,5,4
0,DeathDescription.LIFETOTAL,10,40.259361267089844,6,5,1,5,3,4
0,DeathDescription.LIFETOTAL,10,44.28386688232422,3,5,4,5,4,3
0,DeathDescription.LIFETOTAL,10,23.186206817626953,4,5,3,5,4,3
0,DeathDescription.LIFETOTAL,10,37.38522529602051,6,3,3,2,4,6
0,DeathDescription.LIFETOTAL,10,34.624338150024414,6,5,1,4,4,4
1,DeathDescription.LIFETOTAL,11,37.19615936279297,4,0,7,6,4,3
0,DeathDescription.LIFETOTAL,10,43.04671287536621,5,5,2,5,3,4
1,DeathDescription.LIFETOTAL,11,29.00242805480957,5,5,2,5,5,3
1,DeathDescription.LIFETOTAL,11,32.73773193359375,4,4,4,6,6,1
0,DeathDescription.LIFETOTAL,10,23.06079864501953,4,5,3,4,4,4
1,DeathDescription.LIFETOTAL,13,31.193256378173828,3,0,7,7,3,4
1,DeathDescription.LIFETOTAL,13,28.289318084716797,2,2,6,7,4,3
0,DeathDescription.LIFETOTAL,10,30.802488327026367,5,5,2,5,4,3
1,DeathDescription.LIFETOTAL,11,25.855064392089844,6,4,2,6,5,2
0,DeathDescription.LIFETOTAL,10,22.89438247680664,4,6,2,5,5,2
0,DeathDescription.LIFETOTAL,12,28.895139694213867,4,5,4,6,0,7
0,DeathDescription.LIFETOTAL,12,46.71835899353027,4,6,3,6,3,4
1,DeathDescription.LIFETOTAL,13,30.640125274658203,5,1,6,6,5,3
1,DeathDescription.LIFETOTAL,13,31.469345092773438,5,3,4,6,6,2
1,DeathDescription.LIFETOTAL,13,44.083356857299805,6,3,4,7,3,4
1,DeathDescription.LIFETOTAL,11,31.369447708129883,5,5,2,6,4,3
0,DeathDescription.LIFETOTAL,10,30.14993667602539,6,4,2,5,2,5
0,DeathDescription.LIFETOTAL,10,23.312091827392578,5,5,2,4,4,4
1,DeathDescription.LIFETOTAL,11,48.990726470947266,6,3,3,6,5,2
1,DeathDescription.LIFETOTAL,11,35.898685455322266,4,4,4,5,4,4
0,DeathDescription.LIFETOTAL,10,23.89073371887207,5,4,3,5,3,4
1,DeathDescription.LIFETOTAL,11,34.61790084838867,6,5,1,5,5,3
0,DeathDescription.LIFETOTAL,10,47.658443450927734,3,5,4,4,2,5
1,DeathDescription.LIFETOTAL,11,37.17327117919922,5,4,3,6,6,1
1,DeathDescription.LIFETOTAL,11,23.80847930908203,5,4,3,6,6,1
0,DeathDescription.LIFETOTAL,10,22.61042594909668,6,5,1,5,3,4
0,DeathDescription.LIFETOTAL,12,33.15234184265137,6,7,0,5,1,6
1,DeathDescription.LIFETOTAL,11,30.8840274810791,5,4,3,6,4,3
1,DeathDescription.LIFETOTAL,11,24.550437927246094,6,4,2,6,5,2
1,DeathDescription.LIFETOTAL,11,28.008222579956055,4,1,6,6,4,3
0,DeathDescription.LIFETOTAL,10,21.641016006469727,5,4,3,5,3,4
0,DeathDescription.LIFETOTAL,10,34.334421157836914,6,4,2,5,2,5
0,DeathDescription.LIFETOTAL,12,34.433603286743164,3,5,5,3,3,5
0,DeathDescription.LIFETOTAL,12,35.53032875061035,7,5,1,6,4,3
1,DeathDescription.LIFETOTAL,11,23.343801498413086,4,4,4,6,5,2
1,DeathDescription.LIFETOTAL,13,43.65658760070801,6,4,3,7,5,2
0,DeathDescription.LIFETOTAL,14,35.68530082702637,7,5,2,5,0,7
1,DeathDescription.LIFETOTAL,11,28.615236282348633,6,5,1,5,5,3
1,DeathDescription.LIFETOTAL,11,48.665523529052734,4,0,7,5,5,3
1,DeathDescription.LIFETOTAL,11,25.97832679748535,6,3,3,6,5,2
0,DeathDescription.LIFETOTAL,10,29.28757667541504,6,5,1,5,4,3
0,DeathDescription.LIFETOTAL,10,39.936065673828125,4,5,3,4,3,5
1,DeathDescription.LIFETOTAL,11,44.34561729431152,6,1,5,5,6,2
0,DeathDescription.LIFETOTAL,10,50.25291442871094,5,5,2,5,3,4
0,DeathDescription.LIFETOTAL,10,27.001380920410156,6,5,1,4,1,6
0,DeathDescription.LIFETOTAL,10,26.250123977661133,4,5,3,5,3,4
0,DeathDescription.LIFETOTAL,10,31.17060661315918,5,5,2,4,2,6
0,DeathDescription.LIFETOTAL,12,47.856807708740234,4,5,4,6,4,3
1,DeathDescription.LIFETOTAL,11,25.93517303466797,5,5,2,6,6,1
1,DeathDescription.LIFETOTAL,11,57.816267013549805,6,4,2,5,4,4
0,DeathDescription.LIFETOTAL,10,24.394750595092773,5,5,2,5,3,4
0,DeathDescription.LIFETOTAL,10,24.30248260498047,4,5,3,4,5,3
1,DeathDescription.LIFETOTAL,11,33.13255310058594,6,4,2,4,5,4
0,DeathDescription.LIFETOTAL,12,56.06222152709961,6,5,2,6,4,3
1,DeathDescription.LIFETOTAL,13,27.007102966308594,5,3,5,6,5,3
0,DeathDescription.LIFETOTAL,12,40.7259464263916,5,5,3,4,4,5
0,DeathDescription.LIFETOTAL,10,23.15211296081543,5,5,2,5,4,3
0,DeathDescription.LIFETOTAL,10,27.96769142150879,6,4,2,5,4,3
0,DeathDescription.LIFETOTAL,12,23.708343505859375,6,5,2,6,5,2
0,DeathDescription.LIFETOTAL,10,44.68703269958496,5,6,1,3,3,6
0,DeathDescription.LIFETOTAL,12,22.410154342651367,5,5,3,3,0,7
0,DeathDescription.LIFETOTAL,12,24.295568466186523,5,6,2,4,5,4
1,DeathDescription.LIFETOTAL,13,32.63711929321289,6,3,4,5,6,3
0,DeathDescription.LIFETOTAL,10,38.43331336975098,5,5,2,4,4,4
0,DeathDescription.LIFETOTAL,10,23.324966430664062,6,5,1,5,3,4
0,DeathDescription.LIFETOTAL,14,29.72245216369629,5,7,2,4,4,6
0,DeathDescription.LIFETOTAL,10,23.238182067871094,5,6,1,4,4,4
0,DeathDescription.LIFETOTAL,10,35.80832481384277,5,6,1,5,2,5
0,DeathDescription.LIFETOTAL,12,31.839370727539062,7,5,1,4,5,4
1,DeathDescription.LIFETOTAL,11,30.406713485717773,6,5,1,5,5,3
0,DeathDescription.LIFETOTAL,10,28.468608856201172,5,4,3,5,4,3
0,DeathDescription.LIFETOTAL,10,46.048641204833984,5,4,3,5,4,3
0,DeathDescription.LIFETOTAL,12,26.444673538208008,4,6,3,5,5,2
1,DeathDescription.LIFETOTAL,11,29.901504516601562,6,3,3,6,5,2
1,DeathDescription.LIFETOTAL,11,24.644851684570312,6,3,3,5,4,4
1,DeathDescription.LIFETOTAL,11,36.67187690734863,3,3,6,6,6,1
1,DeathDescription.LIFETOTAL,11,31.5859317779541,4,5,3,4,4,5
0,DeathDescription.LIFETOTAL,10,23.810625076293945,4,5,3,4,4,4
1,DeathDescription.LIFETOTAL,11,35.21299362182617,6,5,1,6,5,2
0,DeathDescription.LIFETOTAL,12,39.54577445983887,6,5,2,6,3,4
0,DeathDescription.LIFETOTAL,10,29.997587203979492,6,4,2,4,4,4
0,DeathDescription.LIFETOTAL,12,24.0933895111084,7,4,2,6,4,3
0,DeathDescription.LIFETOTAL,10,28.44071388244629,6,4,2,5,3,4
0,DeathDescription.LIFETOTAL,12,27.391672134399414,7,3,3,6,5,2
0,DeathDescription.LIFETOTAL,10,40.70162773132324,6,6,0,5,3,4
1,DeathDescription.LIFETOTAL,13,25.848388671875,2,2,6,7,5,2
0,DeathDescription.LIFETOTAL,10,22.8726863861084,6,5,1,4,1,6
0,DeathDescription.LIFETOTAL,14,39.01505470275879,4,5,4,3,3,6
0,DeathDescription.LIFETOTAL,12,32.419443130493164,4,5,4,5,3,5
0,DeathDescription.LIFETOTAL,10,28.929471969604492,5,5,2,3,4,5
1,DeathDescription.LIFETOTAL,11,30.745267868041992,6,4,2,6,5,2
0,DeathDescription.LIFETOTAL,12,59.84854698181152,7,5,1,2,0,7
1,DeathDescription.LIFETOTAL,11,30.249357223510742,6,3,3,4,5,4
0,DeathDescription.LIFETOTAL,10,32.320499420166016,4,5,3,5,3,4
0,DeathDescription.LIFETOTAL,12,25.10523796081543,7,5,1,5,4,4
1,DeathDescription.LIFETOTAL,11,43.02096366882324,6,3,3,5,4,4
0,DeathDescription.LIFETOTAL,10,23.896455764770508,6,5,1,4,5,3
0,DeathDescription.LIFETOTAL,10,23.009538650512695,5,5,2,5,3,4
1,DeathDescription.LIFETOTAL,11,44.27075386047363,5,3,4,5,5,3
1,DeathDescription.LIFETOTAL,11,37.584781646728516,3,0,7,5,6,2
1,DeathDescription.LIFETOTAL,13,26.3519287109375,6,3,4,6,5,3
0,DeathDescription.LIFETOTAL,10,55.55081367492676,6,5,1,4,5,3
0,DeathDescription.LIFETOTAL,12,31.087398529052734,6,5,2,6,5,2
0,DeathDescription.LIFETOTAL,10,42.77157783508301,6,4,2,5,3,4
0,DeathDescription.LIFETOTAL,10,25.214195251464844,6,5,1,5,3,4
1,DeathDescription.LIFETOTAL,11,28.77497673034668,4,1,6,5,5,3
1,DeathDescription.LIFETOTAL,13,24.887800216674805,4,2,5,7,6,1
1,DeathDescription.LIFETOTAL,11,24.458646774291992,6,5,1,6,5,2
0,DeathDescription.LIFETOTAL,12,27.85634994506836,7,4,2,6,4,3
0,DeathDescription.LIFETOTAL,10,30.898332595825195,5,4,3,5,2,5
0,DeathDescription.LIFETOTAL,10,40.00067710876465,6,5,1,5,4,3
1,DeathDescription.LIFETOTAL,11,45.82357406616211,6,4,2,6,6,1
0,DeathDescription.LIFETOTAL,10,26.48639678955078,6,4,2,5,4,3
0,DeathDescription.LIFETOTAL,10,33.61105918884277,6,6,0,5,3,4
0,DeathDescription.LIFETOTAL,10,37.28985786437988,4,4,4,5,5,2
0,DeathDescription.LIFETOTAL,12,32.81974792480469,7,4,2,4,4,4
1,DeathDescription.LIFETOTAL,11,40.662527084350586,6,4,2,6,6,1
0,DeathDescription.LIFETOTAL,10,41.01300239562988,6,5,1,5,3,4
1,DeathDescription.LIFETOTAL,11,47.61147499084473,6,4,2,5,6,2
0,DeathDescription.LIFETOTAL,10,33.01501274108887,6,4,2,5,3,4
1,DeathDescription.LIFETOTAL,11,22.559642791748047,6,4,2,5,5,3
1,DeathDescription.LIFETOTAL,11,33.826351165771484,5,4,3,6,6,1
0,DeathDescription.LIFETOTAL,10,28.829336166381836,5,5,2,5,2,5
0,DeathDescription.LIFETOTAL,12,30.423641204833984,7,5,1,6,3,4
0,DeathDescription.LIFETOTAL,10,23.119688034057617,6,5,1,3,4,5
0,DeathDescription.LIFETOTAL,10,29.944181442260742,6,4,2,4,0,7
0,DeathDescription.LIFETOTAL,10,40.51780700683594,6,5,1,4,3,5
0,DeathDescription.LIFETOTAL,12,40.16757011413574,5,6,2,6,3,4
1,DeathDescription.LIFETOTAL,11,22.86815643310547,6,3,3,6,6,1
0,DeathDescription.LIFETOTAL,10,38.44451904296875,6,4,2,1,0,7
0,DeathDescription.LIFETOTAL,10,28.37371826171875,6,4,2,4,4,4
0,DeathDescription.LIFETOTAL,12,28.484582901000977,7,5,1,6,4,3
0,DeathDescription.LIFETOTAL,10,20.641326904296875,5,5,2,4,0,7
0,DeathDescription.LIFETOTAL,12,56.3969612121582,5,5,3,5,4,4
1,DeathDescription.LIFETOTAL,19,56.438446044921875,5,4,4,7,5,5
0,DeathDescription.LIFETOTAL,10,33.07032585144043,3,5,4,5,4,3
0,DeathDescription.LIFETOTAL,10,38.022518157958984,6,4,2,4,3,5
1,DeathDescription.LIFETOTAL,11,53.62820625305176,4,4,4,6,5,2
0,DeathDescription.LIFETOTAL,12,36.86165809631348,7,5,1,4,4,5
0,DeathDescription.LIFETOTAL,10,22.583961486816406,5,5,2,5,4,3
1,DeathDescription.LIFETOTAL,11,31.711578369140625,6,3,3,6,6,1
1,DeathDescription.LIFETOTAL,13,38.62810134887695,7,5,1,7,5,2
0,DeathDescription.LIFETOTAL,10,27.912139892578125,6,5,1,5,0,7
0,DeathDescription.LIFETOTAL,12,24.738550186157227,7,4,2,3,4,6
0,DeathDescription.LIFETOTAL,10,34.68585014343262,5,5,2,5,5,2
0,DeathDescription.LIFETOTAL,14,31.71706199645996,4,5,4,5,5,4
0,DeathDescription.LIFETOTAL,10,38.12551498413086,5,5,2,5,2,5
0,DeathDescription.LIFETOTAL,10,39.542436599731445,5,4,3,5,3,4
0,DeathDescription.LIFETOTAL,16,39.878129959106445,8,6,1,4,3,4
1,DeathDescription.LIFETOTAL,11,35.048484802246094,5,4,3,5,5,3
0,DeathDescription.LIFETOTAL,10,39.54911231994629,4,5,3,5,3,4
0,DeathDescription.LIFETOTAL,12,50.17280578613281,5,6,2,4,0,7
0,DeathDescription.LIFETOTAL,12,29.415607452392578,7,5,1,5,2,6
1,DeathDescription.LIFETOTAL,15,40.8635139465332,5,5,4,8,5,2
0,DeathDescription.LIFETOTAL,10,23.56863021850586,6,5,1,5,4,3
0,DeathDescription.LIFETOTAL,10,21.923065185546875,5,5,2,5,3,4
0,DeathDescription.LIFETOTAL,10,20.307064056396484,2,5,5,5,4,3
0,DeathDescription.LIFETOTAL,12,47.71924018859863,4,5,4,6,2,5
1,DeathDescription.LIFETOTAL,13,37.08457946777344,5,4,4,3,5,6
1,DeathDescription.LIFETOTAL,11,29.15024757385254,5,3,4,6,5,2
0,DeathDescription.LIFETOTAL,12,30.11345863342285,5,6,2,6,3,4
0,DeathDescription.LIFETOTAL,10,29.92105484008789,6,6,0,5,3,4
0,DeathDescription.LIFETOTAL,10,43.95556449890137,6,4,2,2,2,6
0,DeathDescription.LIFETOTAL,10,22.509336471557617,4,5,3,4,0,7
1,DeathDescription.LIFETOTAL,11,29.032230377197266,3,2,6,4,5,4
0,DeathDescription.LIFETOTAL,14,52.28757858276367,6,6,2,7,5,2
1,DeathDescription.LIFETOTAL,13,36.58127784729004,2,1,6,7,5,2
1,DeathDescription.LIFETOTAL,11,29.454708099365234,4,5,3,6,5,2
0,DeathDescription.LIFETOTAL,10,23.54264259338379,6,4,2,5,4,3
1,DeathDescription.LIFETOTAL,11,52.73914337158203,4,4,4,5,5,3
1,DeathDescription.LIFETOTAL,11,45.594215393066406,6,4,2,4,5,4
1,DeathDescription.LIFETOTAL,11,22.375822067260742,5,4,3,6,5,2
1,DeathDescription.LIFETOTAL,13,32.96065330505371,3,2,6,5,6,3
0,DeathDescription.LIFETOTAL,10,32.75561332702637,6,5,1,5,2,5
1,DeathDescription.LIFETOTAL,11,29.085636138916016,6,5,1,5,5,3
0,DeathDescription.LIFETOTAL,10,46.80037498474121,5,5,2,3,3,6
0,DeathDescription.LIFETOTAL,12,43.313026428222656,4,6,3,5,4,4
0,DeathDescription.LIFETOTAL,12,24.712800979614258,4,4,5,5,0,7
0,DeathDescription.LIFETOTAL,10,29.132604598999023,5,5,2,5,4,3
0,DeathDescription.LIFETOTAL,10,53.18737030029297,5,5,2,5,3,4
1,DeathDescription.LIFETOTAL,11,37.0025634765625,6,4,2,6,4,3
0,DeathDescription.LIFETOTAL,10,27.01568603515625,6,4,2,4,2,5
1,DeathDescription.LIFETOTAL,11,34.509897232055664,4,4,4,6,5,2
0,DeathDescription.LIFETOTAL,10,37.893056869506836,5,4,3,3,3,6
1,DeathDescription.LIFETOTAL,11,27.233362197875977,4,3,5,6,5,2
1,DeathDescription.LIFETOTAL,13,28.435230255126953,7,5,1,3,5,6
0,DeathDescription.LIFETOTAL,10,48.681020736694336,6,4,2,5,4,3
1,DeathDescription.LIFETOTAL,11,31.5706729888916,6,4,2,4,5,4
0,DeathDescription.LIFETOTAL,10,35.09211540222168,4,5,3,5,4,3
1,DeathDescription.LIFETOTAL,11,33.70094299316406,4,4,4,4,5,4
0,DeathDescription.LIFETOTAL,12,42.27781295776367,5,6,2,6,4,3
0,DeathDescription.LIFETOTAL,10,41.68415069580078,5,5,2,3,4,5
1,DeathDescription.LIFETOTAL,11,28.192520141601562,4,0,7,5,5,3
0,DeathDescription.LIFETOTAL,10,31.931638717651367,5,6,1,5,3,4
0,DeathDescription.LIFETOTAL,10,39.32976722717285,5,5,2,5,3,4
0,DeathDescription.LIFETOTAL,12,44.51608657836914,5,5,3,6,3,4
0,DeathDescription.LIFETOTAL,10,38.153648376464844,6,6,0,5,4,3
0,DeathDescription.LIFETOTAL,12,24.15752410888672,5,6,2,5,4,4
0,DeathDescription.LIFETOTAL,12,26.581764221191406,6,5,2,6,4,3
1,DeathDescription.LIFETOTAL,11,33.65302085876465,5,5,2,6,5,2
0,DeathDescription.LIFETOTAL,10,34.71016883850098,5,4,3,4,0,7
1,DeathDescription.LIFETOTAL,11,36.70072555541992,4,3,4,6,6,1
0,DeathDescription.LIFETOTAL,12,31.20255470275879,4,5,4,6,5,2
1,DeathDescription.LIFETOTAL,13,42.093515396118164,2,0,7,7,6,1
0,DeathDescription.LIFETOTAL,10,33.25366973876953,5,5,2,5,4,3
0,DeathDescription.LIFETOTAL,10,28.2285213470459,6,4,2,5,4,3
0,DeathDescription.LIFETOTAL,10,35.105228424072266,4,5,3,4,3,5
0,DeathDescription.LIFETOTAL,12,24.251222610473633,5,5,3,5,3,4
0,DeathDescription.LIFETOTAL,12,25.206327438354492,7,3,3,4,3,5
1,DeathDescription.LIFETOTAL,11,28.05924415588379,6,3,3,5,5,3
0,DeathDescription.LIFETOTAL,10,47.99842834472656,6,4,2,4,0,7
0,DeathDescription.LIFETOTAL,12,35.21299362182617,3,5,5,6,4,3
0,DeathDescription.LIFETOTAL,10,22.45354652404785,4,5,3,5,4,3
0,DeathDescription.LIFETOTAL,10,41.82863235473633,4,5,3,2,0,7
1,DeathDescription.LIFETOTAL,11,44.90232467651367,3,0,7,6,6,1
0,DeathDescription.LIFETOTAL,10,48.07925224304199,6,5,1,5,4,3
1,DeathDescription.LIFETOTAL,21,45.66597938537598,3,0,7,8,6,1
1,DeathDescription.LIFETOTAL,11,26.957273483276367,6,4,2,4,5,4
1,DeathDescription.LIFETOTAL,11,24.557828903198242,4,4,4,5,6,2
0,DeathDescription.LIFETOTAL,12,31.850337982177734,7,6,0,5,4,4
1,DeathDescription.LIFETOTAL,11,45.78375816345215,6,4,2,6,5,2
0,DeathDescription.LIFETOTAL,10,47.28245735168457,6,5,1,5,4,3
0,DeathDescription.LIFETOTAL,10,32.55152702331543,6,4,2,3,0,7
1,DeathDescription.LIFETOTAL,11,29.63733673095703,5,2,5,6,5,2
1,DeathDescription.LIFETOTAL,15,50.34685134887695,4,3,5,4,5,4
1,DeathDescription.LIFETOTAL,11,33.29920768737793,4,3,4,6,5,2
1,DeathDescription.LIFETOTAL,11,44.152021408081055,6,3,3,5,6,2
0,DeathDescription.LIFETOTAL,12,28.91087532043457,6,4,3,5,4,4
0,DeathDescription.LIFETOTAL,12,24.205923080444336,7,5,1,3,0,7
0,DeathDescription.LIFETOTAL,12,29.18243408203125,4,5,4,4,0,7
1,DeathDescription.LIFETOTAL,11,28.47599983215332,5,4,3,6,4,3
1,DeathDescription.LIFETOTAL,11,36.35835647583008,6,4,2,6,5,2
0,DeathDescription.LIFETOTAL,10,22.318124771118164,3,5,4,5,1,6
1,DeathDescription.LIFETOTAL,11,24.179458618164062,6,4,2,6,6,1
0,DeathDescription.LIFETOTAL,12,24.875879287719727,6,7,0,5,4,4
0,DeathDescription.LIFETOTAL,10,30.060768127441406,6,4,2,5,3,4
1,DeathDescription.LIFETOTAL,11,35.35604476928711,6,4,2,6,5,2
0,DeathDescription.LIFETOTAL,10,39.06702995300293,3,5,4,5,2,5
1,DeathDescription.LIFETOTAL,13,32.92059898376465,3,4,5,3,5,6
0,DeathDescription.LIFETOTAL,10,48.08402061462402,4,4,4,5,4,3
1,DeathDescription.LIFETOTAL,11,25.934934616088867,6,5,1,6,5,2
1,DeathDescription.LIFETOTAL,11,38.39683532714844,5,3,4,6,5,2
0,DeathDescription.LIFETOTAL,10,26.28493309020996,6,6,0,4,4,4
0,DeathDescription.LIFETOTAL,12,47.60479927062988,6,5,2,6,6,1
1,DeathDescription.LIFETOTAL,15,28.945446014404297,5,4,5,6,5,4
1,DeathDescription.LIFETOTAL,11,24.316072463989258,6,5,1,6,6,1
0,DeathDescription.LIFETOTAL,10,42.211055755615234,5,4,3,5,3,4
1,DeathDescription.LIFETOTAL,11,34.104347229003906,5,4,3,5,6,2
0,DeathDescription.LIFETOTAL,12,41.0618782043457,7,5,1,3,0,7
1,DeathDescription.LIFETOTAL,11,32.14883804321289,2,0,7,5,5,3
1,DeathDescription.LIFETOTAL,11,35.75420379638672,4,0,7,5,5,3
1,DeathDescription.LIFETOTAL,13,51.2392520904541,4,0,7,4,5,5
0,DeathDescription.LIFETOTAL,10,27.458667755126953,5,6,1,3,2,5
0,DeathDescription.LIFETOTAL,10,24.5206356048584,5,5,2,5,4,3
0,DeathDescription.LIFETOTAL,10,37.659406661987305,6,6,0,4,0,7
0,DeathDescription.LIFETOTAL,14,26.494979858398438,5,5,4,3,0,7
0,DeathDescription.LIFETOTAL,10,48.60186576843262,5,5,2,4,1,6
0,DeathDescription.LIFETOTAL,10,35.12930870056152,5,5,2,5,4,3
1,DeathDescription.LIFETOTAL,11,23.044824600219727,4,5,3,6,5,2
1,DeathDescription.LIFETOTAL,11,23.480892181396484,4,4,4,6,5,2
0,DeathDescription.LIFETOTAL,10,21.653175354003906,6,6,0,4,1,6
0,DeathDescription.LIFETOTAL,10,34.021854400634766,4,6,2,3,4,5
0,DeathDescription.LIFETOTAL,10,38.34033012390137,5,5,2,5,4,3
0,DeathDescription.LIFETOTAL,10,31.344890594482422,6,5,1,5,3,4
1,DeathDescription.LIFETOTAL,11,28.4271240234375,5,0,7,6,4,3
0,DeathDescription.LIFETOTAL,10,35.02655029296875,5,5,2,3,3,6
0,DeathDescription.LIFETOTAL,10,23.853302001953125,5,5,2,4,4,4
1,DeathDescription.LIFETOTAL,11,28.629541397094727,6,4,2,3,5,5
1,DeathDescription.LIFETOTAL,11,23.326873779296875,6,5,1,5,6,2
0,DeathDescription.LIFETOTAL,10,25.977611541748047,4,5,3,5,4,3
1,DeathDescription.LIFETOTAL,11,36.10825538635254,6,4,2,4,5,4
1,DeathDescription.LIFETOTAL,13,29.285669326782227,4,2,6,6,6,2
1,DeathDescription.LIFETOTAL,11,24.601221084594727,4,4,4,6,5,2
0,DeathDescription.LIFETOTAL,12,40.57574272155762,6,5,2,6,4,3
0,DeathDescription.LIFETOTAL,10,23.384571075439453,6,5,1,5,2,5
0,DeathDescription.LIFETOTAL,10,22.59540557861328,4,4,4,5,3,4
1,DeathDescription.LIFETOTAL,13,35.9952449798584,4,0,7,7,5,2
1,DeathDescription.LIFETOTAL,11,36.1330509185791,5,0,7,6,5,2
0,DeathDescription.LIFETOTAL,12,41.16225242614746,7,4,2,6,6,1
1,DeathDescription.LIFETOTAL,13,30.078649520874023,4,3,6,6,5,3
1,DeathDescription.LIFETOTAL,11,23.719072341918945,5,4,3,5,5,3
0,DeathDescription.LIFETOTAL,10,34.23309326171875,6,5,1,5,4,3
0,DeathDescription.LIFETOTAL,10,24.487972259521484,6,6,0,4,3,5
0,DeathDescription.LIFETOTAL,10,24.530887603759766,2,4,6,5,3,4
0,DeathDescription.LIFETOTAL,10,42.9532527923584,6,4,2,4,2,5
1,DeathDescription.LIFETOTAL,11,36.731719970703125,5,5,2,5,5,3
0,DeathDescription.LIFETOTAL,10,38.008928298950195,3,4,5,5,4,3
0,DeathDescription.LIFETOTAL,10,29.487133026123047,6,5,1,4,4,4
0,DeathDescription.LIFETOTAL,10,22.916793823242188,6,5,1,5,4,3
0,DeathDescription.LIFETOTAL,14,45.952558517456055,6,7,1,3,4,6
0,DeathDescription.LIFETOTAL,10,23.257017135620117,4,6,2,5,3,4
1,DeathDescription.LIFETOTAL,11,24.839401245117188,6,2,4,6,5,2
0,DeathDescription.LIFETOTAL,12,30.1511287689209,7,5,1,5,5,3
0,DeathDescription.LIFETOTAL,10,34.02090072631836,4,4,4,4,4,4
1,DeathDescription.LIFETOTAL,11,24.255037307739258,3,4,5,5,6,2
0,DeathDescription.LIFETOTAL,10,21.971464157104492,6,5,1,5,2,5
0,DeathDescription.LIFETOTAL,10,22.162914276123047,6,5,1,5,2,5
0,DeathDescription.LIFETOTAL,12,48.169612884521484,7,5,1,6,4,3
1,DeathDescription.LIFETOTAL,11,29.18267250061035,4,0,7,5,6,2
0,DeathDescription.LIFETOTAL,10,25.809049606323242,6,5,1,5,4,3
0,DeathDescription.LIFETOTAL,12,24.510860443115234,4,5,4,4,0,7
0,DeathDescription.LIFETOTAL,12,26.830434799194336,6,7,0,6,4,3
0,DeathDescription.LIFETOTAL,10,39.65139389038086,6,5,1,5,2,5
0,DeathDescription.LIFETOTAL,10,33.28299522399902,5,5,2,4,4,4
0,DeathDescription.LIFETOTAL,10,22.263765335083008,6,4,2,4,4,4
1,DeathDescription.LIFETOTAL,11,37.535905838012695,6,3,3,5,5,3
0,DeathDescription.LIFETOTAL,10,28.14030647277832,4,5,3,5,4,3
1,DeathDescription.LIFETOTAL,13,40.32325744628906,5,2,6,7,5,2
0,DeathDescription.LIFETOTAL,12,39.40105438232422,7,4,2,5,4,4
0,DeathDescription.LIFETOTAL,10,28.35536003112793,6,5,1,5,3,4
1,DeathDescription.LIFETOTAL,11,23.616790771484375,3,0,7,4,6,3
0,DeathDescription.LIFETOTAL,10,28.538227081298828,6,5,1,5,4,3
0,DeathDescription.LIFETOTAL,10,20.178794860839844,4,5,3,4,0,7
1,DeathDescription.LIFETOTAL,11,26.4284610748291,6,5,1,6,5,2
1,DeathDescription.LIFETOTAL,11,45.69673538208008,6,4,2,6,6,1
0,DeathDescription.LIFETOTAL,12,33.957719802856445,7,4,2,3,0,7
0,DeathDescription.LIFETOTAL,10,22.569656372070312,5,5,2,3,3,6
0,DeathDescription.LIFETOTAL,12,37.409067153930664,7,4,2,2,4,7
0,DeathDescription.LIFETOTAL,12,25.897502899169922,7,5,1,4,4,5
0,DeathDescription.LIFETOTAL,10,27.91452407836914,4,5,3,3,3,6
0,DeathDescription.LIFETOTAL,12,39.122819900512695,6,6,1,3,1,6
0,DeathDescription.LIFETOTAL,12,46.01001739501953,7,4,2,6,2,5
0,DeathDescription.LIFETOTAL,10,23.331880569458008,5,4,3,5,4,3
0,DeathDescription.LIFETOTAL,10,33.18905830383301,4,5,3,5,4,3
0,DeathDescription.LIFETOTAL,10,27.598857879638672,6,4,2,4,4,4
0,DeathDescription.LIFETOTAL,12,39.377689361572266,7,5,1,6,4,3
0,DeathDescription.LIFETOTAL,10,42.94443130493164,5,6,1,5,3,4
0,DeathDescription.LIFETOTAL,10,22.989273071289062,6,5,1,5,4,3
0,DeathDescription.LIFETOTAL,10,22.934675216674805,5,5,2,5,5,2
1,DeathDescription.LIFETOTAL,13,43.93482208251953,5,0,7,7,6,1
1,DeathDescription.LIFETOTAL,15,30.977487564086914,2,0,7,8,6,1
1,DeathDescription.LIFETOTAL,11,28.888225555419922,6,5,1,5,5,3
1,DeathDescription.LIFETOTAL,11,33.87260437011719,6,5,1,6,6,1
1,DeathDescription.LIFETOTAL,13,36.48877143859863,7,3,3,5,5,4
0,DeathDescription.LIFETOTAL,10,37.86945343017578,4,6,2,5,4,3
1,DeathDescription.LIFETOTAL,11,29.301881790161133,4,3,5,4,5,4
0,DeathDescription.LIFETOTAL,10,39.79659080505371,6,4,2,5,4,3
1,DeathDescription.LIFETOTAL,13,40.46201705932617,5,4,4,7,6,1
1,DeathDescription.LIFETOTAL,13,28.475522994995117,7,4,2,5,6,3
1,DeathDescription.LIFETOTAL,11,29.148578643798828,4,4,4,6,4,3
0,DeathDescription.LIFETOTAL,10,27.597665786743164,4,6,2,3,2,6
0,DeathDescription.LIFETOTAL,12,56.66470527648926,3,4,6,6,4,3
1,DeathDescription.LIFETOTAL,11,34.43288803100586,4,4,4,4,5,4
1,DeathDescription.LIFETOTAL,11,23.827552795410156,6,3,3,6,5,2
0,DeathDescription.LIFETOTAL,12,40.1155948638916,4,5,4,6,4,3
1,DeathDescription.LIFETOTAL,11,48.552751541137695,5,4,3,6,5,2
0,DeathDescription.LIFETOTAL,10,32.70316123962402,6,5,1,5,2,5
0,DeathDescription.LIFETOTAL,12,33.39123725891113,6,4,3,3,0,7
1,DeathDescription.LIFETOTAL,17,33.73408317565918,4,2,5,8,8,0
0,DeathDescription.LIFETOTAL,10,25.072574615478516,5,5,2,5,4,3
0,DeathDescription.LIFETOTAL,10,48.77161979675293,5,5,2,5,4,3
0,DeathDescription.LIFETOTAL,10,53.32064628601074,3,5,4,3,4,5
0,DeathDescription.LIFETOTAL,14,31.95333480834961,6,6,2,4,3,6
1,DeathDescription.LIFETOTAL,11,38.042306900024414,4,3,5,5,4,4
1,DeathDescription.LIFETOTAL,11,35.19439697265625,6,3,3,4,5,4
1,DeathDescription.LIFETOTAL,13,26.950597763061523,4,2,5,5,5,4
0,DeathDescription.LIFETOTAL,12,36.235809326171875,7,5,1,6,4,3
0,DeathDescription.LIFETOTAL,10,23.118972778320312,6,4,2,4,4,4
0,DeathDescription.LIFETOTAL,10,30.290842056274414,4,5,3,5,3,4
0,DeathDescription.LIFETOTAL,10,34.84296798706055,5,5,2,5,4,3
0,DeathDescription.LIFETOTAL,10,47.142744064331055,6,6,0,4,1,6
1,DeathDescription.LIFETOTAL,11,44.634103775024414,4,1,6,6,5,2
0,DeathDescription.LIFETOTAL,14,27.524232864379883,8,5,1,5,5,4
0,DeathDescription.LIFETOTAL,10,32.97281265258789,3,5,4,5,3,4
1,DeathDescription.LIFETOTAL,11,43.357133865356445,3,0,7,6,6,1
0,DeathDescription.LIFETOTAL,10,29.13832664489746,6,6,0,5,5,2
1,DeathDescription.LIFETOTAL,11,29.010295867919922,6,4,2,5,5,3
1,DeathDescription.LIFETOTAL,11,37.46390342712402,3,2,6,6,5,2
1,DeathDescription.LIFETOTAL,11,28.728723526000977,3,1,6,4,5,4
0,DeathDescription.LIFETOTAL,10,22.864580154418945,6,4,2,5,2,5
0,DeathDescription.LIFETOTAL,12,25.71415901184082,7,5,1,4,4,5
0,DeathDescription.LIFETOTAL,10,36.30781173706055,5,5,2,3,4,5
0,DeathDescription.LIFETOTAL,10,23.503541946411133,6,4,2,5,3,4
0,DeathDescription.LIFETOTAL,10,23.058414459228516,6,6,0,5,3,4
0,DeathDescription.LIFETOTAL,10,27.167558670043945,5,5,2,5,4,3
0,DeathDescription.LIFETOTAL,10,31.283140182495117,4,5,3,5,5,2
1,DeathDescription.LIFETOTAL,11,24.544954299926758,6,4,2,4,5,4
1,DeathDescription.LIFETOTAL,11,30.246496200561523,6,3,3,6,6,1
0,DeathDescription.LIFETOTAL,10,22.990942001342773,5,5,2,5,3,4
0,DeathDescription.LIFETOTAL,10,63.591718673706055,5,5,2,5,1,6
0,DeathDescription.LIFETOTAL,10,37.842750549316406,4,5,3,5,4,3
0,DeathDescription.LIFETOTAL,10,22.02630043029785,5,4,3,4,3,5
1,DeathDescription.LIFETOTAL,11,23.21147918701172,4,3,5,3,5,5
1,DeathDescription.LIFETOTAL,11,28.136014938354492,4,4,4,5,5,3
1,DeathDescription.LIFETOTAL,11,32.95540809631348,6,3,3,5,6,2
0,DeathDescription.LIFETOTAL,12,24.222373962402344,4,5,4,6,4,3
1,DeathDescription.LIFETOTAL,11,27.14371681213379,5,4,3,3,5,5
0,DeathDescription.LIFETOTAL,10,28.145551681518555,5,5,2,5,3,4
0,DeathDescription.LIFETOTAL,10,43.77293586730957,5,5,2,5,1,6
0,DeathDescription.LIFETOTAL,10,26.09109878540039,4,5,3,3,3,6
1,DeathDescription.LIFETOTAL,11,37.453413009643555,5,4,3,6,4,3
1,DeathDescription.LIFETOTAL,11,36.98110580444336,3,0,7,5,6,2
0,DeathDescription.LIFETOTAL,10,23.032665252685547,4,5,3,5,2,5
0,DeathDescription.LIFETOTAL,10,33.94722938537598,6,5,1,5,4,3
0,DeathDescription.LIFETOTAL,10,23.674726486206055,4,5,3,4,3,5
1,DeathDescription.LIFETOTAL,11,32.866716384887695,6,5,1,5,5,3
0,DeathDescription.LIFETOTAL,10,33.966064453125,5,5,2,4,4,4
0,DeathDescription.LIFETOTAL,10,28.280258178710938,6,3,3,4,4,4
0,DeathDescription.LIFETOTAL,10,22.99189567565918,5,5,2,5,3,4
1,DeathDescription.LIFETOTAL,11,46.880245208740234,4,4,4,6,5,2
0,DeathDescription.LIFETOTAL,10,27.661561965942383,5,5,2,4,4,4
0,DeathDescription.LIFETOTAL,12,30.033588409423828,4,4,5,6,3,4
0,DeathDescription.LIFETOTAL,10,23.197412490844727,6,3,3,5,4,3
1,DeathDescription.LIFETOTAL,11,37.195444107055664,5,0,7,6,4,3
1,DeathDescription.LIFETOTAL,11,27.846097946166992,1,0,7,5,5,3
0,DeathDescription.LIFETOTAL,10,55.058956146240234,6,3,3,5,2,5
0,DeathDescription.LIFETOTAL,10,22.619247436523438,6,5,1,3,3,6
1,DeathDescription.LIFETOTAL,11,47.68967628479004,6,4,2,5,5,3
1,DeathDescription.LIFETOTAL,11,44.939517974853516,5,4,3,4,5,4
0,DeathDescription.LIFETOTAL,12,35.32290458679199,6,6,1,6,4,3
1,DeathDescription.LIFETOTAL,11,23.444652557373047,6,0,6,4,5,4
1,DeathDescription.LIFETOTAL,11,34.89542007446289,4,0,7,6,5,2
0,DeathDescription.LIFETOTAL,10,28.742313385009766,5,6,1,2,0,7
0,DeathDescription.LIFETOTAL,14,27.05216407775879,7,7,0,4,0,7
0,DeathDescription.LIFETOTAL,10,23.1325626373291,6,5,1,4,3,5
1,DeathDescription.LIFETOTAL,13,36.543846130371094,7,4,2,5,5,4
0,DeathDescription.LIFETOTAL,12,40.139198303222656,7,5,1,5,5,3
1,DeathDescription.LIFETOTAL,11,22.167444229125977,1,0,7,3,5,5
0,DeathDescription.LIFETOTAL,12,33.849477767944336,7,5,1,6,5,2
0,DeathDescription.LIFETOTAL,10,39.0019416809082,5,5,2,4,3,5
1,DeathDescription.LIFETOTAL,11,25.85291862487793,5,4,3,5,4,4
1,DeathDescription.LIFETOTAL,11,33.43939781188965,4,4,4,6,6,1
0,DeathDescription.LIFETOTAL,10,32.3028564453125,6,5,1,3,2,6
1,DeathDescription.LIFETOTAL,13,29.697418212890625,6,5,2,6,6,2
0,DeathDescription.LIFETOTAL,12,30.694246292114258,4,5,4,5,4,4
0,DeathDescription.LIFETOTAL,12,24.25694465637207,4,5,4,6,4,3
0,DeathDescription.LIFETOTAL,12,38.95211219787598,6,7,0,3,0,7
0,DeathDescription.LIFETOTAL,10,30.41839599609375,4,5,3,5,2,5
1,DeathDescription.LIFETOTAL,11,29.79421615600586,4,4,4,4,5,4
0,DeathDescription.LIFETOTAL,10,23.06389808654785,6,4,2,5,3,4
0,DeathDescription.LIFETOTAL,10,37.094831466674805,4,5,3,5,4,3
0,DeathDescription.LIFETOTAL,10,34.651756286621094,6,4,2,4,0,7
0,DeathDescription.LIFETOTAL,10,34.51085090637207,4,5,3,3,4,5
1,DeathDescription.LIFETOTAL,11,23.601770401000977,4,5,3,4,6,3
0,DeathDescription.LIFETOTAL,10,33.92815589904785,4,5,3,5,3,4
0,DeathDescription.LIFETOTAL,10,47.62387275695801,5,5,2,4,3,5
0,DeathDescription.LIFETOTAL,10,34.19613838195801,6,5,1,5,5,2
0,DeathDescription.LIFETOTAL,10,33.79702568054199,6,4,2,5,4,3
0,DeathDescription.LIFETOTAL,10,33.05816650390625,5,6,1,5,1,6
0,DeathDescription.LIFETOTAL,10,29.96993064880371,4,5,3,5,3,4
1,DeathDescription.LIFETOTAL,11,31.29410743713379,5,4,3,6,5,2
1,DeathDescription.LIFETOTAL,11,29.133319854736328,5,1,6,4,5,4
0,DeathDescription.LIFETOTAL,12,24.672746658325195,4,5,4,6,4,3
0,DeathDescription.LIFETOTAL,12,34.017324447631836,7,4,2,6,3,4
0,DeathDescription.LIFETOTAL,10,24.32727813720703,6,5,1,5,0,7
0,DeathDescription.LIFETOTAL,10,25.15268325805664,5,5,2,5,3,4
1,DeathDescription.LIFETOTAL,11,26.230812072753906,6,4,2,6,5,2
0,DeathDescription.LIFETOTAL,10,39.205074310302734,5,5,2,5,3,4
1,DeathDescription.LIFETOTAL,11,24.3833065032959,6,4,2,6,6,1
0,DeathDescription.LIFETOTAL,10,81.21562004089355,6,4,2,4,4,4
0,DeathDescription.LIFETOTAL,10,47.50943183898926,6,6,0,5,0,7
0,DeathDescription.LIFETOTAL,10,34.67297554016113,6,5,1,5,3,4
1,DeathDescription.LIFETOTAL,11,25.87580680847168,6,4,2,6,6,1
0,DeathDescription.LIFETOTAL,10,23.252248764038086,5,5,2,5,3,4
1,DeathDescription.LIFETOTAL,13,30.9600830078125,5,5,3,7,5,2
0,DeathDescription.LIFETOTAL,12,31.554222106933594,3,4,6,6,4,3
0,DeathDescription.LIFETOTAL,12,34.984588623046875,4,5,4,4,0,7
0,DeathDescription.LIFETOTAL,10,22.510528564453125,6,5,1,3,2,6
1,DeathDescription.LIFETOTAL,11,28.522014617919922,3,4,5,6,5,2
0,DeathDescription.LIFETOTAL,10,47.272443771362305,5,5,2,5,4,3
0,DeathDescription.LIFETOTAL,12,41.78190231323242,7,5,1,3,4,6
0,DeathDescription.LIFETOTAL,10,23.38719367980957,4,5,3,5,4,3
0,DeathDescription.LIFETOTAL,10,32.5009822845459,5,5,2,2,0,7
1,DeathDescription.LIFETOTAL,11,59.10229682922363,6,0,6,6,5,2
1,DeathDescription.LIFETOTAL,11,54.16464805603027,4,2,6,6,5,2
0,DeathDescription.LIFETOTAL,10,20.253896713256836,5,5,2,5,3,4
0,DeathDescription.LIFETOTAL,10,32.77754783630371,4,6,2,5,3,4
1,DeathDescription.LIFETOTAL,11,50.858259201049805,6,3,3,5,5,3
1,DeathDescription.LIFETOTAL,13,30.44414520263672,4,0,7,7,6,1
0,DeathDescription.LIFETOTAL,10,23.01311492919922,6,4,2,3,4,5
0,DeathDescription.LIFETOTAL,12,41.107177734375,5,5,3,4,0,7
1,DeathDescription.LIFETOTAL,13,35.64119338989258,5,0,7,7,4,3
0,DeathDescription.LIFETOTAL,12,30.111074447631836,7,5,1,6,2,5
0,DeathDescription.LIFETOTAL,10,34.8362922668457,6,5,1,5,4,3
0,DeathDescription.LIFETOTAL,10,23.491859436035156,5,5,2,5,2,5
0,DeathDescription.LIFETOTAL,12,28.82552146911621,7,4,2,3,0,7
1,DeathDescription.LIFETOTAL,11,29.038429260253906,6,4,2,6,5,2
0,DeathDescription.LIFETOTAL,10,35.86983680725098,6,5,1,5,4,3
0,DeathDescription.LIFETOTAL,12,25.890827178955078,7,5,1,5,4,4
1,DeathDescription.LIFETOTAL,11,33.9658260345459,4,4,4,5,5,3
0,DeathDescription.LIFETOTAL,12,34.22999382019043,6,6,1,5,3,5
0,DeathDescription.LIFETOTAL,10,32.68003463745117,5,5,2,5,4,3
0,DeathDescription.LIFETOTAL,10,24.36375617980957,4,5,3,4,4,4
0,DeathDescription.LIFETOTAL,10,22.9341983795166,6,6,0,5,2,5
1,DeathDescription.LIFETOTAL,11,45.41659355163574,4,0,7,5,5,3
0,DeathDescription.LIFETOTAL,10,49.82924461364746,6,5,1,5,5,2
0,DeathDescription.LIFETOTAL,10,22.983312606811523,6,5,1,5,3,4
0,DeathDescription.LIFETOTAL,10,22.163867950439453,4,5,3,3,4,5
0,DeathDescription.LIFETOTAL,10,43.56813430786133,5,5,2,5,5,2
0,DeathDescription.LIFETOTAL,12,31.841039657592773,6,5,2,6,4,3
0,DeathDescription.LIFETOTAL,14,32.76181221008301,5,7,2,4,1,6
0,DeathDescription.LIFETOTAL,10,22.762060165405273,5,4,3,5,3,4
0,DeathDescription.LIFETOTAL,10,24.611234664916992,6,6,0,5,3,4
0,DeathDescription.LIFETOTAL,12,35.83812713623047,7,4,2,6,3,4
1,DeathDescription.LIFETOTAL,11,34.04808044433594,3,0,7,6,5,2
0,DeathDescription.LIFETOTAL,12,31.057119369506836,6,5,2,4,4,5
0,DeathDescription.LIFETOTAL,12,24.732112884521484,7,5,1,6,4,3
0,DeathDescription.LIFETOTAL,10,27.679920196533203,4,5,3,4,3,5
0,DeathDescription.LIFETOTAL,10,43.98298263549805,6,6,0,5,3,4
0,DeathDescription.LIFETOTAL,10,43.60222816467285,5,5,2,5,3,4
1,DeathDescription.LIFETOTAL,11,23.537158966064453,5,4,3,4,5,4
1,DeathDescription.LIFETOTAL,11,40.69709777832031,6,4,2,5,6,2
1,DeathDescription.LIFETOTAL,11,23.168087005615234,1,0,7,3,5,5
0,DeathDescription.LIFETOTAL,10,22.186279296875,4,5,3,4,5,3
0,DeathDescription.LIFETOTAL,10,42.479753494262695,4,5,3,4,4,4
1,DeathDescription.LIFETOTAL,11,41.12052917480469,4,4,4,6,5,2
1,DeathDescription.LIFETOTAL,15,63.68207931518555,5,3,5,7,7,1
0,DeathDescription.LIFETOTAL,10,35.7205867767334,5,5,2,5,1,6
1,DeathDescription.LIFETOTAL,11,29.021501541137695,4,4,4,6,6,1
0,DeathDescription.LIFETOTAL,10,40.46034812927246,5,6,1,5,4,3
0,DeathDescription.LIFETOTAL,10,23.490190505981445,6,5,1,3,0,7
0,DeathDescription.LIFETOTAL,12,34.28220748901367,7,3,3,4,4,4
0,DeathDescription.LIFETOTAL,10,22.757291793823242,6,5,1,5,2,5
0,DeathDescription.LIFETOTAL,10,37.01925277709961,6,4,2,3,3,5
1,DeathDescription.LIFETOTAL,13,35.94565391540527,7,3,3,5,5,4
1,DeathDescription.LIFETOTAL,11,28.440475463867188,5,3,4,5,5,3
1,DeathDescription.LIFETOTAL,11,22.699356079101562,6,4,2,4,4,5
1,DeathDescription.LIFETOTAL,11,46.334266662597656,6,3,3,6,6,1
0,DeathDescription.LIFETOTAL,10,23.390531539916992,6,5,1,5,4,3
1,DeathDescription.LIFETOTAL,11,29.231786727905273,3,4,5,6,5,2
0,DeathDescription.LIFETOTAL,10,38.15412521362305,5,5,2,4,1,6
0,DeathDescription.LIFETOTAL,10,35.712480545043945,4,5,3,4,3,5
0,DeathDescription.LIFETOTAL,10,24.552583694458008,3,5,4,5,5,2
1,DeathDescription.LIFETOTAL,13,25.44403076171875,3,2,6,7,5,2
1,DeathDescription.LIFETOTAL,11,24.522781372070312,6,4,2,6,4,3
0,DeathDescription.LIFETOTAL,10,44.185638427734375,4,5,3,3,4,5
1,DeathDescription.LIFETOTAL,11,25.028228759765625,5,4,3,6,6,1
1,DeathDescription.LIFETOTAL,13,28.817415237426758,3,2,5,4,5,5
1,DeathDescription.LIFETOTAL,11,44.37613487243652,6,5,1,6,5,2
0,DeathDescription.LIFETOTAL,10,33.53404998779297,5,5,2,5,0,7
0,DeathDescription.LIFETOTAL,10,38.56348991394043,6,6,0,5,3,4
0,DeathDescription.LIFETOTAL,10,27.595043182373047,6,4,2,5,4,3
0,DeathDescription.LIFETOTAL,12,24.656295776367188,7,6,0,6,5,2
1,DeathDescription.LIFETOTAL,11,37.02139854431152,6,3,3,6,5,2
1,DeathDescription.LIFETOTAL,11,26.270627975463867,6,3,3,6,5,2
1,DeathDescription.LIFETOTAL,11,37.580251693725586,6,4,2,6,4,3
1,DeathDescription.LIFETOTAL,15,34.61956977844238,4,1,6,5,6,3
0,DeathDescription.LIFETOTAL,10,41.970014572143555,6,5,1,4,3,5
0,DeathDescription.LIFETOTAL,10,23.293733596801758,5,5,2,4,4,4
0,DeathDescription.LIFETOTAL,10,42.71197319030762,4,6,2,4,4,4
0,DeathDescription.LIFETOTAL,12,25.046586990356445,7,3,3,6,5,2
0,DeathDescription.LIFETOTAL,10,41.19443893432617,6,4,2,5,3,4
0,DeathDescription.LIFETOTAL,12,26.085376739501953,6,4,3,5,4,4
1,DeathDescription.LIFETOTAL,11,26.474952697753906,4,4,4,6,4,3
0,DeathDescription.LIFETOTAL,10,39.406538009643555,4,5,3,5,3,4
1,DeathDescription.LIFETOTAL,11,35.20488739013672,2,0,7,6,5,2
0,DeathDescription.LIFETOTAL,10,23.421049118041992,4,4,4,5,4,3
0,DeathDescription.LIFETOTAL,12,30.585289001464844,7,3,3,6,5,2
0,DeathDescription.LIFETOTAL,10,45.03130912780762,6,5,1,5,4,3
0,DeathDescription.LIFETOTAL,10,44.49105262756348,5,5,2,5,4,3
0,DeathDescription.LIFETOTAL,10,22.90487289428711,4,5,3,5,4,3
1,DeathDescription.LIFETOTAL,11,34.690141677856445,6,3,3,6,5,2
1,DeathDescription.LIFETOTAL,11,34.57283973693848,6,3,3,5,5,3
0,DeathDescription.LIFETOTAL,10,36.359310150146484,5,5,2,5,4,3
0,DeathDescription.LIFETOTAL,12,36.87238693237305,6,6,1,5,5,3
1,DeathDescription.LIFETOTAL,11,23.713350296020508,5,4,3,5,5,3
1,DeathDescription.LIFETOTAL,11,23.733854293823242,6,4,2,6,4,3
1,DeathDescription.LIFETOTAL,11,35.127878189086914,6,4,2,6,6,1
1,DeathDescription.LIFETOTAL,11,44.878244400024414,6,4,2,3,5,5
0,DeathDescription.LIFETOTAL,10,42.546987533569336,6,4,2,5,3,4
0,DeathDescription.LIFETOTAL,12,45.44806480407715,7,5,1,6,3,4
1,DeathDescription.LIFETOTAL,11,37.935733795166016,5,0,7,5,5,3
0,DeathDescription.LIFETOTAL,12,33.07819366455078,6,5,2,4,3,4
0,DeathDescription.LIFETOTAL,10,43.38693618774414,5,7,0,5,3,4
0,DeathDescription.LIFETOTAL,10,30.90810775756836,6,6,0,5,4,3
1,DeathDescription.LIFETOTAL,11,26.298046112060547,6,4,2,6,5,2
0,DeathDescription.LIFETOTAL,10,27.71592140197754,5,6,1,5,5,2
0,DeathDescription.LIFETOTAL,10,28.114795684814453,5,5,2,5,3,4
1,DeathDescription.LIFETOTAL,11,46.705007553100586,5,4,3,6,5,2
0,DeathDescription.LIFETOTAL,10,37.70732879638672,5,5,2,5,3,4
1,DeathDescription.LIFETOTAL,13,29.20055389404297,2,3,6,7,6,1
0,DeathDescription.LIFETOTAL,12,28.712034225463867,7,5,1,4,0,7
0,DeathDescription.LIFETOTAL,10,29.498577117919922,6,3,3,5,3,4
1,DeathDescription.LIFETOTAL,11,36.920785903930664,3,3,6,4,5,4
0,DeathDescription.LIFETOTAL,10,22.368907928466797,3,4,5,5,3,4
0,DeathDescription.LIFETOTAL,12,25.18177032470703,5,6,2,6,3,4
1,DeathDescription.LIFETOTAL,11,44.83914375305176,6,0,6,6,3,4
0,DeathDescription.LIFETOTAL,10,23.973941802978516,4,5,3,5,3,4
0,DeathDescription.LIFETOTAL,18,39.4892692565918,6,6,3,5,0,7
1,DeathDescription.LIFETOTAL,11,23.79298210144043,6,1,5,4,5,4
0,DeathDescription.LIFETOTAL,10,39.58582878112793,3,4,5,3,4,5
1,DeathDescription.LIFETOTAL,11,30.260801315307617,5,5,2,4,5,4
0,DeathDescription.LIFETOTAL,10,27.355194091796875,6,5,1,5,3,4
0,DeathDescription.LIFETOTAL,10,22.54962921142578,6,5,1,5,4,3
0,DeathDescription.LIFETOTAL,10,50.77528953552246,5,5,2,5,4,3
0,DeathDescription.LIFETOTAL,12,25.62737464904785,7,4,2,5,5,2
0,DeathDescription.LIFETOTAL,10,22.841930389404297,4,6,2,5,3,4
0,DeathDescription.LIFETOTAL,10,25.665283203125,6,4,2,3,3,6
0,DeathDescription.LIFETOTAL,10,41.43023490905762,6,4,2,5,3,4
0,DeathDescription.LIFETOTAL,10,23.23603630065918,6,5,1,5,4,3
0,DeathDescription.LIFETOTAL,12,35.52556037902832,2,4,7,6,3,4
0,DeathDescription.LIFETOTAL,12,45.59731483459473,5,6,2,6,3,4
0,DeathDescription.LIFETOTAL,10,30.342578887939453,6,4,2,5,3,4
0,DeathDescription.LIFETOTAL,10,26.935338973999023,5,6,1,4,4,4
0,DeathDescription.LIFETOTAL,10,32.45258331298828,5,5,2,3,3,6
0,DeathDescription.LIFETOTAL,10,21.666288375854492,5,5,2,5,3,4
1,DeathDescription.LIFETOTAL,11,44.98720169067383,4,2,6,4,6,3
0,DeathDescription.LIFETOTAL,10,48.9957332611084,4,5,3,5,3,4
0,DeathDescription.LIFETOTAL,12,23.675203323364258,5,5,3,6,4,3
0,DeathDescription.LIFETOTAL,10,27.44269371032715,6,5,1,5,3,4
1,DeathDescription.LIFETOTAL,13,38.341522216796875,3,1,6,4,4,6
1,DeathDescription.LIFETOTAL,11,24.98483657836914,2,2,7,6,5,2
0,DeathDescription.LIFETOTAL,10,34.26337242126465,5,5,2,5,4,3
0,DeathDescription.LIFETOTAL,10,27.73141860961914,5,5,2,5,4,3
1,DeathDescription.LIFETOTAL,11,41.23806953430176,4,3,5,4,5,4
1,DeathDescription.LIFETOTAL,11,34.46817398071289,4,5,3,5,6,2
1,DeathDescription.LIFETOTAL,11,33.92171859741211,6,3,3,5,6,2
1,DeathDescription.LIFETOTAL,11,24.06167984008789,5,5,2,5,4,4
0,DeathDescription.LIFETOTAL,12,48.01440238952637,5,6,2,6,3,4
1,DeathDescription.LIFETOTAL,13,36.77821159362793,5,4,4,6,6,2
0,DeathDescription.LIFETOTAL,10,27.316570281982422,3,5,4,5,3,4
0,DeathDescription.LIFETOTAL,10,22.861480712890625,3,5,4,5,4,3
1,DeathDescription.LIFETOTAL,11,42.77992248535156,3,3,5,5,6,2
1,DeathDescription.LIFETOTAL,11,27.369976043701172,5,4,3,6,5,2
1,DeathDescription.LIFETOTAL,13,34.256696701049805,4,4,4,7,6,1
0,DeathDescription.LIFETOTAL,10,49.118757247924805,6,5,1,5,5,2
1,DeathDescription.LIFETOTAL,11,36.99016571044922,5,4,3,5,6,2
0,DeathDescription.LIFETOTAL,12,35.538434982299805,6,6,1,5,3,5
0,DeathDescription.LIFETOTAL,10,23.09417724609375,6,5,1,3,4,5
1,DeathDescription.LIFETOTAL,11,33.65612030029297,6,5,1,4,5,4
0,DeathDescription.LIFETOTAL,12,32.836198806762695,5,6,2,6,4,3
0,DeathDescription.LIFETOTAL,10,34.29698944091797,5,5,2,4,3,5
1,DeathDescription.LIFETOTAL,11,29.29520606994629,5,5,2,6,5,2
0,DeathDescription.LIFETOTAL,14,26.995420455932617,8,5,1,6,5,3
0,DeathDescription.LIFETOTAL,12,37.89997100830078,7,5,1,6,4,3
1,DeathDescription.LIFETOTAL,11,35.13526916503906,6,4,2,5,6,2
0,DeathDescription.LIFETOTAL,12,26.041746139526367,5,5,3,6,5,2
1,DeathDescription.LIFETOTAL,15,26.250839233398438,4,3,5,8,7,0
0,DeathDescription.LIFETOTAL,10,29.550552368164062,6,5,1,5,3,4
1,DeathDescription.LIFETOTAL,13,27.42481231689453,4,4,5,7,6,1
1,DeathDescription.LIFETOTAL,11,24.521589279174805,4,4,4,4,5,4
1,DeathDescription.LIFETOTAL,11,28.8240909576416,3,4,5,6,4,3
1,DeathDescription.LIFETOTAL,11,28.943300247192383,6,3,3,4,4,5
1,DeathDescription.LIFETOTAL,11,30.83515167236328,5,5,2,6,5,2
1,DeathDescription.LIFETOTAL,11,23.89216423034668,4,4,4,6,5,2
1,DeathDescription.LIFETOTAL,11,34.75069999694824,5,5,2,6,5,2
1,DeathDescription.LIFETOTAL,11,45.52149772644043,3,0,7,4,5,4
0,DeathDescription.LIFETOTAL,10,34.03806686401367,6,4,2,5,4,3
0,DeathDescription.LIFETOTAL,10,23.168087005615234,4,5,3,4,4,4
1,DeathDescription.LIFETOTAL,13,35.9036922454834,5,3,4,7,7,0
1,DeathDescription.LIFETOTAL,15,43.375253677368164,4,0,7,8,3,4
0,DeathDescription.LIFETOTAL,10,28.252840042114258,5,6,1,4,2,5
0,DeathDescription.LIFETOTAL,10,36.40389442443848,4,5,3,4,2,6
0,DeathDescription.LIFETOTAL,10,21.21758460998535,6,4,2,5,0,7
0,DeathDescription.LIFETOTAL,12,47.304630279541016,7,6,0,5,4,4
0,DeathDescription.LIFETOTAL,10,44.09503936767578,6,5,1,5,4,3
0,DeathDescription.LIFETOTAL,10,21.942615509033203,5,4,3,5,3,4
0,DeathDescription.LIFETOTAL,10,27.83799171447754,5,5,2,5,2,5
0,DeathDescription.LIFETOTAL,12,34.45839881896973,6,5,2,4,0,7
0,DeathDescription.LIFETOTAL,10,43.53809356689453,4,4,4,5,3,4
0,DeathDescription.LIFETOTAL,10,32.50598907470703,4,5,3,5,4,3
1,DeathDescription.LIFETOTAL,11,48.26831817626953,6,3,3,6,5,2
0,DeathDescription.LIFETOTAL,12,37.88161277770996,4,5,4,6,5,2
0,DeathDescription.LIFETOTAL,12,35.70985794067383,6,7,0,5,3,4
0,DeathDescription.LIFETOTAL,10,25.80404281616211,6,5,1,5,2,5
0,DeathDescription.LIFETOTAL,10,27.92048454284668,6,5,1,5,5,2
0,DeathDescription.LIFETOTAL,12,42.58441925048828,5,4,4,6,4,3
0,DeathDescription.LIFETOTAL,10,33.80274772644043,6,4,2,5,5,2
0,DeathDescription.LIFETOTAL,10,27.21261978149414,5,4,3,5,0,7
0,DeathDescription.LIFETOTAL,10,45.26042938232422,6,4,2,5,3,4
1,DeathDescription.LIFETOTAL,11,24.87802505493164,5,4,3,6,5,2
0,DeathDescription.LIFETOTAL,10,33.43462944030762,5,5,2,4,4,4
0,DeathDescription.LIFETOTAL,10,29.099225997924805,5,4,3,5,4,3
1,DeathDescription.LIFETOTAL,11,34.26504135131836,4,3,4,6,5,2
0,DeathDescription.LIFETOTAL,10,23.522138595581055,5,6,1,3,3,6
1,DeathDescription.LIFETOTAL,11,26.32594108581543,6,3,3,4,5,4
1,DeathDescription.LIFETOTAL,11,31.901121139526367,6,0,6,6,5,2
1,DeathDescription.LIFETOTAL,11,32.941341400146484,6,4,2,6,5,2
0,DeathDescription.LIFETOTAL,10,33.759355545043945,6,5,1,5,4,3
0,DeathDescription.LIFETOTAL,10,26.965618133544922,6,5,1,5,3,4
0,DeathDescription.LIFETOTAL,10,28.673648834228516,6,4,2,2,0,7
0,DeathDescription.LIFETOTAL,12,31.30030632019043,4,5,4,6,3,4
0,DeathDescription.LIFETOTAL,12,29.438257217407227,6,5,2,4,2,6
0,DeathDescription.LIFETOTAL,10,22.4764347076416,5,6,1,5,3,4
1,DeathDescription.LIFETOTAL,11,37.72425651550293,5,4,3,6,5,2
1,DeathDescription.LIFETOTAL,11,28.481483459472656,4,4,4,2,5,6
1,DeathDescription.LIFETOTAL,11,23.289203643798828,5,1,6,6,6,1
1,DeathDescription.LIFETOTAL,11,27.32086181640625,4,2,5,3,5,5
0,DeathDescription.LIFETOTAL,10,27.21428871154785,5,6,1,4,3,5
0,DeathDescription.LIFETOTAL,10,25.00319480895996,5,5,2,4,4,4
1,DeathDescription.LIFETOTAL,11,31.894922256469727,4,4,4,6,7,0
1,DeathDescription.LIFETOTAL,11,31.247854232788086,5,3,4,4,6,3
1,DeathDescription.LIFETOTAL,11,45.37844657897949,2,0,7,5,5,3
0,DeathDescription.LIFETOTAL,12,31.221389770507812,5,6,2,6,5,2
1,DeathDescription.LIFETOTAL,11,24.295568466186523,6,4,2,4,5,4
0,DeathDescription.LIFETOTAL,10,23.03004264831543,4,5,3,5,3,4
1,DeathDescription.LIFETOTAL,11,27.658700942993164,3,0,7,4,5,4
1,DeathDescription.LIFETOTAL,11,27.605533599853516,6,5,1,5,5,3
1,DeathDescription.LIFETOTAL,11,46.097517013549805,6,2,4,6,5,2
1,DeathDescription.LIFETOTAL,11,28.42259407043457,2,2,6,6,5,2
0,DeathDescription.LIFETOTAL,10,35.428524017333984,6,5,1,5,4,3
0,DeathDescription.LIFETOTAL,10,48.73776435852051,4,5,3,5,3,4
1,DeathDescription.LIFETOTAL,11,24.496078491210938,6,5,1,6,6,1
0,DeathDescription.LIFETOTAL,10,33.51140022277832,6,5,1,5,3,4
0,DeathDescription.LIFETOTAL,10,35.28881072998047,5,6,1,5,3,4
1,DeathDescription.LIFETOTAL,15,67.67988204956055,8,5,1,7,7,1
0,DeathDescription.LIFETOTAL,12,36.33904457092285,7,4,2,6,5,2
1,DeathDescription.LIFETOTAL,11,29.082536697387695,6,5,1,6,5,2
1,DeathDescription.LIFETOTAL,13,43.83969306945801,4,3,5,7,5,2
1,DeathDescription.LIFETOTAL,13,32.90987014770508,7,3,3,7,4,3
1,DeathDescription.LIFETOTAL,11,44.10266876220703,4,4,4,6,5,2
0,DeathDescription.LIFETOTAL,12,40.163278579711914,5,4,4,6,4,3
0,DeathDescription.LIFETOTAL,12,35.63380241394043,6,4,3,6,2,5
1,DeathDescription.LIFETOTAL,11,28.746843338012695,5,4,3,6,5,2
0,DeathDescription.LIFETOTAL,10,24.793624877929688,4,5,3,5,4,3
0,DeathDescription.LIFETOTAL,12,35.59422492980957,5,6,2,5,0,7
0,DeathDescription.LIFETOTAL,10,28.21516990661621,6,6,0,5,0,7
1,DeathDescription.LIFETOTAL,11,29.723167419433594,3,4,5,6,5,2
0,DeathDescription.LIFETOTAL,12,34.49821472167969,7,4,2,6,5,2
0,DeathDescription.LIFETOTAL,10,38.318634033203125,6,5,1,5,3,4
0,DeathDescription.LIFETOTAL,10,21.70562744140625,5,4,3,3,2,6
0,DeathDescription.LIFETOTAL,10,27.760744094848633,5,5,2,5,4,3
1,DeathDescription.LIFETOTAL,11,39.62278366088867,3,4,5,6,5,2
0,DeathDescription.LIFETOTAL,10,34.02137756347656,6,5,1,5,4,3
0,DeathDescription.LIFETOTAL,10,23.07748794555664,5,6,1,5,3,4
0,DeathDescription.LIFETOTAL,10,22.417306900024414,6,3,3,5,3,4
0,DeathDescription.LIFETOTAL,10,40.863990783691406,5,5,2,5,3,4
1,DeathDescription.LIFETOTAL,13,26.411056518554688,4,2,5,4,6,4
1,DeathDescription.LIFETOTAL,11,25.142669677734375,6,3,3,6,6,1
0,DeathDescription.LIFETOTAL,10,28.609514236450195,5,5,2,5,3,4
0,DeathDescription.LIFETOTAL,10,36.740779876708984,6,4,2,5,4,3
0,DeathDescription.LIFETOTAL,10,39.464473724365234,6,5,1,4,4,4
1,DeathDescription.LIFETOTAL,11,23.594379425048828,5,3,4,5,5,3
0,DeathDescription.LIFETOTAL,12,26.07870101928711,6,5,2,4,4,5
0,DeathDescription.LIFETOTAL,10,37.903547286987305,5,5,2,5,4,3
0,DeathDescription.LIFETOTAL,10,35.16864776611328,3,5,4,5,4,3
0,DeathDescription.LIFETOTAL,10,24.998903274536133,5,6,1,4,4,4
1,DeathDescription.LIFETOTAL,11,31.159400939941406,6,4,2,3,4,6
1,DeathDescription.LIFETOTAL,11,47.37496376037598,6,3,3,4,5,4
0,DeathDescription.LIFETOTAL,10,28.856992721557617,3,5,4,5,2,5
0,DeathDescription.LIFETOTAL,10,29.732704162597656,5,6,1,2,3,6
0,DeathDescription.LIFETOTAL,10,34.75236892700195,6,5,1,4,3,5
0,DeathDescription.LIFETOTAL,12,41.78977012634277,7,5,1,6,5,2
1,DeathDescription.LIFETOTAL,11,34.60693359375,4,6,2,5,5,3
1,DeathDescription.LIFETOTAL,13,36.51762008666992,7,5,1,7,6,1
0,DeathDescription.LIFETOTAL,10,32.71675109863281,6,4,2,5,3,4
0,DeathDescription.LIFETOTAL,10,52.94609069824219,4,4,4,5,3,4
0,DeathDescription.LIFETOTAL,12,35.09211540222168,7,4,2,6,3,4
1,DeathDescription.LIFETOTAL,11,28.85580062866211,6,3,3,6,5,2
1,DeathDescription.LIFETOTAL,11,41.10884666442871,6,4,2,6,6,1
0,DeathDescription.LIFETOTAL,12,46.22936248779297,7,4,2,5,5,3
0,DeathDescription.LIFETOTAL,10,20.462751388549805,5,5,2,3,0,7
0,DeathDescription.LIFETOTAL,10,32.00531005859375,5,5,2,2,2,7
0,DeathDescription.LIFETOTAL,10,49.36528205871582,5,4,3,4,4,4
0,DeathDescription.LIFETOTAL,10,21.69656753540039,3,4,5,5,3,4
1,DeathDescription.LIFETOTAL,13,39.963483810424805,7,5,1,4,5,5
0,DeathDescription.LIFETOTAL,12,26.94106101989746,6,6,1,5,4,4
0,DeathDescription.LIFETOTAL,10,33.148765563964844,6,5,1,5,3,4
0,DeathDescription.LIFETOTAL,10,31.141281127929688,6,5,1,5,2,5
0,DeathDescription.LIFETOTAL,10,33.62751007080078,5,5,2,5,3,4
0,DeathDescription.LIFETOTAL,12,25.809049606323242,7,6,0,6,3,4
1,DeathDescription.LIFETOTAL,11,23.08368682861328,3,2,6,6,5,2
0,DeathDescription.LIFETOTAL,12,27.576446533203125,7,5,1,3,0,7
1,DeathDescription.LIFETOTAL,11,37.834882736206055,3,2,6,6,4,3
1,DeathDescription.LIFETOTAL,11,24.129867553710938,4,4,4,6,6,1
0,DeathDescription.LIFETOTAL,10,27.692556381225586,4,5,3,5,3,4
0,DeathDescription.LIFETOTAL,10,47.948360443115234,3,5,4,5,5,2
0,DeathDescription.LIFETOTAL,10,28.81646156311035,6,5,1,5,3,4
1,DeathDescription.LIFETOTAL,17,28.797626495361328,5,2,6,9,3,4
1,DeathDescription.LIFETOTAL,11,23.1935977935791,6,4,2,6,6,1
0,DeathDescription.LIFETOTAL,10,29.465436935424805,3,5,4,5,4,3
1,DeathDescription.LIFETOTAL,11,26.0317325592041,5,4,3,3,5,5
0,DeathDescription.LIFETOTAL,12,41.04447364807129,7,4,2,6,5,2
1,DeathDescription.LIFETOTAL,11,34.94668006896973,5,4,3,6,6,1
1,DeathDescription.LIFETOTAL,11,30.231952667236328,3,3,6,2,4,7
0,DeathDescription.LIFETOTAL,10,55.23490905761719,3,4,5,5,4,3
0,DeathDescription.LIFETOTAL,12,34.17158126831055,5,6,2,6,2,5
0,DeathDescription.LIFETOTAL,10,22.841453552246094,6,5,1,4,5,3
0,DeathDescription.LIFETOTAL,12,51.552534103393555,7,4,2,2,3,6
0,DeathDescription.LIFETOTAL,10,33.69879722595215,6,4,2,4,4,4
0,DeathDescription.LIFETOTAL,10,23.217439651489258,5,5,2,3,3,6
0,DeathDescription.LIFETOTAL,12,24.327516555786133,5,5,3,3,3,6
0,DeathDescription.LIFETOTAL,10,39.06130790710449,3,5,4,5,4,3
0,DeathDescription.LIFETOTAL,10,28.32341194152832,4,5,3,5,2,5
1,DeathDescription.LIFETOTAL,11,24.003267288208008,5,5,2,4,5,4
0,DeathDescription.LIFETOTAL,10,27.585744857788086,5,5,2,5,3,4
1,DeathDescription.LIFETOTAL,11,37.966012954711914,6,3,3,4,4,5
1,DeathDescription.LIFETOTAL,11,24.91474151611328,5,6,1,6,5,2
0,DeathDescription.LIFETOTAL,10,27.547359466552734,5,6,1,5,3,4
1,DeathDescription.LIFETOTAL,11,29.009342193603516,6,4,2,4,5,4
1,DeathDescription.LIFETOTAL,11,43.262481689453125,6,4,2,6,5,2
1,DeathDescription.LIFETOTAL,11,30.424118041992188,6,5,1,6,6,1
0,DeathDescription.LIFETOTAL,10,22.085189819335938,6,5,1,5,0,7
0,DeathDescription.LIFETOTAL,10,23.191452026367188,6,4,2,5,3,4
1,DeathDescription.LIFETOTAL,11,37.30034828186035,4,3,5,6,5,2
0,DeathDescription.LIFETOTAL,10,22.861480712890625,4,5,3,5,3,4
0,DeathDescription.LIFETOTAL,10,32.010793685913086,3,5,4,3,4,5
1,DeathDescription.LIFETOTAL,13,30.719280242919922,4,2,5,6,6,2
0,DeathDescription.LIFETOTAL,12,45.51887512207031,7,4,2,6,4,3
0,DeathDescription.LIFETOTAL,10,36.339521408081055,5,5,2,5,5,2
0,DeathDescription.LIFETOTAL,10,33.72073173522949,6,5,1,5,3,4
0,DeathDescription.LIFETOTAL,10,24.201393127441406,5,5,2,5,4,3
0,DeathDescription.LIFETOTAL,10,46.044349670410156,6,5,1,3,3,6
1,DeathDescription.LIFETOTAL,13,25.87151527404785,5,4,3,6,6,2
1,DeathDescription.LIFETOTAL,11,33.77270698547363,5,5,2,4,6,3
0,DeathDescription.LIFETOTAL,12,24.28126335144043,5,5,3,6,5,2
1,DeathDescription.LIFETOTAL,11,50.88376998901367,5,4,3,4,5,4
1,DeathDescription.LIFETOTAL,11,33.949851989746094,5,4,3,4,5,4
1,DeathDescription.LIFETOTAL,13,24.813413619995117,5,0,7,6,5,3
0,DeathDescription.LIFETOTAL,10,22.974252700805664,3,5,4,4,3,5
1,DeathDescription.LIFETOTAL,11,40.88568687438965,3,1,6,5,5,3
0,DeathDescription.LIFETOTAL,10,25.857925415039062,5,5,2,5,4,3
0,DeathDescription.LIFETOTAL,10,32.413482666015625,5,5,2,5,4,3
0,DeathDescription.LIFETOTAL,10,32.69314765930176,6,5,1,5,4,3
0,DeathDescription.LIFETOTAL,12,52.60968208312988,7,4,2,5,3,4
0,DeathDescription.LIFETOTAL,10,32.619476318359375,6,5,1,5,1,6
0,DeathDescription.LIFETOTAL,10,32.84144401550293,4,5,3,5,1,6
0,DeathDescription.LIFETOTAL,10,23.96535873413086,6,5,1,5,2,5
0,DeathDescription.LIFETOTAL,10,53.409576416015625,3,5,4,4,4,4
1,DeathDescription.LIFETOTAL,11,53.50661277770996,6,3,3,6,5,2
1,DeathDescription.LIFETOTAL,11,33.226728439331055,6,2,4,4,5,4
1,DeathDescription.LIFETOTAL,11,37.19735145568848,5,3,4,4,5,4
0,DeathDescription.LIFETOTAL,10,38.36774826049805,5,4,3,5,3,4
0,DeathDescription.LIFETOTAL,10,22.72319793701172,5,5,2,5,4,3
0,DeathDescription.LIFETOTAL,10,42.71197319030762,3,5,4,4,4,4
1,DeathDescription.LIFETOTAL,11,40.437936782836914,3,0,7,5,5,3
1,DeathDescription.LIFETOTAL,11,23.019075393676758,3,4,5,5,6,2
0,DeathDescription.LIFETOTAL,16,60.6536865234375,8,6,1,5,4,5
1,DeathDescription.LIFETOTAL,11,40.33541679382324,2,3,7,6,5,2
0,DeathDescription.LIFETOTAL,12,28.239011764526367,7,4,2,4,0,7
0,DeathDescription.LIFETOTAL,10,21.87943458557129,5,5,2,5,3,4
0,DeathDescription.LIFETOTAL,10,22.121906280517578,5,6,1,5,4,3
0,DeathDescription.LIFETOTAL,10,28.559207916259766,5,5,2,4,4,4
0,DeathDescription.LIFETOTAL,10,23.470163345336914,3,5,4,5,5,2
0,DeathDescription.LIFETOTAL,10,28.781414031982422,4,5,3,5,3,4
1,DeathDescription.LIFETOTAL,13,35.17937660217285,4,2,5,6,5,3
0,DeathDescription.LIFETOTAL,12,28.049230575561523,5,6,2,4,3,5
0,DeathDescription.LIFETOTAL,10,28.954505920410156,4,4,4,2,3,7
1,DeathDescription.LIFETOTAL,11,35.08639335632324,6,3,3,6,5,2
1,DeathDescription.LIFETOTAL,13,31.09574317932129,6,5,2,7,5,2
0,DeathDescription.LIFETOTAL,12,38.31601142883301,6,6,1,4,4,5
1,DeathDescription.LIFETOTAL,11,49.15118217468262,4,0,7,5,5,3
0,DeathDescription.LIFETOTAL,10,32.74726867675781,4,5,3,5,2,5
0,DeathDescription.LIFETOTAL,12,24.381160736083984,7,5,1,4,4,5
1,DeathDescription.LIFETOTAL,11,30.710935592651367,3,0,7,4,5,4
1,DeathDescription.LIFETOTAL,11,31.3417911529541,5,4,3,6,4,3
0,DeathDescription.LIFETOTAL,10,33.25176239013672,5,5,2,5,4,3
1,DeathDescription.LIFETOTAL,11,28.058528900146484,3,0,7,6,4,3
0,DeathDescription.LIFETOTAL,10,34.46793556213379,4,5,3,5,4,3
0,DeathDescription.LIFETOTAL,10,30.14826774597168,6,5,1,4,3,5
0,DeathDescription.LIFETOTAL,10,23.775815963745117,4,4,4,5,3,4
0,DeathDescription.LIFETOTAL,14,29.07848358154297,4,6,4,4,0,7
0,DeathDescription.LIFETOTAL,12,53.67708206176758,6,5,2,6,4,3
1,DeathDescription.LIFETOTAL,13,54.97026443481445,5,1,6,7,5,2
0,DeathDescription.LIFETOTAL,10,27.922868728637695,2,4,6,5,3,4
0,DeathDescription.LIFETOTAL,10,32.82284736633301,5,6,1,5,4,3
0,DeathDescription.LIFETOTAL,12,32.155513763427734,7,4,2,4,2,6
0,DeathDescription.LIFETOTAL,12,38.00320625305176,7,6,0,6,5,2
1,DeathDescription.LIFETOTAL,11,28.150081634521484,5,0,7,6,5,2
0,DeathDescription.LIFETOTAL,10,22.68815040588379,5,5,2,5,3,4
0,DeathDescription.LIFETOTAL,12,27.044296264648438,4,5,4,6,3,4
0,DeathDescription.LIFETOTAL,10,25.20132064819336,5,6,1,5,3,4
1,DeathDescription.LIFETOTAL,11,37.02569007873535,6,1,5,6,5,2
0,DeathDescription.LIFETOTAL,10,31.44216537475586,6,5,1,5,5,2
0,DeathDescription.LIFETOTAL,10,36.12351417541504,5,4,3,4,0,7
0,DeathDescription.LIFETOTAL,10,28.153419494628906,5,5,2,4,3,5
0,DeathDescription.LIFETOTAL,10,22.225141525268555,4,5,3,5,3,4
0,DeathDescription.LIFETOTAL,12,39.36648368835449,5,6,2,6,3,4
0,DeathDescription.LIFETOTAL,12,53.1160831451416,6,6,1,5,6,2
1,DeathDescription.LIFETOTAL,11,24.021625518798828,6,5,1,5,5,3
0,DeathDescription.LIFETOTAL,10,27.83942222595215,4,5,3,5,4,3
0,DeathDescription.LIFETOTAL,10,23.957252502441406,6,4,2,5,5,2
0,DeathDescription.LIFETOTAL,12,63.126564025878906,7,5,1,6,4,3
0,DeathDescription.LIFETOTAL,10,23.021936416625977,6,5,1,5,4,3
0,DeathDescription.LIFETOTAL,10,27.2216796875,6,5,1,5,4,3
1,DeathDescription.LIFETOTAL,11,26.56245231628418,5,3,4,4,5,4
1,DeathDescription.LIFETOTAL,11,41.362762451171875,6,5,1,6,5,2
1,DeathDescription.LIFETOTAL,11,24.78766441345215,6,2,4,4,5,4
1,DeathDescription.LIFETOTAL,13,26.462316513061523,7,5,1,4,6,4
0,DeathDescription.LIFETOTAL,10,21.55160903930664,5,5,2,5,3,4
0,DeathDescription.LIFETOTAL,12,44.164180755615234,4,5,4,5,4,4
0,DeathDescription.LIFETOTAL,10,33.684492111206055,5,5,2,3,4,5
0,DeathDescription.LIFETOTAL,10,28.388500213623047,5,5,2,5,3,4
0,DeathDescription.LIFETOTAL,10,27.5115966796875,5,5,2,5,4,3
1,DeathDescription.LIFETOTAL,11,32.952308654785156,5,6,1,6,6,1
0,DeathDescription.LIFETOTAL,10,24.29962158203125,6,5,1,3,4,5
0,DeathDescription.LIFETOTAL,10,22.405624389648438,5,5,2,5,6,1
1,DeathDescription.LIFETOTAL,11,53.47084999084473,5,4,3,6,5,2
1,DeathDescription.LIFETOTAL,11,38.152217864990234,5,4,3,6,4,3
0,DeathDescription.LIFETOTAL,10,38.725852966308594,4,5,3,5,4,3
1,DeathDescription.LIFETOTAL,11,34.99102592468262,4,4,4,6,5,2
0,DeathDescription.LIFETOTAL,10,22.949934005737305,6,5,1,5,3,4
1,DeathDescription.LIFETOTAL,15,55.70101737976074,6,1,6,8,6,1
0,DeathDescription.LIFETOTAL,10,22.12381362915039,5,4,3,3,3,6
1,DeathDescription.LIFETOTAL,11,23.326635360717773,4,4,4,5,5,3
0,DeathDescription.LIFETOTAL,12,29.042720794677734,4,5,4,6,3,4
1,DeathDescription.LIFETOTAL,11,45.7911491394043,5,3,4,6,6,1
0,DeathDescription.LIFETOTAL,10,21.1029052734375,4,5,3,5,3,4
0,DeathDescription.LIFETOTAL,10,32.76634216308594,6,4,2,5,4,3
1,DeathDescription.LIFETOTAL,13,24.81675148010254,5,2,6,7,5,2
1,DeathDescription.LIFETOTAL,13,33.8897705078125,4,0,7,6,6,2
0,DeathDescription.LIFETOTAL,10,27.251243591308594,4,5,3,5,5,2
1,DeathDescription.LIFETOTAL,11,39.19172286987305,2,0,7,6,5,2
0,DeathDescription.LIFETOTAL,10,32.06467628479004,5,5,2,5,4,3
0,DeathDescription.LIFETOTAL,10,35.17746925354004,6,5,1,5,0,7
0,DeathDescription.LIFETOTAL,10,28.342008590698242,4,5,3,5,3,4
0,DeathDescription.LIFETOTAL,10,32.58681297302246,5,5,2,4,4,4
0,DeathDescription.LIFETOTAL,10,22.394418716430664,5,5,2,5,4,3
1,DeathDescription.LIFETOTAL,11,27.002334594726562,6,5,1,5,6,2
0,DeathDescription.LIFETOTAL,10,47.438621520996094,5,4,3,5,4,3
0,DeathDescription.LIFETOTAL,12,29.964923858642578,7,5,1,5,4,4
0,DeathDescription.LIFETOTAL,12,31.57520294189453,7,5,1,6,4,3
0,DeathDescription.LIFETOTAL,10,36.04245185852051,5,5,2,5,0,7
1,DeathDescription.LIFETOTAL,11,50.263166427612305,4,4,4,6,5,2
0,DeathDescription.LIFETOTAL,12,43.73526573181152,4,5,4,4,1,6
0,DeathDescription.LIFETOTAL,10,22.602081298828125,6,5,1,5,4,3
1,DeathDescription.LIFETOTAL,11,41.931867599487305,4,4,4,6,5,2
0,DeathDescription.LIFETOTAL,10,23.454666137695312,3,5,4,5,3,4
1,DeathDescription.LIFETOTAL,11,34.21163558959961,2,3,6,4,5,4
0,DeathDescription.LIFETOTAL,12,29.375791549682617,7,6,0,2,0,7
1,DeathDescription.LIFETOTAL,11,38.44428062438965,6,4,2,6,4,3
0,DeathDescription.LIFETOTAL,12,30.738353729248047,7,6,0,6,4,3
0,DeathDescription.LIFETOTAL,12,35.82596778869629,6,5,2,6,5,2
0,DeathDescription.LIFETOTAL,12,37.02497482299805,4,5,4,2,4,6
0,DeathDescription.LIFETOTAL,12,36.638736724853516,7,4,2,6,5,2
0,DeathDescription.LIFETOTAL,12,65.37890434265137,6,4,3,4,3,4
0,DeathDescription.LIFETOTAL,10,25.05946159362793,6,6,0,2,0,7
0,DeathDescription.LIFETOTAL,10,28.841733932495117,4,5,3,5,2,5
0,DeathDescription.LIFETOTAL,12,34.52873229980469,4,5,4,4,2,6
1,DeathDescription.LIFETOTAL,11,23.613929748535156,5,3,4,5,5,3
0,DeathDescription.LIFETOTAL,12,36.53287887573242,4,6,3,6,0,7
0,DeathDescription.LIFETOTAL,10,36.68093681335449,5,4,3,5,4,3
0,DeathDescription.LIFETOTAL,12,44.88849639892578,5,6,2,6,4,3
0,DeathDescription.LIFETOTAL,10,33.8435173034668,5,5,2,3,1,6
1,DeathDescription.LIFETOTAL,11,44.76046562194824,6,3,3,6,5,2
1,DeathDescription.LIFETOTAL,11,38.41710090637207,6,3,3,3,5,5
0,DeathDescription.LIFETOTAL,10,52.483320236206055,6,5,1,5,5,2
0,DeathDescription.LIFETOTAL,12,26.995420455932617,4,5,4,6,0,7
1,DeathDescription.LIFETOTAL,11,31.800508499145508,6,4,2,6,5,2
0,DeathDescription.LIFETOTAL,10,42.29474067687988,4,5,3,5,3,4
1,DeathDescription.LIFETOTAL,11,36.61084175109863,6,2,4,5,5,3
0,DeathDescription.LIFETOTAL,12,24.546384811401367,7,5,1,5,5,3
1,DeathDescription.LIFETOTAL,11,40.35639762878418,6,3,3,4,5,4
0,DeathDescription.LIFETOTAL,12,24.229764938354492,7,4,2,4,0,7
0,DeathDescription.LIFETOTAL,10,31.54134750366211,3,5,4,4,3,5
0,DeathDescription.LIFETOTAL,10,31.9826602935791,5,4,3,4,4,4
1,DeathDescription.LIFETOTAL,11,36.33594512939453,6,4,2,4,6,3
0,DeathDescription.LIFETOTAL,12,30.915260314941406,7,4,2,6,4,3
0,DeathDescription.LIFETOTAL,10,21.654844284057617,4,6,2,4,2,6
0,DeathDescription.LIFETOTAL,12,24.794340133666992,4,5,4,6,0,7
0,DeathDescription.LIFETOTAL,10,35.95685958862305,6,6,0,5,4,3
1,DeathDescription.LIFETOTAL,13,26.2453556060791,4,4,5,5,6,3
0,DeathDescription.LIFETOTAL,10,38.4984016418457,5,5,2,5,3,4
0,DeathDescription.LIFETOTAL,10,21.99697494506836,6,4,2,5,1,6
0,DeathDescription.LIFETOTAL,12,28.6865234375,5,5,3,6,3,4
0,DeathDescription.LIFETOTAL,10,29.448509216308594,5,5,2,4,4,4
0,DeathDescription.LIFETOTAL,12,46.23842239379883,7,4,2,6,5,2
1,DeathDescription.LIFETOTAL,11,23.92411231994629,5,4,3,6,5,2
1,DeathDescription.LIFETOTAL,11,36.29016876220703,5,5,2,6,5,2
0,DeathDescription.LIFETOTAL,10,29.096603393554688,6,6,0,5,4,3
1,DeathDescription.LIFETOTAL,15,47.208547592163086,3,2,6,4,6,4
0,DeathDescription.LIFETOTAL,10,22.372007369995117,6,5,1,4,4,4
0,DeathDescription.LIFETOTAL,12,35.79592704772949,6,6,1,6,3,4
1,DeathDescription.LIFETOTAL,11,28.693437576293945,2,0,7,6,4,3
1,DeathDescription.LIFETOTAL,11,40.251731872558594,4,5,3,6,5,2
1,DeathDescription.LIFETOTAL,11,29.01172637939453,6,4,2,6,5,2
1,DeathDescription.LIFETOTAL,11,36.932945251464844,6,4,2,6,7,0
0,DeathDescription.LIFETOTAL,10,39.3824577331543,6,5,1,5,3,4
1,DeathDescription.LIFETOTAL,11,23.1626033782959,6,3,3,6,5,2
1,DeathDescription.LIFETOTAL,11,29.208898544311523,6,5,1,4,5,4
0,DeathDescription.LIFETOTAL,10,41.9621467590332,6,5,1,4,4,4
1,DeathDescription.LIFETOTAL,11,24.242877960205078,5,0,7,5,5,3
1,DeathDescription.LIFETOTAL,13,23.916006088256836,4,1,6,4,6,4
0,DeathDescription.LIFETOTAL,12,24.09815788269043,5,5,3,6,1,6
1,DeathDescription.LIFETOTAL,11,35.17031669616699,2,0,7,6,6,1
0,DeathDescription.LIFETOTAL,10,34.48677062988281,6,5,1,5,4,3
0,DeathDescription.LIFETOTAL,10,33.65445137023926,4,5,3,5,3,4
0,DeathDescription.LIFETOTAL,10,23.469924926757812,5,5,2,5,3,4
0,DeathDescription.LIFETOTAL,10,49.681663513183594,6,5,1,5,3,4
0,DeathDescription.LIFETOTAL,12,30.113935470581055,6,5,2,3,4,6
0,DeathDescription.LIFETOTAL,10,21.477460861206055,5,4,3,3,0,7
0,DeathDescription.LIFETOTAL,10,22.315025329589844,3,5,4,5,4,3
0,DeathDescription.LIFETOTAL,10,35.753726959228516,6,5,1,3,4,5
0,DeathDescription.LIFETOTAL,12,30.43961524963379,7,5,1,4,4,5
1,DeathDescription.LIFETOTAL,11,38.573503494262695,6,4,2,4,4,5
0,DeathDescription.LIFETOTAL,10,32.45282173156738,5,5,2,5,4,3
0,DeathDescription.LIFETOTAL,10,27.325868606567383,5,4,3,5,5,2
1,DeathDescription.LIFETOTAL,11,24.318933486938477,6,0,6,5,5,3
0,DeathDescription.LIFETOTAL,12,35.24589538574219,6,5,2,6,4,3
0,DeathDescription.LIFETOTAL,10,32.87959098815918,6,5,1,4,3,5
1,DeathDescription.LIFETOTAL,11,35.462379455566406,6,4,2,6,5,2
1,DeathDescription.LIFETOTAL,11,40.6343936920166,5,6,1,6,5,2
1,DeathDescription.LIFETOTAL,13,40.610313415527344,3,3,5,6,8,0
0,DeathDescription.LIFETOTAL,12,25.293827056884766,5,7,1,5,3,5
0,DeathDescription.LIFETOTAL,10,26.9925594329834,6,5,1,4,4,4
0,DeathDescription.LIFETOTAL,12,50.7502555847168,7,4,2,4,4,5
0,DeathDescription.LIFETOTAL,10,26.913881301879883,6,5,1,5,5,2
0,DeathDescription.LIFETOTAL,10,32.767534255981445,6,4,2,5,2,5
0,DeathDescription.LIFETOTAL,10,35.68220138549805,6,5,1,5,4,3
1,DeathDescription.LIFETOTAL,13,36.6361141204834,3,0,7,6,6,2
0,DeathDescription.LIFETOTAL,10,96.15516662597656,6,4,2,5,3,4
0,DeathDescription.LIFETOTAL,12,23.407459259033203,7,5,1,4,0,7
0,DeathDescription.LIFETOTAL,10,41.09382629394531,6,5,1,4,4,4
1,DeathDescription.LIFETOTAL,11,53.098201751708984,4,0,7,5,5,3
1,DeathDescription.LIFETOTAL,11,33.90383720397949,6,4,2,4,5,4
0,DeathDescription.LIFETOTAL,10,38.65861892700195,5,4,3,3,0,7
0,DeathDescription.LIFETOTAL,10,47.9891300201416,5,4,3,2,3,6
0,DeathDescription.LIFETOTAL,12,24.9786376953125,3,5,5,6,5,2
1,DeathDescription.LIFETOTAL,11,49.94630813598633,6,3,3,6,4,3
0,DeathDescription.LIFETOTAL,10,27.18949317932129,4,4,4,5,4,3
0,DeathDescription.LIFETOTAL,10,23.308515548706055,6,5,1,5,4,3
1,DeathDescription.LIFETOTAL,11,41.20588302612305,6,0,6,6,6,1
0,DeathDescription.LIFETOTAL,10,23.273229598999023,4,4,4,5,4,3
0,DeathDescription.LIFETOTAL,10,34.55352783203125,6,6,0,5,2,5
0,DeathDescription.LIFETOTAL,12,35.5072021484375,6,4,3,5,5,3
0,DeathDescription.LIFETOTAL,10,34.86895561218262,6,4,2,5,4,3
0,DeathDescription.LIFETOTAL,10,36.070823669433594,5,5,2,3,4,5
0,DeathDescription.LIFETOTAL,10,32.69076347351074,5,5,2,5,4,3
1,DeathDescription.LIFETOTAL,11,35.75539588928223,6,3,3,6,6,1
0,DeathDescription.LIFETOTAL,10,33.76054763793945,4,5,3,5,3,4
0,DeathDescription.LIFETOTAL,10,22.609949111938477,5,5,2,5,3,4
0,DeathDescription.LIFETOTAL,10,33.10132026672363,4,5,3,5,4,3
0,DeathDescription.LIFETOTAL,10,35.027503967285156,5,6,1,4,3,5
1,DeathDescription.LIFETOTAL,11,23.478031158447266,6,4,2,6,5,2
1,DeathDescription.LIFETOTAL,11,36.90981864929199,6,5,1,6,6,1
1,DeathDescription.LIFETOTAL,13,35.985469818115234,3,0,7,4,5,4
0,DeathDescription.LIFETOTAL,10,40.441274642944336,5,5,2,5,4,3
0,DeathDescription.LIFETOTAL,12,42.006731033325195,5,5,3,6,5,2
0,DeathDescription.LIFETOTAL,10,23.797035217285156,6,4,2,3,3,6
0,DeathDescription.LIFETOTAL,12,33.16307067871094,5,7,1,6,4,3
1,DeathDescription.LIFETOTAL,15,41.88990592956543,7,2,5,7,5,3
0,DeathDescription.LIFETOTAL,10,29.316186904907227,3,5,4,3,4,5
0,DeathDescription.LIFETOTAL,10,51.15985870361328,6,6,0,4,3,4
0,DeathDescription.LIFETOTAL,12,24.799108505249023,4,5,4,6,4,3
0,DeathDescription.LIFETOTAL,10,27.803659439086914,5,5,2,5,4,3
0,DeathDescription.LIFETOTAL,10,35.46905517578125,4,5,3,3,0,7
1,DeathDescription.LIFETOTAL,11,33.22553634643555,4,4,4,6,6,1
0,DeathDescription.LIFETOTAL,12,34.807443618774414,7,4,2,6,4,3
0,DeathDescription.LIFETOTAL,10,29.630422592163086,4,5,3,4,3,5
0,DeathDescription.LIFETOTAL,10,33.57338905334473,5,5,2,5,3,4
0,DeathDescription.LIFETOTAL,10,33.118247985839844,5,5,2,5,3,4
1,DeathDescription.LIFETOTAL,11,32.512664794921875,6,4,2,4,5,4
1,DeathDescription.LIFETOTAL,13,29.860496520996094,5,4,4,5,5,4
0,DeathDescription.LIFETOTAL,12,25.565624237060547,5,4,4,4,3,6
0,DeathDescription.LIFETOTAL,10,63.94457817077637,5,4,3,3,4,5
0,DeathDescription.LIFETOTAL,10,40.111541748046875,6,5,1,5,2,5
1,DeathDescription.LIFETOTAL,11,37.17660903930664,6,5,1,6,6,1
1,DeathDescription.LIFETOTAL,11,33.34188461303711,5,5,2,5,4,4
0,DeathDescription.LIFETOTAL,10,52.27470397949219,6,5,1,5,5,2
1,DeathDescription.LIFETOTAL,11,34.706830978393555,6,4,2,6,5,2
0,DeathDescription.LIFETOTAL,12,24.686813354492188,5,6,2,5,3,5
1,DeathDescription.LIFETOTAL,11,38.28692436218262,6,3,3,5,6,2
0,DeathDescription.LIFETOTAL,12,51.46646499633789,7,4,2,4,4,5
1,DeathDescription.LIFETOTAL,11,38.033246994018555,5,3,4,6,5,2
1,DeathDescription.LIFETOTAL,11,32.17887878417969,5,5,2,6,5,2
0,DeathDescription.LIFETOTAL,10,29.590129852294922,5,5,2,5,4,3
0,DeathDescription.LIFETOTAL,14,25.39658546447754,4,5,5,4,3,5
1,DeathDescription.LIFETOTAL,11,45.236825942993164,6,3,3,6,5,2
1,DeathDescription.LIFETOTAL,11,34.98268127441406,6,5,1,6,5,2
0,DeathDescription.LIFETOTAL,12,31.134605407714844,4,5,4,6,3,4
0,DeathDescription.LIFETOTAL,12,28.73849868774414,5,5,3,3,2,6
1,DeathDescription.LIFETOTAL,11,23.325204849243164,6,4,2,4,5,4
0,DeathDescription.LIFETOTAL,10,34.86919403076172,4,4,4,5,3,4
0,DeathDescription.LIFETOTAL,10,29.45089340209961,5,6,1,5,5,2
0,DeathDescription.LIFETOTAL,10,23.186683654785156,6,3,3,5,5,2
0,DeathDescription.LIFETOTAL,10,26.95775032043457,4,5,3,3,3,6
0,DeathDescription.LIFETOTAL,10,36.7281436920166,6,5,1,5,5,2
0,DeathDescription.LIFETOTAL,10,23.548126220703125,6,5,1,5,3,4
1,DeathDescription.LIFETOTAL,11,39.59822654724121,4,0,7,6,5,2
0,DeathDescription.LIFETOTAL,10,27.73284912109375,6,3,3,5,3,4
1,DeathDescription.LIFETOTAL,11,41.44930839538574,6,5,1,4,5,4
0,DeathDescription.LIFETOTAL,10,34.28936004638672,6,5,1,5,3,4
0,DeathDescription.LIFETOTAL,10,38.770437240600586,5,6,1,5,5,2
0,DeathDescription.LIFETOTAL,12,34.3477725982666,5,6,2,3,0,7
0,DeathDescription.LIFETOTAL,10,49.55029487609863,4,6,2,5,4,3
0,DeathDescription.LIFETOTAL,10,23.41175079345703,6,5,1,5,3,4
1,DeathDescription.LIFETOTAL,11,23.209571838378906,5,0,7,6,5,2
0,DeathDescription.LIFETOTAL,10,23.100614547729492,3,5,4,4,3,5
0,DeathDescription.LIFETOTAL,10,36.91887855529785,5,6,1,5,3,4
1,DeathDescription.LIFETOTAL,11,26.241779327392578,3,0,7,5,5,3
0,DeathDescription.LIFETOTAL,10,23.958921432495117,5,4,3,5,3,4
0,DeathDescription.LIFETOTAL,12,23.64063262939453,7,5,1,3,0,7
1,DeathDescription.LIFETOTAL,11,34.48367118835449,4,4,4,6,5,2
0,DeathDescription.LIFETOTAL,10,39.313554763793945,6,5,1,5,3,4
0,DeathDescription.LIFETOTAL,10,33.50067138671875,6,4,2,4,2,6
0,DeathDescription.LIFETOTAL,10,31.800508499145508,5,5,2,4,4,4
0,DeathDescription.LIFETOTAL,10,31.14604949951172,5,5,2,5,4,3
0,DeathDescription.LIFETOTAL,12,34.645795822143555,7,6,0,4,4,5
1,DeathDescription.LIFETOTAL,11,35.1567268371582,5,1,6,4,5,4
1,DeathDescription.LIFETOTAL,11,39.92652893066406,6,5,1,6,5,2
0,DeathDescription.LIFETOTAL,10,35.47811508178711,6,5,1,3,4,5
1,DeathDescription.LIFETOTAL,11,25.087356567382812,6,4,2,5,6,2
0,DeathDescription.LIFETOTAL,10,26.92413330078125,5,5,2,5,4,3
1,DeathDescription.LIFETOTAL,11,28.507709503173828,6,3,3,6,5,2
1,DeathDescription.LIFETOTAL,11,48.56300354003906,6,3,3,6,5,2
1,DeathDescription.LIFETOTAL,11,24.480104446411133,3,1,6,6,5,2
1,DeathDescription.LIFETOTAL,11,24.628162384033203,4,4,4,6,6,1
0,DeathDescription.LIFETOTAL,10,21.230459213256836,5,5,2,4,4,4
1,DeathDescription.LIFETOTAL,13,40.36831855773926,5,3,5,6,7,1
0,DeathDescription.LIFETOTAL,10,38.37251663208008,6,5,1,3,3,6
1,DeathDescription.LIFETOTAL,11,39.25609588623047,5,4,3,3,5,5
0,DeathDescription.LIFETOTAL,10,21.770954132080078,4,4,4,5,3,4
0,DeathDescription.LIFETOTAL,10,39.83640670776367,6,5,1,4,4,4
0,DeathDescription.LIFETOTAL,10,29.711008071899414,5,5,2,5,3,4
0,DeathDescription.LIFETOTAL,14,26.540040969848633,6,6,2,4,0,7
0,DeathDescription.LIFETOTAL,10,31.952381134033203,6,5,1,4,1,6
1,DeathDescription.LIFETOTAL,13,26.648759841918945,2,0,7,7,5,2
0,DeathDescription.LIFETOTAL,10,35.42637825012207,4,5,3,5,4,3
0,DeathDescription.LIFETOTAL,10,36.93747520446777,5,4,3,5,2,5
0,DeathDescription.LIFETOTAL,10,22.951364517211914,4,5,3,5,3,4
0,DeathDescription.LIFETOTAL,10,31.142473220825195,6,5,1,3,4,5
1,DeathDescription.LIFETOTAL,11,35.25996208190918,6,3,3,6,5,2
1,DeathDescription.LIFETOTAL,11,29.703617095947266,6,5,1,6,3,4
0,DeathDescription.LIFETOTAL,12,24.48415756225586,7,4,2,4,3,5
0,DeathDescription.LIFETOTAL,10,33.66494178771973,6,5,1,5,2,5
0,DeathDescription.LIFETOTAL,10,36.00502014160156,5,5,2,5,4,3
1,DeathDescription.LIFETOTAL,11,34.682512283325195,5,5,2,5,5,3
0,DeathDescription.LIFETOTAL,12,40.35687446594238,7,6,0,5,4,4
1,DeathDescription.LIFETOTAL,13,32.862186431884766,3,2,5,6,7,1
0,DeathDescription.LIFETOTAL,10,35.35914421081543,6,4,2,5,4,3
0,DeathDescription.LIFETOTAL,10,43.694496154785156,6,4,2,5,4,3
0,DeathDescription.LIFETOTAL,10,27.506351470947266,5,5,2,5,1,6
1,DeathDescription.LIFETOTAL,11,31.91399574279785,5,5,2,6,5,2
0,DeathDescription.LIFETOTAL,12,46.366214752197266,5,5,3,6,4,3
0,DeathDescription.LIFETOTAL,10,22.42732048034668,4,6,2,5,3,4
1,DeathDescription.LIFETOTAL,11,33.75244140625,3,0,7,6,6,1
1,DeathDescription.LIFETOTAL,13,28.081655502319336,7,5,1,6,6,2
0,DeathDescription.LIFETOTAL,10,34.6980094909668,6,4,2,5,4,3
0,DeathDescription.LIFETOTAL,10,29.18219566345215,6,5,1,5,4,3
1,DeathDescription.LIFETOTAL,11,28.66196632385254,4,3,5,4,5,4
1,DeathDescription.LIFETOTAL,11,41.70060157775879,5,5,2,6,4,3
0,DeathDescription.LIFETOTAL,10,23.997783660888672,5,6,1,5,4,3
0,DeathDescription.LIFETOTAL,12,35.87150573730469,7,5,1,5,4,4
0,DeathDescription.LIFETOTAL,10,22.649288177490234,5,4,3,5,4,3
0,DeathDescription.LIFETOTAL,12,50.34661293029785,6,5,2,5,2,6
1,DeathDescription.LIFETOTAL,11,35.532474517822266,6,4,2,4,5,4
0,DeathDescription.LIFETOTAL,10,22.7358341217041,6,5,1,5,3,4
1,DeathDescription.LIFETOTAL,11,33.65278244018555,4,4,4,6,5,2
1,DeathDescription.LIFETOTAL,11,46.18501663208008,5,3,4,5,5,3
0,DeathDescription.LIFETOTAL,12,25.408506393432617,6,5,2,6,4,3
0,DeathDescription.LIFETOTAL,10,28.038740158081055,6,4,2,5,3,4
0,DeathDescription.LIFETOTAL,10,23.30470085144043,5,5,2,4,3,5
0,DeathDescription.LIFETOTAL,10,40.21477699279785,4,4,4,5,4,3
1,DeathDescription.LIFETOTAL,13,45.71056365966797,4,0,7,6,6,2
0,DeathDescription.LIFETOTAL,12,56.52642250061035,7,4,2,5,4,4
0,DeathDescription.LIFETOTAL,12,35.38370132446289,6,6,1,6,3,4
1,DeathDescription.LIFETOTAL,11,40.12775421142578,3,0,7,5,5,3
0,DeathDescription.LIFETOTAL,10,34.00158882141113,5,5,2,5,4,3
1,DeathDescription.LIFETOTAL,11,40.192365646362305,4,2,6,5,5,3
1,DeathDescription.LIFETOTAL,11,51.65362358093262,6,2,4,6,5,2
0,DeathDescription.LIFETOTAL,10,30.464887619018555,6,5,1,4,4,4
0,DeathDescription.LIFETOTAL,12,26.325702667236328,7,5,1,6,4,3
0,DeathDescription.LIFETOTAL,10,30.376195907592773,5,5,2,4,4,4
1,DeathDescription.LIFETOTAL,13,28.64670753479004,6,4,3,6,6,2
1,DeathDescription.LIFETOTAL,11,26.88002586364746,6,4,2,5,4,4
1,DeathDescription.LIFETOTAL,11,26.913166046142578,5,3,4,6,4,3
0,DeathDescription.LIFETOTAL,12,34.72566604614258,6,5,2,5,4,4
1,DeathDescription.LIFETOTAL,11,40.46368598937988,3,2,7,6,4,3
0,DeathDescription.LIFETOTAL,12,23.390769958496094,6,5,2,4,3,5
0,DeathDescription.LIFETOTAL,10,53.56788635253906,5,5,2,5,3,4
1,DeathDescription.LIFETOTAL,11,36.66806221008301,6,3,3,6,4,3
1,DeathDescription.LIFETOTAL,11,24.57118034362793,4,4,4,4,5,4
0,DeathDescription.LIFETOTAL,12,24.920225143432617,5,5,3,4,4,5
1,DeathDescription.LIFETOTAL,11,23.186445236206055,4,2,5,5,4,4
0,DeathDescription.LIFETOTAL,12,42.07420349121094,6,6,1,3,4,6
1,DeathDescription.LIFETOTAL,11,25.35247802734375,6,5,1,6,5,2
1,DeathDescription.LIFETOTAL,13,26.918888092041016,4,0,7,7,6,1
1,DeathDescription.LIFETOTAL,11,34.32750701904297,3,3,6,6,4,3
0,DeathDescription.LIFETOTAL,10,40.160179138183594,4,5,3,5,5,2
0,DeathDescription.LIFETOTAL,10,34.976959228515625,4,6,2,5,4,3
0,DeathDescription.LIFETOTAL,10,29.404401779174805,5,4,3,5,4,3
1,DeathDescription.LIFETOTAL,11,41.05806350708008,6,4,2,5,5,3
0,DeathDescription.LIFETOTAL,10,41.66674613952637,4,5,3,4,0,7
0,DeathDescription.LIFETOTAL,12,31.787395477294922,7,4,2,3,0,7
0,DeathDescription.LIFETOTAL,10,53.25484275817871,6,5,1,5,2,5
0,DeathDescription.LIFETOTAL,10,27.155637741088867,6,5,1,5,4,3
0,DeathDescription.LIFETOTAL,10,40.961265563964844,4,5,3,5,4,3
0,DeathDescription.LIFETOTAL,12,26.17168426513672,5,6,2,6,4,3
1,DeathDescription.LIFETOTAL,11,25.194644927978516,6,3,3,3,4,6
0,DeathDescription.LIFETOTAL,10,54.160118103027344,5,5,2,4,4,4
0,DeathDescription.LIFETOTAL,10,31.293869018554688,6,5,1,5,4,3
1,DeathDescription.LIFETOTAL,11,35.387277603149414,6,3,3,5,6,2
0,DeathDescription.LIFETOTAL,10,33.35762023925781,4,5,3,4,4,4
0,DeathDescription.LIFETOTAL,10,32.234907150268555,5,5,2,4,4,4
1,DeathDescription.LIFETOTAL,11,26.532649993896484,6,4,2,4,5,4
1,DeathDescription.LIFETOTAL,11,27.28557586669922,6,3,3,5,6,2
0,DeathDescription.LIFETOTAL,12,32.58037567138672,7,4,2,4,4,5
1,DeathDescription.LIFETOTAL,11,45.99952697753906,5,4,3,5,5,3
1,DeathDescription.LIFETOTAL,11,34.261465072631836,3,3,6,5,6,2
1,DeathDescription.LIFETOTAL,11,39.28256034851074,5,4,3,4,7,2
0,DeathDescription.LIFETOTAL,10,22.670269012451172,4,5,3,5,2,5
0,DeathDescription.LIFETOTAL,10,45.5169677734375,6,5,1,5,1,6
1,DeathDescription.LIFETOTAL,11,34.81316566467285,4,4,4,5,5,3
0,DeathDescription.LIFETOTAL,10,22.63331413269043,4,5,3,5,4,3
0,DeathDescription.LIFETOTAL,10,25.94470977783203,6,4,2,5,4,3
1,DeathDescription.LIFETOTAL,11,50.225019454956055,6,4,2,5,5,3
0,DeathDescription.LIFETOTAL,12,46.328067779541016,5,5,3,6,3,4
0,DeathDescription.LIFETOTAL,10,40.40336608886719,4,5,3,5,3,4
1,DeathDescription.LIFETOTAL,13,38.583993911743164,6,4,3,7,6,1
0,DeathDescription.LIFETOTAL,10,23.93817901611328,6,4,2,5,4,3
0,DeathDescription.LIFETOTAL,12,26.796817779541016,5,7,1,3,4,6
0,DeathDescription.LIFETOTAL,10,34.15489196777344,5,4,3,5,3,4
0,DeathDescription.LIFETOTAL,10,22.338390350341797,6,5,1,5,2,5
0,DeathDescription.LIFETOTAL,10,28.005361557006836,6,5,1,5,3,4
0,DeathDescription.LIFETOTAL,12,37.749528884887695,7,5,1,4,4,5
0,DeathDescription.LIFETOTAL,10,33.406972885131836,5,5,2,4,0,7
1,DeathDescription.LIFETOTAL,11,29.634952545166016,6,5,1,6,4,3
1,DeathDescription.LIFETOTAL,11,29.375791549682617,5,5,2,3,5,5
0,DeathDescription.LIFETOTAL,12,32.06610679626465,6,5,2,6,0,7
0,DeathDescription.LIFETOTAL,14,43.80679130554199,6,6,2,6,2,6
0,DeathDescription.LIFETOTAL,10,22.783279418945312,6,5,1,4,2,6
0,DeathDescription.LIFETOTAL,12,26.55649185180664,5,7,1,6,6,1
0,DeathDescription.LIFETOTAL,10,44.712066650390625,4,4,4,5,4,3
0,DeathDescription.LIFETOTAL,10,40.5726432800293,4,5,3,5,4,3
1,DeathDescription.LIFETOTAL,11,25.290727615356445,5,5,2,5,5,3
0,DeathDescription.LIFETOTAL,12,31.225204467773438,7,4,2,6,4,3
0,DeathDescription.LIFETOTAL,10,26.63278579711914,4,6,2,5,3,4
1,DeathDescription.LIFETOTAL,11,24.339914321899414,5,4,3,6,5,2
1,DeathDescription.LIFETOTAL,11,39.531707763671875,6,5,1,5,6,2
0,DeathDescription.LIFETOTAL,10,21.61693572998047,5,5,2,3,0,7
0,DeathDescription.LIFETOTAL,12,34.64365005493164,5,5,3,6,2,5
0,DeathDescription.LIFETOTAL,10,21.91329002380371,4,5,3,4,0,7
1,DeathDescription.LIFETOTAL,13,37.343502044677734,4,3,5,6,6,2
1,DeathDescription.LIFETOTAL,11,24.343490600585938,6,4,2,6,4,3
0,DeathDescription.LIFETOTAL,12,30.954599380493164,6,5,2,3,3,5
0,DeathDescription.LIFETOTAL,10,23.381710052490234,5,5,2,4,4,4
0,DeathDescription.LIFETOTAL,10,63.08245658874512,5,4,3,4,2,6
0,DeathDescription.LIFETOTAL,10,28.429031372070312,5,5,2,5,3,4
0,DeathDescription.LIFETOTAL,10,31.595468521118164,4,4,4,4,4,4
1,DeathDescription.LIFETOTAL,11,25.76160430908203,3,3,6,6,6,1
0,DeathDescription.LIFETOTAL,10,22.965192794799805,6,5,1,5,3,4
1,DeathDescription.LIFETOTAL,11,29.378890991210938,6,0,6,6,5,2
0,DeathDescription.LIFETOTAL,10,30.870437622070312,5,5,2,4,4,4
1,DeathDescription.LIFETOTAL,11,26.68619155883789,4,4,4,6,6,1
0,DeathDescription.LIFETOTAL,10,23.73361587524414,6,5,1,5,1,6
0,DeathDescription.LIFETOTAL,10,22.85933494567871,3,5,4,4,0,7
0,DeathDescription.LIFETOTAL,12,48.35963249206543,6,5,2,5,4,4
0,DeathDescription.LIFETOTAL,12,31.26239776611328,6,5,2,5,5,3
1,DeathDescription.LIFETOTAL,11,32.06682205200195,6,3,3,6,5,2
1,DeathDescription.LIFETOTAL,11,39.73865509033203,6,2,4,6,4,3
0,DeathDescription.LIFETOTAL,10,36.65018081665039,3,5,4,5,4,3
0,DeathDescription.LIFETOTAL,10,23.598909378051758,5,6,1,4,4,4
1,DeathDescription.LIFETOTAL,13,41.491031646728516,5,3,4,6,6,2
0,DeathDescription.LIFETOTAL,10,27.741670608520508,4,5,3,5,3,4
0,DeathDescription.LIFETOTAL,10,46.49615287780762,6,5,1,5,3,4
1,DeathDescription.LIFETOTAL,11,28.78880500793457,4,1,6,5,6,2
1,DeathDescription.LIFETOTAL,13,28.641462326049805,7,4,2,6,6,2
0,DeathDescription.LIFETOTAL,12,46.65493965148926,7,6,0,5,4,4
0,DeathDescription.LIFETOTAL,12,27.989625930786133,7,5,1,5,5,3
0,DeathDescription.LIFETOTAL,10,28.376102447509766,4,5,3,2,3,6
0,DeathDescription.LIFETOTAL,12,45.85075378417969,6,6,1,5,4,4
1,DeathDescription.LIFETOTAL,11,23.883342742919922,4,5,3,6,5,2
0,DeathDescription.LIFETOTAL,12,39.376258850097656,4,5,4,4,4,5
0,DeathDescription.LIFETOTAL,10,29.1595458984375,4,5,3,5,4,3
1,DeathDescription.LIFETOTAL,11,24.52397346496582,4,3,5,5,6,2
0,DeathDescription.LIFETOTAL,10,37.35518455505371,4,5,3,5,1,6
0,DeathDescription.LIFETOTAL,12,28.5031795501709,7,6,0,4,4,5
0,DeathDescription.LIFETOTAL,10,21.763324737548828,6,4,2,5,1,6
1,DeathDescription.LIFETOTAL,11,41.81933403015137,6,3,3,4,6,3
0,DeathDescription.LIFETOTAL,10,23.13399314880371,3,4,5,5,4,3
0,DeathDescription.LIFETOTAL,10,35.61854362487793,5,6,1,5,1,6
0,DeathDescription.LIFETOTAL,10,25.058746337890625,5,5,2,4,4,4
0,DeathDescription.LIFETOTAL,10,21.538972854614258,4,5,3,4,2,5
0,DeathDescription.LIFETOTAL,10,28.55539321899414,5,5,2,4,4,4
0,DeathDescription.LIFETOTAL,12,26.682138442993164,6,6,1,6,4,3
0,DeathDescription.LIFETOTAL,10,53.09414863586426,5,4,3,5,5,2
0,DeathDescription.LIFETOTAL,10,43.52903366088867,5,5,2,5,2,5
0,DeathDescription.LIFETOTAL,12,45.636892318725586,7,5,1,6,4,3
1,DeathDescription.LIFETOTAL,11,46.83232307434082,6,4,2,6,4,3
0,DeathDescription.LIFETOTAL,12,35.71200370788574,6,5,2,3,0,7
1,DeathDescription.LIFETOTAL,11,27.199268341064453,2,2,6,5,5,3
0,DeathDescription.LIFETOTAL,12,39.66975212097168,4,4,5,3,2,5
1,DeathDescription.LIFETOTAL,11,37.750959396362305,6,3,3,6,5,2
1,DeathDescription.LIFETOTAL,13,30.492067337036133,4,1,6,5,6,3
0,DeathDescription.LIFETOTAL,10,48.20084571838379,4,5,3,2,1,6
1,DeathDescription.LIFETOTAL,11,31.16583824157715,4,5,3,6,4,3
0,DeathDescription.LIFETOTAL,10,44.36326026916504,6,6,0,4,4,4
0,DeathDescription.LIFETOTAL,10,42.27709770202637,6,5,1,5,3,4
1,DeathDescription.LIFETOTAL,11,51.024675369262695,6,5,1,5,5,3
0,DeathDescription.LIFETOTAL,10,49.68833923339844,6,4,2,5,4,3
0,DeathDescription.LIFETOTAL,10,28.429031372070312,6,4,2,4,4,4
0,DeathDescription.LIFETOTAL,14,49.81684684753418,7,6,1,5,3,5
0,DeathDescription.LIFETOTAL,10,43.29037666320801,6,4,2,4,4,4
1,DeathDescription.LIFETOTAL,13,25.0396728515625,4,3,5,7,5,2
0,DeathDescription.LIFETOTAL,10,36.83185577392578,6,6,0,4,4,4
0,DeathDescription.LIFETOTAL,10,25.029897689819336,6,4,2,5,3,4
0,DeathDescription.LIFETOTAL,10,24.685144424438477,5,5,2,4,3,5
0,DeathDescription.LIFETOTAL,12,27.42767333984375,7,5,1,6,5,2
0,DeathDescription.LIFETOTAL,14,44.95573043823242,7,6,1,3,0,7
1,DeathDescription.LIFETOTAL,11,37.0335578918457,3,4,5,6,5,2
1,DeathDescription.LIFETOTAL,13,27.736186981201172,4,0,7,7,6,1
1,DeathDescription.LIFETOTAL,13,56.63013458251953,5,3,5,5,6,3
0,DeathDescription.LIFETOTAL,12,25.479793548583984,7,6,0,4,0,7
0,DeathDescription.LIFETOTAL,10,22.71103858947754,4,4,4,5,4,3
1,DeathDescription.LIFETOTAL,11,31.05616569519043,6,4,2,5,5,3
1,DeathDescription.LIFETOTAL,11,37.41192817687988,3,1,6,5,5,3
0,DeathDescription.LIFETOTAL,10,23.273468017578125,3,5,4,4,4,4
0,DeathDescription.LIFETOTAL,12,36.038875579833984,7,5,1,5,4,4
0,DeathDescription.LIFETOTAL,10,45.248985290527344,4,5,3,5,3,4
0,DeathDescription.LIFETOTAL,10,33.71763229370117,6,5,1,4,4,4
1,DeathDescription.LIFETOTAL,11,23.472070693969727,4,1,6,4,5,4
0,DeathDescription.LIFETOTAL,10,25.429248809814453,6,5,1,4,4,4
0,DeathDescription.LIFETOTAL,10,24.138689041137695,5,5,2,5,2,5
0,DeathDescription.LIFETOTAL,12,23.376941680908203,4,7,2,4,1,6
0,DeathDescription.LIFETOTAL,10,23.027420043945312,4,6,2,5,4,3
1,DeathDescription.LIFETOTAL,11,28.610944747924805,5,4,3,6,6,1
0,DeathDescription.LIFETOTAL,10,35.913705825805664,5,5,2,5,3,4
0,DeathDescription.LIFETOTAL,14,27.5423526763916,7,7,0,3,0,7
1,DeathDescription.LIFETOTAL,11,49.26109313964844,6,3,3,6,4,3
0,DeathDescription.LIFETOTAL,10,22.34482765197754,4,5,3,5,3,4
0,DeathDescription.LIFETOTAL,10,33.3409309387207,6,4,2,3,3,6
1,DeathDescription.LIFETOTAL,11,24.70088005065918,6,4,2,6,6,1
0,DeathDescription.LIFETOTAL,10,22.71294593811035,5,6,1,5,0,7
0,DeathDescription.LIFETOTAL,10,27.444839477539062,5,5,2,5,4,3
1,DeathDescription.LIFETOTAL,13,28.87701988220215,4,0,7,5,6,3
0,DeathDescription.LIFETOTAL,12,47.179222106933594,6,6,1,6,5,2
0,DeathDescription.LIFETOTAL,10,28.470516204833984,5,5,2,5,3,4
0,DeathDescription.LIFETOTAL,10,37.12153434753418,4,5,3,4,3,5
0,DeathDescription.LIFETOTAL,12,54.473161697387695,5,6,2,6,3,4
1,DeathDescription.LIFETOTAL,11,33.644676208496094,2,1,6,6,5,2
1,DeathDescription.LIFETOTAL,13,31.64219856262207,3,4,6,6,6,2
0,DeathDescription.LIFETOTAL,10,23.747920989990234,6,4,2,5,5,2
0,DeathDescription.LIFETOTAL,10,40.39406776428223,5,5,2,4,4,4
0,DeathDescription.LIFETOTAL,12,26.47566795349121,4,5,4,6,5,2
0,DeathDescription.LIFETOTAL,10,24.72829818725586,5,6,1,5,2,5
0,DeathDescription.LIFETOTAL,12,27.55904197692871,7,5,1,5,3,5
0,DeathDescription.LIFETOTAL,12,46.92387580871582,7,6,0,6,4,3
0,DeathDescription.LIFETOTAL,10,40.788888931274414,5,5,2,5,4,3
0,DeathDescription.LIFETOTAL,10,25.685787200927734,2,5,5,5,4,3
0,DeathDescription.LIFETOTAL,10,25.040864944458008,3,5,4,5,4,3
0,DeathDescription.LIFETOTAL,10,59.76986885070801,5,5,2,4,2,6
0,DeathDescription.LIFETOTAL,12,24.17469024658203,7,6,0,2,0,7
0,DeathDescription.LIFETOTAL,10,32.79852867126465,4,5,3,5,3,4
0,DeathDescription.LIFETOTAL,10,22.769451141357422,5,5,2,5,4,3
0,DeathDescription.LIFETOTAL,10,41.928768157958984,5,5,2,3,0,7
0,DeathDescription.LIFETOTAL,12,28.981924057006836,5,6,2,6,4,3
0,DeathDescription.LIFETOTAL,14,40.352582931518555,7,6,1,5,3,6
0,DeathDescription.LIFETOTAL,10,24.826526641845703,3,4,5,5,2,5
0,DeathDescription.LIFETOTAL,10,46.074867248535156,4,4,4,5,2,5
0,DeathDescription.LIFETOTAL,10,35.37750244140625,6,4,2,5,4,3
0,DeathDescription.LIFETOTAL,10,28.820276260375977,6,4,2,3,1,6
0,DeathDescription.LIFETOTAL,12,26.863813400268555,4,6,3,3,1,6
0,DeathDescription.LIFETOTAL,14,36.25941276550293,6,5,3,6,5,3
0,DeathDescription.LIFETOTAL,12,30.598878860473633,5,4,4,2,0,7
0,DeathDescription.LIFETOTAL,10,29.880285263061523,6,4,2,5,3,4
0,DeathDescription.LIFETOTAL,10,40.80605506896973,5,5,2,5,4,3
1,DeathDescription.LIFETOTAL,11,28.074264526367188,3,0,7,6,5,2
1,DeathDescription.LIFETOTAL,11,29.087305068969727,3,4,5,5,6,2
1,DeathDescription.LIFETOTAL,11,29.510498046875,6,5,1,6,5,2
0,DeathDescription.LIFETOTAL,12,35.94088554382324,6,6,1,6,4,3
0,DeathDescription.LIFETOTAL,12,31.389474868774414,7,6,0,6,5,2
0,DeathDescription.LIFETOTAL,10,27.59838104248047,6,5,1,4,2,6
0,DeathDescription.LIFETOTAL,10,22.676467895507812,6,5,1,5,4,3
1,DeathDescription.LIFETOTAL,11,36.72218322753906,6,3,3,5,5,3
1,DeathDescription.LIFETOTAL,11,35.538434982299805,5,4,3,5,6,2
0,DeathDescription.LIFETOTAL,10,32.974958419799805,4,5,3,5,3,4
0,DeathDescription.LIFETOTAL,12,30.618667602539062,5,6,2,6,5,2
0,DeathDescription.LIFETOTAL,12,43.42150688171387,7,5,1,5,4,4
0,DeathDescription.LIFETOTAL,10,21.552562713623047,6,5,1,4,4,4
0,DeathDescription.LIFETOTAL,12,25.266647338867188,7,5,1,4,0,7
0,DeathDescription.LIFETOTAL,10,21.43406867980957,5,5,2,4,3,5
1,DeathDescription.LIFETOTAL,11,31.86345100402832,6,4,2,6,5,2
1,DeathDescription.LIFETOTAL,11,41.65244102478027,6,5,1,6,5,2
0,DeathDescription.LIFETOTAL,12,30.055761337280273,6,5,2,6,3,4
0,DeathDescription.LIFETOTAL,10,37.668704986572266,5,6,1,5,2,5
0,DeathDescription.LIFETOTAL,12,42.8006649017334,7,5,1,6,4,3
1,DeathDescription.LIFETOTAL,11,47.52373695373535,3,0,7,4,5,4
0,DeathDescription.LIFETOTAL,12,38.4981632232666,4,5,4,4,2,6
1,DeathDescription.LIFETOTAL,13,24.50728416442871,4,2,5,6,5,3
0,DeathDescription.LIFETOTAL,10,33.89859199523926,5,6,1,5,3,4
1,DeathDescription.LIFETOTAL,11,21.961212158203125,6,3,3,6,4,3
1,DeathDescription.LIFETOTAL,11,24.313688278198242,5,4,3,6,5,2
0,DeathDescription.LIFETOTAL,10,25.601863861083984,5,6,1,5,5,2
0,DeathDescription.LIFETOTAL,10,40.22359848022461,2,5,5,5,4,3
0,DeathDescription.LIFETOTAL,12,26.476144790649414,6,5,2,6,1,6
0,DeathDescription.LIFETOTAL,10,23.48017692565918,6,5,1,3,3,6
1,DeathDescription.LIFETOTAL,11,30.208826065063477,5,3,4,6,6,1
0,DeathDescription.LIFETOTAL,10,29.08039093017578,3,5,4,5,4,3
0,DeathDescription.LIFETOTAL,10,60.9583854675293,6,5,1,5,4,3
0,DeathDescription.LIFETOTAL,10,62.98327445983887,5,5,2,5,2,5
1,DeathDescription.LIFETOTAL,11,38.454532623291016,6,4,2,6,5,2
1,DeathDescription.LIFETOTAL,11,33.91528129577637,2,0,7,5,5,3
0,DeathDescription.LIFETOTAL,12,39.51573371887207,7,6,0,4,4,5
1,DeathDescription.LIFETOTAL,13,36.07892990112305,7,4,2,3,3,8
0,DeathDescription.LIFETOTAL,12,52.55603790283203,7,5,1,6,4,3
0,DeathDescription.LIFETOTAL,10,28.429508209228516,5,5,2,4,3,5
0,DeathDescription.LIFETOTAL,12,27.330398559570312,5,5,3,4,5,4
1,DeathDescription.LIFETOTAL,11,39.35956954956055,5,5,2,6,6,1
0,DeathDescription.LIFETOTAL,10,29.52885627746582,4,5,3,3,3,5
0,DeathDescription.LIFETOTAL,12,31.998157501220703,7,5,1,5,5,3
0,DeathDescription.LIFETOTAL,10,48.525094985961914,4,5,3,5,4,3
1,DeathDescription.LIFETOTAL,11,48.89726638793945,5,5,2,6,5,2
0,DeathDescription.LIFETOTAL,10,34.24429893493652,4,5,3,4,4,4
0,DeathDescription.LIFETOTAL,10,47.99795150756836,5,5,2,5,4,3
0,DeathDescription.LIFETOTAL,10,35.741567611694336,5,4,3,3,3,6
1,DeathDescription.LIFETOTAL,11,28.681278228759766,5,4,3,6,4,3
0,DeathDescription.LIFETOTAL,10,41.383981704711914,4,5,3,5,4,3
0,DeathDescription.LIFETOTAL,10,39.93964195251465,4,6,2,5,4,3
1,DeathDescription.LIFETOTAL,11,23.834705352783203,4,4,4,5,6,2
0,DeathDescription.LIFETOTAL,12,44.197797775268555,5,6,2,6,3,4
1,DeathDescription.LIFETOTAL,11,39.03961181640625,5,4,3,6,4,3
1,DeathDescription.LIFETOTAL,11,38.810014724731445,6,4,2,6,6,1
0,DeathDescription.LIFETOTAL,10,36.45658493041992,4,5,3,4,3,5
1,DeathDescription.LIFETOTAL,13,40.8935546875,3,3,6,6,5,3
0,DeathDescription.LIFETOTAL,10,21.125078201293945,4,5,3,5,3,4
0,DeathDescription.LIFETOTAL,10,27.395248413085938,6,4,2,5,3,4
1,DeathDescription.LIFETOTAL,11,31.117916107177734,4,4,4,5,5,3
0,DeathDescription.LIFETOTAL,10,28.280258178710938,5,5,2,5,1,6
0,DeathDescription.LIFETOTAL,12,24.36208724975586,7,4,2,4,5,4
0,DeathDescription.LIFETOTAL,10,27.820348739624023,6,5,1,5,4,3
0,DeathDescription.LIFETOTAL,10,35.445451736450195,5,4,3,5,3,4
0,DeathDescription.LIFETOTAL,10,34.42239761352539,6,5,1,5,3,4
0,DeathDescription.LIFETOTAL,12,29.99281883239746,4,5,4,6,5,2
1,DeathDescription.LIFETOTAL,11,54.085493087768555,5,3,4,6,5,2
0,DeathDescription.LIFETOTAL,10,46.51451110839844,6,6,0,5,5,2
0,DeathDescription.LIFETOTAL,12,51.60093307495117,6,5,2,6,5,2
1,DeathDescription.LIFETOTAL,11,22.800922393798828,3,4,5,6,4,3
1,DeathDescription.LIFETOTAL,11,42.456626892089844,6,4,2,5,5,3
1,DeathDescription.LIFETOTAL,11,34.80720520019531,6,3,3,6,5,2
0,DeathDescription.LIFETOTAL,10,38.1007194519043,5,4,3,5,4,3
1,DeathDescription.LIFETOTAL,13,35.83502769470215,6,4,3,6,7,1
0,DeathDescription.LIFETOTAL,10,29.74843978881836,5,5,2,5,2,5
0,DeathDescription.LIFETOTAL,12,25.977134704589844,7,5,1,6,4,3
0,DeathDescription.LIFETOTAL,10,27.448654174804688,5,5,2,5,0,7
0,DeathDescription.LIFETOTAL,10,28.67865562438965,4,5,3,5,4,3
0,DeathDescription.LIFETOTAL,12,39.25299644470215,7,5,1,6,4,3
0,DeathDescription.LIFETOTAL,10,25.332927703857422,4,5,3,5,4,3
0,DeathDescription.LIFETOTAL,10,35.388946533203125,5,5,2,5,4,3
0,DeathDescription.LIFETOTAL,10,24.9178409576416,4,5,3,4,4,4
0,DeathDescription.LIFETOTAL,10,39.11089897155762,6,5,1,4,4,4
1,DeathDescription.LIFETOTAL,13,45.386314392089844,3,0,7,7,5,2
0,DeathDescription.LIFETOTAL,10,40.07887840270996,6,5,1,5,3,4
0,DeathDescription.LIFETOTAL,10,28.565168380737305,6,5,1,5,3,4
0,DeathDescription.LIFETOTAL,10,23.752927780151367,6,5,1,5,5,2
0,DeathDescription.LIFETOTAL,10,27.71925926208496,6,5,1,5,4,3
1,DeathDescription.LIFETOTAL,13,39.27731513977051,4,4,5,6,6,2
0,DeathDescription.LIFETOTAL,10,33.59532356262207,5,5,2,5,3,4
0,DeathDescription.LIFETOTAL,12,23.498058319091797,5,6,2,3,0,7
1,DeathDescription.LIFETOTAL,11,23.667573928833008,5,2,5,5,6,2
0,DeathDescription.LIFETOTAL,10,46.401262283325195,6,6,0,4,4,4
0,DeathDescription.LIFETOTAL,10,38.71488571166992,4,4,4,3,0,7
0,DeathDescription.LIFETOTAL,10,54.665565490722656,2,4,6,5,5,2
0,DeathDescription.LIFETOTAL,10,33.426523208618164,4,5,3,5,2,5
0,DeathDescription.LIFETOTAL,10,30.978679656982422,5,6,1,5,3,4
0,DeathDescription.LIFETOTAL,10,24.57714080810547,4,5,3,5,4,3
0,DeathDescription.LIFETOTAL,10,28.809547424316406,6,5,1,5,3,4
0,DeathDescription.LIFETOTAL,10,22.4611759185791,4,5,3,5,4,3
0,DeathDescription.LIFETOTAL,12,48.189640045166016,7,6,0,6,4,3
0,DeathDescription.LIFETOTAL,12,31.043052673339844,5,6,2,4,0,7
1,DeathDescription.LIFETOTAL,11,27.681589126586914,5,4,3,4,5,4
0,DeathDescription.LIFETOTAL,12,41.330814361572266,7,5,1,6,4,3
1,DeathDescription.LIFETOTAL,11,26.85260772705078,6,3,3,5,5,3
0,DeathDescription.LIFETOTAL,10,23.89979362487793,5,5,2,4,3,5
1,DeathDescription.LIFETOTAL,11,24.638891220092773,3,0,7,5,5,3
0,DeathDescription.LIFETOTAL,10,28.275012969970703,4,5,3,5,4,3
0,DeathDescription.LIFETOTAL,10,34.29675102233887,6,4,2,4,3,5
1,DeathDescription.LIFETOTAL,11,33.58626365661621,5,5,2,6,4,3
0,DeathDescription.LIFETOTAL,20,30.63797950744629,7,7,1,3,0,7
0,DeathDescription.LIFETOTAL,10,20.44677734375,3,5,4,5,4,3
1,DeathDescription.LIFETOTAL,11,36.38935089111328,4,3,5,6,4,3
1,DeathDescription.LIFETOTAL,11,24.97243881225586,6,4,2,6,5,2
1,DeathDescription.LIFETOTAL,13,35.424232482910156,2,0,7,7,4,3
0,DeathDescription.LIFETOTAL,10,27.131319046020508,6,4,2,5,1,6
0,DeathDescription.LIFETOTAL,10,35.19892692565918,6,5,1,4,2,6
1,DeathDescription.LIFETOTAL,11,25.859355926513672,6,5,1,5,6,2
1,DeathDescription.LIFETOTAL,11,35.356998443603516,4,4,4,6,6,1
0,DeathDescription.LIFETOTAL,10,28.05638313293457,5,5,2,5,4,3
0,DeathDescription.LIFETOTAL,10,51.36752128601074,5,5,2,4,3,5
1,DeathDescription.LIFETOTAL,11,23.929357528686523,6,0,6,6,5,2
1,DeathDescription.LIFETOTAL,21,33.01644325256348,7,3,4,4,5,5
0,DeathDescription.LIFETOTAL,12,35.20822525024414,6,6,1,4,4,4
0,DeathDescription.LIFETOTAL,12,43.25437545776367,4,5,4,3,4,6
1,DeathDescription.LIFETOTAL,13,27.35280990600586,6,5,2,7,5,2
0,DeathDescription.LIFETOTAL,10,33.76173973083496,6,5,1,5,4,3
0,DeathDescription.LIFETOTAL,10,22.431373596191406,6,6,0,5,3,4
0,DeathDescription.LIFETOTAL,12,31.79788589477539,5,5,3,6,3,4
0,DeathDescription.LIFETOTAL,10,30.564546585083008,5,5,2,5,4,3
0,DeathDescription.LIFETOTAL,12,26.00264549255371,7,6,0,6,3,4
0,DeathDescription.LIFETOTAL,10,23.897409439086914,5,6,1,5,4,3
1,DeathDescription.LIFETOTAL,11,58.15482139587402,4,4,4,6,6,1
0,DeathDescription.LIFETOTAL,10,28.37347984313965,5,5,2,5,1,6
1,DeathDescription.LIFETOTAL,11,23.084163665771484,6,4,2,5,6,2
0,DeathDescription.LIFETOTAL,12,30.64703941345215,7,5,1,4,2,6
1,DeathDescription.LIFETOTAL,11,25.706768035888672,6,2,4,5,5,3
1,DeathDescription.LIFETOTAL,11,50.101518630981445,6,5,1,6,4,3
0,DeathDescription.LIFETOTAL,14,27.727842330932617,6,5,3,7,5,2
0,DeathDescription.LIFETOTAL,12,29.259681701660156,6,6,1,6,5,2
0,DeathDescription.LIFETOTAL,12,38.18559646606445,7,6,0,4,4,5
0,DeathDescription.LIFETOTAL,12,31.38422966003418,6,5,2,3,4,6
0,DeathDescription.LIFETOTAL,10,37.97459602355957,6,5,1,3,4,5
0,DeathDescription.LIFETOTAL,10,24.78933334350586,4,6,2,5,4,3
0,DeathDescription.LIFETOTAL,10,26.8094539642334,6,5,1,5,3,4
1,DeathDescription.LIFETOTAL,11,40.822744369506836,5,4,3,4,6,3
1,DeathDescription.LIFETOTAL,11,33.384084701538086,5,2,5,6,4,3
0,DeathDescription.LIFETOTAL,12,35.032033920288086,6,5,2,6,5,2
0,DeathDescription.LIFETOTAL,10,26.804685592651367,4,5,3,5,3,4
1,DeathDescription.LIFETOTAL,11,35.944461822509766,6,3,3,6,6,1
0,DeathDescription.LIFETOTAL,10,22.597312927246094,4,5,3,5,4,3
0,DeathDescription.LIFETOTAL,10,39.12973403930664,6,6,0,5,4,3
0,DeathDescription.LIFETOTAL,12,28.844833374023438,5,4,4,6,3,4
1,DeathDescription.LIFETOTAL,11,26.174068450927734,5,6,1,3,5,5
1,DeathDescription.LIFETOTAL,11,24.819374084472656,6,5,1,6,5,2
0,DeathDescription.LIFETOTAL,10,27.007102966308594,4,5,3,5,2,5
0,DeathDescription.LIFETOTAL,10,38.930416107177734,5,5,2,4,5,3
0,DeathDescription.LIFETOTAL,10,37.5211238861084,6,5,1,5,3,4
0,DeathDescription.LIFETOTAL,10,22.499561309814453,4,5,3,5,5,2
1,DeathDescription.LIFETOTAL,11,23.373842239379883,4,4,4,4,5,4
1,DeathDescription.LIFETOTAL,11,42.0224666595459,5,5,2,6,4,3
0,DeathDescription.LIFETOTAL,10,38.86723518371582,6,4,2,5,2,5
1,DeathDescription.LIFETOTAL,13,31.580686569213867,6,5,2,5,5,4
1,DeathDescription.LIFETOTAL,11,23.13828468322754,6,4,2,6,5,2
0,DeathDescription.LIFETOTAL,10,36.316633224487305,6,6,0,4,2,6
1,DeathDescription.LIFETOTAL,11,34.49583053588867,4,2,5,4,4,5
0,DeathDescription.LIFETOTAL,12,31.093358993530273,4,5,4,6,5,2
0,DeathDescription.LIFETOTAL,10,39.60752487182617,5,5,2,5,4,3
0,DeathDescription.LIFETOTAL,10,35.62307357788086,4,4,4,5,4,3
1,DeathDescription.LIFETOTAL,11,44.661521911621094,5,2,5,6,6,1
1,DeathDescription.LIFETOTAL,11,28.892040252685547,5,4,3,5,5,3
0,DeathDescription.LIFETOTAL,10,23.179054260253906,6,4,2,5,4,3
1,DeathDescription.LIFETOTAL,11,32.66191482543945,5,1,6,6,5,2
0,DeathDescription.LIFETOTAL,12,25.59518814086914,4,5,4,4,3,5
0,DeathDescription.LIFETOTAL,10,33.6000919342041,6,5,1,5,3,4
0,DeathDescription.LIFETOTAL,10,27.961015701293945,5,4,3,5,4,3
1,DeathDescription.LIFETOTAL,11,39.176225662231445,3,0,7,6,3,4
1,DeathDescription.LIFETOTAL,11,24.501323699951172,6,4,2,4,5,4
1,DeathDescription.LIFETOTAL,11,29.764413833618164,6,2,4,5,6,2
0,DeathDescription.LIFETOTAL,10,22.423982620239258,5,5,2,5,3,4
1,DeathDescription.LIFETOTAL,13,53.214311599731445,4,3,5,5,5,4
1,DeathDescription.LIFETOTAL,11,25.483131408691406,4,4,4,6,6,1
1,DeathDescription.LIFETOTAL,11,31.139135360717773,4,5,3,5,5,3
0,DeathDescription.LIFETOTAL,14,26.810407638549805,6,6,2,4,0,7
0,DeathDescription.LIFETOTAL,10,53.99942398071289,5,5,2,4,4,4
0,DeathDescription.LIFETOTAL,10,46.0362434387207,6,4,2,5,4,3
0,DeathDescription.LIFETOTAL,10,24.127960205078125,5,5,2,5,3,4
0,DeathDescription.LIFETOTAL,10,28.788089752197266,5,6,1,5,3,4
0,DeathDescription.LIFETOTAL,10,61.52963638305664,6,5,1,5,2,5
0,DeathDescription.LIFETOTAL,14,50.30202865600586,5,6,2,7,5,2
0,DeathDescription.LIFETOTAL,10,24.741172790527344,6,5,1,3,3,6
1,DeathDescription.LIFETOTAL,11,46.3409423828125,5,5,2,4,5,4
1,DeathDescription.LIFETOTAL,11,31.789302825927734,4,4,4,6,4,3
0,DeathDescription.LIFETOTAL,10,47.19424247741699,6,5,1,5,3,4
0,DeathDescription.LIFETOTAL,12,55.33266067504883,6,7,0,6,4,3
0,DeathDescription.LIFETOTAL,10,44.213294982910156,4,5,3,4,2,6
1,DeathDescription.LIFETOTAL,13,49.24297332763672,7,4,2,7,5,2
1,DeathDescription.LIFETOTAL,11,38.4213924407959,6,4,2,5,5,3
1,DeathDescription.LIFETOTAL,11,36.73815727233887,5,5,2,4,6,3
1,DeathDescription.LIFETOTAL,11,21.906375885009766,5,3,4,4,5,4
1,DeathDescription.LIFETOTAL,11,29.33955192565918,5,5,2,4,5,4
0,DeathDescription.LIFETOTAL,10,35.06970405578613,6,6,0,3,4,5
0,DeathDescription.LIFETOTAL,10,42.33121871948242,6,5,1,3,1,6
1,DeathDescription.LIFETOTAL,11,29.91938591003418,6,3,3,4,5,4
0,DeathDescription.LIFETOTAL,12,37.262678146362305,4,6,3,6,5,2
0,DeathDescription.LIFETOTAL,12,49.494266510009766,7,3,3,5,4,4
1,DeathDescription.LIFETOTAL,11,28.128385543823242,4,2,5,4,5,4
0,DeathDescription.LIFETOTAL,10,48.70319366455078,5,5,2,5,4,3
1,DeathDescription.LIFETOTAL,11,28.39517593383789,3,0,7,5,5,3
1,DeathDescription.LIFETOTAL,11,39.827823638916016,6,1,5,6,6,1
0,DeathDescription.LIFETOTAL,10,50.6742000579834,6,6,0,5,1,6
0,DeathDescription.LIFETOTAL,12,25.404691696166992,4,6,3,6,3,4
1,DeathDescription.LIFETOTAL,11,35.42733192443848,4,5,3,4,5,4
0,DeathDescription.LIFETOTAL,12,54.59785461425781,6,6,1,6,6,1
1,DeathDescription.LIFETOTAL,11,33.25772285461426,6,5,1,6,6,1
0,DeathDescription.LIFETOTAL,12,35.90512275695801,6,5,2,6,4,3
0,DeathDescription.LIFETOTAL,12,47.008514404296875,4,4,5,4,2,6
1,DeathDescription.LIFETOTAL,11,39.42108154296875,4,4,4,5,5,3
1,DeathDescription.LIFETOTAL,11,100.73161125183105,5,4,3,3,5,5
1,DeathDescription.LIFETOTAL,11,38.61880302429199,5,4,3,6,5,2
0,DeathDescription.LIFETOTAL,12,31.798124313354492,7,5,1,5,5,3
0,DeathDescription.LIFETOTAL,10,35.0191593170166,6,5,1,4,2,6
0,DeathDescription.LIFETOTAL,10,36.27943992614746,6,5,1,3,0,7
0,DeathDescription.LIFETOTAL,10,29.82783317565918,5,5,2,4,3,5
1,DeathDescription.LIFETOTAL,13,40.723562240600586,4,2,6,6,6,2
0,DeathDescription.LIFETOTAL,12,40.4660701751709,6,6,1,5,0,7
1,DeathDescription.LIFETOTAL,11,24.423837661743164,6,4,2,6,5,2
1,DeathDescription.LIFETOTAL,11,33.30087661743164,6,2,4,5,5,3
1,DeathDescription.LIFETOTAL,11,29.44040298461914,6,4,2,5,5,3
0,DeathDescription.LIFETOTAL,12,45.382022857666016,6,6,1,4,5,4
0,DeathDescription.LIFETOTAL,10,35.639047622680664,4,5,3,5,4,3
0,DeathDescription.LIFETOTAL,10,33.32161903381348,6,5,1,5,1,6
0,DeathDescription.LIFETOTAL,10,30.08246421813965,6,4,2,5,3,4
1,DeathDescription.LIFETOTAL,11,29.141664505004883,4,4,4,6,5,2
0,DeathDescription.LIFETOTAL,10,34.12055969238281,6,5,1,5,4,3
0,DeathDescription.LIFETOTAL,10,23.480892181396484,5,5,2,5,2,5
1,DeathDescription.LIFETOTAL,11,41.5339469909668,6,4,2,5,4,4
0,DeathDescription.LIFETOTAL,12,33.19525718688965,5,5,3,6,5,2
0,DeathDescription.LIFETOTAL,10,27.523279190063477,5,5,2,5,3,4
0,DeathDescription.LIFETOTAL,10,53.77769470214844,3,5,4,5,4,3
0,DeathDescription.LIFETOTAL,10,59.44323539733887,4,5,3,5,3,4
0,DeathDescription.LIFETOTAL,12,23.402690887451172,7,6,0,3,0,7
0,DeathDescription.LIFETOTAL,10,35.3696346282959,6,4,2,5,4,3
1,DeathDescription.LIFETOTAL,11,24.405241012573242,6,6,0,6,6,1
0,DeathDescription.LIFETOTAL,12,25.268077850341797,6,6,1,6,4,3
1,DeathDescription.LIFETOTAL,11,45.43614387512207,6,5,1,6,5,2
0,DeathDescription.LIFETOTAL,10,49.68547821044922,5,6,1,3,4,5
0,DeathDescription.LIFETOTAL,12,25.156497955322266,7,3,3,1,0,7
0,DeathDescription.LIFETOTAL,10,33.753156661987305,6,5,1,2,0,7
1,DeathDescription.LIFETOTAL,11,42.1140193939209,6,4,2,6,5,2
0,DeathDescription.LIFETOTAL,10,24.704456329345703,6,6,0,3,2,6
1,DeathDescription.LIFETOTAL,11,24.622678756713867,6,3,3,5,4,4
0,DeathDescription.LIFETOTAL,12,25.579214096069336,7,5,1,4,5,4
0,DeathDescription.LIFETOTAL,10,36.33594512939453,6,6,0,5,2,5
1,DeathDescription.LIFETOTAL,11,35.93015670776367,5,4,3,6,5,2
0,DeathDescription.LIFETOTAL,12,27.420997619628906,7,6,0,6,4,3
0,DeathDescription.LIFETOTAL,10,22.1710205078125,6,6,0,4,3,5
0,DeathDescription.LIFETOTAL,10,46.23150825500488,5,6,1,3,4,5
0,DeathDescription.LIFETOTAL,12,29.649734497070312,6,6,1,1,0,7
0,DeathDescription.LIFETOTAL,12,30.821561813354492,7,6,0,6,3,4
0,DeathDescription.LIFETOTAL,10,43.26128959655762,6,4,2,4,4,4
0,DeathDescription.LIFETOTAL,10,37.39762306213379,6,5,1,5,4,3
1,DeathDescription.LIFETOTAL,13,25.460243225097656,3,0,7,5,6,3
0,DeathDescription.LIFETOTAL,10,23.181676864624023,6,6,0,3,4,5
1,DeathDescription.LIFETOTAL,13,36.948442459106445,5,5,3,4,5,5
0,DeathDescription.LIFETOTAL,10,24.744749069213867,6,4,2,5,3,4
0,DeathDescription.LIFETOTAL,10,37.95790672302246,6,5,1,5,4,3
1,DeathDescription.LIFETOTAL,11,44.141530990600586,4,4,4,5,5,3
0,DeathDescription.LIFETOTAL,10,23.600101470947266,5,5,2,5,3,4
1,DeathDescription.LIFETOTAL,11,34.184932708740234,6,4,2,5,5,3
0,DeathDescription.LIFETOTAL,14,33.60104560852051,8,5,1,4,1,6
0,DeathDescription.LIFETOTAL,10,27.630329132080078,5,5,2,5,3,4
1,DeathDescription.LIFETOTAL,11,24.27053451538086,3,1,6,6,4,3
0,DeathDescription.LIFETOTAL,10,45.95470428466797,5,6,1,5,4,3
1,DeathDescription.LIFETOTAL,11,34.32822227478027,4,0,7,4,5,4
0,DeathDescription.LIFETOTAL,10,20.75791358947754,5,5,2,5,3,4
1,DeathDescription.LIFETOTAL,11,22.27306365966797,5,5,2,6,5,2
1,DeathDescription.LIFETOTAL,11,40.90619087219238,4,2,6,6,5,2
1,DeathDescription.LIFETOTAL,11,40.343523025512695,6,3,3,5,5,3
1,DeathDescription.LIFETOTAL,11,34.37399864196777,6,4,2,4,5,4
0,DeathDescription.LIFETOTAL,10,33.453941345214844,6,5,1,5,3,4
1,DeathDescription.LIFETOTAL,11,37.261009216308594,5,5,2,6,5,2
0,DeathDescription.LIFETOTAL,10,28.18131446838379,3,5,4,4,0,7
0,DeathDescription.LIFETOTAL,10,33.011436462402344,6,3,3,5,5,2
0,DeathDescription.LIFETOTAL,10,27.361392974853516,6,4,2,4,3,5
0,DeathDescription.LIFETOTAL,10,29.64639663696289,5,5,2,5,1,6
0,DeathDescription.LIFETOTAL,10,24.62005615234375,6,5,1,5,1,6
0,DeathDescription.LIFETOTAL,12,27.23526954650879,7,5,1,6,5,2
0,DeathDescription.LIFETOTAL,10,24.23691749572754,6,5,1,4,0,7
1,DeathDescription.LIFETOTAL,13,33.910274505615234,3,0,7,4,5,5
1,DeathDescription.LIFETOTAL,11,41.48268699645996,3,0,7,6,5,2
0,DeathDescription.LIFETOTAL,10,42.559146881103516,5,5,2,5,3,4
0,DeathDescription.LIFETOTAL,10,25.00295639038086,5,5,2,5,4,3
1,DeathDescription.LIFETOTAL,11,31.544208526611328,3,0,7,6,5,2
0,DeathDescription.LIFETOTAL,10,29.354572296142578,6,5,1,5,1,6
1,DeathDescription.LIFETOTAL,11,23.941755294799805,6,5,1,6,5,2
0,DeathDescription.LIFETOTAL,12,40.300607681274414,6,6,1,6,4,3
0,DeathDescription.LIFETOTAL,10,31.52775764465332,5,4,3,5,2,5
1,DeathDescription.LIFETOTAL,13,30.63178062438965,5,3,5,5,5,4
0,DeathDescription.LIFETOTAL,10,24.956226348876953,4,5,3,3,0,7
1,DeathDescription.LIFETOTAL,11,34.236907958984375,6,4,2,5,5,3
0,DeathDescription.LIFETOTAL,10,35.199880599975586,4,5,3,5,3,4
0,DeathDescription.LIFETOTAL,10,29.727458953857422,6,4,2,5,4,3
0,DeathDescription.LIFETOTAL,10,39.50238227844238,5,6,1,5,4,3
0,DeathDescription.LIFETOTAL,12,25.56443214416504,6,6,1,6,1,6
0,DeathDescription.LIFETOTAL,10,44.088125228881836,6,4,2,5,3,4
0,DeathDescription.LIFETOTAL,12,41.013479232788086,5,5,3,6,4,3
1,DeathDescription.LIFETOTAL,11,32.11402893066406,2,0,7,6,6,1
0,DeathDescription.LIFETOTAL,12,45.502662658691406,7,5,1,6,3,4
1,DeathDescription.LIFETOTAL,13,53.475379943847656,7,2,4,5,5,4
0,DeathDescription.LIFETOTAL,10,23.474931716918945,6,5,1,5,4,3
0,DeathDescription.LIFETOTAL,10,33.95891189575195,5,5,2,5,3,4
0,DeathDescription.LIFETOTAL,10,30.226945877075195,3,5,4,4,3,5
0,DeathDescription.LIFETOTAL,10,24.460315704345703,4,5,3,5,2,5
0,DeathDescription.LIFETOTAL,10,38.361310958862305,6,4,2,5,4,3
1,DeathDescription.LIFETOTAL,11,34.22951698303223,5,5,2,6,5,2
1,DeathDescription.LIFETOTAL,11,37.038326263427734,5,4,3,6,5,2
1,DeathDescription.LIFETOTAL,11,24.914264678955078,3,3,6,6,5,2
1,DeathDescription.LIFETOTAL,13,26.180267333984375,7,3,3,7,6,1
0,DeathDescription.LIFETOTAL,10,32.98044204711914,3,5,4,5,4,3
0,DeathDescription.LIFETOTAL,12,32.022714614868164,3,4,6,5,4,4
0,DeathDescription.LIFETOTAL,20,42.57059097290039,7,6,2,3,0,7
0,DeathDescription.LIFETOTAL,10,21.859169006347656,3,5,4,5,4,3
1,DeathDescription.LIFETOTAL,11,25.922775268554688,6,3,3,5,6,2
0,DeathDescription.LIFETOTAL,12,33.614397048950195,7,5,1,6,4,3
1,DeathDescription.LIFETOTAL,11,40.31181335449219,6,4,2,4,5,4
1,DeathDescription.LIFETOTAL,11,45.94922065734863,5,4,3,6,6,1
0,DeathDescription.LIFETOTAL,10,23.177146911621094,6,4,2,5,4,3
1,DeathDescription.LIFETOTAL,13,25.19679069519043,5,4,4,4,5,4
0,DeathDescription.LIFETOTAL,12,46.26011848449707,4,5,4,6,5,2
0,DeathDescription.LIFETOTAL,10,30.605792999267578,3,4,5,5,1,6
1,DeathDescription.LIFETOTAL,15,38.65694999694824,6,3,4,7,6,2
1,DeathDescription.LIFETOTAL,11,32.59754180908203,3,3,6,6,5,2
1,DeathDescription.LIFETOTAL,11,28.055667877197266,6,3,3,6,6,1
0,DeathDescription.LIFETOTAL,10,26.319503784179688,6,5,1,5,4,3
1,DeathDescription.LIFETOTAL,15,33.03694725036621,4,4,6,5,7,3
0,DeathDescription.LIFETOTAL,10,35.253047943115234,6,4,2,5,3,4
0,DeathDescription.LIFETOTAL,12,36.14974021911621,6,6,1,6,4,3
0,DeathDescription.LIFETOTAL,10,28.849124908447266,6,5,1,5,4,3
0,DeathDescription.LIFETOTAL,10,49.433231353759766,5,5,2,3,1,6
0,DeathDescription.LIFETOTAL,10,40.14873504638672,3,4,5,5,4,3
0,DeathDescription.LIFETOTAL,10,25.33435821533203,6,5,1,5,4,3
0,DeathDescription.LIFETOTAL,10,25.97188949584961,4,5,3,3,4,5
0,DeathDescription.LIFETOTAL,12,36.56172752380371,7,3,3,6,2,5
0,DeathDescription.LIFETOTAL,10,39.94154930114746,5,4,3,4,4,4
0,DeathDescription.LIFETOTAL,12,37.24217414855957,6,6,1,5,5,3
0,DeathDescription.LIFETOTAL,10,32.07731246948242,3,5,4,5,2,5
0,DeathDescription.LIFETOTAL,12,41.0771369934082,5,5,3,6,5,2
0,DeathDescription.LIFETOTAL,12,48.99477958679199,7,6,0,6,3,4
0,DeathDescription.LIFETOTAL,10,22.723913192749023,4,4,4,3,0,7
0,DeathDescription.LIFETOTAL,10,22.57084846496582,5,5,2,5,4,3
0,DeathDescription.LIFETOTAL,10,29.363393783569336,6,4,2,5,3,4
1,DeathDescription.LIFETOTAL,11,45.696258544921875,5,3,4,6,5,2
1,DeathDescription.LIFETOTAL,11,33.70499610900879,3,1,6,4,5,4
0,DeathDescription.LIFETOTAL,10,38.224220275878906,5,5,2,5,2,5
0,DeathDescription.LIFETOTAL,10,34.20686721801758,6,3,3,5,4,3
0,DeathDescription.LIFETOTAL,10,39.603471755981445,5,5,2,4,3,5
1,DeathDescription.LIFETOTAL,11,24.603843688964844,6,3,3,6,5,2
0,DeathDescription.LIFETOTAL,12,25.419235229492188,7,5,1,6,3,4
0,DeathDescription.LIFETOTAL,10,40.64035415649414,6,5,1,5,3,4
0,DeathDescription.LIFETOTAL,12,25.831937789916992,7,5,1,6,5,2
0,DeathDescription.LIFETOTAL,10,23.046255111694336,6,4,2,5,4,3
1,DeathDescription.LIFETOTAL,11,23.823022842407227,4,0,7,6,5,2
0,DeathDescription.LIFETOTAL,10,24.791717529296875,6,5,1,5,3,4
0,DeathDescription.LIFETOTAL,10,23.10657501220703,3,5,4,4,4,4
0,DeathDescription.LIFETOTAL,12,30.51471710205078,7,5,1,5,2,6
0,DeathDescription.LIFETOTAL,10,23.14925193786621,3,5,4,4,4,4
0,DeathDescription.LIFETOTAL,10,31.200647354125977,6,4,2,5,4,3
1,DeathDescription.LIFETOTAL,15,29.062747955322266,4,4,4,5,4,6
1,DeathDescription.LIFETOTAL,11,46.483516693115234,5,4,3,5,5,3
1,DeathDescription.LIFETOTAL,13,37.90998458862305,7,3,3,6,5,3
0,DeathDescription.LIFETOTAL,10,23.25725555419922,6,3,3,4,4,4
0,DeathDescription.LIFETOTAL,10,23.534297943115234,4,5,3,5,5,2
1,DeathDescription.LIFETOTAL,11,29.16431427001953,4,5,3,6,3,4
0,DeathDescription.LIFETOTAL,10,34.09314155578613,4,6,2,5,3,4
0,DeathDescription.LIFETOTAL,12,32.123565673828125,7,5,1,3,4,6
0,DeathDescription.LIFETOTAL,10,33.76054763793945,6,5,1,5,4,3
0,DeathDescription.LIFETOTAL,12,41.11957550048828,6,6,1,6,4,3
0,DeathDescription.LIFETOTAL,10,23.731231689453125,6,4,2,5,4,3
0,DeathDescription.LIFETOTAL,10,41.82863235473633,6,5,1,5,4,3
1,DeathDescription.LIFETOTAL,11,25.51579475402832,5,4,3,6,4,3
0,DeathDescription.LIFETOTAL,12,44.67201232910156,6,5,2,6,5,2
0,DeathDescription.LIFETOTAL,10,24.011850357055664,5,5,2,4,4,4
1,DeathDescription.LIFETOTAL,13,41.42880439758301,3,3,5,6,6,2
0,DeathDescription.LIFETOTAL,12,27.837514877319336,5,4,4,6,3,4
1,DeathDescription.LIFETOTAL,11,32.335519790649414,2,0,7,6,4,3
0,DeathDescription.LIFETOTAL,12,31.90159797668457,6,5,2,6,5,2
1,DeathDescription.LIFETOTAL,11,35.89987754821777,5,5,2,6,4,3
1,DeathDescription.LIFETOTAL,11,30.72190284729004,4,2,5,6,5,2
1,DeathDescription.LIFETOTAL,11,35.13908386230469,6,5,1,6,4,3
1,DeathDescription.LIFETOTAL,11,28.249263763427734,2,0,7,3,5,5
0,DeathDescription.LIFETOTAL,10,47.25050926208496,5,7,0,5,4,3
1,DeathDescription.LIFETOTAL,11,29.646635055541992,6,4,2,5,5,3
0,DeathDescription.LIFETOTAL,10,27.05526351928711,5,4,3,5,3,4
1,DeathDescription.LIFETOTAL,11,28.26404571533203,4,5,3,6,5,2
0,DeathDescription.LIFETOTAL,10,41.48244857788086,6,5,1,5,4,3
0,DeathDescription.LIFETOTAL,12,35.84623336791992,5,5,3,4,5,4
0,DeathDescription.LIFETOTAL,10,22.415876388549805,5,5,2,4,4,4
0,DeathDescription.LIFETOTAL,10,38.98358345031738,6,5,1,5,5,2
1,DeathDescription.LIFETOTAL,11,39.80445861816406,3,0,7,6,6,1
1,DeathDescription.LIFETOTAL,11,25.635480880737305,6,5,1,5,5,3
0,DeathDescription.LIFETOTAL,10,43.628692626953125,5,5,2,5,3,4
0,DeathDescription.LIFETOTAL,10,32.09090232849121,6,5,1,5,3,4
0,DeathDescription.LIFETOTAL,10,34.69657897949219,6,5,1,5,0,7
1,DeathDescription.LIFETOTAL,11,55.37056922912598,6,3,3,4,6,3
1,DeathDescription.LIFETOTAL,11,33.84757041931152,6,3,3,6,5,2
0,DeathDescription.LIFETOTAL,12,41.03732109069824,5,6,2,6,5,2
0,DeathDescription.LIFETOTAL,10,39.85857963562012,6,5,1,5,4,3
1,DeathDescription.LIFETOTAL,11,49.32761192321777,6,3,3,5,5,3
0,DeathDescription.LIFETOTAL,10,25.34770965576172,4,5,3,5,3,4
0,DeathDescription.LIFETOTAL,12,51.55181884765625,7,6,0,5,5,3
0,DeathDescription.LIFETOTAL,10,23.54145050048828,6,6,0,5,4,3
0,DeathDescription.LIFETOTAL,10,30.511140823364258,5,6,1,5,2,5
1,DeathDescription.LIFETOTAL,13,28.171777725219727,6,4,3,4,5,5
1,DeathDescription.LIFETOTAL,11,32.93943405151367,5,4,3,4,5,4
1,DeathDescription.LIFETOTAL,11,42.79685020446777,6,4,2,6,5,2
0,DeathDescription.LIFETOTAL,10,36.22794151306152,6,5,1,4,4,4
1,DeathDescription.LIFETOTAL,11,31.489849090576172,6,3,3,6,4,3
0,DeathDescription.LIFETOTAL,10,22.481203079223633,4,5,3,5,3,4
0,DeathDescription.LIFETOTAL,10,23.545026779174805,6,6,0,5,4,3
0,DeathDescription.LIFETOTAL,10,31.830549240112305,4,5,3,5,4,3
0,DeathDescription.LIFETOTAL,10,40.91978073120117,5,5,2,5,3,4
0,DeathDescription.LIFETOTAL,10,35.09116172790527,6,6,0,5,4,3
0,DeathDescription.LIFETOTAL,10,23.85997772216797,4,5,3,4,4,4
1,DeathDescription.LIFETOTAL,15,53.54642868041992,8,3,3,5,7,2
0,DeathDescription.LIFETOTAL,10,28.502702713012695,6,5,1,3,4,5
0,DeathDescription.LIFETOTAL,12,29.551982879638672,4,6,3,6,4,3
1,DeathDescription.LIFETOTAL,13,28.240442276000977,3,4,6,7,4,3
0,DeathDescription.LIFETOTAL,10,55.8774471282959,4,5,3,5,3,4
1,DeathDescription.LIFETOTAL,11,40.407419204711914,4,4,4,6,6,1
1,DeathDescription.LIFETOTAL,11,23.62823486328125,6,4,2,4,5,4
1,DeathDescription.LIFETOTAL,13,32.90677070617676,3,4,6,7,6,1
0,DeathDescription.LIFETOTAL,10,39.220571517944336,6,4,2,5,4,3
0,DeathDescription.LIFETOTAL,10,38.501739501953125,5,4,3,5,4,3
0,DeathDescription.LIFETOTAL,10,35.2323055267334,4,5,3,5,3,4
1,DeathDescription.LIFETOTAL,11,25.07925033569336,5,5,2,6,5,2
1,DeathDescription.LIFETOTAL,11,33.63442420959473,6,4,2,5,5,3
1,DeathDescription.LIFETOTAL,11,39.25943374633789,5,2,5,6,7,0
0,DeathDescription.LIFETOTAL,12,47.032833099365234,5,6,2,6,3,4
0,DeathDescription.LIFETOTAL,12,34.12365913391113,7,5,1,5,4,4
0,DeathDescription.LIFETOTAL,10,22.758007049560547,4,5,3,4,4,4
0,DeathDescription.LIFETOTAL,12,37.153005599975586,4,5,4,6,3,4
1,DeathDescription.LIFETOTAL,11,34.31272506713867,5,4,3,4,5,4
0,DeathDescription.LIFETOTAL,10,24.474143981933594,6,4,2,5,2,5
0,DeathDescription.LIFETOTAL,12,24.524211883544922,6,6,1,5,4,4
0,DeathDescription.LIFETOTAL,10,24.86252784729004,6,6,0,4,2,6
1,DeathDescription.LIFETOTAL,11,29.88147735595703,5,2,5,5,4,4
1,DeathDescription.LIFETOTAL,11,34.403085708618164,5,3,4,6,4,3
1,DeathDescription.LIFETOTAL,11,35.08353233337402,6,3,3,3,5,5
0,DeathDescription.LIFETOTAL,12,29.900789260864258,6,6,1,6,3,4
0,DeathDescription.LIFETOTAL,10,38.67626190185547,5,5,2,5,4,3
0,DeathDescription.LIFETOTAL,12,29.414892196655273,7,4,2,5,5,3
0,DeathDescription.LIFETOTAL,12,35.60519218444824,3,5,5,6,4,3
0,DeathDescription.LIFETOTAL,10,28.32818031311035,6,5,1,5,4,3
0,DeathDescription.LIFETOTAL,12,25.81310272216797,7,5,1,5,4,4
1,DeathDescription.LIFETOTAL,11,34.85536575317383,6,4,2,5,6,2
1,DeathDescription.LIFETOTAL,11,42.07921028137207,6,4,2,6,4,3
1,DeathDescription.LIFETOTAL,11,38.372039794921875,6,5,1,6,5,2
0,DeathDescription.LIFETOTAL,12,38.3298397064209,4,5,4,5,4,4
0,DeathDescription.LIFETOTAL,10,27.90689468383789,6,5,1,5,3,4
0,DeathDescription.LIFETOTAL,10,34.371137619018555,6,5,1,4,4,4
0,DeathDescription.LIFETOTAL,10,29.334545135498047,5,4,3,4,3,5
0,DeathDescription.LIFETOTAL,10,39.183616638183594,6,5,1,4,4,4
1,DeathDescription.LIFETOTAL,11,29.34575080871582,4,4,4,6,5,2
0,DeathDescription.LIFETOTAL,10,28.115510940551758,4,5,3,5,4,3
1,DeathDescription.LIFETOTAL,13,30.46727180480957,2,0,7,6,5,3
1,DeathDescription.LIFETOTAL,11,25.532007217407227,5,4,3,6,5,2
0,DeathDescription.LIFETOTAL,10,43.05696487426758,3,5,4,5,4,3
1,DeathDescription.LIFETOTAL,13,24.423599243164062,7,4,2,4,4,5
1,DeathDescription.LIFETOTAL,11,35.94326972961426,6,3,3,6,5,2
0,DeathDescription.LIFETOTAL,10,28.662443161010742,6,4,2,4,5,3
0,DeathDescription.LIFETOTAL,12,57.24072456359863,5,6,2,6,3,4
0,DeathDescription.LIFETOTAL,10,23.328781127929688,6,4,2,4,4,4
1,DeathDescription.LIFETOTAL,11,42.249202728271484,6,3,3,4,5,4
1,DeathDescription.LIFETOTAL,11,33.63299369812012,4,4,4,6,3,4
1,DeathDescription.LIFETOTAL,11,23.000478744506836,3,0,7,5,5,3
0,DeathDescription.LIFETOTAL,12,24.24764633178711,5,5,3,5,4,4
0,DeathDescription.LIFETOTAL,12,37.40978240966797,6,6,1,5,4,4
1,DeathDescription.LIFETOTAL,13,41.626930236816406,5,3,4,6,6,2
0,DeathDescription.LIFETOTAL,10,39.342403411865234,6,5,1,4,3,5
0,DeathDescription.LIFETOTAL,12,36.83757781982422,7,4,2,4,4,5
0,DeathDescription.LIFETOTAL,12,35.006046295166016,5,6,2,6,4,3
0,DeathDescription.LIFETOTAL,12,31.62384033203125,6,5,2,6,5,2
1,DeathDescription.LIFETOTAL,13,26.79753303527832,4,1,6,6,7,1
0,DeathDescription.LIFETOTAL,12,25.3140926361084,4,5,4,6,7,0
1,DeathDescription.LIFETOTAL,13,40.24457931518555,5,0,7,7,6,1
1,DeathDescription.LIFETOTAL,13,34.12890434265137,6,5,2,4,5,5
0,DeathDescription.LIFETOTAL,10,25.12335777282715,4,5,3,5,4,3
0,DeathDescription.LIFETOTAL,10,34.94548797607422,6,5,1,5,3,4
0,DeathDescription.LIFETOTAL,10,29.535770416259766,5,5,2,5,3,4
0,DeathDescription.LIFETOTAL,12,50.08125305175781,7,5,1,5,4,4
0,DeathDescription.LIFETOTAL,10,23.883819580078125,3,5,4,3,0,7
1,DeathDescription.LIFETOTAL,11,34.964799880981445,5,5,2,6,5,2
0,DeathDescription.LIFETOTAL,12,44.713735580444336,7,4,2,4,4,5
1,DeathDescription.LIFETOTAL,11,26.595354080200195,5,4,3,6,6,1
1,DeathDescription.LIFETOTAL,11,26.406049728393555,5,4,3,6,4,3
0,DeathDescription.LIFETOTAL,12,57.04021453857422,5,5,3,6,5,2
1,DeathDescription.LIFETOTAL,11,42.54293441772461,6,4,2,6,5,2
1,DeathDescription.LIFETOTAL,15,51.790714263916016,3,4,6,4,5,4
0,DeathDescription.LIFETOTAL,12,23.085832595825195,3,4,6,3,0,7
0,DeathDescription.LIFETOTAL,10,30.05838394165039,5,6,1,2,0,7
1,DeathDescription.LIFETOTAL,13,42.458534240722656,7,4,2,6,5,3
1,DeathDescription.LIFETOTAL,11,28.878211975097656,6,2,4,6,4,3
1,DeathDescription.LIFETOTAL,13,53.73382568359375,5,4,4,7,5,2
0,DeathDescription.LIFETOTAL,10,33.86664390563965,5,6,1,5,3,4
0,DeathDescription.LIFETOTAL,10,37.66202926635742,6,6,0,5,4,3
1,DeathDescription.LIFETOTAL,11,35.04133224487305,6,4,2,6,5,2
1,DeathDescription.LIFETOTAL,11,23.557186126708984,5,4,3,3,5,5
0,DeathDescription.LIFETOTAL,12,44.93832588195801,4,5,4,6,3,4
1,DeathDescription.LIFETOTAL,15,55.12571334838867,4,3,4,7,6,2
1,DeathDescription.LIFETOTAL,11,29.57296371459961,4,3,5,6,5,2
1,DeathDescription.LIFETOTAL,11,40.35830497741699,6,4,2,4,6,3
1,DeathDescription.LIFETOTAL,11,36.118507385253906,6,4,2,6,7,0
0,DeathDescription.LIFETOTAL,10,23.29850196838379,6,4,2,5,3,4
0,DeathDescription.LIFETOTAL,10,28.86676788330078,6,5,1,5,5,2
0,DeathDescription.LIFETOTAL,12,30.422449111938477,7,6,0,4,4,5
0,DeathDescription.LIFETOTAL,10,39.77537155151367,6,5,1,4,4,4
0,DeathDescription.LIFETOTAL,10,36.23533248901367,6,3,3,5,5,2
0,DeathDescription.LIFETOTAL,10,29.52742576599121,4,5,3,5,3,4
1,DeathDescription.LIFETOTAL,11,36.252498626708984,6,3,3,5,6,2
0,DeathDescription.LIFETOTAL,10,35.71462631225586,6,5,1,5,3,4
1,DeathDescription.LIFETOTAL,11,38.68889808654785,5,0,7,6,5,2
0,DeathDescription.LIFETOTAL,10,36.252737045288086,3,5,4,5,3,4
0,DeathDescription.LIFETOTAL,10,28.679847717285156,6,6,0,4,4,4
0,DeathDescription.LIFETOTAL,10,27.046918869018555,5,4,3,5,3,4
0,DeathDescription.LIFETOTAL,12,34.84964370727539,5,6,2,4,5,4
0,DeathDescription.LIFETOTAL,12,53.91502380371094,7,5,1,6,3,4
0,DeathDescription.LIFETOTAL,10,24.957895278930664,6,5,1,4,4,4
0,DeathDescription.LIFETOTAL,10,23.17976951599121,6,6,0,5,5,2
1,DeathDescription.LIFETOTAL,11,62.24799156188965,5,4,3,6,5,2
1,DeathDescription.LIFETOTAL,11,48.90608787536621,3,0,7,5,6,2
0,DeathDescription.LIFETOTAL,10,28.208017349243164,4,5,3,5,3,4
1,DeathDescription.LIFETOTAL,11,31.947612762451172,6,3,3,4,5,4
0,DeathDescription.LIFETOTAL,12,25.350093841552734,6,5,2,6,2,5
1,DeathDescription.LIFETOTAL,13,31.222820281982422,7,5,1,7,5,2
1,DeathDescription.LIFETOTAL,11,34.709930419921875,5,0,7,6,5,2
0,DeathDescription.LIFETOTAL,10,30.227184295654297,5,5,2,5,4,3
0,DeathDescription.LIFETOTAL,10,50.39191246032715,5,5,2,5,3,4
1,DeathDescription.LIFETOTAL,11,29.35028076171875,6,5,1,4,5,4
0,DeathDescription.LIFETOTAL,12,55.41348457336426,7,6,0,5,4,3
0,DeathDescription.LIFETOTAL,10,23.322343826293945,6,4,2,4,2,6
0,DeathDescription.LIFETOTAL,10,22.50218391418457,4,5,3,5,4,3
0,DeathDescription.LIFETOTAL,10,41.75543785095215,4,5,3,5,5,2
1,DeathDescription.LIFETOTAL,11,36.777496337890625,2,0,7,6,4,3
0,DeathDescription.LIFETOTAL,12,51.69320106506348,6,5,2,6,4,3
1,DeathDescription.LIFETOTAL,11,35.60829162597656,4,4,4,6,5,2
0,DeathDescription.LIFETOTAL,12,50.3232479095459,6,4,3,6,3,4
0,DeathDescription.LIFETOTAL,10,38.225650787353516,5,5,2,3,4,5
1,DeathDescription.LIFETOTAL,11,31.397104263305664,5,4,3,6,5,2
0,DeathDescription.LIFETOTAL,10,27.808427810668945,5,5,2,5,2,5
0,DeathDescription.LIFETOTAL,10,33.66231918334961,4,5,3,5,3,4
1,DeathDescription.LIFETOTAL,11,38.96188735961914,6,4,2,6,5,2
1,DeathDescription.LIFETOTAL,11,36.638498306274414,6,3,3,3,5,5
0,DeathDescription.LIFETOTAL,12,25.74324607849121,7,6,0,3,4,6
0,DeathDescription.LIFETOTAL,10,33.391475677490234,5,5,2,5,2,5
0,DeathDescription.LIFETOTAL,12,28.333425521850586,4,5,4,6,3,4
0,DeathDescription.LIFETOTAL,10,60.61124801635742,6,4,2,5,0,7
0,DeathDescription.LIFETOTAL,10,27.368783950805664,3,5,4,5,2,5
1,DeathDescription.LIFETOTAL,11,23.733854293823242,4,4,4,5,4,4
0,DeathDescription.LIFETOTAL,10,44.33751106262207,5,5,2,5,3,4
0,DeathDescription.LIFETOTAL,10,24.204492568969727,6,5,1,5,4,3
0,DeathDescription.LIFETOTAL,10,26.335954666137695,6,5,1,5,1,6
0,DeathDescription.LIFETOTAL,10,22.13430404663086,5,5,2,5,3,4
1,DeathDescription.LIFETOTAL,13,32.91940689086914,6,5,2,7,5,2
0,DeathDescription.LIFETOTAL,12,26.566028594970703,7,4,2,6,5,2
1,DeathDescription.LIFETOTAL,11,23.884296417236328,5,4,3,4,5,4
0,DeathDescription.LIFETOTAL,10,23.984670639038086,6,5,1,5,5,2
0,DeathDescription.LIFETOTAL,10,45.226335525512695,4,5,3,4,4,4
0,DeathDescription.LIFETOTAL,12,34.32512283325195,6,5,2,3,4,6
1,DeathDescription.LIFETOTAL,11,28.830289840698242,5,5,2,6,5,2
0,DeathDescription.LIFETOTAL,10,27.162551879882812,6,4,2,5,3,4
0,DeathDescription.LIFETOTAL,10,35.72368621826172,4,5,3,5,3,4
1,DeathDescription.LIFETOTAL,13,26.25894546508789,4,1,6,5,5,4
0,DeathDescription.LIFETOTAL,12,25.91872215270996,5,7,1,4,4,5
1,DeathDescription.LIFETOTAL,11,24.066686630249023,4,0,7,6,4,3
0,DeathDescription.LIFETOTAL,10,21.193981170654297,6,3,3,4,3,5
1,DeathDescription.LIFETOTAL,11,27.121782302856445,5,3,4,5,5,3
1,DeathDescription.LIFETOTAL,11,35.46142578125,3,4,5,6,5,2
1,DeathDescription.LIFETOTAL,11,34.38830375671387,6,4,2,5,5,3
0,DeathDescription.LIFETOTAL,12,47.125816345214844,7,5,1,6,3,4
1,DeathDescription.LIFETOTAL,11,29.443740844726562,5,4,3,5,6,2
0,DeathDescription.LIFETOTAL,10,33.24770927429199,4,5,3,5,4,3
1,DeathDescription.LIFETOTAL,11,29.158830642700195,6,2,4,5,5,3
1,DeathDescription.LIFETOTAL,11,41.701555252075195,4,0,7,6,5,2
1,DeathDescription.LIFETOTAL,13,42.61636734008789,6,5,2,7,5,2
1,DeathDescription.LIFETOTAL,11,28.22279930114746,4,0,7,4,5,4
0,DeathDescription.LIFETOTAL,10,23.439884185791016,6,6,0,5,5,2
1,DeathDescription.LIFETOTAL,11,37.36376762390137,5,5,2,6,5,2
1,DeathDescription.LIFETOTAL,13,31.73685073852539,6,4,3,6,5,3
1,DeathDescription.LIFETOTAL,11,33.50353240966797,5,4,3,6,5,2
1,DeathDescription.LIFETOTAL,11,29.213666915893555,6,4,2,4,5,4
0,DeathDescription.LIFETOTAL,10,25.906801223754883,4,5,3,5,4,3
1,DeathDescription.LIFETOTAL,13,38.00392150878906,7,4,2,5,5,4
0,DeathDescription.LIFETOTAL,22,41.27955436706543,7,5,4,8,4,4
1,DeathDescription.LIFETOTAL,11,26.538610458374023,6,4,2,5,4,4
0,DeathDescription.LIFETOTAL,10,26.133060455322266,5,5,2,5,3,4
0,DeathDescription.LIFETOTAL,10,31.35538101196289,6,5,1,4,4,4
1,DeathDescription.LIFETOTAL,13,35.96234321594238,1,0,7,7,5,2
1,DeathDescription.LIFETOTAL,11,25.53868293762207,6,5,1,6,4,3
0,DeathDescription.LIFETOTAL,10,50.293922424316406,5,5,2,4,4,4
1,DeathDescription.LIFETOTAL,11,44.39735412597656,3,3,6,6,4,3
0,DeathDescription.LIFETOTAL,12,24.204254150390625,7,5,1,6,4,3
0,DeathDescription.LIFETOTAL,10,23.17190170288086,5,5,2,5,4,3
0,DeathDescription.LIFETOTAL,12,37.78815269470215,6,4,3,6,2,5
0,DeathDescription.LIFETOTAL,10,23.336410522460938,4,5,3,2,4,6
0,DeathDescription.LIFETOTAL,10,28.731346130371094,5,5,2,5,2,5
0,DeathDescription.LIFETOTAL,10,32.95159339904785,4,5,3,3,3,6
0,DeathDescription.LIFETOTAL,10,55.51862716674805,6,4,2,4,4,4
0,DeathDescription.LIFETOTAL,10,23.473739624023438,4,5,3,5,3,4
0,DeathDescription.LIFETOTAL,12,33.154964447021484,6,5,2,3,0,7
1,DeathDescription.LIFETOTAL,11,38.46287727355957,6,1,5,5,6,2
1,DeathDescription.LIFETOTAL,11,41.3818359375,6,4,2,6,3,4
0,DeathDescription.LIFETOTAL,12,33.17594528198242,7,5,1,6,3,4
0,DeathDescription.LIFETOTAL,10,34.36899185180664,5,5,2,5,4,3
1,DeathDescription.LIFETOTAL,11,70.60098648071289,6,4,2,6,5,2
0,DeathDescription.LIFETOTAL,10,29.453039169311523,6,5,1,5,4,3
1,DeathDescription.LIFETOTAL,11,38.457393646240234,6,4,2,4,4,5
0,DeathDescription.LIFETOTAL,10,32.88722038269043,5,4,3,5,4,3
0,DeathDescription.LIFETOTAL,12,30.07650375366211,5,5,3,6,0,7
1,DeathDescription.LIFETOTAL,11,29.772281646728516,5,5,2,5,5,3
1,DeathDescription.LIFETOTAL,11,44.13628578186035,6,3,3,6,5,2
1,DeathDescription.LIFETOTAL,11,46.926259994506836,5,5,2,6,5,2
1,DeathDescription.LIFETOTAL,11,29.692649841308594,4,4,4,6,4,3
0,DeathDescription.LIFETOTAL,10,27.962207794189453,5,5,2,5,4,3
0,DeathDescription.LIFETOTAL,10,31.71563148498535,5,5,2,4,3,5
1,DeathDescription.LIFETOTAL,11,34.822702407836914,3,4,5,6,5,2
1,DeathDescription.LIFETOTAL,13,30.4715633392334,4,2,5,5,5,4
0,DeathDescription.LIFETOTAL,12,45.773983001708984,6,6,1,6,4,3
1,DeathDescription.LIFETOTAL,11,43.67494583129883,6,3,3,6,6,1
1,DeathDescription.LIFETOTAL,13,29.813051223754883,6,0,7,7,5,2
0,DeathDescription.LIFETOTAL,12,25.920629501342773,7,6,0,6,4,3
0,DeathDescription.LIFETOTAL,10,33.264875411987305,4,5,3,4,4,4
1,DeathDescription.LIFETOTAL,11,32.22990036010742,6,3,3,6,5,2
0,DeathDescription.LIFETOTAL,12,36.92054748535156,4,6,3,6,5,2
1,DeathDescription.LIFETOTAL,11,24.48296546936035,6,3,3,5,5,3
0,DeathDescription.LIFETOTAL,12,37.01925277709961,4,5,4,6,4,3
0,DeathDescription.LIFETOTAL,10,45.35198211669922,6,5,1,5,4,3
0,DeathDescription.LIFETOTAL,12,35.6752872467041,5,5,3,6,4,3
1,DeathDescription.LIFETOTAL,11,22.352933883666992,5,5,2,6,4,3
0,DeathDescription.LIFETOTAL,10,35.24351119995117,5,4,3,3,4,5
0,DeathDescription.LIFETOTAL,10,24.170398712158203,6,3,3,5,4,3
1,DeathDescription.LIFETOTAL,11,22.511720657348633,3,0,7,4,4,5
1,DeathDescription.LIFETOTAL,13,32.216548919677734,5,3,4,7,6,1
1,DeathDescription.LIFETOTAL,11,54.927825927734375,5,3,4,6,4,3
0,DeathDescription.LIFETOTAL,10,25.46858787536621,5,5,2,5,3,4
0,DeathDescription.LIFETOTAL,12,38.94186019897461,7,6,0,6,3,4
1,DeathDescription.LIFETOTAL,11,26.324033737182617,4,4,4,5,6,2
0,DeathDescription.LIFETOTAL,10,42.22989082336426,4,4,4,3,4,5
1,DeathDescription.LIFETOTAL,11,34.287452697753906,6,3,3,3,5,5
1,DeathDescription.LIFETOTAL,11,24.60479736328125,6,4,2,5,5,3
0,DeathDescription.LIFETOTAL,10,36.09418869018555,5,4,3,3,4,5
1,DeathDescription.LIFETOTAL,11,39.71576690673828,6,4,2,6,6,1
1,DeathDescription.LIFETOTAL,11,37.72616386413574,6,4,2,6,5,2
0,DeathDescription.LIFETOTAL,10,34.18374061584473,4,5,3,4,3,5
0,DeathDescription.LIFETOTAL,12,25.27642250061035,5,5,3,4,5,4
0,DeathDescription.LIFETOTAL,12,29.684782028198242,5,5,3,5,2,5
1,DeathDescription.LIFETOTAL,11,32.39321708679199,4,2,5,6,5,2
0,DeathDescription.LIFETOTAL,10,39.533138275146484,4,5,3,5,2,5
1,DeathDescription.LIFETOTAL,11,38.05708885192871,6,5,1,5,5,3
0,DeathDescription.LIFETOTAL,12,36.03363037109375,5,6,2,3,3,5
0,DeathDescription.LIFETOTAL,10,47.56593704223633,5,5,2,5,3,4
0,DeathDescription.LIFETOTAL,10,39.61372375488281,6,4,2,4,3,5
0,DeathDescription.LIFETOTAL,10,24.80936050415039,6,5,1,5,4,3
0,DeathDescription.LIFETOTAL,12,48.8123893737793,6,6,1,4,0,7
1,DeathDescription.LIFETOTAL,13,33.725738525390625,4,1,6,7,6,1
1,DeathDescription.LIFETOTAL,11,27.94790267944336,5,4,3,4,5,4
0,DeathDescription.LIFETOTAL,16,57.65843391418457,7,6,2,4,4,5
0,DeathDescription.LIFETOTAL,10,29.54411506652832,5,4,3,5,4,3
0,DeathDescription.LIFETOTAL,10,26.737451553344727,6,4,2,5,5,2
0,DeathDescription.LIFETOTAL,10,41.600704193115234,5,5,2,5,2,5
1,DeathDescription.LIFETOTAL,11,24.451255798339844,3,3,6,3,5,5
0,DeathDescription.LIFETOTAL,10,38.99240493774414,5,4,3,5,3,4
0,DeathDescription.LIFETOTAL,10,54.45742607116699,5,5,2,5,2,5
1,DeathDescription.LIFETOTAL,11,39.47281837463379,4,3,5,4,5,4
0,DeathDescription.LIFETOTAL,10,22.498130798339844,6,5,1,5,3,4
0,DeathDescription.LIFETOTAL,10,41.60308837890625,4,5,3,5,4,3
1,DeathDescription.LIFETOTAL,13,27.69327163696289,4,0,7,6,6,2
0,DeathDescription.LIFETOTAL,12,50.59480667114258,7,4,2,5,5,3
1,DeathDescription.LIFETOTAL,11,47.593116760253906,5,3,4,6,5,2
0,DeathDescription.LIFETOTAL,12,33.565521240234375,7,6,0,6,6,1
1,DeathDescription.LIFETOTAL,11,34.958839416503906,6,3,3,6,4,3
1,DeathDescription.LIFETOTAL,11,51.53679847717285,5,4,3,5,5,3
0,DeathDescription.LIFETOTAL,12,35.77399253845215,7,2,4,6,4,3
0,DeathDescription.LIFETOTAL,10,35.366058349609375,6,4,2,5,3,4
0,DeathDescription.LIFETOTAL,10,35.24065017700195,6,4,2,5,3,4
1,DeathDescription.LIFETOTAL,21,41.422367095947266,7,0,7,8,5,2
0,DeathDescription.LIFETOTAL,10,33.632755279541016,5,5,2,2,3,7
0,DeathDescription.LIFETOTAL,10,46.05388641357422,5,5,2,5,4,3
1,DeathDescription.LIFETOTAL,11,39.62969779968262,3,4,5,4,5,4
1,DeathDescription.LIFETOTAL,11,34.37185287475586,5,5,2,2,5,6
0,DeathDescription.LIFETOTAL,18,43.95651817321777,6,7,2,6,4,4
0,DeathDescription.LIFETOTAL,10,26.755571365356445,5,5,2,5,3,4
1,DeathDescription.LIFETOTAL,15,28.36465835571289,4,3,5,8,5,2
0,DeathDescription.LIFETOTAL,10,27.54974365234375,5,4,3,5,1,6
0,DeathDescription.LIFETOTAL,10,44.890403747558594,4,5,3,3,4,5
1,DeathDescription.LIFETOTAL,13,26.88765525817871,4,3,5,6,6,2
0,DeathDescription.LIFETOTAL,10,23.581743240356445,6,5,1,4,4,4
0,DeathDescription.LIFETOTAL,12,40.71760177612305,5,6,2,6,2,5
0,DeathDescription.LIFETOTAL,12,39.44063186645508,4,5,4,6,3,4
0,DeathDescription.LIFETOTAL,12,41.68963432312012,7,4,2,5,4,4
1,DeathDescription.LIFETOTAL,11,39.598941802978516,4,3,5,6,6,1
0,DeathDescription.LIFETOTAL,10,29.372215270996094,6,4,2,5,2,5
0,DeathDescription.LIFETOTAL,14,31.648635864257812,6,7,1,4,0,7
0,DeathDescription.LIFETOTAL,10,28.625011444091797,5,6,1,5,3,4
0,DeathDescription.LIFETOTAL,10,21.709442138671875,6,5,1,5,4,3
1,DeathDescription.LIFETOTAL,11,35.26759147644043,3,4,5,4,5,4
1,DeathDescription.LIFETOTAL,11,26.381969451904297,6,2,4,6,5,2
0,DeathDescription.LIFETOTAL,12,37.11271286010742,7,5,1,6,4,3
0,DeathDescription.LIFETOTAL,12,30.14969825744629,5,5,3,6,3,4
1,DeathDescription.LIFETOTAL,11,45.644283294677734,2,0,7,6,5,2
0,DeathDescription.LIFETOTAL,10,22.876977920532227,6,6,0,5,2,5
0,DeathDescription.LIFETOTAL,12,34.59453582763672,5,5,3,5,5,3
1,DeathDescription.LIFETOTAL,11,50.60982704162598,4,4,4,5,6,2
0,DeathDescription.LIFETOTAL,10,35.359859466552734,6,5,1,5,3,4
0,DeathDescription.LIFETOTAL,10,23.22244644165039,6,5,1,4,3,5
1,DeathDescription.LIFETOTAL,11,28.85890007019043,6,4,2,5,4,4
0,DeathDescription.LIFETOTAL,10,33.983469009399414,4,4,4,5,4,3
0,DeathDescription.LIFETOTAL,10,42.95706748962402,5,5,2,5,4,3
0,DeathDescription.LIFETOTAL,12,27.608871459960938,7,5,1,6,4,3
0,DeathDescription.LIFETOTAL,10,34.210205078125,6,5,1,4,4,4
1,DeathDescription.LIFETOTAL,15,27.106285095214844,4,3,4,7,5,3
0,DeathDescription.LIFETOTAL,12,33.321380615234375,7,4,2,6,4,3
0,DeathDescription.LIFETOTAL,12,42.37627983093262,6,6,1,6,4,3
0,DeathDescription.LIFETOTAL,10,37.81008720397949,5,5,2,3,2,6
0,DeathDescription.LIFETOTAL,14,36.200523376464844,8,4,2,5,1,6
1,DeathDescription.LIFETOTAL,13,48.67053031921387,4,1,6,7,6,1
0,DeathDescription.LIFETOTAL,12,35.945892333984375,6,6,1,6,4,3
0,DeathDescription.LIFETOTAL,10,28.20873260498047,5,5,2,5,3,4
0,DeathDescription.LIFETOTAL,10,39.632558822631836,5,5,2,5,4,3
0,DeathDescription.LIFETOTAL,10,27.64296531677246,6,4,2,4,3,5
0,DeathDescription.LIFETOTAL,10,33.10871124267578,5,5,2,5,4,3
0,DeathDescription.LIFETOTAL,10,34.418344497680664,6,5,1,5,1,6
0,DeathDescription.LIFETOTAL,10,39.64948654174805,6,5,1,3,3,6
0,DeathDescription.LIFETOTAL,10,23.067474365234375,5,5,2,5,4,3
0,DeathDescription.LIFETOTAL,10,36.01861000061035,6,5,1,0,0,7
0,DeathDescription.LIFETOTAL,10,34.73377227783203,6,6,0,5,4,3
0,DeathDescription.LIFETOTAL,10,38.860321044921875,6,5,1,5,4,3
0,DeathDescription.LIFETOTAL,10,21.724939346313477,4,4,4,4,4,4
0,DeathDescription.LIFETOTAL,10,32.87386894226074,5,5,2,5,4,3
0,DeathDescription.LIFETOTAL,10,44.75283622741699,6,4,2,5,3,4
0,DeathDescription.LIFETOTAL,10,22.576332092285156,5,5,2,2,0,7
1,DeathDescription.LIFETOTAL,13,31.628131866455078,6,5,2,5,6,3
0,DeathDescription.LIFETOTAL,10,27.83966064453125,5,5,2,5,4,3
0,DeathDescription.LIFETOTAL,10,39.00933265686035,5,5,2,5,4,3
1,DeathDescription.LIFETOTAL,11,44.7840690612793,6,4,2,6,5,2
0,DeathDescription.LIFETOTAL,10,28.088092803955078,6,5,1,5,4,3
0,DeathDescription.LIFETOTAL,12,25.305509567260742,5,5,3,6,3,4
1,DeathDescription.LIFETOTAL,11,55.20987510681152,3,0,7,5,5,3
1,DeathDescription.LIFETOTAL,13,35.81357002258301,4,0,7,5,6,3
0,DeathDescription.LIFETOTAL,10,23.120641708374023,6,4,2,4,3,5
0,DeathDescription.LIFETOTAL,12,42.19532012939453,7,5,1,3,0,7
0,DeathDescription.LIFETOTAL,12,25.290727615356445,7,4,2,5,4,4
0,DeathDescription.LIFETOTAL,12,31.467199325561523,7,4,2,6,5,2
0,DeathDescription.LIFETOTAL,10,44.21830177307129,5,5,2,5,4,3
1,DeathDescription.LIFETOTAL,11,37.056922912597656,5,4,3,6,5,2
0,DeathDescription.LIFETOTAL,10,53.79986763000488,5,5,2,5,3,4
0,DeathDescription.LIFETOTAL,10,48.25472831726074,6,5,1,5,4,3
1,DeathDescription.LIFETOTAL,11,38.924217224121094,5,3,4,3,5,5
0,DeathDescription.LIFETOTAL,10,34.105539321899414,6,5,1,4,4,4
1,DeathDescription.LIFETOTAL,11,53.195953369140625,3,0,7,5,4,4
1,DeathDescription.LIFETOTAL,11,30.60007095336914,6,4,2,5,6,2
0,DeathDescription.LIFETOTAL,10,33.806800842285156,6,5,1,5,4,3
0,DeathDescription.LIFETOTAL,10,44.43979263305664,6,5,1,5,4,3
0,DeathDescription.LIFETOTAL,10,35.60352325439453,4,5,3,3,4,5
0,DeathDescription.LIFETOTAL,10,33.94126892089844,4,4,4,5,4,3
0,DeathDescription.LIFETOTAL,10,27.508258819580078,6,4,2,5,0,7
1,DeathDescription.LIFETOTAL,11,28.513431549072266,6,5,1,5,5,3
0,DeathDescription.LIFETOTAL,10,35.03561019897461,6,5,1,5,0,7
0,DeathDescription.LIFETOTAL,10,23.12493324279785,6,4,2,4,0,7
0,DeathDescription.LIFETOTAL,10,22.768497467041016,6,5,1,4,4,4
0,DeathDescription.LIFETOTAL,10,20.405292510986328,5,5,2,5,2,5
0,DeathDescription.LIFETOTAL,10,30.645132064819336,6,5,1,3,0,7
1,DeathDescription.LIFETOTAL,11,41.70417785644531,5,4,3,5,5,3
0,DeathDescription.LIFETOTAL,12,32.65786170959473,6,6,1,6,3,4
0,DeathDescription.LIFETOTAL,10,33.21099281311035,5,6,1,5,2,5
0,DeathDescription.LIFETOTAL,12,42.944908142089844,5,6,2,6,4,3
0,DeathDescription.LIFETOTAL,12,52.487850189208984,7,6,0,6,4,3
0,DeathDescription.LIFETOTAL,10,33.45632553100586,6,5,1,5,4,3
0,DeathDescription.LIFETOTAL,10,37.88495063781738,4,4,4,4,0,7
0,DeathDescription.LIFETOTAL,12,29.964447021484375,7,5,1,5,2,5
0,DeathDescription.LIFETOTAL,12,25.443315505981445,4,5,4,3,0,7
0,DeathDescription.LIFETOTAL,10,38.67292404174805,6,4,2,5,4,3
0,DeathDescription.LIFETOTAL,10,33.05459022521973,6,4,2,4,4,4
0,DeathDescription.LIFETOTAL,10,40.64178466796875,6,5,1,4,2,5
0,DeathDescription.LIFETOTAL,12,27.913570404052734,7,5,1,6,3,4
0,DeathDescription.LIFETOTAL,10,32.646894454956055,5,4,3,5,2,5
0,DeathDescription.LIFETOTAL,10,30.34520149230957,6,4,2,5,3,4
0,DeathDescription.LIFETOTAL,10,36.6818904876709,5,5,2,5,4,3
1,DeathDescription.LIFETOTAL,13,47.16968536376953,6,4,3,7,4,3
0,DeathDescription.LIFETOTAL,10,48.000335693359375,5,5,2,4,3,5
1,DeathDescription.LIFETOTAL,11,33.796072006225586,3,2,5,5,5,3
0,DeathDescription.LIFETOTAL,10,43.39146614074707,6,3,3,3,2,6
1,DeathDescription.LIFETOTAL,11,36.4079475402832,6,4,2,6,5,2
0,DeathDescription.LIFETOTAL,10,23.951053619384766,4,5,3,5,3,4
1,DeathDescription.LIFETOTAL,11,34.491777420043945,3,4,5,4,6,3
1,DeathDescription.LIFETOTAL,11,43.32876205444336,2,2,6,4,5,4
0,DeathDescription.LIFETOTAL,12,46.70357704162598,3,5,5,4,3,5
0,DeathDescription.LIFETOTAL,10,34.80076789855957,5,5,2,5,3,4
0,DeathDescription.LIFETOTAL,10,22.721290588378906,6,4,2,5,3,4
0,DeathDescription.LIFETOTAL,10,31.895160675048828,6,4,2,5,3,4
0,DeathDescription.LIFETOTAL,12,26.897430419921875,4,5,4,6,4,3
0,DeathDescription.LIFETOTAL,10,34.62934494018555,6,5,1,5,3,4
1,DeathDescription.LIFETOTAL,13,27.441978454589844,7,4,2,5,5,4
1,DeathDescription.LIFETOTAL,11,42.15431213378906,6,3,3,4,5,4
1,DeathDescription.LIFETOTAL,11,29.564857482910156,3,0,7,6,5,2
0,DeathDescription.LIFETOTAL,10,38.43855857849121,6,5,1,5,3,4
1,DeathDescription.LIFETOTAL,11,37.198781967163086,5,2,5,6,4,3
1,DeathDescription.LIFETOTAL,11,37.89854049682617,6,4,2,6,6,1
1,DeathDescription.LIFETOTAL,11,40.636301040649414,5,5,2,6,5,2
1,DeathDescription.LIFETOTAL,13,36.472320556640625,4,0,7,6,6,2
1,DeathDescription.LIFETOTAL,13,37.48011589050293,5,2,5,7,7,0
1,DeathDescription.LIFETOTAL,11,29.455184936523438,6,3,3,6,5,2
0,DeathDescription.LIFETOTAL,14,31.31580352783203,8,5,1,3,0,7
0,DeathDescription.LIFETOTAL,12,24.458646774291992,5,6,2,5,2,5
1,DeathDescription.LIFETOTAL,11,34.72018241882324,6,4,2,4,5,4
0,DeathDescription.LIFETOTAL,10,33.2493782043457,6,5,1,5,3,4
0,DeathDescription.LIFETOTAL,12,33.01215171813965,7,4,2,4,1,6
1,DeathDescription.LIFETOTAL,11,29.782772064208984,4,3,5,6,5,2
0,DeathDescription.LIFETOTAL,10,38.63239288330078,6,3,3,2,0,7
1,DeathDescription.LIFETOTAL,11,119.11821365356445,6,4,2,5,5,3
0,DeathDescription.LIFETOTAL,10,37.54401206970215,5,5,2,5,4,3
1,DeathDescription.LIFETOTAL,11,34.90567207336426,5,4,3,6,6,1
1,DeathDescription.LIFETOTAL,13,49.573659896850586,7,4,2,6,6,2
1,DeathDescription.LIFETOTAL,11,25.574445724487305,5,4,3,6,5,2
0,DeathDescription.LIFETOTAL,10,22.992372512817383,4,5,3,3,0,7
0,DeathDescription.LIFETOTAL,10,32.52053260803223,5,5,2,5,4,3
1,DeathDescription.LIFETOTAL,11,42.25039482116699,6,4,2,5,5,3
0,DeathDescription.LIFETOTAL,10,27.79674530029297,4,4,4,4,0,7
0,DeathDescription.LIFETOTAL,10,27.406692504882812,6,6,0,4,3,5
0,DeathDescription.LIFETOTAL,10,20.30205726623535,6,4,2,5,5,2
0,DeathDescription.LIFETOTAL,12,28.012514114379883,5,6,2,6,6,1
1,DeathDescription.LIFETOTAL,13,35.19034385681152,6,1,6,4,5,5
0,DeathDescription.LIFETOTAL,10,41.51773452758789,6,5,1,5,3,4
1,DeathDescription.LIFETOTAL,11,39.62373733520508,6,3,3,3,5,5
0,DeathDescription.LIFETOTAL,10,24.01900291442871,6,5,1,5,3,4
0,DeathDescription.LIFETOTAL,10,34.20829772949219,6,5,1,5,3,4
0,DeathDescription.LIFETOTAL,10,28.48362922668457,5,4,3,5,5,2
0,DeathDescription.LIFETOTAL,14,32.62639045715332,8,3,3,6,5,3
0,DeathDescription.LIFETOTAL,12,36.95249557495117,7,5,1,4,3,5
1,DeathDescription.LIFETOTAL,11,23.786067962646484,6,5,1,6,5,2
0,DeathDescription.LIFETOTAL,12,25.2988338470459,6,6,1,6,5,2
1,DeathDescription.LIFETOTAL,11,33.99181365966797,5,4,3,6,6,1
1,DeathDescription.LIFETOTAL,11,24.830102920532227,5,2,5,6,5,2
1,DeathDescription.LIFETOTAL,11,22.99809455871582,4,2,5,6,5,2
0,DeathDescription.LIFETOTAL,10,47.36018180847168,5,5,2,5,4,3
1,DeathDescription.LIFETOTAL,11,26.342391967773438,5,4,3,4,5,4
1,DeathDescription.LIFETOTAL,11,27.855873107910156,5,5,2,5,5,3
1,DeathDescription.LIFETOTAL,11,25.429964065551758,4,4,4,6,4,3
0,DeathDescription.LIFETOTAL,10,37.844181060791016,6,5,1,5,3,4
0,DeathDescription.LIFETOTAL,10,30.139446258544922,3,5,4,5,4,3
0,DeathDescription.LIFETOTAL,12,27.15325355529785,7,3,3,6,3,4
0,DeathDescription.LIFETOTAL,12,25.701284408569336,7,5,1,4,5,4
1,DeathDescription.LIFETOTAL,11,26.808738708496094,4,0,7,4,5,4
0,DeathDescription.LIFETOTAL,10,55.753231048583984,6,5,1,5,3,4
1,DeathDescription.LIFETOTAL,11,33.51712226867676,6,2,4,5,5,3
0,DeathDescription.LIFETOTAL,10,22.428512573242188,6,4,2,4,4,4
0,DeathDescription.LIFETOTAL,14,26.47852897644043,6,6,2,3,0,7
0,DeathDescription.LIFETOTAL,10,40.80629348754883,4,5,3,2,2,7
0,DeathDescription.LIFETOTAL,10,27.17423439025879,5,5,2,5,0,7
1,DeathDescription.LIFETOTAL,11,30.159711837768555,6,5,1,5,5,3
0,DeathDescription.LIFETOTAL,10,23.390531539916992,6,5,1,3,4,5
0,DeathDescription.LIFETOTAL,10,40.56835174560547,6,5,1,5,4,3
0,DeathDescription.LIFETOTAL,10,31.096935272216797,6,6,0,5,4,3
0,DeathDescription.LIFETOTAL,10,27.392864227294922,3,5,4,4,4,4
0,DeathDescription.LIFETOTAL,10,31.48341178894043,4,5,3,5,3,4
0,DeathDescription.LIFETOTAL,10,33.44011306762695,5,5,2,4,3,5
1,DeathDescription.LIFETOTAL,11,31.22735023498535,6,4,2,6,5,2
1,DeathDescription.LIFETOTAL,11,29.67691421508789,4,4,4,6,6,1
0,DeathDescription.LIFETOTAL,10,34.67965126037598,6,5,1,5,4,3
0,DeathDescription.LIFETOTAL,12,47.14226722717285,5,5,3,6,4,3
0,DeathDescription.LIFETOTAL,10,23.50616455078125,5,5,2,4,4,4
0,DeathDescription.LIFETOTAL,10,21.419763565063477,6,4,2,3,1,6
0,DeathDescription.LIFETOTAL,10,22.8116512298584,3,4,5,5,4,3
0,DeathDescription.LIFETOTAL,12,43.385982513427734,4,5,4,6,5,2
1,DeathDescription.LIFETOTAL,11,26.670217514038086,6,4,2,6,4,3
1,DeathDescription.LIFETOTAL,11,29.723167419433594,5,3,4,5,5,3
1,DeathDescription.LIFETOTAL,11,26.93939208984375,6,4,2,5,5,3
0,DeathDescription.LIFETOTAL,10,28.391122817993164,5,5,2,5,2,5
1,DeathDescription.LIFETOTAL,11,41.68987274169922,5,0,7,6,5,2
0,DeathDescription.LIFETOTAL,10,23.278474807739258,4,5,3,5,4,3
0,DeathDescription.LIFETOTAL,12,23.67234230041504,5,5,3,4,0,7
1,DeathDescription.LIFETOTAL,11,30.308246612548828,1,0,7,6,6,1
0,DeathDescription.LIFETOTAL,10,27.737855911254883,6,4,2,5,1,6
1,DeathDescription.LIFETOTAL,11,45.958757400512695,6,5,1,5,6,2
0,DeathDescription.LIFETOTAL,10,32.80353546142578,6,5,1,4,3,5
1,DeathDescription.LIFETOTAL,11,42.54865646362305,4,4,4,5,5,3
1,DeathDescription.LIFETOTAL,13,25.774717330932617,1,0,7,7,6,1
0,DeathDescription.LIFETOTAL,10,37.98484802246094,6,4,2,3,2,6
1,DeathDescription.LIFETOTAL,11,29.169559478759766,4,4,4,6,5,2
0,DeathDescription.LIFETOTAL,12,32.14216232299805,7,5,1,3,3,5
0,DeathDescription.LIFETOTAL,12,26.024341583251953,7,5,1,6,0,7
0,DeathDescription.LIFETOTAL,10,44.14820671081543,6,4,2,5,3,4
0,DeathDescription.LIFETOTAL,10,22.349834442138672,5,5,2,3,4,5
0,DeathDescription.LIFETOTAL,10,40.49992561340332,5,5,2,4,3,5
0,DeathDescription.LIFETOTAL,10,49.90553855895996,4,5,3,5,3,4
0,DeathDescription.LIFETOTAL,10,55.841684341430664,6,4,2,5,3,4
0,DeathDescription.LIFETOTAL,10,33.5230827331543,6,5,1,5,4,3
1,DeathDescription.LIFETOTAL,15,36.15403175354004,2,0,7,5,5,4
1,DeathDescription.LIFETOTAL,11,45.47381401062012,5,5,2,5,5,3
0,DeathDescription.LIFETOTAL,10,27.754783630371094,5,5,2,5,4,3
0,DeathDescription.LIFETOTAL,10,24.281978607177734,6,4,2,5,1,6
0,DeathDescription.LIFETOTAL,10,40.65537452697754,6,5,1,5,4,3
0,DeathDescription.LIFETOTAL,12,42.14763641357422,6,5,2,6,5,2
0,DeathDescription.LIFETOTAL,14,45.160770416259766,6,6,2,4,6,3
1,DeathDescription.LIFETOTAL,13,30.85041046142578,6,3,4,4,5,5
0,DeathDescription.LIFETOTAL,10,38.11478614807129,6,5,1,5,1,6
1,DeathDescription.LIFETOTAL,11,32.43231773376465,6,4,2,5,5,3
1,DeathDescription.LIFETOTAL,11,34.589290618896484,4,0,7,6,5,2
0,DeathDescription.LIFETOTAL,10,37.9328727722168,5,4,3,3,2,6
1,DeathDescription.LIFETOTAL,11,28.669118881225586,6,4,2,5,5,3
0,DeathDescription.LIFETOTAL,10,34.08026695251465,6,5,1,4,4,4
0,DeathDescription.LIFETOTAL,10,28.44858169555664,6,5,1,5,4,3
0,DeathDescription.LIFETOTAL,10,35.64286231994629,6,4,2,4,3,4
1,DeathDescription.LIFETOTAL,13,36.20624542236328,7,2,4,7,5,2
0,DeathDescription.LIFETOTAL,10,32.33695030212402,4,4,4,5,5,2
0,DeathDescription.LIFETOTAL,10,31.482458114624023,6,4,2,5,3,4
1,DeathDescription.LIFETOTAL,11,56.14113807678223,6,1,5,6,5,2
0,DeathDescription.LIFETOTAL,10,28.840303421020508,6,5,1,5,4,3
0,DeathDescription.LIFETOTAL,10,20.341873168945312,4,6,2,5,4,3
1,DeathDescription.LIFETOTAL,13,44.45648193359375,6,5,2,7,4,3
1,DeathDescription.LIFETOTAL,11,29.75320816040039,5,4,3,5,6,2
1,DeathDescription.LIFETOTAL,11,30.22909164428711,6,4,2,6,4,3
0,DeathDescription.LIFETOTAL,10,33.2794189453125,6,4,2,4,0,7
0,DeathDescription.LIFETOTAL,10,30.300140380859375,6,6,0,5,1,6
0,DeathDescription.LIFETOTAL,10,23.78702163696289,4,5,3,3,3,6
1,DeathDescription.LIFETOTAL,11,46.2794303894043,6,4,2,3,5,5
0,DeathDescription.LIFETOTAL,10,45.8981990814209,6,5,1,5,3,4
0,DeathDescription.LIFETOTAL,10,29.217004776000977,5,5,2,5,4,3
0,DeathDescription.LIFETOTAL,14,27.26578712463379,7,6,1,2,0,7
0,DeathDescription.LIFETOTAL,10,39.19029235839844,4,5,3,3,2,6
0,DeathDescription.LIFETOTAL,12,41.245460510253906,6,6,1,6,4,3
0,DeathDescription.LIFETOTAL,10,38.50102424621582,4,5,3,5,2,5
0,DeathDescription.LIFETOTAL,10,29.647350311279297,5,5,2,4,4,4
0,DeathDescription.LIFETOTAL,10,29.232263565063477,6,4,2,5,3,4
0,DeathDescription.LIFETOTAL,22,36.472320556640625,8,8,0,6,4,3
0,DeathDescription.LIFETOTAL,12,24.251222610473633,5,5,3,5,3,4
1,DeathDescription.LIFETOTAL,11,56.574344635009766,6,4,2,3,5,5
0,DeathDescription.LIFETOTAL,10,23.404598236083984,6,5,1,4,4,4
1,DeathDescription.LIFETOTAL,11,23.216724395751953,5,2,5,6,5,2
0,DeathDescription.LIFETOTAL,12,34.42072868347168,3,5,5,4,4,5
0,DeathDescription.LIFETOTAL,12,51.450490951538086,3,3,7,6,2,5
0,DeathDescription.LIFETOTAL,12,31.453847885131836,4,5,4,5,5,3
0,DeathDescription.LIFETOTAL,10,49.95441436767578,6,4,2,5,4,3
1,DeathDescription.LIFETOTAL,11,43.772220611572266,3,0,7,5,5,3
1,DeathDescription.LIFETOTAL,11,28.268814086914062,5,5,2,5,6,2
0,DeathDescription.LIFETOTAL,10,40.354251861572266,6,5,1,5,2,5
1,DeathDescription.LIFETOTAL,13,42.2060489654541,4,0,7,7,5,2
0,DeathDescription.LIFETOTAL,10,32.17744827270508,5,4,3,5,2,5
0,DeathDescription.LIFETOTAL,10,34.403324127197266,4,4,4,5,2,5
0,DeathDescription.LIFETOTAL,12,32.00101852416992,5,5,3,6,4,3
0,DeathDescription.LIFETOTAL,12,35.598039627075195,6,5,2,6,4,3
0,DeathDescription.LIFETOTAL,12,44.70634460449219,7,5,1,6,4,3
0,DeathDescription.LIFETOTAL,12,30.56955337524414,4,5,4,3,0,7
0,DeathDescription.LIFETOTAL,12,36.18741035461426,7,5,1,6,3,4
0,DeathDescription.LIFETOTAL,12,52.45065689086914,6,6,1,6,2,5
0,DeathDescription.LIFETOTAL,10,22.518396377563477,6,6,0,3,0,7
1,DeathDescription.LIFETOTAL,11,38.78521919250488,4,2,6,6,5,2
1,DeathDescription.LIFETOTAL,11,65.3989315032959,5,4,3,4,5,4
1,DeathDescription.LIFETOTAL,11,45.197248458862305,6,4,2,5,6,2
0,DeathDescription.LIFETOTAL,10,27.10866928100586,6,5,1,2,0,7
0,DeathDescription.LIFETOTAL,10,29.816627502441406,6,4,2,5,2,5
1,DeathDescription.LIFETOTAL,17,45.675039291381836,7,3,4,6,6,2
1,DeathDescription.LIFETOTAL,11,44.86966133117676,4,2,6,6,5,2
0,DeathDescription.LIFETOTAL,14,44.283390045166016,7,6,1,7,3,4
0,DeathDescription.LIFETOTAL,10,33.444881439208984,6,5,1,5,3,4
1,DeathDescription.LIFETOTAL,11,24.497032165527344,6,4,2,5,7,1
0,DeathDescription.LIFETOTAL,10,29.320716857910156,6,4,2,4,4,4
1,DeathDescription.LIFETOTAL,11,36.09275817871094,4,4,4,6,4,3
1,DeathDescription.LIFETOTAL,11,24.66869354248047,6,6,0,6,5,2
1,DeathDescription.LIFETOTAL,17,43.623924255371094,5,1,6,6,6,2
0,DeathDescription.LIFETOTAL,10,44.48699951171875,6,4,2,3,0,7
1,DeathDescription.LIFETOTAL,13,23.789644241333008,4,3,5,6,6,2
0,DeathDescription.LIFETOTAL,10,28.055906295776367,3,4,5,5,4,3
0,DeathDescription.LIFETOTAL,10,27.57430076599121,5,4,3,5,2,5
0,DeathDescription.LIFETOTAL,12,26.949167251586914,6,5,2,6,5,2
1,DeathDescription.LIFETOTAL,11,40.00592231750488,6,5,1,4,4,5
0,DeathDescription.LIFETOTAL,12,30.732154846191406,6,5,2,3,4,6
1,DeathDescription.LIFETOTAL,17,44.80266571044922,3,2,6,5,5,4
1,DeathDescription.LIFETOTAL,11,46.59914970397949,6,4,2,5,5,3
1,DeathDescription.LIFETOTAL,11,35.94064712524414,5,5,2,6,4,3
0,DeathDescription.LIFETOTAL,10,22.921323776245117,6,5,1,4,4,4
1,DeathDescription.LIFETOTAL,13,42.955636978149414,4,2,5,5,6,3
0,DeathDescription.LIFETOTAL,10,27.971267700195312,4,4,4,5,3,4
0,DeathDescription.LIFETOTAL,10,28.676509857177734,5,5,2,5,3,4
0,DeathDescription.LIFETOTAL,10,27.74834632873535,6,5,1,5,4,3
0,DeathDescription.LIFETOTAL,10,33.89453887939453,6,4,2,3,3,6
1,DeathDescription.LIFETOTAL,11,31.117916107177734,5,4,3,3,5,5
1,DeathDescription.LIFETOTAL,15,38.27548027038574,6,1,6,8,6,1
0,DeathDescription.LIFETOTAL,10,33.896684646606445,5,5,2,5,5,2
0,DeathDescription.LIFETOTAL,10,34.6379280090332,4,5,3,5,4,3
0,DeathDescription.LIFETOTAL,10,32.57012367248535,4,5,3,5,2,5
0,DeathDescription.LIFETOTAL,12,49.51310157775879,7,5,1,6,5,2
0,DeathDescription.LIFETOTAL,12,26.14450454711914,5,6,2,6,4,3
0,DeathDescription.LIFETOTAL,10,23.374080657958984,6,4,2,5,4,3
1,DeathDescription.LIFETOTAL,11,28.888940811157227,5,5,2,6,4,3
0,DeathDescription.LIFETOTAL,10,34.090518951416016,5,5,2,5,3,4
0,DeathDescription.LIFETOTAL,10,43.550968170166016,5,5,2,5,2,5
1,DeathDescription.LIFETOTAL,11,24.073123931884766,6,1,5,4,5,4
1,DeathDescription.LIFETOTAL,11,41.98598861694336,6,4,2,5,5,3
0,DeathDescription.LIFETOTAL,10,23.09274673461914,6,5,1,2,0,7
0,DeathDescription.LIFETOTAL,12,25.372743606567383,5,5,3,6,4,3
0,DeathDescription.LIFETOTAL,10,23.78082275390625,4,6,2,5,5,2
0,DeathDescription.LIFETOTAL,12,31.950950622558594,6,6,1,6,4,3
0,DeathDescription.LIFETOTAL,10,29.942035675048828,6,5,1,5,3,4
0,DeathDescription.LIFETOTAL,12,27.344465255737305,4,5,4,4,5,4
0,DeathDescription.LIFETOTAL,10,26.255369186401367,6,5,1,4,3,5
0,DeathDescription.LIFETOTAL,10,49.65686798095703,6,4,2,5,3,4
1,DeathDescription.LIFETOTAL,11,49.43394660949707,6,3,3,6,4,3
0,DeathDescription.LIFETOTAL,12,45.722246170043945,7,5,1,6,5,2
1,DeathDescription.LIFETOTAL,13,51.523685455322266,6,3,4,7,4,3
1,DeathDescription.LIFETOTAL,11,53.330183029174805,5,4,3,6,5,2
0,DeathDescription.LIFETOTAL,10,46.82779312133789,5,5,2,5,3,4
1,DeathDescription.LIFETOTAL,11,27.88567543029785,4,5,3,4,5,4
0,DeathDescription.LIFETOTAL,10,47.30820655822754,6,5,1,2,0,7
0,DeathDescription.LIFETOTAL,12,35.54677963256836,5,6,2,5,4,4
0,DeathDescription.LIFETOTAL,10,38.43808174133301,5,5,2,4,3,5
1,DeathDescription.LIFETOTAL,11,39.17503356933594,3,0,7,6,5,2
0,DeathDescription.LIFETOTAL,10,28.336524963378906,5,5,2,5,3,4
1,DeathDescription.LIFETOTAL,11,24.797916412353516,6,4,2,6,5,2
0,DeathDescription.LIFETOTAL,14,25.770187377929688,7,5,2,3,0,7
0,DeathDescription.LIFETOTAL,10,25.831937789916992,6,4,2,3,3,5
0,DeathDescription.LIFETOTAL,12,51.8186092376709,5,6,2,5,3,5
1,DeathDescription.LIFETOTAL,11,33.63823890686035,6,4,2,5,5,3
0,DeathDescription.LIFETOTAL,10,30.371427536010742,5,6,1,4,4,4
0,DeathDescription.LIFETOTAL,10,29.211759567260742,4,5,3,5,3,4
1,DeathDescription.LIFETOTAL,13,41.62001609802246,7,5,1,7,5,2
1,DeathDescription.LIFETOTAL,11,42.09423065185547,2,0,7,5,6,2
0,DeathDescription.LIFETOTAL,10,33.0812931060791,5,6,1,4,0,7
1,DeathDescription.LIFETOTAL,11,23.610591888427734,6,3,3,6,6,1
0,DeathDescription.LIFETOTAL,10,27.61101722717285,6,4,2,5,4,3
0,DeathDescription.LIFETOTAL,12,28.557538986206055,7,3,3,5,3,5
0,DeathDescription.LIFETOTAL,10,24.363994598388672,6,4,2,5,4,3
0,DeathDescription.LIFETOTAL,12,25.42424201965332,7,3,3,5,4,4
0,DeathDescription.LIFETOTAL,10,36.57412528991699,4,5,3,5,0,7
0,DeathDescription.LIFETOTAL,10,25.92158317565918,5,5,2,5,3,4
0,DeathDescription.LIFETOTAL,12,24.58786964416504,7,5,1,6,3,4
0,DeathDescription.LIFETOTAL,10,69.02027130126953,3,4,5,5,4,3
0,DeathDescription.LIFETOTAL,10,28.23781967163086,6,5,1,5,2,5
1,DeathDescription.LIFETOTAL,11,55.9849739074707,5,3,4,4,5,4
0,DeathDescription.LIFETOTAL,10,28.806209564208984,6,4,2,5,0,7
0,DeathDescription.LIFETOTAL,10,21.808624267578125,6,5,1,5,4,3
1,DeathDescription.LIFETOTAL,11,63.057661056518555,6,3,3,6,5,2
0,DeathDescription.LIFETOTAL,10,29.25872802734375,6,4,2,4,4,4
0,DeathDescription.LIFETOTAL,10,28.235197067260742,6,4,2,5,2,5
0,DeathDescription.LIFETOTAL,10,31.21018409729004,4,5,3,4,0,7
0,DeathDescription.LIFETOTAL,10,27.907371520996094,5,5,2,5,4,3
0,DeathDescription.LIFETOTAL,12,25.302648544311523,7,4,2,6,4,3
0,DeathDescription.LIFETOTAL,10,34.665822982788086,5,5,2,5,3,4
1,DeathDescription.LIFETOTAL,13,40.15374183654785,6,4,3,5,6,3
1,DeathDescription.LIFETOTAL,11,30.132532119750977,4,4,4,6,4,3
0,DeathDescription.LIFETOTAL,10,48.0961799621582,5,6,1,5,2,5
1,DeathDescription.LIFETOTAL,11,31.147480010986328,3,2,7,6,5,2
1,DeathDescription.LIFETOTAL,11,45.9446907043457,5,5,2,6,6,1
0,DeathDescription.LIFETOTAL,10,27.06146240234375,4,5,3,3,1,6
1,DeathDescription.LIFETOTAL,11,42.13237762451172,4,4,4,6,5,2
0,DeathDescription.LIFETOTAL,10,23.122310638427734,5,6,1,5,4,3
1,DeathDescription.LIFETOTAL,11,23.406028747558594,3,2,6,6,5,2
0,DeathDescription.LIFETOTAL,10,28.145313262939453,3,5,4,5,5,2
0,DeathDescription.LIFETOTAL,10,38.73467445373535,5,5,2,5,2,5
0,DeathDescription.LIFETOTAL,10,28.084278106689453,4,5,3,5,4,3
0,DeathDescription.LIFETOTAL,10,31.563997268676758,4,5,3,3,0,7
0,DeathDescription.LIFETOTAL,12,35.53414344787598,7,4,2,6,5,2
0,DeathDescription.LIFETOTAL,10,45.34554481506348,4,5,3,4,3,5
1,DeathDescription.LIFETOTAL,11,24.830341339111328,5,3,4,6,3,4
0,DeathDescription.LIFETOTAL,10,37.77933120727539,3,5,4,5,3,4
0,DeathDescription.LIFETOTAL,12,23.272275924682617,6,5,2,6,2,5
0,DeathDescription.LIFETOTAL,12,46.91028594970703,4,5,4,4,3,4
0,DeathDescription.LIFETOTAL,10,44.68131065368652,6,5,1,5,3,4
0,DeathDescription.LIFETOTAL,10,24.50394630432129,5,6,1,5,4,3
1,DeathDescription.LIFETOTAL,13,26.52454376220703,6,4,3,6,5,3
0,DeathDescription.LIFETOTAL,10,45.08566856384277,3,3,6,5,3,4
0,DeathDescription.LIFETOTAL,10,24.45077896118164,5,6,1,5,4,3
0,DeathDescription.LIFETOTAL,12,29.305696487426758,5,6,2,5,5,3
1,DeathDescription.LIFETOTAL,13,26.80039405822754,5,4,4,6,6,2
0,DeathDescription.LIFETOTAL,10,32.500505447387695,6,5,1,5,3,4
1,DeathDescription.LIFETOTAL,11,37.18161582946777,6,0,6,5,5,3
0,DeathDescription.LIFETOTAL,10,38.30122947692871,6,5,1,5,4,3
0,DeathDescription.LIFETOTAL,10,28.51700782775879,6,5,1,5,3,4
0,DeathDescription.LIFETOTAL,10,28.069734573364258,5,5,2,4,1,6
1,DeathDescription.LIFETOTAL,11,25.54035186767578,6,4,2,4,5,4
1,DeathDescription.LIFETOTAL,11,39.956092834472656,6,2,4,6,5,2
0,DeathDescription.LIFETOTAL,10,22.405385971069336,3,4,5,5,3,4
1,DeathDescription.LIFETOTAL,11,29.544353485107422,5,4,3,6,5,2
0,DeathDescription.LIFETOTAL,10,29.572725296020508,5,5,2,5,3,4
0,DeathDescription.LIFETOTAL,12,24.679183959960938,4,5,4,5,5,3
0,DeathDescription.LIFETOTAL,10,26.369810104370117,5,5,2,5,4,3
0,DeathDescription.LIFETOTAL,12,33.22887420654297,6,5,2,5,4,4
0,DeathDescription.LIFETOTAL,12,30.97701072692871,4,5,4,6,4,3
0,DeathDescription.LIFETOTAL,10,23.22530746459961,6,4,2,5,3,4
0,DeathDescription.LIFETOTAL,10,26.21603012084961,5,6,1,5,3,4
0,DeathDescription.LIFETOTAL,10,40.810346603393555,5,6,1,5,4,3
1,DeathDescription.LIFETOTAL,11,55.15599250793457,6,3,3,6,5,2
1,DeathDescription.LIFETOTAL,11,29.170989990234375,3,0,7,3,5,5
0,DeathDescription.LIFETOTAL,10,21.870136260986328,6,6,0,2,0,7
0,DeathDescription.LIFETOTAL,12,64.09907341003418,7,4,2,6,4,3
0,DeathDescription.LIFETOTAL,10,38.39683532714844,5,5,2,3,3,5
0,DeathDescription.LIFETOTAL,10,21.380901336669922,3,5,4,4,4,4
1,DeathDescription.LIFETOTAL,13,25.985240936279297,4,3,5,7,5,2
1,DeathDescription.LIFETOTAL,11,32.4404239654541,6,5,1,5,5,3
0,DeathDescription.LIFETOTAL,10,29.802799224853516,5,5,2,5,3,4
0,DeathDescription.LIFETOTAL,12,26.216983795166016,5,6,2,6,4,3
0,DeathDescription.LIFETOTAL,10,24.085044860839844,6,4,2,5,3,4
0,DeathDescription.LIFETOTAL,12,50.771474838256836,4,6,3,6,4,3
0,DeathDescription.LIFETOTAL,12,28.993844985961914,5,5,3,6,4,3
0,DeathDescription.LIFETOTAL,16,43.634653091430664,6,6,3,3,4,6
0,DeathDescription.LIFETOTAL,10,29.03270721435547,5,5,2,5,5,2
1,DeathDescription.LIFETOTAL,11,47.283172607421875,6,4,2,6,6,1
0,DeathDescription.LIFETOTAL,10,53.771257400512695,4,5,3,5,4,3
0,DeathDescription.LIFETOTAL,12,30.98320960998535,5,5,3,5,4,4
1,DeathDescription.LIFETOTAL,11,23.517847061157227,4,4,4,6,5,2
1,DeathDescription.LIFETOTAL,13,47.19352722167969,4,3,5,7,5,2
1,DeathDescription.LIFETOTAL,11,38.2235050201416,6,1,5,6,5,2
0,DeathDescription.LIFETOTAL,10,51.02872848510742,4,5,3,5,3,4
0,DeathDescription.LIFETOTAL,10,31.4486026763916,4,6,2,5,4,3
0,DeathDescription.LIFETOTAL,10,35.544633865356445,6,5,1,5,2,5
0,DeathDescription.LIFETOTAL,10,23.563385009765625,6,6,0,5,3,4
0,DeathDescription.LIFETOTAL,10,23.39959144592285,5,5,2,5,3,4
0,DeathDescription.LIFETOTAL,10,31.77022933959961,6,6,0,5,3,4
1,DeathDescription.LIFETOTAL,11,25.21347999572754,5,4,3,6,5,2
0,DeathDescription.LIFETOTAL,10,34.718990325927734,6,5,1,4,4,4
0,DeathDescription.LIFETOTAL,10,22.188663482666016,6,5,1,4,2,5
1,DeathDescription.LIFETOTAL,13,37.96243667602539,4,3,5,6,6,2
1,DeathDescription.LIFETOTAL,11,29.959917068481445,3,0,7,5,5,3
1,DeathDescription.LIFETOTAL,13,50.51898956298828,4,2,5,6,5,2
0,DeathDescription.LIFETOTAL,10,25.80094337463379,6,4,2,5,4,3
0,DeathDescription.LIFETOTAL,12,41.17774963378906,7,4,2,6,4,3
0,DeathDescription.LIFETOTAL,10,28.92303466796875,6,5,1,4,4,4
1,DeathDescription.LIFETOTAL,15,26.871204376220703,3,0,7,6,7,2
1,DeathDescription.LIFETOTAL,11,23.43893051147461,5,4,3,6,5,2
0,DeathDescription.LIFETOTAL,10,35.625457763671875,4,5,3,5,4,3
0,DeathDescription.LIFETOTAL,14,26.679515838623047,7,7,0,3,0,7
0,DeathDescription.LIFETOTAL,10,22.792816162109375,5,5,2,3,0,7
0,DeathDescription.LIFETOTAL,10,21.505355834960938,4,5,3,5,0,7
1,DeathDescription.LIFETOTAL,11,32.80305862426758,5,5,2,6,5,2
1,DeathDescription.LIFETOTAL,11,36.52596473693848,6,4,2,6,6,1
0,DeathDescription.LIFETOTAL,12,28.84650230407715,4,5,4,6,4,3
0,DeathDescription.LIFETOTAL,10,25.50983428955078,5,5,2,5,4,3
1,DeathDescription.LIFETOTAL,11,34.78360176086426,3,3,6,5,6,2
0,DeathDescription.LIFETOTAL,10,45.95780372619629,6,4,2,4,1,6
0,DeathDescription.LIFETOTAL,10,25.44426918029785,6,4,2,5,3,4
0,DeathDescription.LIFETOTAL,12,55.611371994018555,5,5,3,6,1,6
1,DeathDescription.LIFETOTAL,11,47.0881462097168,3,4,5,6,5,2
0,DeathDescription.LIFETOTAL,10,28.49578857421875,6,5,1,5,3,4
0,DeathDescription.LIFETOTAL,10,28.63621711730957,6,5,1,5,4,3
1,DeathDescription.LIFETOTAL,11,24.27530288696289,6,5,1,5,5,3
0,DeathDescription.LIFETOTAL,10,39.24226760864258,4,6,2,5,4,3
0,DeathDescription.LIFETOTAL,10,24.297714233398438,3,5,4,4,4,4
0,DeathDescription.LIFETOTAL,12,25.968551635742188,4,5,4,6,4,3
1,DeathDescription.LIFETOTAL,13,25.754451751708984,6,5,2,7,5,2
0,DeathDescription.LIFETOTAL,10,40.00258445739746,4,6,2,4,3,5
1,DeathDescription.LIFETOTAL,13,29.402971267700195,7,4,2,6,5,3
0,DeathDescription.LIFETOTAL,10,22.759675979614258,6,4,2,5,2,5
0,DeathDescription.LIFETOTAL,12,25.955915451049805,7,5,1,6,4,3
1,DeathDescription.LIFETOTAL,11,29.39128875732422,2,2,7,5,5,3
1,DeathDescription.LIFETOTAL,11,30.692100524902344,4,3,5,5,5,3
0,DeathDescription.LIFETOTAL,10,24.089574813842773,4,5,3,5,0,7
0,DeathDescription.LIFETOTAL,10,24.48415756225586,6,5,1,1,0,7
0,DeathDescription.LIFETOTAL,10,39.72959518432617,4,5,3,5,0,7
1,DeathDescription.LIFETOTAL,11,40.47703742980957,5,4,3,5,6,2
0,DeathDescription.LIFETOTAL,10,22.546052932739258,4,5,3,5,4,3
1,DeathDescription.LIFETOTAL,11,29.13045883178711,5,4,3,6,5,2
1,DeathDescription.LIFETOTAL,11,42.530059814453125,6,5,1,6,5,2
0,DeathDescription.LIFETOTAL,10,39.65950012207031,4,5,3,5,4,3
1,DeathDescription.LIFETOTAL,11,25.102853775024414,6,4,2,5,5,3
0,DeathDescription.LIFETOTAL,10,28.07307243347168,5,5,2,5,3,4
0,DeathDescription.LIFETOTAL,10,36.71598434448242,6,5,1,5,5,2
0,DeathDescription.LIFETOTAL,10,39.51311111450195,5,5,2,5,4,3
1,DeathDescription.LIFETOTAL,11,41.689157485961914,6,6,0,4,5,4
0,DeathDescription.LIFETOTAL,14,31.3565731048584,5,5,4,3,2,5
1,DeathDescription.LIFETOTAL,11,35.190582275390625,6,4,2,4,5,4
1,DeathDescription.LIFETOTAL,11,44.85154151916504,6,5,1,6,4,3
0,DeathDescription.LIFETOTAL,10,21.40641212463379,6,6,0,5,3,4
0,DeathDescription.LIFETOTAL,10,22.748708724975586,6,5,1,5,3,4
0,DeathDescription.LIFETOTAL,12,37.071943283081055,4,5,4,5,4,4
0,DeathDescription.LIFETOTAL,12,40.724754333496094,5,6,2,3,4,6
1,DeathDescription.LIFETOTAL,11,32.20701217651367,3,0,7,6,6,1
0,DeathDescription.LIFETOTAL,10,34.87586975097656,6,3,3,5,5,2
0,DeathDescription.LIFETOTAL,10,49.08919334411621,5,5,2,2,0,7
1,DeathDescription.LIFETOTAL,11,35.34054756164551,6,4,2,6,5,2
0,DeathDescription.LIFETOTAL,10,22.918701171875,4,4,4,5,2,5
0,DeathDescription.LIFETOTAL,10,35.28022766113281,6,5,1,2,3,6
1,DeathDescription.LIFETOTAL,11,30.460357666015625,6,3,3,4,5,4
1,DeathDescription.LIFETOTAL,11,36.88502311706543,3,2,6,6,5,2
0,DeathDescription.LIFETOTAL,12,34.63006019592285,7,6,0,6,4,3
1,DeathDescription.LIFETOTAL,11,32.24492073059082,5,3,4,5,5,3
0,DeathDescription.LIFETOTAL,10,33.87188911437988,6,4,2,5,4,3
0,DeathDescription.LIFETOTAL,10,41.770219802856445,6,4,2,5,2,5
1,DeathDescription.LIFETOTAL,11,26.019811630249023,4,4,4,3,5,5
1,DeathDescription.LIFETOTAL,11,38.642168045043945,6,4,2,6,5,2
0,DeathDescription.LIFETOTAL,10,22.463083267211914,5,5,2,3,3,6
1,DeathDescription.LIFETOTAL,11,37.8720760345459,5,4,3,5,6,2
1,DeathDescription.LIFETOTAL,13,32.23824501037598,5,4,4,7,5,2
1,DeathDescription.LIFETOTAL,11,39.32619094848633,6,4,2,6,4,3
1,DeathDescription.LIFETOTAL,11,37.38594055175781,6,2,4,5,5,3
1,DeathDescription.LIFETOTAL,11,39.827823638916016,4,3,5,6,4,3
0,DeathDescription.LIFETOTAL,10,28.6405086517334,6,5,1,4,3,5
0,DeathDescription.LIFETOTAL,10,44.60334777832031,4,5,3,5,4,3
1,DeathDescription.LIFETOTAL,11,34.502506256103516,6,3,3,4,5,4
1,DeathDescription.LIFETOTAL,11,26.706218719482422,1,0,7,6,6,1
1,DeathDescription.LIFETOTAL,11,41.41068458557129,6,4,2,6,6,1
0,DeathDescription.LIFETOTAL,12,26.272058486938477,7,5,1,6,5,2
1,DeathDescription.LIFETOTAL,13,31.022310256958008,4,3,6,7,5,2
1,DeathDescription.LIFETOTAL,11,22.88818359375,5,0,7,4,6,3
1,DeathDescription.LIFETOTAL,13,33.3254337310791,5,0,7,7,5,2
0,DeathDescription.LIFETOTAL,12,43.2283878326416,5,7,1,2,3,7
0,DeathDescription.LIFETOTAL,10,24.584293365478516,5,5,2,5,3,4
0,DeathDescription.LIFETOTAL,10,38.94400596618652,6,5,1,3,3,6
0,DeathDescription.LIFETOTAL,14,41.06307029724121,8,4,2,7,1,6
0,DeathDescription.LIFETOTAL,10,29.173851013183594,5,5,2,4,5,3
0,DeathDescription.LIFETOTAL,10,30.087709426879883,5,6,1,5,4,3
0,DeathDescription.LIFETOTAL,10,34.06500816345215,4,4,4,5,3,4
1,DeathDescription.LIFETOTAL,13,32.5474739074707,6,5,2,5,5,4
0,DeathDescription.LIFETOTAL,10,22.595882415771484,6,5,1,4,0,7
0,DeathDescription.LIFETOTAL,12,27.251005172729492,5,5,3,6,3,4
0,DeathDescription.LIFETOTAL,10,36.01574897766113,5,5,2,5,3,4
0,DeathDescription.LIFETOTAL,10,25.050640106201172,4,4,4,3,4,5
1,DeathDescription.LIFETOTAL,11,35.630226135253906,3,2,6,5,5,3
1,DeathDescription.LIFETOTAL,11,30.48253059387207,4,4,4,6,5,2
1,DeathDescription.LIFETOTAL,13,49.43275451660156,4,0,7,4,5,5
0,DeathDescription.LIFETOTAL,10,24.993181228637695,5,6,1,5,4,3
1,DeathDescription.LIFETOTAL,13,51.89657211303711,5,1,6,6,6,2
1,DeathDescription.LIFETOTAL,11,27.40764617919922,2,1,6,4,5,4
1,DeathDescription.LIFETOTAL,11,28.74588966369629,5,4,3,5,6,2
0,DeathDescription.LIFETOTAL,10,23.556232452392578,4,5,3,4,2,6
1,DeathDescription.LIFETOTAL,11,30.1973819732666,5,4,3,6,5,2
0,DeathDescription.LIFETOTAL,12,31.221866607666016,5,5,3,6,2,5
0,DeathDescription.LIFETOTAL,10,29.857635498046875,4,5,3,5,5,2
1,DeathDescription.LIFETOTAL,15,30.893325805664062,5,5,4,7,6,2
0,DeathDescription.LIFETOTAL,10,28.32341194152832,4,5,3,5,4,3
0,DeathDescription.LIFETOTAL,10,25.651931762695312,5,5,2,5,4,3
0,DeathDescription.LIFETOTAL,12,51.30887031555176,5,6,2,5,5,3
0,DeathDescription.LIFETOTAL,16,29.110431671142578,6,7,1,4,2,5
0,DeathDescription.LIFETOTAL,10,25.029659271240234,6,4,2,3,0,7
0,DeathDescription.LIFETOTAL,10,27.134180068969727,6,5,1,5,3,4
0,DeathDescription.LIFETOTAL,10,31.939029693603516,5,5,2,5,3,4
0,DeathDescription.LIFETOTAL,12,37.39118576049805,6,6,1,6,4,3
1,DeathDescription.LIFETOTAL,11,34.594058990478516,6,4,2,6,5,2
1,DeathDescription.LIFETOTAL,11,22.13120460510254,3,4,5,4,5,4
1,DeathDescription.LIFETOTAL,11,36.0102653503418,3,0,7,6,6,1
0,DeathDescription.LIFETOTAL,10,29.551267623901367,5,4,3,5,4,3
1,DeathDescription.LIFETOTAL,11,29.469013214111328,4,3,5,4,5,4
0,DeathDescription.LIFETOTAL,12,24.44767951965332,6,5,2,3,0,7
1,DeathDescription.LIFETOTAL,11,36.12828254699707,5,0,7,6,5,2
0,DeathDescription.LIFETOTAL,14,47.29056358337402,4,5,4,3,0,7
0,DeathDescription.LIFETOTAL,10,27.971744537353516,6,5,1,4,2,6
0,DeathDescription.LIFETOTAL,12,24.970054626464844,5,6,2,6,5,2
0,DeathDescription.LIFETOTAL,10,30.68256378173828,3,5,4,5,4,3
0,DeathDescription.LIFETOTAL,10,39.65568542480469,6,4,2,5,3,4
0,DeathDescription.LIFETOTAL,12,39.105892181396484,5,6,2,6,0,7
0,DeathDescription.LIFETOTAL,10,28.934240341186523,6,4,2,5,3,4
1,DeathDescription.LIFETOTAL,21,53.64632606506348,5,4,6,8,6,2
1,DeathDescription.LIFETOTAL,11,25.7108211517334,4,3,5,6,6,1
1,DeathDescription.LIFETOTAL,11,35.97068786621094,6,3,3,6,5,2
0,DeathDescription.LIFETOTAL,10,27.173995971679688,4,5,3,5,2,5
0,DeathDescription.LIFETOTAL,10,51.89681053161621,6,4,2,5,4,3
0,DeathDescription.LIFETOTAL,10,24.42169189453125,4,5,3,5,4,3
1,DeathDescription.LIFETOTAL,15,48.25878143310547,5,6,3,8,5,2
0,DeathDescription.LIFETOTAL,12,37.674903869628906,6,6,1,3,3,6
0,DeathDescription.LIFETOTAL,10,33.56146812438965,5,4,3,5,3,4
0,DeathDescription.LIFETOTAL,10,24.311065673828125,5,4,3,5,3,4
1,DeathDescription.LIFETOTAL,11,29.01005744934082,4,4,4,6,5,2
0,DeathDescription.LIFETOTAL,12,38.45024108886719,5,5,3,6,5,2
0,DeathDescription.LIFETOTAL,10,23.049116134643555,4,5,3,5,4,3
0,DeathDescription.LIFETOTAL,10,23.96392822265625,6,4,2,5,5,2
1,DeathDescription.LIFETOTAL,11,28.43022346496582,5,3,4,6,5,2
1,DeathDescription.LIFETOTAL,13,38.65790367126465,4,4,5,7,5,2
0,DeathDescription.LIFETOTAL,10,27.706384658813477,4,5,3,5,5,2
1,DeathDescription.LIFETOTAL,11,23.337364196777344,5,5,2,6,5,2
0,DeathDescription.LIFETOTAL,14,27.895450592041016,5,5,4,7,4,3
0,DeathDescription.LIFETOTAL,10,44.29888725280762,6,5,1,5,4,3
0,DeathDescription.LIFETOTAL,10,43.05839538574219,6,5,1,5,0,7
0,DeathDescription.LIFETOTAL,10,48.12026023864746,6,5,1,4,4,4
0,DeathDescription.LIFETOTAL,10,23.4682559967041,6,5,1,5,4,3
1,DeathDescription.LIFETOTAL,11,63.73715400695801,3,4,5,6,5,2
0,DeathDescription.LIFETOTAL,12,27.81224250793457,6,6,1,6,4,3
0,DeathDescription.LIFETOTAL,10,29.079198837280273,6,4,2,5,4,3
1,DeathDescription.LIFETOTAL,11,40.39287567138672,2,0,7,5,5,3
1,DeathDescription.LIFETOTAL,11,24.178266525268555,4,0,7,5,4,4
1,DeathDescription.LIFETOTAL,13,33.559560775756836,1,0,7,7,5,2
0,DeathDescription.LIFETOTAL,10,39.5355224609375,6,5,1,5,3,4
0,DeathDescription.LIFETOTAL,10,25.836944580078125,6,4,2,5,3,4
1,DeathDescription.LIFETOTAL,11,25.157928466796875,5,6,1,5,6,2
0,DeathDescription.LIFETOTAL,10,31.839609146118164,3,5,4,5,3,4
0,DeathDescription.LIFETOTAL,12,30.066490173339844,5,5,3,6,4,3
1,DeathDescription.LIFETOTAL,11,41.7172908782959,6,5,1,6,5,2
0,DeathDescription.LIFETOTAL,10,33.725738525390625,5,5,2,5,4,3
1,DeathDescription.LIFETOTAL,11,28.79619598388672,3,4,5,3,5,5
1,DeathDescription.LIFETOTAL,11,29.842853546142578,6,4,2,6,4,3
0,DeathDescription.LIFETOTAL,10,30.31754493713379,6,5,1,5,4,3
0,DeathDescription.LIFETOTAL,10,28.243064880371094,2,5,5,5,4,3
0,DeathDescription.LIFETOTAL,10,21.459102630615234,6,4,2,2,0,7
0,DeathDescription.LIFETOTAL,10,22.939682006835938,5,4,3,4,4,4
1,DeathDescription.LIFETOTAL,11,41.31770133972168,6,4,2,6,5,2
1,DeathDescription.LIFETOTAL,11,24.622201919555664,6,3,3,6,5,2
1,DeathDescription.LIFETOTAL,13,37.630319595336914,7,5,1,7,6,1
0,DeathDescription.LIFETOTAL,10,63.339948654174805,6,3,3,5,5,2
0,DeathDescription.LIFETOTAL,10,32.20534324645996,6,5,1,5,3,4
0,DeathDescription.LIFETOTAL,10,26.639699935913086,6,4,2,5,3,4
1,DeathDescription.LIFETOTAL,11,49.56245422363281,5,5,2,4,5,4
0,DeathDescription.LIFETOTAL,12,21.869182586669922,5,5,3,4,0,7
0,DeathDescription.LIFETOTAL,10,45.095205307006836,6,4,2,5,3,4
0,DeathDescription.LIFETOTAL,10,33.972740173339844,5,5,2,5,3,4
0,DeathDescription.LIFETOTAL,12,55.5262565612793,6,5,2,5,5,3
0,DeathDescription.LIFETOTAL,12,22.623300552368164,4,6,3,3,0,7
0,DeathDescription.LIFETOTAL,12,53.55215072631836,5,5,3,6,4,3
0,DeathDescription.LIFETOTAL,10,23.519039154052734,6,5,1,5,3,4
0,DeathDescription.LIFETOTAL,12,49.85356330871582,7,5,1,4,4,4
0,DeathDescription.LIFETOTAL,12,27.369260787963867,7,4,2,3,2,6
0,DeathDescription.LIFETOTAL,16,50.30393600463867,6,5,4,4,0,7
0,DeathDescription.LIFETOTAL,10,42.82951354980469,4,5,3,5,4,3
0,DeathDescription.LIFETOTAL,10,32.219886779785156,4,4,4,3,3,6
0,DeathDescription.LIFETOTAL,12,37.69636154174805,7,6,0,6,5,2
1,DeathDescription.LIFETOTAL,11,39.59512710571289,5,3,4,6,6,1
0,DeathDescription.LIFETOTAL,10,37.75596618652344,5,6,1,5,4,3
1,DeathDescription.LIFETOTAL,13,45.616865158081055,5,4,4,7,6,1
0,DeathDescription.LIFETOTAL,10,44.68798637390137,6,5,1,5,3,4
0,DeathDescription.LIFETOTAL,10,36.615848541259766,4,5,3,5,4,3
0,DeathDescription.LIFETOTAL,10,31.768321990966797,6,6,0,5,3,4
0,DeathDescription.LIFETOTAL,10,23.28348159790039,4,5,3,5,3,4
0,DeathDescription.LIFETOTAL,10,27.30417251586914,6,4,2,5,3,4
0,DeathDescription.LIFETOTAL,10,41.47982597351074,6,5,1,5,4,3
0,DeathDescription.LIFETOTAL,10,51.28026008605957,6,4,2,5,4,3
0,DeathDescription.LIFETOTAL,12,39.50667381286621,6,5,2,5,3,5
0,DeathDescription.LIFETOTAL,10,37.17327117919922,4,5,3,5,4,3
1,DeathDescription.LIFETOTAL,11,25.513410568237305,5,4,3,6,5,2
0,DeathDescription.LIFETOTAL,10,25.882959365844727,5,4,3,5,3,4
0,DeathDescription.LIFETOTAL,10,24.862289428710938,6,5,1,3,0,7
0,DeathDescription.LIFETOTAL,10,28.411388397216797,6,3,3,5,3,4
0,DeathDescription.LIFETOTAL,10,40.59290885925293,3,5,4,5,3,4
1,DeathDescription.LIFETOTAL,11,26.70454978942871,6,3,3,6,5,2
1,DeathDescription.LIFETOTAL,11,26.67546272277832,6,4,2,5,5,3
0,DeathDescription.LIFETOTAL,10,42.11592674255371,2,4,6,5,4,3
0,DeathDescription.LIFETOTAL,12,44.59333419799805,5,6,2,5,4,3
0,DeathDescription.LIFETOTAL,10,25.539875030517578,5,5,2,5,4,3
1,DeathDescription.LIFETOTAL,13,28.82218360900879,5,3,5,7,4,3
0,DeathDescription.LIFETOTAL,12,56.644439697265625,7,5,1,5,3,4
0,DeathDescription.LIFETOTAL,12,33.051252365112305,6,6,1,6,3,4
1,DeathDescription.LIFETOTAL,13,26.46183967590332,4,4,5,6,6,2
0,DeathDescription.LIFETOTAL,10,24.77288246154785,6,5,1,4,4,4
0,DeathDescription.LIFETOTAL,10,34.61813926696777,5,5,2,5,4,3
0,DeathDescription.LIFETOTAL,10,39.438486099243164,6,4,2,5,4,3
0,DeathDescription.LIFETOTAL,12,29.4189453125,7,6,0,6,1,6
0,DeathDescription.LIFETOTAL,14,44.13414001464844,6,7,1,7,5,2
0,DeathDescription.LIFETOTAL,10,38.21730613708496,4,5,3,3,4,5
1,DeathDescription.LIFETOTAL,11,29.676198959350586,6,4,2,5,5,3
1,DeathDescription.LIFETOTAL,15,41.875600814819336,6,3,5,7,7,1
0,DeathDescription.LIFETOTAL,10,29.240846633911133,6,4,2,5,3,4
0,DeathDescription.LIFETOTAL,10,21.622896194458008,5,4,3,5,4,3
1,DeathDescription.LIFETOTAL,11,23.58245849609375,6,4,2,6,5,2
1,DeathDescription.LIFETOTAL,13,53.76768112182617,5,1,6,6,6,2
0,DeathDescription.LIFETOTAL,10,29.274940490722656,5,6,1,4,4,4
0,DeathDescription.LIFETOTAL,10,22.761106491088867,6,5,1,5,3,4
1,DeathDescription.LIFETOTAL,11,29.27088737487793,4,4,4,6,4,3
0,DeathDescription.LIFETOTAL,10,46.16212844848633,6,5,1,5,4,3
0,DeathDescription.LIFETOTAL,10,23.545265197753906,5,6,1,5,3,4
1,DeathDescription.LIFETOTAL,11,28.91254425048828,6,3,3,4,5,4
0,DeathDescription.LIFETOTAL,10,20.878076553344727,6,4,2,5,2,5
0,DeathDescription.LIFETOTAL,10,65.51122665405273,4,5,3,3,0,7
0,DeathDescription.LIFETOTAL,10,28.438329696655273,5,5,2,5,4,3
0,DeathDescription.LIFETOTAL,10,43.468475341796875,5,5,2,5,3,4
0,DeathDescription.LIFETOTAL,12,34.82365608215332,6,6,1,5,0,7
0,DeathDescription.LIFETOTAL,10,42.563676834106445,6,4,2,5,5,2
1,DeathDescription.LIFETOTAL,11,37.01615333557129,6,2,4,6,5,2
0,DeathDescription.LIFETOTAL,12,23.04387092590332,5,5,3,5,5,3
0,DeathDescription.LIFETOTAL,10,54.01945114135742,3,4,5,4,2,5
1,DeathDescription.LIFETOTAL,11,28.912067413330078,6,3,3,5,5,3
0,DeathDescription.LIFETOTAL,10,35.127878189086914,5,5,2,5,4,3
0,DeathDescription.LIFETOTAL,10,44.472455978393555,5,6,1,5,3,4
1,DeathDescription.LIFETOTAL,11,65.7796859741211,3,1,6,6,5,2
0,DeathDescription.LIFETOTAL,10,43.48134994506836,5,5,2,4,3,5
1,DeathDescription.LIFETOTAL,11,47.386884689331055,6,4,2,6,6,1
0,DeathDescription.LIFETOTAL,12,25.823116302490234,6,6,1,6,4,3
1,DeathDescription.LIFETOTAL,11,29.137372970581055,5,5,2,6,5,2
1,DeathDescription.LIFETOTAL,11,37.11509704589844,6,3,3,6,6,1
0,DeathDescription.LIFETOTAL,10,28.339862823486328,5,5,2,5,4,3
1,DeathDescription.LIFETOTAL,11,41.7482852935791,6,1,5,5,5,3
1,DeathDescription.LIFETOTAL,11,40.139198303222656,4,3,5,4,5,4
0,DeathDescription.LIFETOTAL,10,31.79645538330078,5,6,1,5,4,3
1,DeathDescription.LIFETOTAL,13,30.913829803466797,5,4,4,7,5,2
1,DeathDescription.LIFETOTAL,11,26.666879653930664,5,4,3,6,4,3
0,DeathDescription.LIFETOTAL,10,38.575172424316406,6,4,2,5,3,4
0,DeathDescription.LIFETOTAL,12,36.511898040771484,7,4,2,6,4,3
0,DeathDescription.LIFETOTAL,12,32.784223556518555,6,5,2,6,4,3
0,DeathDescription.LIFETOTAL,12,35.346031188964844,6,5,2,6,2,5
0,DeathDescription.LIFETOTAL,10,27.94957160949707,3,5,4,5,2,5
0,DeathDescription.LIFETOTAL,12,30.216455459594727,7,4,2,5,4,4
0,DeathDescription.LIFETOTAL,12,43.44034194946289,6,5,2,5,5,3
0,DeathDescription.LIFETOTAL,12,31.197309494018555,4,6,3,5,4,4
0,DeathDescription.LIFETOTAL,10,23.075103759765625,4,5,3,4,0,7
0,DeathDescription.LIFETOTAL,12,29.63995933532715,6,5,2,6,5,2
0,DeathDescription.LIFETOTAL,10,33.06841850280762,6,5,1,5,4,3
0,DeathDescription.LIFETOTAL,10,28.045654296875,5,5,2,5,4,3
0,DeathDescription.LIFETOTAL,10,29.60515022277832,3,5,4,5,4,3
1,DeathDescription.LIFETOTAL,13,25.888681411743164,4,3,5,5,5,4
0,DeathDescription.LIFETOTAL,18,35.4156494140625,6,6,2,5,3,4
0,DeathDescription.LIFETOTAL,10,29.620647430419922,6,4,2,5,4,3
0,DeathDescription.LIFETOTAL,10,23.262977600097656,5,5,2,5,3,4
0,DeathDescription.LIFETOTAL,10,33.74624252319336,6,4,2,3,4,5
0,DeathDescription.LIFETOTAL,12,50.71067810058594,6,6,1,6,5,2
1,DeathDescription.LIFETOTAL,11,40.79842567443848,4,3,5,6,6,1
0,DeathDescription.LIFETOTAL,10,27.82297134399414,5,5,2,5,2,5
1,DeathDescription.LIFETOTAL,11,22.39990234375,4,2,5,5,5,3
1,DeathDescription.LIFETOTAL,11,38.45381736755371,6,4,2,6,5,2
0,DeathDescription.LIFETOTAL,14,33.51545333862305,5,5,4,5,4,4
1,DeathDescription.LIFETOTAL,11,28.46980094909668,3,2,6,6,5,2
0,DeathDescription.LIFETOTAL,10,34.26790237426758,4,5,3,5,4,3
0,DeathDescription.LIFETOTAL,10,50.5368709564209,5,4,3,5,3,4
1,DeathDescription.LIFETOTAL,11,23.647069931030273,4,4,4,5,5,3
0,DeathDescription.LIFETOTAL,12,34.8200798034668,6,5,2,6,4,3
0,DeathDescription.LIFETOTAL,12,49.99804496765137,7,3,3,6,5,2
0,DeathDescription.LIFETOTAL,12,44.54445838928223,6,5,2,6,4,3
0,DeathDescription.LIFETOTAL,10,28.537511825561523,5,6,1,5,3,4
1,DeathDescription.LIFETOTAL,11,30.06458282470703,5,4,3,6,5,2
0,DeathDescription.LIFETOTAL,12,37.276268005371094,7,5,1,6,3,4
1,DeathDescription.LIFETOTAL,11,36.208391189575195,5,1,6,6,7,0
1,DeathDescription.LIFETOTAL,11,25.020360946655273,6,3,3,6,4,3
0,DeathDescription.LIFETOTAL,12,30.781030654907227,6,6,1,5,2,6
1,DeathDescription.LIFETOTAL,11,36.81325912475586,6,3,3,6,5,2
0,DeathDescription.LIFETOTAL,12,31.97193145751953,5,6,2,4,4,5
1,DeathDescription.LIFETOTAL,11,35.96377372741699,5,4,3,6,4,3
1,DeathDescription.LIFETOTAL,11,44.959306716918945,5,3,4,6,5,2
0,DeathDescription.LIFETOTAL,10,28.919458389282227,4,4,4,5,3,4
0,DeathDescription.LIFETOTAL,10,22.12810516357422,6,5,1,5,4,3
0,DeathDescription.LIFETOTAL,10,48.259735107421875,5,5,2,5,4,3
1,DeathDescription.LIFETOTAL,15,38.895606994628906,4,3,5,5,6,4
0,DeathDescription.LIFETOTAL,10,38.54227066040039,6,5,1,5,4,3
1,DeathDescription.LIFETOTAL,11,34.77668762207031,2,4,6,5,5,3
0,DeathDescription.LIFETOTAL,10,40.93742370605469,6,4,2,4,3,5
0,DeathDescription.LIFETOTAL,10,39.59488868713379,6,5,1,5,5,2
1,DeathDescription.LIFETOTAL,11,29.571533203125,5,4,3,5,5,3
0,DeathDescription.LIFETOTAL,10,34.19661521911621,5,5,2,5,4,3
1,DeathDescription.LIFETOTAL,11,35.21847724914551,4,4,4,6,5,2
0,DeathDescription.LIFETOTAL,10,23.6051082611084,6,4,2,5,3,4
0,DeathDescription.LIFETOTAL,10,31.684398651123047,3,5,4,5,4,3
0,DeathDescription.LIFETOTAL,12,35.837650299072266,5,6,2,5,4,4
1,DeathDescription.LIFETOTAL,11,29.80327606201172,6,3,3,6,5,2
0,DeathDescription.LIFETOTAL,10,22.89438247680664,5,5,2,5,2,5
0,DeathDescription.LIFETOTAL,10,23.35500717163086,5,6,1,5,4,3
0,DeathDescription.LIFETOTAL,10,24.24168586730957,4,5,3,5,3,4
0,DeathDescription.LIFETOTAL,10,24.288654327392578,4,5,3,5,4,3
0,DeathDescription.LIFETOTAL,10,34.30294990539551,5,5,2,5,0,7
0,DeathDescription.LIFETOTAL,10,27.74834632873535,6,5,1,5,4,3
1,DeathDescription.LIFETOTAL,13,48.65264892578125,3,0,7,6,7,1
0,DeathDescription.LIFETOTAL,12,25.403499603271484,7,5,1,3,2,5
0,DeathDescription.LIFETOTAL,10,26.005983352661133,6,4,2,2,0,7
1,DeathDescription.LIFETOTAL,11,29.088735580444336,4,4,4,6,4,3
0,DeathDescription.LIFETOTAL,10,40.08960723876953,5,5,2,5,2,5
0,DeathDescription.LIFETOTAL,12,31.65721893310547,4,6,3,6,5,2
1,DeathDescription.LIFETOTAL,11,30.907869338989258,5,5,2,6,5,2
0,DeathDescription.LIFETOTAL,10,23.84209632873535,5,5,2,5,4,3
0,DeathDescription.LIFETOTAL,10,39.606571197509766,6,4,2,4,3,5
0,DeathDescription.LIFETOTAL,10,34.430742263793945,5,4,3,5,3,4
0,DeathDescription.LIFETOTAL,10,33.45894813537598,5,5,2,5,4,3
0,DeathDescription.LIFETOTAL,10,22.318124771118164,6,4,2,4,2,6
1,DeathDescription.LIFETOTAL,11,32.2575569152832,6,3,3,5,6,2
0,DeathDescription.LIFETOTAL,10,30.408620834350586,4,6,2,5,3,4
0,DeathDescription.LIFETOTAL,12,105.6828498840332,6,7,0,6,4,3
1,DeathDescription.LIFETOTAL,13,46.874046325683594,7,4,2,7,5,2
1,DeathDescription.LIFETOTAL,11,54.532527923583984,6,4,2,6,4,3
0,DeathDescription.LIFETOTAL,10,24.269580841064453,4,6,2,5,5,2
1,DeathDescription.LIFETOTAL,13,50.48799514770508,3,3,6,5,6,3
1,DeathDescription.LIFETOTAL,11,43.18809509277344,6,3,3,6,5,2
0,DeathDescription.LIFETOTAL,10,28.638362884521484,5,5,2,5,3,4
0,DeathDescription.LIFETOTAL,10,27.965784072875977,4,6,2,5,4,3
1,DeathDescription.LIFETOTAL,11,45.970916748046875,5,3,4,6,5,2
0,DeathDescription.LIFETOTAL,10,49.979209899902344,6,4,2,3,4,5
1,DeathDescription.LIFETOTAL,11,28.824329376220703,4,4,4,6,5,2
0,DeathDescription.LIFETOTAL,10,42.964935302734375,6,5,1,5,4,3
0,DeathDescription.LIFETOTAL,10,28.365373611450195,4,5,3,5,5,2
0,DeathDescription.LIFETOTAL,12,31.105995178222656,5,4,4,6,2,5
0,DeathDescription.LIFETOTAL,10,33.831119537353516,6,5,1,5,3,4
0,DeathDescription.LIFETOTAL,10,23.894071578979492,6,4,2,5,3,4
1,DeathDescription.LIFETOTAL,11,44.783830642700195,4,0,7,5,5,3
0,DeathDescription.LIFETOTAL,10,21.435260772705078,4,5,3,3,3,6
0,DeathDescription.LIFETOTAL,10,33.036231994628906,5,5,2,5,3,4
0,DeathDescription.LIFETOTAL,10,23.217201232910156,6,5,1,5,3,4
1,DeathDescription.LIFETOTAL,11,42.94300079345703,5,4,3,5,6,2
0,DeathDescription.LIFETOTAL,12,30.118703842163086,7,6,0,5,0,7
1,DeathDescription.LIFETOTAL,11,21.710872650146484,3,1,6,6,5,2
0,DeathDescription.LIFETOTAL,10,23.134231567382812,6,4,2,5,0,7
0,DeathDescription.LIFETOTAL,12,41.91303253173828,7,5,1,4,0,7
0,DeathDescription.LIFETOTAL,12,24.053573608398438,6,5,2,2,2,7
0,DeathDescription.LIFETOTAL,12,50.5366325378418,5,5,3,5,2,5
0,DeathDescription.LIFETOTAL,10,27.12726593017578,5,5,2,5,2,5
0,DeathDescription.LIFETOTAL,10,51.43547058105469,6,5,1,5,3,4
0,DeathDescription.LIFETOTAL,12,31.52155876159668,7,5,1,6,4,3
1,DeathDescription.LIFETOTAL,11,28.343677520751953,6,3,3,5,5,3
1,DeathDescription.LIFETOTAL,11,27.50992774963379,3,4,5,6,6,1
0,DeathDescription.LIFETOTAL,10,24.04499053955078,5,5,2,5,4,3
0,DeathDescription.LIFETOTAL,12,24.890899658203125,6,6,1,3,4,6
1,DeathDescription.LIFETOTAL,13,25.05946159362793,7,3,3,5,6,3
0,DeathDescription.LIFETOTAL,10,39.11280632019043,6,4,2,3,4,5
0,DeathDescription.LIFETOTAL,10,28.218984603881836,5,5,2,5,3,4
1,DeathDescription.LIFETOTAL,11,33.284902572631836,3,3,5,6,5,2
0,DeathDescription.LIFETOTAL,12,25.261640548706055,5,5,3,5,5,3
1,DeathDescription.LIFETOTAL,11,43.25079917907715,6,3,3,6,5,2
0,DeathDescription.LIFETOTAL,10,24.550437927246094,6,6,0,5,4,3
0,DeathDescription.LIFETOTAL,12,25.388717651367188,7,6,0,6,4,3
1,DeathDescription.LIFETOTAL,11,23.96416664123535,6,4,2,6,5,2
0,DeathDescription.LIFETOTAL,10,39.56460952758789,4,5,3,5,2,5
1,DeathDescription.LIFETOTAL,11,34.68775749206543,5,1,6,4,5,4
0,DeathDescription.LIFETOTAL,10,32.9740047454834,5,5,2,5,3,4
0,DeathDescription.LIFETOTAL,12,24.001598358154297,7,5,1,4,4,5
0,DeathDescription.LIFETOTAL,10,25.83169937133789,5,5,2,4,0,7
0,DeathDescription.LIFETOTAL,10,26.936769485473633,6,5,1,3,4,5
1,DeathDescription.LIFETOTAL,11,30.94029426574707,4,3,5,6,5,2
1,DeathDescription.LIFETOTAL,13,37.82963752746582,6,3,4,5,6,3
0,DeathDescription.LIFETOTAL,10,26.493072509765625,6,6,0,5,5,2
0,DeathDescription.LIFETOTAL,12,40.268659591674805,5,5,3,6,4,3
0,DeathDescription.LIFETOTAL,12,35.93873977661133,7,5,1,5,4,4
1,DeathDescription.LIFETOTAL,11,29.30283546447754,3,3,6,5,5,3
1,DeathDescription.LIFETOTAL,11,51.65529251098633,6,1,5,6,5,2
1,DeathDescription.LIFETOTAL,11,29.24036979675293,5,3,4,4,5,4
1,DeathDescription.LIFETOTAL,11,37.96863555908203,6,3,3,6,5,2
0,DeathDescription.LIFETOTAL,10,28.057098388671875,5,5,2,5,4,3
0,DeathDescription.LIFETOTAL,10,65.13619422912598,5,4,3,5,3,4
0,DeathDescription.LIFETOTAL,10,34.158945083618164,6,4,2,5,4,3
0,DeathDescription.LIFETOTAL,10,21.607398986816406,3,5,4,5,3,4
1,DeathDescription.LIFETOTAL,11,25.6650447845459,6,5,1,6,6,1
0,DeathDescription.LIFETOTAL,10,24.222612380981445,6,5,1,3,4,5
0,DeathDescription.LIFETOTAL,10,36.124467849731445,5,5,2,5,3,4
0,DeathDescription.LIFETOTAL,10,28.15985679626465,6,5,1,5,3,4
0,DeathDescription.LIFETOTAL,12,41.08119010925293,5,6,2,6,5,2
1,DeathDescription.LIFETOTAL,11,33.59365463256836,2,0,7,3,5,5
1,DeathDescription.LIFETOTAL,11,33.68425369262695,2,1,6,5,5,3
0,DeathDescription.LIFETOTAL,10,32.74345397949219,5,5,2,4,3,5
0,DeathDescription.LIFETOTAL,12,32.41109848022461,6,5,2,3,4,6
0,DeathDescription.LIFETOTAL,10,28.202295303344727,5,4,3,5,4,3
0,DeathDescription.LIFETOTAL,10,23.003816604614258,5,5,2,4,2,6
0,DeathDescription.LIFETOTAL,10,37.23478317260742,6,5,1,5,5,2
0,DeathDescription.LIFETOTAL,10,32.22060203552246,5,5,2,5,5,2
1,DeathDescription.LIFETOTAL,11,45.223236083984375,6,4,2,6,5,2
1,DeathDescription.LIFETOTAL,11,39.9167537689209,6,4,2,6,4,3
0,DeathDescription.LIFETOTAL,12,24.143695831298828,2,3,8,6,4,3
0,DeathDescription.LIFETOTAL,12,44.45362091064453,7,4,2,6,4,3
0,DeathDescription.LIFETOTAL,10,25.038957595825195,6,4,2,5,3,4
0,DeathDescription.LIFETOTAL,12,26.806354522705078,6,6,1,6,1,6
1,DeathDescription.LIFETOTAL,11,39.5967960357666,5,0,7,6,6,1
0,DeathDescription.LIFETOTAL,10,35.55631637573242,4,5,3,5,3,4
0,DeathDescription.LIFETOTAL,10,38.73276710510254,6,5,1,3,4,5
1,DeathDescription.LIFETOTAL,11,37.99748420715332,3,4,5,3,5,5
0,DeathDescription.LIFETOTAL,12,47.611236572265625,5,6,2,6,4,3
0,DeathDescription.LIFETOTAL,10,33.34331512451172,6,5,1,3,1,6
1,DeathDescription.LIFETOTAL,11,32.715797424316406,5,2,5,6,5,2
1,DeathDescription.LIFETOTAL,13,31.839609146118164,5,5,3,5,5,4
1,DeathDescription.LIFETOTAL,13,37.85586357116699,7,3,3,7,5,2
0,DeathDescription.LIFETOTAL,12,26.12781524658203,6,5,2,6,4,3
1,DeathDescription.LIFETOTAL,11,28.505802154541016,5,4,3,6,4,3
0,DeathDescription.LIFETOTAL,10,45.54343223571777,6,4,2,3,4,5
1,DeathDescription.LIFETOTAL,11,22.68671989440918,2,0,7,6,4,3
1,DeathDescription.LIFETOTAL,11,44.54636573791504,5,4,3,6,5,2
0,DeathDescription.LIFETOTAL,10,34.86776351928711,6,6,0,5,0,7
0,DeathDescription.LIFETOTAL,10,34.59429740905762,6,5,1,5,3,4
0,DeathDescription.LIFETOTAL,10,20.848751068115234,6,3,3,3,3,6
0,DeathDescription.LIFETOTAL,10,23.445844650268555,6,5,1,5,2,5
0,DeathDescription.LIFETOTAL,10,27.867794036865234,6,5,1,5,5,2
0,DeathDescription.LIFETOTAL,10,38.78617286682129,5,5,2,5,4,3
1,DeathDescription.LIFETOTAL,11,23.975372314453125,4,4,4,6,4,3
0,DeathDescription.LIFETOTAL,12,36.405324935913086,7,6,0,6,5,2
0,DeathDescription.LIFETOTAL,10,35.63094139099121,6,4,2,5,3,4
0,DeathDescription.LIFETOTAL,12,31.956195831298828,7,6,0,6,4,3
0,DeathDescription.LIFETOTAL,12,25.4056453704834,4,5,4,5,5,3
0,DeathDescription.LIFETOTAL,10,28.43189239501953,6,6,0,5,3,4
0,DeathDescription.LIFETOTAL,12,28.32794189453125,5,5,3,6,4,3
0,DeathDescription.LIFETOTAL,12,72.80635833740234,7,6,0,6,2,5
1,DeathDescription.LIFETOTAL,11,29.60491180419922,5,3,4,5,5,3
0,DeathDescription.LIFETOTAL,10,55.42778968811035,3,5,4,5,4,3
1,DeathDescription.LIFETOTAL,13,44.65174674987793,6,3,4,7,5,2
0,DeathDescription.LIFETOTAL,10,28.6102294921875,3,5,4,5,4,3
1,DeathDescription.LIFETOTAL,11,27.940750122070312,5,2,5,4,5,4
1,DeathDescription.LIFETOTAL,13,37.706851959228516,4,3,5,5,6,3
0,DeathDescription.LIFETOTAL,10,28.287172317504883,4,5,3,5,0,7
0,DeathDescription.LIFETOTAL,10,24.112462997436523,6,4,2,5,3,4
0,DeathDescription.LIFETOTAL,10,23.386001586914062,6,6,0,5,3,4
0,DeathDescription.LIFETOTAL,10,46.80037498474121,6,5,1,5,3,4
0,DeathDescription.LIFETOTAL,12,29.834747314453125,5,5,3,6,4,3
1,DeathDescription.LIFETOTAL,11,38.680076599121094,6,1,5,6,4,3
0,DeathDescription.LIFETOTAL,10,22.525787353515625,4,5,3,5,0,7
1,DeathDescription.LIFETOTAL,11,28.082609176635742,3,4,5,6,5,2
0,DeathDescription.LIFETOTAL,10,29.380321502685547,4,5,3,5,4,3
0,DeathDescription.LIFETOTAL,10,28.195619583129883,3,5,4,5,3,4
0,DeathDescription.LIFETOTAL,10,28.256893157958984,5,5,2,5,4,3
0,DeathDescription.LIFETOTAL,12,38.625478744506836,7,3,3,6,5,2
0,DeathDescription.LIFETOTAL,10,31.01372718811035,4,5,3,4,4,4
1,DeathDescription.LIFETOTAL,11,26.971817016601562,6,5,1,4,5,4
1,DeathDescription.LIFETOTAL,13,35.21013259887695,5,4,4,6,6,2
0,DeathDescription.LIFETOTAL,10,49.78656768798828,6,6,0,5,3,4
1,DeathDescription.LIFETOTAL,11,42.00100898742676,4,4,4,5,5,3
0,DeathDescription.LIFETOTAL,10,31.78262710571289,5,5,2,5,3,4
0,DeathDescription.LIFETOTAL,12,25.101423263549805,7,5,1,6,3,4
0,DeathDescription.LIFETOTAL,10,35.98904609680176,6,5,1,5,3,4
0,DeathDescription.LIFETOTAL,10,33.79082679748535,5,4,3,5,5,2
0,DeathDescription.LIFETOTAL,10,22.249937057495117,6,4,2,4,4,4
1,DeathDescription.LIFETOTAL,11,24.59549903869629,4,4,4,6,4,3
0,DeathDescription.LIFETOTAL,10,35.96997261047363,6,4,2,5,5,2
0,DeathDescription.LIFETOTAL,10,38.62285614013672,5,5,2,5,4,3
0,DeathDescription.LIFETOTAL,10,28.76424789428711,6,5,1,5,3,4
0,DeathDescription.LIFETOTAL,10,21.877288818359375,6,4,2,5,4,3
1,DeathDescription.LIFETOTAL,11,40.756940841674805,6,4,2,5,7,1
0,DeathDescription.LIFETOTAL,10,23.507356643676758,6,4,2,4,4,4
1,DeathDescription.LIFETOTAL,11,24.112701416015625,4,4,4,6,5,2
1,DeathDescription.LIFETOTAL,13,31.015634536743164,7,5,1,6,7,1
1,DeathDescription.LIFETOTAL,11,57.02567100524902,6,4,2,4,5,4
0,DeathDescription.LIFETOTAL,10,28.98716926574707,5,5,2,5,4,3
1,DeathDescription.LIFETOTAL,11,23.277997970581055,6,4,2,5,6,2
0,DeathDescription.LIFETOTAL,12,29.826879501342773,6,7,0,6,3,4
1,DeathDescription.LIFETOTAL,11,46.4780330657959,6,5,1,6,5,2
0,DeathDescription.LIFETOTAL,10,24.596691131591797,5,5,2,5,4,3
1,DeathDescription.LIFETOTAL,11,24.228334426879883,5,4,3,6,5,2
1,DeathDescription.LIFETOTAL,11,27.53448486328125,6,4,2,5,4,4
0,DeathDescription.LIFETOTAL,10,29.98065948486328,4,5,3,5,4,3
0,DeathDescription.LIFETOTAL,12,31.88180923461914,6,6,1,5,2,5
0,DeathDescription.LIFETOTAL,10,23.01621437072754,4,5,3,4,0,7
0,DeathDescription.LIFETOTAL,10,22.822141647338867,5,6,1,5,2,5
1,DeathDescription.LIFETOTAL,11,45.359134674072266,6,4,2,6,5,2
1,DeathDescription.LIFETOTAL,11,40.71354866027832,6,3,3,6,4,3
0,DeathDescription.LIFETOTAL,10,28.804779052734375,5,4,3,4,4,4
0,DeathDescription.LIFETOTAL,12,46.90098762512207,7,5,1,6,4,3
0,DeathDescription.LIFETOTAL,10,32.31191635131836,3,5,4,5,4,3
0,DeathDescription.LIFETOTAL,12,31.25143051147461,7,5,1,3,4,6
1,DeathDescription.LIFETOTAL,11,30.00640869140625,6,3,3,6,5,2
0,DeathDescription.LIFETOTAL,12,35.25185585021973,7,6,0,6,4,3
1,DeathDescription.LIFETOTAL,15,61.00726127624512,4,0,7,5,6,2
0,DeathDescription.LIFETOTAL,10,33.617496490478516,4,5,3,5,3,4
0,DeathDescription.LIFETOTAL,10,23.84638786315918,5,6,1,5,4,3
0,DeathDescription.LIFETOTAL,10,22.122859954833984,3,5,4,5,3,4
0,DeathDescription.LIFETOTAL,10,37.36615180969238,5,5,2,5,4,3
0,DeathDescription.LIFETOTAL,10,25.32196044921875,5,5,2,3,3,6
0,DeathDescription.LIFETOTAL,10,43.9608097076416,4,5,3,5,4,3
0,DeathDescription.LIFETOTAL,10,32.92965888977051,5,6,1,5,4,3
1,DeathDescription.LIFETOTAL,11,30.567407608032227,5,4,3,4,5,4
0,DeathDescription.LIFETOTAL,10,24.67632293701172,6,5,1,3,4,5
0,DeathDescription.LIFETOTAL,10,44.0061092376709,6,5,1,2,4,6
1,DeathDescription.LIFETOTAL,11,34.67535972595215,5,2,5,5,5,3
1,DeathDescription.LIFETOTAL,11,31.964778900146484,3,0,7,6,4,3
0,DeathDescription.LIFETOTAL,12,27.645111083984375,7,4,2,5,0,7
0,DeathDescription.LIFETOTAL,10,30.751705169677734,6,5,1,5,4,3
0,DeathDescription.LIFETOTAL,10,30.297279357910156,5,4,3,5,5,2
1,DeathDescription.LIFETOTAL,11,46.254634857177734,4,4,4,4,5,4
1,DeathDescription.LIFETOTAL,11,50.228118896484375,2,2,7,6,6,1
0,DeathDescription.LIFETOTAL,10,33.153533935546875,5,5,2,5,4,3
0,DeathDescription.LIFETOTAL,10,33.69402885437012,5,6,1,5,4,3
0,DeathDescription.LIFETOTAL,10,50.41813850402832,3,5,4,5,4,3
0,DeathDescription.LIFETOTAL,10,29.149770736694336,4,5,3,5,4,3
1,DeathDescription.LIFETOTAL,11,25.812864303588867,6,4,2,6,5,2
0,DeathDescription.LIFETOTAL,10,31.096935272216797,6,6,0,5,3,4
1,DeathDescription.LIFETOTAL,11,39.78323936462402,6,4,2,5,5,3
0,DeathDescription.LIFETOTAL,10,24.286985397338867,6,5,1,5,3,4
0,DeathDescription.LIFETOTAL,10,36.768436431884766,3,5,4,5,4,3
1,DeathDescription.LIFETOTAL,11,37.02259063720703,4,3,5,4,5,4
1,DeathDescription.LIFETOTAL,13,41.44883155822754,6,3,4,7,4,3
1,DeathDescription.LIFETOTAL,13,31.261205673217773,6,1,6,7,5,2
1,DeathDescription.LIFETOTAL,11,61.90180778503418,6,4,2,6,5,2
0,DeathDescription.LIFETOTAL,10,23.544788360595703,6,5,1,4,3,5
1,DeathDescription.LIFETOTAL,11,28.170108795166016,6,2,4,5,6,2
0,DeathDescription.LIFETOTAL,12,42.53578186035156,7,4,2,6,4,3
0,DeathDescription.LIFETOTAL,10,23.484230041503906,6,4,2,5,3,4
1,DeathDescription.LIFETOTAL,13,42.290687561035156,5,5,3,6,6,2
1,DeathDescription.LIFETOTAL,11,38.286685943603516,3,4,5,5,5,3
0,DeathDescription.LIFETOTAL,10,28.017759323120117,4,5,3,4,3,5
0,DeathDescription.LIFETOTAL,10,23.29111099243164,3,5,4,5,3,4
1,DeathDescription.LIFETOTAL,11,49.68428611755371,5,3,4,5,4,4
0,DeathDescription.LIFETOTAL,10,35.60376167297363,5,5,2,4,3,5
0,DeathDescription.LIFETOTAL,10,34.35111045837402,6,5,1,5,2,5
0,DeathDescription.LIFETOTAL,12,25.016069412231445,6,5,2,5,4,4
0,DeathDescription.LIFETOTAL,10,43.92886161804199,5,5,2,5,4,3
1,DeathDescription.LIFETOTAL,11,41.15653038024902,4,4,4,5,4,4
0,DeathDescription.LIFETOTAL,10,33.32066535949707,5,5,2,5,3,4
1,DeathDescription.LIFETOTAL,11,35.24923324584961,4,4,4,6,5,2
1,DeathDescription.LIFETOTAL,11,36.89408302307129,6,5,1,6,5,2
0,DeathDescription.LIFETOTAL,10,24.759292602539062,6,5,1,5,3,4
0,DeathDescription.LIFETOTAL,10,23.726224899291992,6,5,1,5,3,4
0,DeathDescription.LIFETOTAL,10,23.822307586669922,6,5,1,5,3,4
0,DeathDescription.LIFETOTAL,10,30.652999877929688,4,5,3,4,2,5
0,DeathDescription.LIFETOTAL,10,39.32642936706543,4,5,3,5,4,3
0,DeathDescription.LIFETOTAL,14,27.393341064453125,7,6,1,7,0,7
1,DeathDescription.LIFETOTAL,13,27.933597564697266,4,4,4,7,5,2
0,DeathDescription.LIFETOTAL,10,41.66150093078613,6,5,1,4,4,4
0,DeathDescription.LIFETOTAL,10,36.237239837646484,4,5,3,5,4,3
1,DeathDescription.LIFETOTAL,11,35.33291816711426,4,0,7,4,6,3
0,DeathDescription.LIFETOTAL,12,23.470163345336914,5,5,3,6,4,3
0,DeathDescription.LIFETOTAL,12,43.3957576751709,7,4,2,6,5,2
0,DeathDescription.LIFETOTAL,10,21.73590660095215,6,6,0,5,2,5
1,DeathDescription.LIFETOTAL,11,30.266523361206055,5,3,4,6,7,0
0,DeathDescription.LIFETOTAL,10,34.13963317871094,6,5,1,4,4,4
0,DeathDescription.LIFETOTAL,10,40.316104888916016,5,6,1,4,3,5
0,DeathDescription.LIFETOTAL,10,40.55023193359375,6,5,1,5,3,4
1,DeathDescription.LIFETOTAL,11,23.128509521484375,4,0,7,6,6,1
0,DeathDescription.LIFETOTAL,12,23.77009391784668,7,5,1,4,4,5
1,DeathDescription.LIFETOTAL,11,36.13877296447754,6,4,2,5,5,3
1,DeathDescription.LIFETOTAL,11,30.20477294921875,4,0,7,5,5,3
0,DeathDescription.LIFETOTAL,12,30.97248077392578,5,5,3,6,3,4
0,DeathDescription.LIFETOTAL,12,25.218963623046875,4,5,4,6,4,3
1,DeathDescription.LIFETOTAL,11,40.73476791381836,4,4,4,6,4,3
1,DeathDescription.LIFETOTAL,13,44.722795486450195,6,4,3,7,6,1
0,DeathDescription.LIFETOTAL,10,32.54199028015137,6,6,0,4,3,5
0,DeathDescription.LIFETOTAL,10,34.15393829345703,6,5,1,5,2,5
1,DeathDescription.LIFETOTAL,11,26.151180267333984,6,4,2,6,6,1
0,DeathDescription.LIFETOTAL,10,26.026010513305664,6,6,0,5,5,2
0,DeathDescription.LIFETOTAL,12,26.725292205810547,6,5,2,6,4,3
1,DeathDescription.LIFETOTAL,11,29.076337814331055,6,5,1,4,6,3
1,DeathDescription.LIFETOTAL,11,26.057004928588867,3,0,7,5,5,3
1,DeathDescription.LIFETOTAL,11,31.151771545410156,6,5,1,5,4,4
0,DeathDescription.LIFETOTAL,10,29.14738655090332,5,5,2,5,3,4
0,DeathDescription.LIFETOTAL,12,28.42116355895996,6,6,1,6,5,2
1,DeathDescription.LIFETOTAL,13,32.019853591918945,7,3,3,7,5,2
1,DeathDescription.LIFETOTAL,13,30.92479705810547,5,5,3,5,6,3
0,DeathDescription.LIFETOTAL,10,29.407262802124023,6,5,1,5,4,3
0,DeathDescription.LIFETOTAL,10,48.0959415435791,5,5,2,5,1,6
1,DeathDescription.LIFETOTAL,11,35.77899932861328,4,5,3,3,5,5
1,DeathDescription.LIFETOTAL,11,39.849281311035156,5,4,3,6,5,2
1,DeathDescription.LIFETOTAL,11,26.73196792602539,2,0,7,6,4,3
1,DeathDescription.LIFETOTAL,11,23.16427230834961,6,3,3,5,5,3
1,DeathDescription.LIFETOTAL,11,45.30692100524902,5,4,3,6,5,2
1,DeathDescription.LIFETOTAL,11,37.427663803100586,5,3,4,6,5,2
1,DeathDescription.LIFETOTAL,15,29.944658279418945,5,2,5,5,6,4
0,DeathDescription.LIFETOTAL,10,32.457828521728516,5,5,2,5,5,2
1,DeathDescription.LIFETOTAL,11,33.0348014831543,4,4,4,6,6,1
0,DeathDescription.LIFETOTAL,10,38.96045684814453,6,4,2,5,0,7
0,DeathDescription.LIFETOTAL,10,23.965120315551758,6,5,1,3,4,5
0,DeathDescription.LIFETOTAL,10,22.621631622314453,6,4,2,5,0,7
1,DeathDescription.LIFETOTAL,11,35.15982627868652,6,3,3,6,4,3
1,DeathDescription.LIFETOTAL,13,38.89584541320801,4,3,5,6,6,2
0,DeathDescription.LIFETOTAL,10,35.463809967041016,5,5,2,4,4,4
0,DeathDescription.LIFETOTAL,10,30.252456665039062,5,4,3,4,4,4
0,DeathDescription.LIFETOTAL,10,34.90948677062988,6,4,2,2,0,7
0,DeathDescription.LIFETOTAL,10,50.67944526672363,5,6,1,5,4,3
0,DeathDescription.LIFETOTAL,12,29.821157455444336,7,6,0,6,4,3
0,DeathDescription.LIFETOTAL,10,33.85424613952637,4,5,3,4,3,5
0,DeathDescription.LIFETOTAL,12,48.36583137512207,6,5,2,4,4,5
0,DeathDescription.LIFETOTAL,10,27.58646011352539,6,5,1,5,4,3
0,DeathDescription.LIFETOTAL,12,23.5440731048584,6,4,3,5,4,4
0,DeathDescription.LIFETOTAL,10,38.11955451965332,6,4,2,5,4,3
0,DeathDescription.LIFETOTAL,12,38.99359703063965,6,6,1,6,2,5
0,DeathDescription.LIFETOTAL,12,27.07052230834961,7,5,1,6,4,3
0,DeathDescription.LIFETOTAL,10,28.672456741333008,5,5,2,3,4,5
0,DeathDescription.LIFETOTAL,12,30.298233032226562,6,5,2,6,5,2
1,DeathDescription.LIFETOTAL,11,41.3823127746582,6,2,4,6,5,2
0,DeathDescription.LIFETOTAL,10,41.929006576538086,6,4,2,3,4,5
0,DeathDescription.LIFETOTAL,10,25.65312385559082,6,6,0,5,3,4
0,DeathDescription.LIFETOTAL,10,25.15244483947754,5,5,2,5,3,4
1,DeathDescription.LIFETOTAL,13,29.432058334350586,7,0,6,7,4,3
0,DeathDescription.LIFETOTAL,12,32.20653533935547,7,5,1,4,5,4
0,DeathDescription.LIFETOTAL,10,33.12516212463379,5,5,2,5,1,6
0,DeathDescription.LIFETOTAL,10,36.78441047668457,4,5,3,3,3,6
0,DeathDescription.LIFETOTAL,10,33.94055366516113,6,6,0,5,2,5
0,DeathDescription.LIFETOTAL,10,33.74910354614258,6,5,1,5,3,4
1,DeathDescription.LIFETOTAL,13,39.01076316833496,2,0,7,5,5,4
0,DeathDescription.LIFETOTAL,10,27.034997940063477,5,5,2,5,4,3
1,DeathDescription.LIFETOTAL,13,55.40633201599121,7,5,1,7,5,2
0,DeathDescription.LIFETOTAL,10,23.48041534423828,6,5,1,5,3,4
1,DeathDescription.LIFETOTAL,11,31.015872955322266,6,4,2,5,5,3
0,DeathDescription.LIFETOTAL,10,25.12335777282715,5,5,2,5,4,3
0,DeathDescription.LIFETOTAL,12,46.35047912597656,5,5,3,6,4,3
0,DeathDescription.LIFETOTAL,12,35.74037551879883,4,5,4,6,4,3
0,DeathDescription.LIFETOTAL,10,25.852441787719727,6,5,1,3,4,5
1,DeathDescription.LIFETOTAL,13,43.267011642456055,5,1,6,7,6,1
0,DeathDescription.LIFETOTAL,12,34.828901290893555,6,5,2,5,4,4
1,DeathDescription.LIFETOTAL,11,38.2845401763916,4,3,5,5,6,2
0,DeathDescription.LIFETOTAL,12,31.241655349731445,6,5,2,6,2,5
1,DeathDescription.LIFETOTAL,11,23.329973220825195,3,0,7,6,4,3
1,DeathDescription.LIFETOTAL,11,30.004024505615234,6,4,2,6,6,1
0,DeathDescription.LIFETOTAL,10,22.851943969726562,6,5,1,5,4,3
0,DeathDescription.LIFETOTAL,12,48.614501953125,7,4,2,5,5,3
0,DeathDescription.LIFETOTAL,12,36.02790832519531,7,6,0,6,5,2
1,DeathDescription.LIFETOTAL,11,24.283170700073242,5,4,3,6,5,2
1,DeathDescription.LIFETOTAL,11,34.03663635253906,6,4,2,6,5,2
0,DeathDescription.LIFETOTAL,12,32.67621994018555,6,6,1,4,4,5
0,DeathDescription.LIFETOTAL,14,33.28895568847656,7,7,0,5,5,4
0,DeathDescription.LIFETOTAL,10,22.90511131286621,5,5,2,5,3,4
1,DeathDescription.LIFETOTAL,13,25.619029998779297,3,0,7,6,6,2
0,DeathDescription.LIFETOTAL,10,41.84222221374512,4,5,3,5,3,4
0,DeathDescription.LIFETOTAL,10,24.96051788330078,6,4,2,5,5,2
1,DeathDescription.LIFETOTAL,11,28.264999389648438,6,4,2,5,5,3
1,DeathDescription.LIFETOTAL,11,25.62260627746582,6,4,2,6,5,2
1,DeathDescription.LIFETOTAL,11,56.76698684692383,6,3,3,6,5,2
0,DeathDescription.LIFETOTAL,10,28.37657928466797,5,3,4,5,3,4
0,DeathDescription.LIFETOTAL,10,43.540239334106445,6,3,3,3,4,5
0,DeathDescription.LIFETOTAL,12,24.407625198364258,3,4,6,6,5,2
0,DeathDescription.LIFETOTAL,10,36.60273551940918,5,6,1,3,0,7
1,DeathDescription.LIFETOTAL,13,28.644323348999023,4,0,7,7,5,2
0,DeathDescription.LIFETOTAL,10,23.257732391357422,6,5,1,5,4,3
0,DeathDescription.LIFETOTAL,12,24.12700653076172,7,5,1,5,4,4
0,DeathDescription.LIFETOTAL,10,35.79115867614746,6,5,1,4,0,7
0,DeathDescription.LIFETOTAL,10,29.87074851989746,4,5,3,5,4,3
1,DeathDescription.LIFETOTAL,11,25.14934539794922,6,3,3,6,5,2
0,DeathDescription.LIFETOTAL,10,28.61189842224121,5,5,2,5,1,6
0,DeathDescription.LIFETOTAL,10,43.213844299316406,6,3,3,5,4,3
1,DeathDescription.LIFETOTAL,11,33.94055366516113,3,0,7,6,5,2
0,DeathDescription.LIFETOTAL,10,28.28526496887207,3,5,4,5,4,3
0,DeathDescription.LIFETOTAL,10,23.376941680908203,6,5,1,5,3,4
0,DeathDescription.LIFETOTAL,10,36.52358055114746,3,5,4,5,3,4
0,DeathDescription.LIFETOTAL,10,24.81245994567871,5,5,2,4,4,4
0,DeathDescription.LIFETOTAL,10,29.132604598999023,6,5,1,5,4,3
1,DeathDescription.LIFETOTAL,11,29.37793731689453,6,5,1,5,5,3
0,DeathDescription.LIFETOTAL,10,44.8153018951416,6,5,1,4,1,6
0,DeathDescription.LIFETOTAL,10,34.48677062988281,4,4,4,4,3,5
0,DeathDescription.LIFETOTAL,12,24.231910705566406,7,4,2,4,4,5
1,DeathDescription.LIFETOTAL,13,24.878501892089844,3,1,6,7,6,1
0,DeathDescription.LIFETOTAL,10,30.881643295288086,4,5,3,5,3,4
1,DeathDescription.LIFETOTAL,11,35.74705123901367,6,3,3,5,6,2
0,DeathDescription.LIFETOTAL,12,25.611400604248047,7,5,1,6,5,2
0,DeathDescription.LIFETOTAL,10,27.260780334472656,4,5,3,5,4,3
0,DeathDescription.LIFETOTAL,10,31.07428550720215,5,6,1,4,3,5
0,DeathDescription.LIFETOTAL,12,43.62201690673828,6,5,2,6,2,5
1,DeathDescription.LIFETOTAL,13,33.23030471801758,3,3,6,7,5,2
0,DeathDescription.LIFETOTAL,10,32.78303146362305,5,4,3,4,3,5
1,DeathDescription.LIFETOTAL,13,39.37959671020508,4,0,7,6,6,2
0,DeathDescription.LIFETOTAL,12,40.48323631286621,4,5,4,4,3,6
0,DeathDescription.LIFETOTAL,10,28.48052978515625,5,6,1,5,3,4
1,DeathDescription.LIFETOTAL,11,33.9818000793457,5,5,2,5,5,3
0,DeathDescription.LIFETOTAL,10,28.740644454956055,4,5,3,5,4,3
1,DeathDescription.LIFETOTAL,11,50.284385681152344,4,4,4,2,5,6
0,DeathDescription.LIFETOTAL,12,24.13010597229004,7,5,1,5,3,5
0,DeathDescription.LIFETOTAL,10,32.92989730834961,6,5,1,5,1,6
1,DeathDescription.LIFETOTAL,11,55.13501167297363,6,4,2,4,6,3
1,DeathDescription.LIFETOTAL,13,52.01840400695801,7,3,3,5,7,2
0,DeathDescription.LIFETOTAL,10,22.27497100830078,5,5,2,4,4,4
0,DeathDescription.LIFETOTAL,10,55.49168586730957,6,4,2,5,0,7
0,DeathDescription.LIFETOTAL,12,25.958776473999023,4,6,3,6,4,3
1,DeathDescription.LIFETOTAL,15,28.850078582763672,7,5,2,8,3,4
1,DeathDescription.LIFETOTAL,11,36.86928749084473,6,4,2,5,6,2
1,DeathDescription.LIFETOTAL,11,24.2769718170166,5,4,3,4,5,4
0,DeathDescription.LIFETOTAL,10,26.978731155395508,5,5,2,4,2,5
0,DeathDescription.LIFETOTAL,12,23.93484115600586,6,6,1,3,3,5
0,DeathDescription.LIFETOTAL,10,36.35430335998535,6,5,1,5,3,4
0,DeathDescription.LIFETOTAL,10,29.59275245666504,6,5,1,4,4,4
0,DeathDescription.LIFETOTAL,12,35.21466255187988,5,7,1,3,4,6
0,DeathDescription.LIFETOTAL,10,27.614593505859375,4,5,3,5,4,3
0,DeathDescription.LIFETOTAL,10,30.490636825561523,5,5,2,4,4,4
1,DeathDescription.LIFETOTAL,11,35.13836860656738,6,3,3,3,5,5
0,DeathDescription.LIFETOTAL,10,27.940750122070312,5,5,2,5,3,4
1,DeathDescription.LIFETOTAL,11,37.568092346191406,4,3,5,5,5,3
1,DeathDescription.LIFETOTAL,15,36.03506088256836,7,0,7,5,5,3
0,DeathDescription.LIFETOTAL,10,39.12067413330078,6,4,2,4,4,4
0,DeathDescription.LIFETOTAL,10,21.66438102722168,6,4,2,5,4,3
0,DeathDescription.LIFETOTAL,10,32.492876052856445,6,5,1,3,4,5
0,DeathDescription.LIFETOTAL,10,39.75653648376465,5,5,2,5,4,3
1,DeathDescription.LIFETOTAL,11,37.110328674316406,5,3,4,5,4,4
0,DeathDescription.LIFETOTAL,10,29.944181442260742,5,5,2,5,2,5
1,DeathDescription.LIFETOTAL,11,50.27604103088379,6,4,2,6,6,1
0,DeathDescription.LIFETOTAL,10,30.008316040039062,4,5,3,5,4,3
1,DeathDescription.LIFETOTAL,25,48.58708381652832,7,6,2,6,5,3
1,DeathDescription.LIFETOTAL,13,26.358604431152344,5,2,5,4,5,5
0,DeathDescription.LIFETOTAL,12,43.30801963806152,5,6,2,6,5,2
1,DeathDescription.LIFETOTAL,11,45.19963264465332,6,4,2,6,4,3
1,DeathDescription.LIFETOTAL,11,29.895305633544922,4,4,4,6,5,2
0,DeathDescription.LIFETOTAL,10,31.142234802246094,6,5,1,4,0,7
0,DeathDescription.LIFETOTAL,10,29.57463264465332,3,5,4,5,4,3
1,DeathDescription.LIFETOTAL,11,45.38774490356445,6,4,2,6,5,2
0,DeathDescription.LIFETOTAL,14,35.63952445983887,5,6,2,6,0,7
0,DeathDescription.LIFETOTAL,10,29.943466186523438,6,5,1,4,3,5
0,DeathDescription.LIFETOTAL,10,43.78390312194824,4,5,3,4,3,5
0,DeathDescription.LIFETOTAL,10,41.18227958679199,6,4,2,5,3,4
0,DeathDescription.LIFETOTAL,10,49.91555213928223,5,5,2,5,3,4
0,DeathDescription.LIFETOTAL,10,23.301362991333008,5,6,1,5,2,5
0,DeathDescription.LIFETOTAL,10,33.89859199523926,6,5,1,5,4,3
0,DeathDescription.LIFETOTAL,10,23.800134658813477,5,6,1,5,3,4
1,DeathDescription.LIFETOTAL,11,30.789852142333984,6,3,3,6,5,2
0,DeathDescription.LIFETOTAL,10,30.406713485717773,4,6,2,4,4,4
0,DeathDescription.LIFETOTAL,10,30.241727828979492,3,5,4,4,3,5
1,DeathDescription.LIFETOTAL,11,39.62826728820801,6,4,2,6,5,2
0,DeathDescription.LIFETOTAL,12,30.28082847595215,6,5,2,6,2,5
0,DeathDescription.LIFETOTAL,12,43.088674545288086,6,5,2,6,4,3
1,DeathDescription.LIFETOTAL,13,30.46727180480957,3,4,6,4,6,4
0,DeathDescription.LIFETOTAL,12,29.5865535736084,6,5,2,6,3,4
0,DeathDescription.LIFETOTAL,10,37.12868690490723,6,4,2,5,4,3
1,DeathDescription.LIFETOTAL,11,51.80954933166504,5,5,2,5,5,3
0,DeathDescription.LIFETOTAL,10,27.533292770385742,5,4,3,2,0,7
0,DeathDescription.LIFETOTAL,10,28.022289276123047,5,5,2,4,4,4
0,DeathDescription.LIFETOTAL,10,25.139808654785156,4,5,3,5,4,3
1,DeathDescription.LIFETOTAL,11,28.18465232849121,4,0,7,6,4,3
1,DeathDescription.LIFETOTAL,11,23.988723754882812,4,4,4,5,5,3
0,DeathDescription.LIFETOTAL,12,47.54328727722168,5,5,3,4,0,7
1,DeathDescription.LIFETOTAL,11,28.136491775512695,2,3,7,5,5,3
0,DeathDescription.LIFETOTAL,10,37.010908126831055,3,5,4,4,4,4
1,DeathDescription.LIFETOTAL,13,47.21808433532715,4,3,5,6,6,2
1,DeathDescription.LIFETOTAL,13,28.90777587890625,7,6,0,5,5,4
0,DeathDescription.LIFETOTAL,10,30.23386001586914,4,6,2,5,3,4
1,DeathDescription.LIFETOTAL,11,29.036283493041992,6,3,3,6,6,1
0,DeathDescription.LIFETOTAL,10,23.284435272216797,6,5,1,5,4,3
0,DeathDescription.LIFETOTAL,10,26.93963050842285,4,5,3,5,4,3
1,DeathDescription.LIFETOTAL,11,34.406423568725586,4,1,6,6,5,2
0,DeathDescription.LIFETOTAL,10,23.633956909179688,5,4,3,5,4,3
0,DeathDescription.LIFETOTAL,12,26.889562606811523,5,5,3,5,4,4
0,DeathDescription.LIFETOTAL,12,49.31282997131348,6,5,2,6,4,3
0,DeathDescription.LIFETOTAL,12,39.505958557128906,7,5,1,4,0,7
0,DeathDescription.LIFETOTAL,10,47.41191864013672,5,5,2,3,2,5
0,DeathDescription.LIFETOTAL,10,21.580219268798828,6,5,1,5,4,3
1,DeathDescription.LIFETOTAL,11,37.00852394104004,4,4,4,4,5,4
0,DeathDescription.LIFETOTAL,10,33.56170654296875,6,5,1,3,0,7
1,DeathDescription.LIFETOTAL,13,31.84795379638672,5,0,7,5,5,4
1,DeathDescription.LIFETOTAL,11,22.91703224182129,6,4,2,6,5,2
0,DeathDescription.LIFETOTAL,12,30.763626098632812,6,6,1,4,4,5
1,DeathDescription.LIFETOTAL,15,40.68326950073242,3,4,6,7,8,0
1,DeathDescription.LIFETOTAL,11,40.564537048339844,4,0,7,5,5,3
1,DeathDescription.LIFETOTAL,11,24.88851547241211,6,4,2,6,4,3
0,DeathDescription.LIFETOTAL,12,42.59991645812988,5,6,2,6,4,3
0,DeathDescription.LIFETOTAL,12,29.979467391967773,5,5,3,5,2,6
0,DeathDescription.LIFETOTAL,12,24.84440803527832,5,4,4,5,3,5
0,DeathDescription.LIFETOTAL,12,25.591135025024414,6,5,2,6,5,2
0,DeathDescription.LIFETOTAL,10,57.709693908691406,4,5,3,5,2,5
0,DeathDescription.LIFETOTAL,12,38.76924514770508,7,4,2,6,5,2
0,DeathDescription.LIFETOTAL,10,39.49785232543945,3,5,4,4,4,4
1,DeathDescription.LIFETOTAL,11,24.338245391845703,5,2,5,6,5,2
0,DeathDescription.LIFETOTAL,10,38.167476654052734,4,5,3,5,4,3
0,DeathDescription.LIFETOTAL,10,41.245460510253906,5,5,2,4,3,5
0,DeathDescription.LIFETOTAL,12,47.63340950012207,7,5,1,5,4,4
0,DeathDescription.LIFETOTAL,10,36.73124313354492,4,5,3,4,5,3
0,DeathDescription.LIFETOTAL,12,30.389070510864258,4,5,4,4,4,5
0,DeathDescription.LIFETOTAL,10,27.961254119873047,6,4,2,5,4,3
0,DeathDescription.LIFETOTAL,10,23.08511734008789,4,5,3,5,3,4
0,DeathDescription.LIFETOTAL,10,46.68021202087402,4,5,3,5,4,3
1,DeathDescription.LIFETOTAL,11,35.31455993652344,6,4,2,6,5,2
0,DeathDescription.LIFETOTAL,10,28.5491943359375,6,4,2,5,4,3
0,DeathDescription.LIFETOTAL,12,36.7588996887207,6,5,2,6,1,6
0,DeathDescription.LIFETOTAL,12,31.177997589111328,4,6,3,5,4,4
0,DeathDescription.LIFETOTAL,12,42.324066162109375,7,5,1,6,4,3
0,DeathDescription.LIFETOTAL,10,34.27624702453613,6,5,1,4,4,4
0,DeathDescription.LIFETOTAL,10,33.159494400024414,6,4,2,4,4,4
1,DeathDescription.LIFETOTAL,13,36.18049621582031,4,1,6,6,5,3
0,DeathDescription.LIFETOTAL,10,41.445255279541016,5,5,2,4,4,4
1,DeathDescription.LIFETOTAL,11,25.7413387298584,5,5,2,6,5,2
1,DeathDescription.LIFETOTAL,11,29.27255630493164,6,3,3,5,5,3
0,DeathDescription.LIFETOTAL,12,48.79570007324219,4,5,4,4,0,7
0,DeathDescription.LIFETOTAL,10,36.57078742980957,6,4,2,5,4,3
0,DeathDescription.LIFETOTAL,12,44.182538986206055,6,4,3,4,4,4
0,DeathDescription.LIFETOTAL,12,50.90737342834473,6,5,2,6,3,4
0,DeathDescription.LIFETOTAL,10,35.494089126586914,6,4,2,5,4,3
0,DeathDescription.LIFETOTAL,12,52.431344985961914,5,5,3,6,2,5
1,DeathDescription.LIFETOTAL,11,46.79608345031738,5,5,2,5,5,3
0,DeathDescription.LIFETOTAL,12,54.03542518615723,7,4,2,6,5,2
1,DeathDescription.LIFETOTAL,11,47.052621841430664,4,0,7,5,5,3
0,DeathDescription.LIFETOTAL,10,46.762704849243164,6,5,1,5,4,3
1,DeathDescription.LIFETOTAL,11,45.54104804992676,3,2,7,6,5,2
0,DeathDescription.LIFETOTAL,10,23.8950252532959,6,4,2,5,4,3
0,DeathDescription.LIFETOTAL,10,48.023223876953125,6,4,2,5,3,4
0,DeathDescription.LIFETOTAL,10,54.414987564086914,6,6,0,5,1,6
0,DeathDescription.LIFETOTAL,10,29.098987579345703,5,5,2,5,3,4
0,DeathDescription.LIFETOTAL,10,21.1181640625,4,6,2,3,2,5
1,DeathDescription.LIFETOTAL,11,49.78513717651367,4,4,4,5,6,2
0,DeathDescription.LIFETOTAL,10,23.405790328979492,5,5,2,4,3,5
0,DeathDescription.LIFETOTAL,10,21.287918090820312,4,5,3,4,0,7
0,DeathDescription.LIFETOTAL,10,21.958589553833008,4,5,3,4,5,3
0,DeathDescription.LIFETOTAL,10,51.71704292297363,5,5,2,4,4,4
0,DeathDescription.LIFETOTAL,10,33.84590148925781,6,5,1,5,4,3
0,DeathDescription.LIFETOTAL,10,27.814626693725586,5,4,3,5,4,3
0,DeathDescription.LIFETOTAL,10,45.152902603149414,4,5,3,5,4,3
1,DeathDescription.LIFETOTAL,13,30.633211135864258,5,4,4,3,5,6
0,DeathDescription.LIFETOTAL,10,28.23615074157715,3,5,4,5,4,3
1,DeathDescription.LIFETOTAL,11,31.22258186340332,6,4,2,5,5,3
1,DeathDescription.LIFETOTAL,11,30.2886962890625,6,4,2,6,5,2
1,DeathDescription.LIFETOTAL,13,25.478363037109375,6,3,4,6,6,2
0,DeathDescription.LIFETOTAL,10,33.872127532958984,5,5,2,5,4,3
0,DeathDescription.LIFETOTAL,12,51.9413948059082,6,6,1,6,4,3
0,DeathDescription.LIFETOTAL,10,29.175519943237305,5,5,2,5,4,3
0,DeathDescription.LIFETOTAL,10,23.035049438476562,6,5,1,5,4,3
1,DeathDescription.LIFETOTAL,11,30.964136123657227,5,5,2,6,5,2
0,DeathDescription.LIFETOTAL,10,31.04376792907715,6,4,2,5,3,4
0,DeathDescription.LIFETOTAL,10,33.73861312866211,4,4,4,5,1,6
1,DeathDescription.LIFETOTAL,11,59.45158004760742,6,3,3,6,6,1
0,DeathDescription.LIFETOTAL,10,30.565977096557617,6,5,1,5,4,3
1,DeathDescription.LIFETOTAL,13,25.722742080688477,3,2,6,5,6,3
1,DeathDescription.LIFETOTAL,11,24.787187576293945,6,4,2,6,6,1
0,DeathDescription.LIFETOTAL,12,24.515628814697266,7,4,2,3,0,7
1,DeathDescription.LIFETOTAL,11,57.936668395996094,4,3,5,6,5,2
1,DeathDescription.LIFETOTAL,11,23.837566375732422,4,4,4,6,6,1
0,DeathDescription.LIFETOTAL,12,24.805307388305664,7,4,2,6,5,2
1,DeathDescription.LIFETOTAL,11,33.40029716491699,4,2,5,6,6,1
0,DeathDescription.LIFETOTAL,10,34.17706489562988,4,5,3,5,4,3
0,DeathDescription.LIFETOTAL,10,34.128665924072266,4,4,4,5,3,4
1,DeathDescription.LIFETOTAL,11,23.46968650817871,6,4,2,4,5,4
0,DeathDescription.LIFETOTAL,10,32.37295150756836,6,6,0,3,0,7
1,DeathDescription.LIFETOTAL,11,66.79105758666992,6,4,2,6,5,2
1,DeathDescription.LIFETOTAL,11,28.95331382751465,6,1,5,4,5,4
0,DeathDescription.LIFETOTAL,10,32.556772232055664,5,5,2,3,1,6
1,DeathDescription.LIFETOTAL,11,34.50965881347656,4,0,7,6,5,2
0,DeathDescription.LIFETOTAL,10,37.201642990112305,6,5,1,5,3,4
0,DeathDescription.LIFETOTAL,12,36.8199348449707,7,6,0,6,6,1
0,DeathDescription.LIFETOTAL,10,28.96404266357422,5,5,2,5,3,4
1,DeathDescription.LIFETOTAL,11,36.505699157714844,6,5,1,4,5,4
0,DeathDescription.LIFETOTAL,10,34.58714485168457,5,5,2,5,3,4
0,DeathDescription.LIFETOTAL,10,33.9360237121582,6,4,2,5,4,3
0,DeathDescription.LIFETOTAL,10,31.341075897216797,4,6,2,5,4,3
0,DeathDescription.LIFETOTAL,16,51.9864559173584,5,5,4,5,3,6
0,DeathDescription.LIFETOTAL,10,44.14772987365723,4,7,1,5,3,4
1,DeathDescription.LIFETOTAL,13,54.05092239379883,4,3,6,5,6,3
1,DeathDescription.LIFETOTAL,11,35.260915756225586,6,3,3,6,5,2
0,DeathDescription.LIFETOTAL,10,29.14118766784668,5,6,1,5,2,5
0,DeathDescription.LIFETOTAL,10,33.472537994384766,5,5,2,5,4,3
0,DeathDescription.LIFETOTAL,10,34.00230407714844,3,4,5,5,4,3
0,DeathDescription.LIFETOTAL,10,23.328781127929688,5,5,2,5,3,4
1,DeathDescription.LIFETOTAL,11,35.437583923339844,5,4,3,6,4,3
0,DeathDescription.LIFETOTAL,10,37.23740577697754,6,4,2,5,4,3
0,DeathDescription.LIFETOTAL,12,53.17878723144531,4,5,4,4,1,6
0,DeathDescription.LIFETOTAL,10,38.71583938598633,5,5,2,4,4,4
1,DeathDescription.LIFETOTAL,11,45.038700103759766,5,4,3,4,5,4
0,DeathDescription.LIFETOTAL,10,28.56612205505371,6,5,1,3,0,7
0,DeathDescription.LIFETOTAL,10,23.899078369140625,4,6,2,5,4,3
1,DeathDescription.LIFETOTAL,13,36.794424057006836,6,5,2,7,6,1
0,DeathDescription.LIFETOTAL,10,30.222654342651367,5,5,2,5,2,5
0,DeathDescription.LIFETOTAL,10,27.0082950592041,6,5,1,3,3,6
1,DeathDescription.LIFETOTAL,11,24.695873260498047,5,1,6,5,5,3
0,DeathDescription.LIFETOTAL,10,22.76611328125,5,4,3,5,5,2
0,DeathDescription.LIFETOTAL,10,35.38155555725098,4,5,3,5,3,4
0,DeathDescription.LIFETOTAL,12,27.202129364013672,7,5,1,6,5,2
0,DeathDescription.LIFETOTAL,10,29.874801635742188,5,6,1,4,3,5
0,DeathDescription.LIFETOTAL,10,23.992538452148438,5,5,2,5,2,5
1,DeathDescription.LIFETOTAL,11,44.26884651184082,3,4,5,3,5,5
1,DeathDescription.LIFETOTAL,11,40.57145118713379,4,4,4,6,5,2
0,DeathDescription.LIFETOTAL,10,34.07621383666992,6,4,2,5,4,3
0,DeathDescription.LIFETOTAL,10,28.870582580566406,4,5,3,5,2,5
0,DeathDescription.LIFETOTAL,10,46.77939414978027,6,5,1,4,3,5
0,DeathDescription.LIFETOTAL,10,29.735326766967773,3,5,4,5,3,4
1,DeathDescription.LIFETOTAL,11,30.069589614868164,2,2,7,6,4,3
0,DeathDescription.LIFETOTAL,10,34.755706787109375,6,4,2,5,5,2
1,DeathDescription.LIFETOTAL,11,42.76275634765625,4,3,4,6,5,2
0,DeathDescription.LIFETOTAL,10,23.275136947631836,6,4,2,5,5,2
1,DeathDescription.LIFETOTAL,11,24.097442626953125,6,3,3,5,4,4
1,DeathDescription.LIFETOTAL,11,31.815767288208008,6,4,2,5,6,2
1,DeathDescription.LIFETOTAL,11,49.81279373168945,6,4,2,6,5,2
0,DeathDescription.LIFETOTAL,10,27.920007705688477,4,4,4,4,3,5
0,DeathDescription.LIFETOTAL,10,38.06185722351074,5,5,2,4,4,4
0,DeathDescription.LIFETOTAL,10,27.922630310058594,5,5,2,5,4,3
0,DeathDescription.LIFETOTAL,14,39.79325294494629,5,6,3,5,4,5
0,DeathDescription.LIFETOTAL,10,25.376558303833008,4,5,3,5,4,3
0,DeathDescription.LIFETOTAL,10,23.30923080444336,3,5,4,4,3,5
0,DeathDescription.LIFETOTAL,10,28.17559242248535,5,5,2,4,2,6
1,DeathDescription.LIFETOTAL,11,38.27309608459473,6,2,4,6,4,3
1,DeathDescription.LIFETOTAL,13,30.0750732421875,5,5,3,6,5,3
1,DeathDescription.LIFETOTAL,11,27.42743492126465,5,5,2,6,6,1
0,DeathDescription.LIFETOTAL,10,24.443626403808594,4,5,3,5,4,3
1,DeathDescription.LIFETOTAL,13,30.220508575439453,6,6,1,4,5,5
0,DeathDescription.LIFETOTAL,10,34.96050834655762,4,4,4,3,0,7
0,DeathDescription.LIFETOTAL,12,47.03807830810547,7,5,1,5,4,4
0,DeathDescription.LIFETOTAL,10,23.53072166442871,6,5,1,5,4,3
1,DeathDescription.LIFETOTAL,11,37.51087188720703,4,4,4,5,4,4
0,DeathDescription.LIFETOTAL,10,23.758888244628906,5,5,2,3,3,6
0,DeathDescription.LIFETOTAL,12,30.43508529663086,6,4,3,6,1,6
0,DeathDescription.LIFETOTAL,10,33.11634063720703,6,5,1,5,3,4
0,DeathDescription.LIFETOTAL,14,28.098106384277344,3,5,5,6,4,3
0,DeathDescription.LIFETOTAL,12,30.864477157592773,6,5,2,3,0,7
0,DeathDescription.LIFETOTAL,10,24.622678756713867,6,5,1,4,5,3
0,DeathDescription.LIFETOTAL,10,33.391714096069336,6,4,2,5,3,4
0,DeathDescription.LIFETOTAL,12,58.96806716918945,6,6,1,3,0,7
1,DeathDescription.LIFETOTAL,11,40.83657264709473,6,5,1,5,6,2
0,DeathDescription.LIFETOTAL,10,22.220849990844727,5,6,1,5,3,4
1,DeathDescription.LIFETOTAL,13,30.763864517211914,7,3,3,7,6,1
0,DeathDescription.LIFETOTAL,10,39.93988037109375,6,5,1,3,0,7
0,DeathDescription.LIFETOTAL,10,24.79410171508789,5,5,2,5,3,4
0,DeathDescription.LIFETOTAL,10,39.29758071899414,5,5,2,5,4,3
0,DeathDescription.LIFETOTAL,10,28.31864356994629,4,5,3,5,4,3
1,DeathDescription.LIFETOTAL,11,24.441003799438477,5,4,3,6,4,3
0,DeathDescription.LIFETOTAL,12,26.82948112487793,6,5,2,6,4,3
1,DeathDescription.LIFETOTAL,11,30.354022979736328,5,5,2,6,5,2
1,DeathDescription.LIFETOTAL,13,35.694122314453125,4,2,5,7,6,1
1,DeathDescription.LIFETOTAL,11,36.62753105163574,6,4,2,5,5,3
0,DeathDescription.LIFETOTAL,10,29.890775680541992,6,5,1,5,4,3
1,DeathDescription.LIFETOTAL,11,44.99197006225586,5,5,2,6,6,1
0,DeathDescription.LIFETOTAL,10,23.147106170654297,4,5,3,4,4,4
0,DeathDescription.LIFETOTAL,10,58.890581130981445,5,5,2,4,3,5
0,DeathDescription.LIFETOTAL,12,24.901390075683594,4,6,3,6,4,3
0,DeathDescription.LIFETOTAL,10,27.956247329711914,6,5,1,5,3,4
0,DeathDescription.LIFETOTAL,10,23.138761520385742,4,5,3,5,4,3
0,DeathDescription.LIFETOTAL,10,46.35000228881836,4,5,3,3,4,5
1,DeathDescription.LIFETOTAL,11,39.49713706970215,5,4,3,6,5,2
0,DeathDescription.LIFETOTAL,10,21.771907806396484,6,4,2,4,4,4
1,DeathDescription.LIFETOTAL,11,24.17778968811035,6,5,1,6,5,2
0,DeathDescription.LIFETOTAL,10,64.10479545593262,4,5,3,5,5,2
1,DeathDescription.LIFETOTAL,11,50.64678192138672,6,3,3,5,4,4
1,DeathDescription.LIFETOTAL,11,28.850078582763672,5,4,3,6,5,2
0,DeathDescription.LIFETOTAL,10,38.5890007019043,6,5,1,5,3,4
0,DeathDescription.LIFETOTAL,10,26.92413330078125,4,5,3,4,3,5
1,DeathDescription.LIFETOTAL,11,31.262874603271484,4,0,7,6,6,1
1,DeathDescription.LIFETOTAL,11,25.399446487426758,5,5,2,4,5,4
1,DeathDescription.LIFETOTAL,13,36.12852096557617,3,1,6,7,4,3
0,DeathDescription.LIFETOTAL,10,36.492109298706055,5,4,3,5,4,3
0,DeathDescription.LIFETOTAL,10,30.991077423095703,5,5,2,5,3,4
1,DeathDescription.LIFETOTAL,15,28.983116149902344,4,0,7,8,6,1
0,DeathDescription.LIFETOTAL,10,54.84127998352051,6,5,1,5,4,3
0,DeathDescription.LIFETOTAL,12,33.42914581298828,7,3,3,6,2,5
0,DeathDescription.LIFETOTAL,12,51.12624168395996,7,5,1,3,4,6
0,DeathDescription.LIFETOTAL,10,22.742748260498047,6,5,1,5,1,6
0,DeathDescription.LIFETOTAL,10,44.76809501647949,5,5,2,5,1,6
0,DeathDescription.LIFETOTAL,10,33.46657752990723,4,5,3,5,4,3
1,DeathDescription.LIFETOTAL,11,54.569244384765625,4,0,7,6,4,3
0,DeathDescription.LIFETOTAL,10,30.90953826904297,5,6,1,5,4,3
0,DeathDescription.LIFETOTAL,12,37.02116012573242,7,5,1,6,4,3
0,DeathDescription.LIFETOTAL,10,38.286685943603516,5,5,2,5,3,4
0,DeathDescription.LIFETOTAL,10,46.324968338012695,6,5,1,5,3,4
0,DeathDescription.LIFETOTAL,10,33.515214920043945,4,5,3,5,3,4
1,DeathDescription.LIFETOTAL,11,33.73551368713379,3,4,5,5,5,3
0,DeathDescription.LIFETOTAL,10,30.346155166625977,5,5,2,4,5,3
0,DeathDescription.LIFETOTAL,10,24.567127227783203,5,4,3,5,4,3
0,DeathDescription.LIFETOTAL,10,25.1004695892334,6,4,2,5,3,4
1,DeathDescription.LIFETOTAL,11,23.60224723815918,5,0,7,6,6,1
0,DeathDescription.LIFETOTAL,10,37.75787353515625,6,5,1,5,4,3
0,DeathDescription.LIFETOTAL,10,25.65312385559082,6,5,1,5,5,2
1,DeathDescription.LIFETOTAL,11,36.383867263793945,4,4,4,6,5,2
1,DeathDescription.LIFETOTAL,13,29.237031936645508,6,2,5,4,5,5
0,DeathDescription.LIFETOTAL,12,52.271366119384766,5,6,2,1,0,7
0,DeathDescription.LIFETOTAL,10,23.601770401000977,5,5,2,5,3,4
0,DeathDescription.LIFETOTAL,10,22.87769317626953,4,5,3,5,4,3
1,DeathDescription.LIFETOTAL,11,33.61940383911133,4,3,5,6,5,2
0,DeathDescription.LIFETOTAL,10,28.923511505126953,5,6,1,5,3,4
1,DeathDescription.LIFETOTAL,11,36.19956970214844,6,3,3,6,4,3
0,DeathDescription.LIFETOTAL,10,40.41123390197754,5,7,0,5,3,4
1,DeathDescription.LIFETOTAL,11,39.9022102355957,6,2,4,6,6,1
0,DeathDescription.LIFETOTAL,12,37.12201118469238,5,5,3,4,4,5
1,DeathDescription.LIFETOTAL,13,32.93442726135254,3,2,6,6,6,2
0,DeathDescription.LIFETOTAL,10,48.148155212402344,6,4,2,2,4,6
0,DeathDescription.LIFETOTAL,10,36.478281021118164,6,4,2,4,4,4
0,DeathDescription.LIFETOTAL,10,48.34485054016113,5,5,2,3,2,6
0,DeathDescription.LIFETOTAL,12,31.807661056518555,5,6,2,6,5,2
0,DeathDescription.LIFETOTAL,10,32.05680847167969,6,5,1,5,3,4
1,DeathDescription.LIFETOTAL,11,37.25481033325195,6,4,2,5,5,3
0,DeathDescription.LIFETOTAL,12,33.9360237121582,7,5,1,6,5,2
0,DeathDescription.LIFETOTAL,10,115.92817306518555,6,4,2,5,4,3
0,DeathDescription.LIFETOTAL,10,22.2933292388916,5,6,1,2,0,7
0,DeathDescription.LIFETOTAL,10,38.35439682006836,5,5,2,5,4,3
0,DeathDescription.LIFETOTAL,10,35.84909439086914,5,5,2,4,4,4
0,DeathDescription.LIFETOTAL,10,43.778419494628906,6,4,2,5,4,3
0,DeathDescription.LIFETOTAL,10,28.023242950439453,4,5,3,5,2,5
0,DeathDescription.LIFETOTAL,16,33.22887420654297,6,7,1,3,0,7
0,DeathDescription.LIFETOTAL,10,35.51745414733887,3,5,4,5,2,5
0,DeathDescription.LIFETOTAL,10,31.40711784362793,5,4,3,5,4,3
1,DeathDescription.LIFETOTAL,13,35.93778610229492,6,5,2,6,5,3
0,DeathDescription.LIFETOTAL,10,43.31827163696289,6,5,1,4,4,4
0,DeathDescription.LIFETOTAL,10,34.127235412597656,4,5,3,4,3,5
0,DeathDescription.LIFETOTAL,10,41.27097129821777,5,5,2,5,4,3
1,DeathDescription.LIFETOTAL,11,34.75308418273926,5,0,7,6,5,2
0,DeathDescription.LIFETOTAL,12,37.52470016479492,7,4,2,6,4,3
1,DeathDescription.LIFETOTAL,11,36.38768196105957,4,4,4,5,6,2
0,DeathDescription.LIFETOTAL,12,35.76350212097168,5,5,3,5,5,3
0,DeathDescription.LIFETOTAL,12,35.58015823364258,6,5,2,5,3,5
0,DeathDescription.LIFETOTAL,10,34.21449661254883,6,5,1,5,3,4
1,DeathDescription.LIFETOTAL,13,33.125877380371094,7,4,2,6,6,2
0,DeathDescription.LIFETOTAL,10,34.17396545410156,6,5,1,4,4,4
0,DeathDescription.LIFETOTAL,12,41.915178298950195,6,5,2,4,5,4
0,DeathDescription.LIFETOTAL,12,34.706830978393555,6,5,2,2,0,7
1,DeathDescription.LIFETOTAL,13,47.508955001831055,7,3,3,7,5,2
0,DeathDescription.LIFETOTAL,10,32.561540603637695,5,5,2,5,1,6
0,DeathDescription.LIFETOTAL,10,26.036500930786133,6,5,1,4,4,4
0,DeathDescription.LIFETOTAL,10,29.94227409362793,5,5,2,5,1,6
0,DeathDescription.LIFETOTAL,10,27.878761291503906,6,4,2,4,0,7
0,DeathDescription.LIFETOTAL,10,27.493953704833984,6,5,1,5,5,2
0,DeathDescription.LIFETOTAL,10,31.2502384185791,5,5,2,5,3,4
1,DeathDescription.LIFETOTAL,11,32.73487091064453,3,4,5,6,5,2
1,DeathDescription.LIFETOTAL,11,37.366390228271484,2,2,7,4,5,4
0,DeathDescription.LIFETOTAL,10,35.207271575927734,4,5,3,2,3,7
0,DeathDescription.LIFETOTAL,10,44.30890083312988,3,5,4,3,4,5
1,DeathDescription.LIFETOTAL,11,40.322303771972656,6,4,2,6,5,2
0,DeathDescription.LIFETOTAL,10,34.815073013305664,4,6,2,5,4,3
0,DeathDescription.LIFETOTAL,12,26.512622833251953,7,5,1,6,6,1
1,DeathDescription.LIFETOTAL,11,29.371023178100586,5,3,4,5,6,2
0,DeathDescription.LIFETOTAL,12,26.0775089263916,7,4,2,6,3,4
0,DeathDescription.LIFETOTAL,10,24.289608001708984,5,5,2,5,3,4
0,DeathDescription.LIFETOTAL,10,45.839786529541016,6,4,2,4,4,4
0,DeathDescription.LIFETOTAL,12,26.26514434814453,7,4,2,5,5,3
0,DeathDescription.LIFETOTAL,14,27.27651596069336,6,6,2,4,0,7
1,DeathDescription.LIFETOTAL,11,41.63980484008789,6,3,3,6,5,2
0,DeathDescription.LIFETOTAL,10,24.486064910888672,6,4,2,3,3,6
0,DeathDescription.LIFETOTAL,14,28.596878051757812,7,7,0,7,3,4
1,DeathDescription.LIFETOTAL,11,34.357309341430664,2,0,7,4,5,4
0,DeathDescription.LIFETOTAL,10,23.586273193359375,6,4,2,4,3,5
0,DeathDescription.LIFETOTAL,12,51.564693450927734,6,5,2,6,2,5
0,DeathDescription.LIFETOTAL,10,38.7425422668457,6,5,1,4,4,4
0,DeathDescription.LIFETOTAL,16,27.753353118896484,9,3,3,5,3,4
0,DeathDescription.LIFETOTAL,10,44.64006423950195,2,4,6,5,4,3
0,DeathDescription.LIFETOTAL,10,29.224157333374023,6,5,1,4,4,4
0,DeathDescription.LIFETOTAL,12,29.94823455810547,4,6,3,4,0,7
1,DeathDescription.LIFETOTAL,13,26.60512924194336,3,0,7,4,5,5
1,DeathDescription.LIFETOTAL,11,24.36685562133789,6,2,4,6,5,2
0,DeathDescription.LIFETOTAL,14,28.03325653076172,4,5,5,6,4,4
1,DeathDescription.LIFETOTAL,11,24.168968200683594,3,2,5,5,5,3
0,DeathDescription.LIFETOTAL,10,29.077768325805664,5,4,3,3,4,5
0,DeathDescription.LIFETOTAL,10,44.63362693786621,4,5,3,5,4,3
0,DeathDescription.LIFETOTAL,10,32.3183536529541,4,5,3,3,2,6
0,DeathDescription.LIFETOTAL,10,28.751134872436523,5,5,2,5,4,3
0,DeathDescription.LIFETOTAL,12,47.23525047302246,6,6,1,4,0,7
0,DeathDescription.LIFETOTAL,10,34.479379653930664,6,5,1,5,3,4
1,DeathDescription.LIFETOTAL,11,25.639057159423828,5,4,3,6,5,2
1,DeathDescription.LIFETOTAL,11,26.457786560058594,3,3,6,6,5,2
0,DeathDescription.LIFETOTAL,10,32.19151496887207,6,4,2,5,0,7
0,DeathDescription.LIFETOTAL,10,31.198740005493164,6,4,2,5,4,3
1,DeathDescription.LIFETOTAL,11,31.76093101501465,6,2,4,6,5,2
0,DeathDescription.LIFETOTAL,10,25.262832641601562,3,5,4,5,4,3
0,DeathDescription.LIFETOTAL,10,42.68980026245117,6,4,2,5,1,6
1,DeathDescription.LIFETOTAL,11,31.575441360473633,5,2,5,4,5,4
0,DeathDescription.LIFETOTAL,10,25.866031646728516,5,6,1,5,4,3
0,DeathDescription.LIFETOTAL,10,30.448198318481445,6,4,2,4,4,4
1,DeathDescription.LIFETOTAL,13,45.93229293823242,3,4,6,7,5,2
1,DeathDescription.LIFETOTAL,11,28.627395629882812,6,3,3,3,5,5
0,DeathDescription.LIFETOTAL,10,34.57331657409668,5,5,2,5,4,3
1,DeathDescription.LIFETOTAL,13,36.38935089111328,4,5,4,7,5,2
0,DeathDescription.LIFETOTAL,12,28.09453010559082,4,5,4,6,3,4
1,DeathDescription.LIFETOTAL,11,36.08202934265137,6,4,2,6,5,2
0,DeathDescription.LIFETOTAL,10,39.86072540283203,6,6,0,4,3,5
0,DeathDescription.LIFETOTAL,10,23.23126792907715,6,5,1,5,4,3
0,DeathDescription.LIFETOTAL,10,36.34786605834961,6,4,2,3,1,6
0,DeathDescription.LIFETOTAL,10,39.859771728515625,6,4,2,5,4,3
0,DeathDescription.LIFETOTAL,12,40.91691970825195,7,5,1,3,0,7
0,DeathDescription.LIFETOTAL,10,39.9322509765625,5,5,2,5,3,4
0,DeathDescription.LIFETOTAL,12,38.7723445892334,5,5,3,3,4,6
0,DeathDescription.LIFETOTAL,10,28.595685958862305,6,5,1,5,1,6
1,DeathDescription.LIFETOTAL,15,38.89155387878418,8,2,4,6,6,3
1,DeathDescription.LIFETOTAL,13,34.57522392272949,3,4,5,7,6,1
1,DeathDescription.LIFETOTAL,11,49.66998100280762,4,0,7,6,6,1
1,DeathDescription.LIFETOTAL,11,40.08650779724121,5,0,7,5,6,2
1,DeathDescription.LIFETOTAL,11,25.992631912231445,3,0,7,6,5,2
1,DeathDescription.LIFETOTAL,11,29.886722564697266,4,3,5,6,4,3
1,DeathDescription.LIFETOTAL,11,26.153564453125,6,5,1,6,6,1
0,DeathDescription.LIFETOTAL,10,23.753643035888672,5,4,3,5,4,3
0,DeathDescription.LIFETOTAL,12,50.160884857177734,3,5,5,6,5,2
0,DeathDescription.LIFETOTAL,10,23.2846736907959,4,5,3,5,1,6
1,DeathDescription.LIFETOTAL,11,23.82636070251465,6,4,2,6,4,3
1,DeathDescription.LIFETOTAL,11,34.78670120239258,5,1,6,6,5,2
0,DeathDescription.LIFETOTAL,10,45.78232765197754,6,5,1,5,4,3
0,DeathDescription.LIFETOTAL,10,28.192758560180664,3,5,4,5,3,4
1,DeathDescription.LIFETOTAL,11,24.224042892456055,6,5,1,6,5,2
1,DeathDescription.LIFETOTAL,11,22.984981536865234,6,4,2,6,4,3
1,DeathDescription.LIFETOTAL,11,45.931100845336914,6,4,2,5,5,3
1,DeathDescription.LIFETOTAL,11,36.746978759765625,6,4,2,5,4,4
1,DeathDescription.LIFETOTAL,11,29.599666595458984,3,3,6,4,5,4
1,DeathDescription.LIFETOTAL,13,37.31560707092285,5,4,4,6,6,2
0,DeathDescription.LIFETOTAL,12,42.54412651062012,6,5,2,6,4,3
1,DeathDescription.LIFETOTAL,11,58.84146690368652,6,3,3,6,5,2
1,DeathDescription.LIFETOTAL,11,41.635990142822266,3,3,6,6,4,3
0,DeathDescription.LIFETOTAL,16,37.18256950378418,6,5,3,7,5,3
0,DeathDescription.LIFETOTAL,10,35.802602767944336,4,4,4,5,5,2
1,DeathDescription.LIFETOTAL,11,24.431467056274414,6,3,3,6,6,1
0,DeathDescription.LIFETOTAL,12,43.1981086730957,7,3,3,3,4,6
1,DeathDescription.LIFETOTAL,11,31.7537784576416,6,4,2,3,5,5
0,DeathDescription.LIFETOTAL,10,30.361413955688477,5,5,2,5,4,3
0,DeathDescription.LIFETOTAL,12,25.267839431762695,5,6,2,4,4,5
0,DeathDescription.LIFETOTAL,10,22.52674102783203,6,4,2,5,3,4
1,DeathDescription.LIFETOTAL,11,34.790992736816406,2,1,6,5,6,2
1,DeathDescription.LIFETOTAL,11,32.180070877075195,6,3,3,6,5,2
0,DeathDescription.LIFETOTAL,12,37.98532485961914,6,6,1,6,3,4
1,DeathDescription.LIFETOTAL,11,26.3369083404541,6,4,2,6,5,2
0,DeathDescription.LIFETOTAL,10,52.01220512390137,5,5,2,5,3,4
1,DeathDescription.LIFETOTAL,11,26.78656578063965,4,0,7,6,5,2
1,DeathDescription.LIFETOTAL,11,36.65661811828613,3,4,5,5,5,3
0,DeathDescription.LIFETOTAL,10,30.704498291015625,4,5,3,5,3,4
1,DeathDescription.LIFETOTAL,13,41.52107238769531,6,3,4,7,5,2
0,DeathDescription.LIFETOTAL,12,27.53162384033203,7,6,0,5,1,6
1,DeathDescription.LIFETOTAL,11,31.64219856262207,6,4,2,6,5,2
1,DeathDescription.LIFETOTAL,11,30.906200408935547,5,4,3,5,4,4
1,DeathDescription.LIFETOTAL,11,36.6666316986084,6,3,3,4,5,4
1,DeathDescription.LIFETOTAL,11,30.655622482299805,4,4,4,5,5,3
0,DeathDescription.LIFETOTAL,10,34.41882133483887,6,5,1,5,3,4
1,DeathDescription.LIFETOTAL,11,42.44351387023926,6,2,4,6,5,2
0,DeathDescription.LIFETOTAL,12,35.82024574279785,4,5,4,5,3,5
1,DeathDescription.LIFETOTAL,13,36.82303428649902,5,3,5,7,5,2
1,DeathDescription.LIFETOTAL,11,38.47146034240723,3,2,6,4,5,4
1,DeathDescription.LIFETOTAL,11,25.063276290893555,5,1,6,6,5,2
1,DeathDescription.LIFETOTAL,11,30.128955841064453,6,5,1,5,5,3
0,DeathDescription.LIFETOTAL,10,28.84078025817871,6,4,2,3,4,5
1,DeathDescription.LIFETOTAL,11,36.72027587890625,6,4,2,6,4,3
0,DeathDescription.LIFETOTAL,10,39.90769386291504,5,6,1,5,3,4
1,DeathDescription.LIFETOTAL,15,28.010845184326172,4,3,5,7,7,1
1,DeathDescription.LIFETOTAL,11,38.381338119506836,6,3,3,5,5,3
1,DeathDescription.LIFETOTAL,11,39.95180130004883,6,4,2,6,5,2
0,DeathDescription.LIFETOTAL,10,22.197961807250977,4,5,3,5,0,7
0,DeathDescription.LIFETOTAL,10,39.43061828613281,6,5,1,5,3,4
0,DeathDescription.LIFETOTAL,12,25.211811065673828,4,5,4,4,0,7
0,DeathDescription.LIFETOTAL,10,23.19478988647461,5,5,2,5,4,3
1,DeathDescription.LIFETOTAL,11,30.50827980041504,6,4,2,6,5,2
0,DeathDescription.LIFETOTAL,10,30.423641204833984,5,5,2,4,3,5
0,DeathDescription.LIFETOTAL,10,33.56432914733887,5,6,1,5,4,3
0,DeathDescription.LIFETOTAL,10,43.80655288696289,6,6,0,4,4,4
1,DeathDescription.LIFETOTAL,11,29.69527244567871,4,1,6,5,5,3
0,DeathDescription.LIFETOTAL,10,49.84021186828613,5,5,2,5,1,6
1,DeathDescription.LIFETOTAL,11,25.1309871673584,6,4,2,6,4,3
1,DeathDescription.LIFETOTAL,11,33.53142738342285,3,0,7,6,4,3
1,DeathDescription.LIFETOTAL,11,29.038667678833008,5,1,6,6,4,3
0,DeathDescription.LIFETOTAL,14,39.464712142944336,8,6,0,5,0,7
0,DeathDescription.LIFETOTAL,10,38.94639015197754,6,5,1,4,3,5
0,DeathDescription.LIFETOTAL,12,25.875329971313477,4,6,3,5,5,3
0,DeathDescription.LIFETOTAL,10,35.434722900390625,6,4,2,5,2,5
0,DeathDescription.LIFETOTAL,10,45.140981674194336,5,6,1,5,4,3
1,DeathDescription.LIFETOTAL,13,26.466846466064453,5,2,5,6,7,1
1,DeathDescription.LIFETOTAL,11,45.62854766845703,3,1,6,6,5,2
0,DeathDescription.LIFETOTAL,12,32.36794471740723,6,6,1,5,4,4
1,DeathDescription.LIFETOTAL,13,31.276941299438477,6,4,3,5,6,3
1,DeathDescription.LIFETOTAL,11,36.461591720581055,6,3,3,6,6,1
1,DeathDescription.LIFETOTAL,11,35.990238189697266,6,2,4,5,5,3
0,DeathDescription.LIFETOTAL,12,25.03490447998047,6,5,2,5,4,4
0,DeathDescription.LIFETOTAL,10,37.50419616699219,6,5,1,5,4,3
0,DeathDescription.LIFETOTAL,12,43.0150032043457,5,6,2,6,3,4
0,DeathDescription.LIFETOTAL,12,30.57241439819336,6,6,1,2,0,7
0,DeathDescription.LIFETOTAL,10,23.746728897094727,6,5,1,5,4,3
1,DeathDescription.LIFETOTAL,11,30.263185501098633,5,4,3,6,5,2
1,DeathDescription.LIFETOTAL,13,44.24262046813965,5,4,4,5,5,4
0,DeathDescription.LIFETOTAL,12,25.398969650268555,4,5,4,4,0,7
0,DeathDescription.LIFETOTAL,10,24.0781307220459,6,5,1,4,2,6
0,DeathDescription.LIFETOTAL,12,35.799503326416016,5,4,4,4,0,7
0,DeathDescription.LIFETOTAL,10,41.365861892700195,6,4,2,3,0,7
0,DeathDescription.LIFETOTAL,10,35.89200973510742,6,5,1,5,4,3
1,DeathDescription.LIFETOTAL,11,26.33357048034668,6,4,2,6,5,2
0,DeathDescription.LIFETOTAL,10,36.780595779418945,6,6,0,5,0,7
0,DeathDescription.LIFETOTAL,14,29.368162155151367,5,5,4,5,4,5
0,DeathDescription.LIFETOTAL,14,30.7161808013916,6,6,2,4,2,5
0,DeathDescription.LIFETOTAL,10,27.53281593322754,6,5,1,5,4,3
0,DeathDescription.LIFETOTAL,10,33.0042839050293,5,5,2,4,5,3
0,DeathDescription.LIFETOTAL,14,37.059783935546875,5,6,3,2,3,6
1,DeathDescription.LIFETOTAL,11,38.927316665649414,4,2,5,6,5,2
1,DeathDescription.LIFETOTAL,11,21.880626678466797,6,4,2,3,5,5
1,DeathDescription.LIFETOTAL,13,39.8409366607666,5,1,6,7,6,1
0,DeathDescription.LIFETOTAL,12,32.280683517456055,7,6,0,6,2,5
0,DeathDescription.LIFETOTAL,10,39.521217346191406,4,5,3,5,4,3
0,DeathDescription.LIFETOTAL,10,28.920412063598633,5,5,2,3,0,7
1,DeathDescription.LIFETOTAL,11,27.38809585571289,5,4,3,6,5,2
1,DeathDescription.LIFETOTAL,11,30.815839767456055,4,4,4,6,5,2
0,DeathDescription.LIFETOTAL,10,39.377689361572266,4,5,3,5,3,4
0,DeathDescription.LIFETOTAL,10,45.10641098022461,4,5,3,5,4,3
0,DeathDescription.LIFETOTAL,10,44.71588134765625,6,4,2,5,2,5
1,DeathDescription.LIFETOTAL,13,26.42035484313965,3,0,7,6,6,2
0,DeathDescription.LIFETOTAL,12,29.50263023376465,5,6,2,4,0,7
1,DeathDescription.LIFETOTAL,11,31.08978271484375,5,4,3,6,5,2
0,DeathDescription.LIFETOTAL,10,33.77032279968262,5,4,3,5,4,3
0,DeathDescription.LIFETOTAL,12,41.083574295043945,7,5,1,6,4,3
0,DeathDescription.LIFETOTAL,10,30.93719482421875,3,4,5,5,2,5
1,DeathDescription.LIFETOTAL,11,26.283979415893555,6,3,3,5,5,3
1,DeathDescription.LIFETOTAL,13,39.06559944152832,4,4,5,7,5,2
1,DeathDescription.LIFETOTAL,11,35.11810302734375,5,3,4,6,4,3
0,DeathDescription.LIFETOTAL,10,35.02655029296875,5,5,2,2,0,7
0,DeathDescription.LIFETOTAL,10,30.229806900024414,6,5,1,3,4,5
1,DeathDescription.LIFETOTAL,11,24.50084686279297,6,2,4,3,4,6
1,DeathDescription.LIFETOTAL,11,25.586605072021484,2,0,7,6,5,2
0,DeathDescription.LIFETOTAL,12,44.821977615356445,6,6,1,6,3,4
1,DeathDescription.LIFETOTAL,11,26.905298233032227,5,3,4,6,6,1
0,DeathDescription.LIFETOTAL,10,25.104522705078125,6,5,1,4,4,4
0,DeathDescription.LIFETOTAL,10,25.748491287231445,6,5,1,4,4,4
1,DeathDescription.LIFETOTAL,11,45.37820816040039,5,5,2,6,4,3
1,DeathDescription.LIFETOTAL,11,37.11390495300293,6,4,2,6,4,3
1,DeathDescription.LIFETOTAL,11,29.95896339416504,4,4,4,5,4,4
0,DeathDescription.LIFETOTAL,10,28.020620346069336,5,4,3,5,3,4
0,DeathDescription.LIFETOTAL,10,31.551122665405273,5,6,1,5,3,4
1,DeathDescription.LIFETOTAL,11,35.100460052490234,3,4,5,6,5,2
0,DeathDescription.LIFETOTAL,12,26.75008773803711,6,5,2,6,1,6
0,DeathDescription.LIFETOTAL,10,34.197092056274414,6,4,2,4,4,4
1,DeathDescription.LIFETOTAL,11,44.9979305267334,3,1,6,6,5,2
1,DeathDescription.LIFETOTAL,11,29.88147735595703,5,4,3,4,5,4
1,DeathDescription.LIFETOTAL,11,28.335094451904297,6,4,2,4,4,5
0,DeathDescription.LIFETOTAL,12,30.59077262878418,4,5,4,6,4,3
0,DeathDescription.LIFETOTAL,10,36.023616790771484,6,4,2,4,4,4
1,DeathDescription.LIFETOTAL,13,36.79609298706055,5,3,5,5,6,3
0,DeathDescription.LIFETOTAL,10,21.405935287475586,4,5,3,5,4,3
0,DeathDescription.LIFETOTAL,10,28.25331687927246,4,5,3,5,3,4
0,DeathDescription.LIFETOTAL,10,28.101205825805664,4,6,2,4,3,5
0,DeathDescription.LIFETOTAL,10,29.34718132019043,6,4,2,4,4,4
0,DeathDescription.LIFETOTAL,12,30.435562133789062,6,5,2,6,4,3
0,DeathDescription.LIFETOTAL,10,33.02907943725586,4,6,2,5,3,4
0,DeathDescription.LIFETOTAL,12,48.316240310668945,6,5,2,5,5,3
0,DeathDescription.LIFETOTAL,10,43.25747489929199,5,6,1,4,2,5
0,DeathDescription.LIFETOTAL,10,21.42190933227539,5,5,2,5,5,2
0,DeathDescription.LIFETOTAL,10,33.09273719787598,5,5,2,5,3,4
1,DeathDescription.LIFETOTAL,11,36.5595817565918,4,0,7,6,6,1
1,DeathDescription.LIFETOTAL,11,25.4974365234375,5,3,4,6,5,2
0,DeathDescription.LIFETOTAL,10,22.66073226928711,5,5,2,3,0,7
0,DeathDescription.LIFETOTAL,10,25.997161865234375,6,4,2,5,4,3
0,DeathDescription.LIFETOTAL,10,41.26691818237305,4,5,3,5,4,3
0,DeathDescription.LIFETOTAL,10,24.637937545776367,6,5,1,4,3,5
1,DeathDescription.LIFETOTAL,11,31.029701232910156,5,5,2,6,5,2
1,DeathDescription.LIFETOTAL,11,39.40606117248535,5,4,3,4,5,4
0,DeathDescription.LIFETOTAL,10,31.675338745117188,6,4,2,5,2,5
0,DeathDescription.LIFETOTAL,10,25.582075119018555,6,4,2,5,4,3
1,DeathDescription.LIFETOTAL,11,51.45764350891113,5,4,3,6,6,1
0,DeathDescription.LIFETOTAL,10,34.25335884094238,4,5,3,5,4,3
1,DeathDescription.LIFETOTAL,13,44.927120208740234,5,5,3,6,6,2
0,DeathDescription.LIFETOTAL,12,26.16715431213379,7,5,1,6,3,4
0,DeathDescription.LIFETOTAL,10,22.480010986328125,6,4,2,4,1,6
0,DeathDescription.LIFETOTAL,10,25.8486270904541,4,5,3,5,4,3
1,DeathDescription.LIFETOTAL,11,43.192386627197266,6,4,2,6,5,2
0,DeathDescription.LIFETOTAL,10,29.211044311523438,6,5,1,4,4,4
1,DeathDescription.LIFETOTAL,11,35.93921661376953,4,4,4,4,5,4
0,DeathDescription.LIFETOTAL,10,37.96029090881348,4,5,3,4,2,6
0,DeathDescription.LIFETOTAL,10,41.26691818237305,6,5,1,5,3,4
0,DeathDescription.LIFETOTAL,10,34.700632095336914,6,6,0,5,4,3
0,DeathDescription.LIFETOTAL,10,28.827190399169922,6,5,1,5,4,3
0,DeathDescription.LIFETOTAL,10,29.91342544555664,6,5,1,5,4,3
1,DeathDescription.LIFETOTAL,11,54.029226303100586,4,2,5,6,6,1
0,DeathDescription.LIFETOTAL,10,27.980566024780273,6,4,2,4,3,5
1,DeathDescription.LIFETOTAL,11,40.24243354797363,5,5,2,5,5,3
0,DeathDescription.LIFETOTAL,10,26.063203811645508,5,5,2,3,4,5
1,DeathDescription.LIFETOTAL,11,34.59525108337402,6,3,3,4,5,4
0,DeathDescription.LIFETOTAL,10,23.577451705932617,6,4,2,4,3,5
0,DeathDescription.LIFETOTAL,10,22.242307662963867,5,5,2,5,3,4
1,DeathDescription.LIFETOTAL,11,43.676137924194336,6,3,3,5,5,3
0,DeathDescription.LIFETOTAL,12,39.670467376708984,7,5,1,6,4,3
1,DeathDescription.LIFETOTAL,11,25.995254516601562,4,2,6,6,5,2
1,DeathDescription.LIFETOTAL,13,34.639596939086914,5,4,4,7,5,2
0,DeathDescription.LIFETOTAL,12,48.54607582092285,4,7,2,5,0,7
0,DeathDescription.LIFETOTAL,12,30.715227127075195,6,6,1,6,2,5
0,DeathDescription.LIFETOTAL,10,24.848222732543945,5,5,2,4,3,5
1,DeathDescription.LIFETOTAL,11,26.33047103881836,5,5,2,5,5,3
0,DeathDescription.LIFETOTAL,10,30.616283416748047,6,4,2,5,3,4
0,DeathDescription.LIFETOTAL,12,39.44134712219238,7,3,3,3,4,6
0,DeathDescription.LIFETOTAL,10,23.221492767333984,5,6,1,2,0,7
0,DeathDescription.LIFETOTAL,10,54.52847480773926,6,5,1,5,3,4
0,DeathDescription.LIFETOTAL,12,26.56412124633789,6,4,3,6,4,3
0,DeathDescription.LIFETOTAL,10,30.149221420288086,5,5,2,5,4,3
1,DeathDescription.LIFETOTAL,11,40.82942008972168,6,2,4,5,4,4
0,DeathDescription.LIFETOTAL,10,26.70431137084961,5,5,2,3,1,6
0,DeathDescription.LIFETOTAL,12,44.86727714538574,6,6,1,6,4,3
0,DeathDescription.LIFETOTAL,10,33.725738525390625,6,5,1,5,2,5
0,DeathDescription.LIFETOTAL,10,60.93573570251465,6,4,2,4,4,4
1,DeathDescription.LIFETOTAL,11,24.95861053466797,4,4,4,4,5,4
0,DeathDescription.LIFETOTAL,12,40.42243957519531,5,6,2,6,3,4
0,DeathDescription.LIFETOTAL,12,28.36012840270996,7,4,2,6,4,3
0,DeathDescription.LIFETOTAL,12,33.147335052490234,7,6,0,6,5,2
1,DeathDescription.LIFETOTAL,11,32.63545036315918,5,3,4,5,4,4
0,DeathDescription.LIFETOTAL,12,38.01727294921875,5,6,2,6,4,3
0,DeathDescription.LIFETOTAL,10,25.30074119567871,6,5,1,4,5,3
0,DeathDescription.LIFETOTAL,12,26.560068130493164,5,5,3,3,4,6
0,DeathDescription.LIFETOTAL,10,37.837982177734375,3,5,4,5,2,5
0,DeathDescription.LIFETOTAL,10,44.487714767456055,4,4,4,4,4,4
0,DeathDescription.LIFETOTAL,10,28.443336486816406,5,6,1,5,4,3
1,DeathDescription.LIFETOTAL,11,40.604591369628906,3,4,5,6,4,3
0,DeathDescription.LIFETOTAL,10,39.311885833740234,4,5,3,5,3,4
1,DeathDescription.LIFETOTAL,11,29.775142669677734,5,2,5,6,6,1
0,DeathDescription.LIFETOTAL,10,35.43353080749512,5,5,2,5,4,3
1,DeathDescription.LIFETOTAL,13,52.05965042114258,7,4,2,4,5,5
0,DeathDescription.LIFETOTAL,10,33.71286392211914,4,5,3,5,4,3
0,DeathDescription.LIFETOTAL,10,29.692411422729492,5,5,2,4,4,4
0,DeathDescription.LIFETOTAL,10,47.919511795043945,6,5,1,5,3,4
1,DeathDescription.LIFETOTAL,11,29.79874610900879,5,5,2,5,5,3
0,DeathDescription.LIFETOTAL,10,46.05460166931152,6,4,2,5,3,4
1,DeathDescription.LIFETOTAL,11,30.193805694580078,4,3,4,6,4,3
1,DeathDescription.LIFETOTAL,11,34.166574478149414,4,4,4,6,4,3
1,DeathDescription.LIFETOTAL,11,39.87550735473633,3,2,6,3,5,5
0,DeathDescription.LIFETOTAL,10,35.47930717468262,6,5,1,5,4,3
0,DeathDescription.LIFETOTAL,12,27.10866928100586,5,6,2,6,2,5
1,DeathDescription.LIFETOTAL,13,30.10106086730957,3,2,6,6,7,1
0,DeathDescription.LIFETOTAL,10,25.984764099121094,4,5,3,5,5,2
0,DeathDescription.LIFETOTAL,12,32.410621643066406,7,5,1,6,5,2
0,DeathDescription.LIFETOTAL,10,40.42649269104004,6,5,1,5,3,4
0,DeathDescription.LIFETOTAL,10,37.48297691345215,6,5,1,5,3,4
0,DeathDescription.LIFETOTAL,10,41.54515266418457,3,5,4,5,4,3
1,DeathDescription.LIFETOTAL,11,35.448312759399414,6,4,2,6,5,2
0,DeathDescription.LIFETOTAL,10,49.2243766784668,3,5,4,4,4,4
0,DeathDescription.LIFETOTAL,10,29.95467185974121,5,5,2,5,4,3
0,DeathDescription.LIFETOTAL,10,28.2895565032959,4,5,3,5,5,2
0,DeathDescription.LIFETOTAL,10,24.683713912963867,5,5,2,3,3,6
0,DeathDescription.LIFETOTAL,10,25.66671371459961,6,4,2,5,4,3
0,DeathDescription.LIFETOTAL,10,29.136180877685547,6,3,3,5,2,5
0,DeathDescription.LIFETOTAL,10,24.665355682373047,6,4,2,5,3,4
1,DeathDescription.LIFETOTAL,11,33.26225280761719,4,0,7,6,6,1
0,DeathDescription.LIFETOTAL,10,30.96771240234375,5,4,3,5,4,3
1,DeathDescription.LIFETOTAL,13,40.26913642883301,6,4,3,4,5,5
1,DeathDescription.LIFETOTAL,11,27.20332145690918,6,4,2,6,5,2
0,DeathDescription.LIFETOTAL,12,38.04159164428711,5,5,3,3,1,6
0,DeathDescription.LIFETOTAL,12,33.8289737701416,5,5,3,6,2,5
1,DeathDescription.LIFETOTAL,11,26.729345321655273,5,0,7,6,5,2
0,DeathDescription.LIFETOTAL,10,32.921552658081055,6,5,1,5,4,3
0,DeathDescription.LIFETOTAL,10,53.863525390625,6,6,0,5,4,3
0,DeathDescription.LIFETOTAL,10,38.71583938598633,4,5,3,5,3,4
1,DeathDescription.LIFETOTAL,11,28.01966667175293,3,0,7,5,5,3
0,DeathDescription.LIFETOTAL,12,32.05442428588867,5,6,2,4,4,5
0,DeathDescription.LIFETOTAL,12,45.799970626831055,5,5,3,5,3,5
1,DeathDescription.LIFETOTAL,11,39.98899459838867,6,5,1,5,5,3
0,DeathDescription.LIFETOTAL,10,30.74502944946289,4,5,3,5,5,2
1,DeathDescription.LIFETOTAL,13,31.711578369140625,5,2,5,5,6,3
0,DeathDescription.LIFETOTAL,10,32.23371505737305,6,6,0,5,3,4
0,DeathDescription.LIFETOTAL,10,31.920671463012695,6,4,2,5,5,2
0,DeathDescription.LIFETOTAL,10,27.851104736328125,6,5,1,5,0,7
0,DeathDescription.LIFETOTAL,12,48.15506935119629,5,5,3,6,4,3
0,DeathDescription.LIFETOTAL,10,33.960819244384766,6,4,2,2,0,7
0,DeathDescription.LIFETOTAL,10,34.95454788208008,6,5,1,5,5,2
0,DeathDescription.LIFETOTAL,10,41.09382629394531,5,5,2,5,3,4
0,DeathDescription.LIFETOTAL,10,29.618024826049805,4,5,3,5,4,3
1,DeathDescription.LIFETOTAL,11,30.546903610229492,6,3,3,4,5,4
1,DeathDescription.LIFETOTAL,11,41.73564910888672,6,3,3,5,4,4
0,DeathDescription.LIFETOTAL,12,30.7309627532959,7,4,2,4,3,5
0,DeathDescription.LIFETOTAL,10,31.60858154296875,6,5,1,2,0,7
1,DeathDescription.LIFETOTAL,13,29.671192169189453,5,0,7,5,5,4
1,DeathDescription.LIFETOTAL,11,31.431198120117188,6,4,2,6,5,2
1,DeathDescription.LIFETOTAL,11,40.050506591796875,3,4,5,6,5,2
0,DeathDescription.LIFETOTAL,10,35.78495979309082,5,5,2,5,4,3
0,DeathDescription.LIFETOTAL,12,25.773048400878906,7,5,1,5,4,4
0,DeathDescription.LIFETOTAL,14,38.511037826538086,5,5,4,3,0,7
0,DeathDescription.LIFETOTAL,12,37.45627403259277,4,5,4,6,4,3
0,DeathDescription.LIFETOTAL,10,33.07819366455078,5,5,2,5,3,4
1,DeathDescription.LIFETOTAL,11,28.283357620239258,4,0,7,6,5,2
0,DeathDescription.LIFETOTAL,12,25.09140968322754,5,7,1,4,4,5
0,DeathDescription.LIFETOTAL,10,29.027223587036133,5,6,1,5,3,4
0,DeathDescription.LIFETOTAL,20,40.65680503845215,7,6,4,4,2,5
0,DeathDescription.LIFETOTAL,10,48.30288887023926,3,5,4,4,4,4
0,DeathDescription.LIFETOTAL,10,23.82802963256836,5,5,2,5,4,3
0,DeathDescription.LIFETOTAL,10,30.263900756835938,6,4,2,5,4,3
0,DeathDescription.LIFETOTAL,10,25.562286376953125,6,6,0,5,4,3
0,DeathDescription.LIFETOTAL,12,23.99730682373047,4,5,4,6,3,4
0,DeathDescription.LIFETOTAL,10,23.968935012817383,6,5,1,5,3,4
1,DeathDescription.LIFETOTAL,11,37.79244422912598,6,4,2,6,6,1
0,DeathDescription.LIFETOTAL,10,29.764652252197266,6,6,0,5,3,4
0,DeathDescription.LIFETOTAL,12,25.4976749420166,6,5,2,4,3,6
0,DeathDescription.LIFETOTAL,10,34.30366516113281,4,5,3,5,3,4
1,DeathDescription.LIFETOTAL,19,51.546335220336914,2,0,7,5,6,4
1,DeathDescription.LIFETOTAL,11,40.31872749328613,6,4,2,6,5,2
0,DeathDescription.LIFETOTAL,10,28.333187103271484,4,5,3,5,4,3
0,DeathDescription.LIFETOTAL,10,28.625011444091797,5,5,2,4,3,5
0,DeathDescription.LIFETOTAL,10,42.97327995300293,5,6,1,5,3,4
1,DeathDescription.LIFETOTAL,13,29.42681312561035,6,2,5,5,7,2
0,DeathDescription.LIFETOTAL,10,24.895429611206055,5,5,2,3,0,7
0,DeathDescription.LIFETOTAL,10,29.883861541748047,6,4,2,3,0,7
0,DeathDescription.LIFETOTAL,14,28.513193130493164,7,7,0,5,2,5
1,DeathDescription.LIFETOTAL,11,35.11762619018555,4,0,7,6,5,2
1,DeathDescription.LIFETOTAL,13,48.0198860168457,6,3,4,7,5,2
0,DeathDescription.LIFETOTAL,12,36.06390953063965,7,5,1,6,3,4
0,DeathDescription.LIFETOTAL,12,31.45432472229004,5,6,2,5,4,4
0,DeathDescription.LIFETOTAL,10,59.71932411193848,5,5,2,5,4,3
0,DeathDescription.LIFETOTAL,10,21.78645133972168,6,5,1,5,3,4
0,DeathDescription.LIFETOTAL,10,34.401655197143555,4,6,2,3,3,6
1,DeathDescription.LIFETOTAL,11,26.508569717407227,4,3,5,6,5,2
0,DeathDescription.LIFETOTAL,12,31.19683265686035,7,5,1,4,4,5
1,DeathDescription.LIFETOTAL,11,30.46703338623047,6,4,2,5,5,3
1,DeathDescription.LIFETOTAL,11,24.848222732543945,5,2,5,6,5,2
1,DeathDescription.LIFETOTAL,11,30.149459838867188,6,3,3,4,5,4
1,DeathDescription.LIFETOTAL,11,29.70719337463379,6,4,2,5,6,2
0,DeathDescription.LIFETOTAL,12,30.211210250854492,7,5,1,6,4,3
0,DeathDescription.LIFETOTAL,10,42.0994758605957,6,4,2,5,4,3
0,DeathDescription.LIFETOTAL,12,32.03248977661133,4,6,3,6,4,3
0,DeathDescription.LIFETOTAL,10,34.99197959899902,6,5,1,5,4,3
0,DeathDescription.LIFETOTAL,12,37.54901885986328,6,6,1,4,3,4
0,DeathDescription.LIFETOTAL,10,35.66598892211914,6,5,1,5,3,4
0,DeathDescription.LIFETOTAL,12,26.508331298828125,4,5,4,6,5,2
0,DeathDescription.LIFETOTAL,12,45.90487480163574,6,6,1,3,4,6
0,DeathDescription.LIFETOTAL,10,27.825355529785156,6,6,0,5,4,3
0,DeathDescription.LIFETOTAL,12,48.97356033325195,7,4,2,5,4,4
0,DeathDescription.LIFETOTAL,10,28.543472290039062,6,4,2,5,4,3
0,DeathDescription.LIFETOTAL,10,21.875619888305664,6,5,1,5,0,7
0,DeathDescription.LIFETOTAL,12,40.37785530090332,6,6,1,6,3,4
0,DeathDescription.LIFETOTAL,12,32.05513954162598,7,5,1,6,1,6
0,DeathDescription.LIFETOTAL,10,29.394149780273438,5,6,1,5,4,3
0,DeathDescription.LIFETOTAL,10,23.670673370361328,5,5,2,5,4,3
0,DeathDescription.LIFETOTAL,12,49.23081398010254,6,7,0,5,1,6
0,DeathDescription.LIFETOTAL,12,45.067787170410156,7,6,0,6,3,4
0,DeathDescription.LIFETOTAL,12,26.31068229675293,7,6,0,6,4,3
0,DeathDescription.LIFETOTAL,10,22.380352020263672,6,4,2,3,0,7
1,DeathDescription.LIFETOTAL,11,34.20877456665039,4,4,4,5,5,3
0,DeathDescription.LIFETOTAL,12,29.55913543701172,5,6,2,5,3,4
0,DeathDescription.LIFETOTAL,12,38.72394561767578,7,6,0,6,5,2
1,DeathDescription.LIFETOTAL,11,41.41592979431152,6,4,2,3,5,5
0,DeathDescription.LIFETOTAL,10,23.527145385742188,4,5,3,5,3,4
1,DeathDescription.LIFETOTAL,11,46.532392501831055,4,5,3,5,6,2
0,DeathDescription.LIFETOTAL,10,28.161048889160156,4,5,3,3,4,5
0,DeathDescription.LIFETOTAL,10,28.138160705566406,6,5,1,5,4,3
0,DeathDescription.LIFETOTAL,10,29.024839401245117,5,6,1,5,3,4
0,DeathDescription.LIFETOTAL,10,30.324459075927734,6,4,2,4,0,7
1,DeathDescription.LIFETOTAL,11,55.74798583984375,6,4,2,4,5,4
0,DeathDescription.LIFETOTAL,10,27.628183364868164,6,4,2,5,4,3
1,DeathDescription.LIFETOTAL,11,60.3482723236084,5,1,6,6,6,1
0,DeathDescription.LIFETOTAL,10,31.53681755065918,3,5,4,4,4,4
1,DeathDescription.LIFETOTAL,11,24.4598388671875,4,3,5,6,6,1
0,DeathDescription.LIFETOTAL,10,28.827190399169922,5,5,2,5,4,3
0,DeathDescription.LIFETOTAL,10,34.35325622558594,5,5,2,5,3,4
0,DeathDescription.LIFETOTAL,10,35.46261787414551,5,5,2,3,2,6
0,DeathDescription.LIFETOTAL,12,31.909465789794922,5,6,2,5,3,5
0,DeathDescription.LIFETOTAL,10,34.42788124084473,5,5,2,5,2,5
1,DeathDescription.LIFETOTAL,11,31.62693977355957,3,4,5,6,5,2
0,DeathDescription.LIFETOTAL,12,35.645246505737305,5,6,2,5,0,7
0,DeathDescription.LIFETOTAL,10,39.30974006652832,4,5,3,5,5,2
1,DeathDescription.LIFETOTAL,11,37.520408630371094,6,4,2,6,5,2
0,DeathDescription.LIFETOTAL,12,30.64107894897461,2,5,6,5,5,3
0,DeathDescription.LIFETOTAL,10,33.86282920837402,5,6,1,5,4,3
0,DeathDescription.LIFETOTAL,10,33.65373611450195,6,5,1,5,4,3
0,DeathDescription.LIFETOTAL,10,24.32417869567871,5,5,2,5,4,3
0,DeathDescription.LIFETOTAL,10,33.835411071777344,5,5,2,5,0,7
0,DeathDescription.LIFETOTAL,10,28.577089309692383,5,6,1,5,5,2
0,DeathDescription.LIFETOTAL,12,37.992000579833984,6,6,1,6,4,3
1,DeathDescription.LIFETOTAL,11,30.967235565185547,6,4,2,6,5,2
0,DeathDescription.LIFETOTAL,10,28.237342834472656,6,5,1,4,4,4
0,DeathDescription.LIFETOTAL,10,33.90192985534668,5,5,2,5,4,3
0,DeathDescription.LIFETOTAL,10,37.1088981628418,6,5,1,4,5,3
1,DeathDescription.LIFETOTAL,11,39.189815521240234,6,3,3,6,5,2
1,DeathDescription.LIFETOTAL,11,27.41408348083496,3,0,7,2,5,6
0,DeathDescription.LIFETOTAL,10,38.8026237487793,5,5,2,5,3,4
0,DeathDescription.LIFETOTAL,10,29.332399368286133,4,5,3,5,4,3
0,DeathDescription.LIFETOTAL,10,25.537490844726562,6,5,1,5,1,6
0,DeathDescription.LIFETOTAL,10,24.660587310791016,5,6,1,5,4,3
0,DeathDescription.LIFETOTAL,10,23.555755615234375,5,5,2,5,3,4
0,DeathDescription.LIFETOTAL,10,46.51284217834473,6,5,1,4,3,5
0,DeathDescription.LIFETOTAL,12,25.814056396484375,5,5,3,6,3,4
0,DeathDescription.LIFETOTAL,10,26.27277374267578,6,5,1,4,4,4
1,DeathDescription.LIFETOTAL,11,29.91509437561035,4,3,5,6,6,1
0,DeathDescription.LIFETOTAL,10,43.363332748413086,5,4,3,5,4,3
1,DeathDescription.LIFETOTAL,13,37.33706474304199,2,0,7,7,6,1
0,DeathDescription.LIFETOTAL,10,45.11308670043945,4,5,3,5,4,3
0,DeathDescription.LIFETOTAL,10,28.24687957763672,5,5,2,5,4,3
0,DeathDescription.LIFETOTAL,10,31.661033630371094,6,4,2,5,3,4
0,DeathDescription.LIFETOTAL,10,32.98759460449219,5,6,1,3,4,5
0,DeathDescription.LIFETOTAL,10,21.44598960876465,6,5,1,5,3,4
0,DeathDescription.LIFETOTAL,10,27.63652801513672,6,5,1,4,5,3
1,DeathDescription.LIFETOTAL,13,47.25360870361328,7,5,1,4,5,5
0,DeathDescription.LIFETOTAL,10,29.70409393310547,5,4,3,5,2,5
0,DeathDescription.LIFETOTAL,12,24.98459815979004,7,6,0,4,4,5
0,DeathDescription.LIFETOTAL,10,42.16170310974121,3,5,4,3,1,6
0,DeathDescription.LIFETOTAL,10,30.098438262939453,5,5,2,3,0,7
0,DeathDescription.LIFETOTAL,12,34.000396728515625,7,5,1,6,4,3
1,DeathDescription.LIFETOTAL,11,25.30837059020996,5,3,4,6,5,2
0,DeathDescription.LIFETOTAL,12,24.844646453857422,5,5,3,4,4,5
0,DeathDescription.LIFETOTAL,10,36.21673583984375,6,5,1,5,4,3
1,DeathDescription.LIFETOTAL,11,32.71174430847168,6,4,2,6,4,3
